NAME_x,bike_percent,walk_percent,transit_percent,car_percent,taxi_motorcycle_other_percent,wfh_percent,metropolitan statistical area/micropolitan statistical area_x,CBSAFP,NAME_y,metropolitan statistical area/micropolitan statistical area_y,associates_degree,bachelors_degree,bachelors_plus_percent,doctorate_degree,edu_high_school_grad,edu_less_than_hs,edu_some_college,education_total,ged_or_alternative,grade_1,grade_10,grade_11,grade_12_no_diploma,grade_2,grade_3,grade_4,grade_5,grade_6,grade_7,grade_8,grade_9,high_school_diploma,kindergarten,labor_force_total,masters_degree,median_age,median_income,median_mortgage_burden,median_rent,median_rent_burden,mortgage_10_15,mortgage_10_15_pct,mortgage_15_20,mortgage_15_20_pct,mortgage_20_25,mortgage_20_25_pct,mortgage_25_30,mortgage_25_30_pct,mortgage_30_35,mortgage_30_35_pct,mortgage_35_40,mortgage_35_40_pct,mortgage_40_50,mortgage_40_50_pct,mortgage_less_10,mortgage_less_10_pct,mortgage_over_50,mortgage_over_50_pct,mortgage_total,no_schooling,nursery_school,population,professional_degree,rent_burden_less_10,rent_burden_less_10_pct,rent_burden_less_15,rent_burden_less_15_pct,rent_burden_less_20,rent_burden_less_20_pct,rent_burden_less_25,rent_burden_less_25_pct,rent_burden_less_30,rent_burden_less_30_pct,rent_burden_less_35,rent_burden_less_35_pct,rent_burden_less_40,rent_burden_less_40_pct,rent_burden_less_50,rent_burden_less_50_pct,rent_burden_over_50,rent_burden_over_50_pct,some_college_1_or_more_years,some_college_less_1_year,total_rent_burden,total_unemployed,unemployment_rate
"Aberdeen, SD Micro Area",0.2,4.1,0.5,87.2,1.0,7.0,10100,10100,"Aberdeen, SD Micro Area",10100,3304,6809,32.79726748736925,409,30.481036077705824,6.2477762755283575,30.47392015939657,28106,966,0,183,275,446,0,20,37,0,49,0,360,62,7601,0,33298,1627,38.2,70761,19.6,796,22.8,1300,18.865186475112463,1775,25.75823537948048,1105,16.0354085038456,704,10.216224060368596,381,5.528950805398345,194,2.815266289362937,389,5.645044260629807,490,7.110724132927006,487,7.067189087215208,6891,291,33,42112,373,511,8.640514034494421,824,13.933040243490025,1045,17.669935745688196,761,12.86777138992222,328,5.546161650321271,534,9.029421711193775,159,2.68853567805208,393,6.645248562732499,1069,18.075752451809265,3522,1739,5914,746,2.240374797285122
"Aberdeen, WA Micro Area",0.5,3.7,1.7,83.1,1.6,9.4,10140,10140,"Aberdeen, WA Micro Area",10140,6852,6461,17.621113908680204,198,35.254727594150104,9.658756093641186,37.46540240352851,56001,4492,10,930,1022,886,205,68,21,58,390,136,437,706,15251,0,62918,2683,44.7,63539,23.6,1018,28.1,1913,16.08644466868483,2058,17.30575176589304,1835,15.43054154053145,1433,12.050117726202489,985,8.282879246552303,728,6.121762529431551,968,8.139926000672721,600,5.045408678102927,1269,10.67103935418769,11892,540,0,76397,526,322,3.921091086215295,927,11.288358499756454,1066,12.981003409644424,932,11.34924500730638,853,10.387238188017536,580,7.062834875791525,553,6.734047735021919,858,10.44812469556746,1473,17.937165124208477,8905,5224,8212,2115,3.361518166502432
"Abilene, TX Metro Area",0.5,1.9,0.4,88.5,1.0,7.7,10180,10180,"Abilene, TX Metro Area",10180,10802,19424,26.24174891973808,948,31.185769703182025,10.4553447559801,32.11713662109979,113167,8399,78,2047,2692,1324,129,333,180,156,640,334,744,1591,26893,0,140842,7892,34.4,66464,21.9,1095,29.5,3216,14.754323989539843,4203,19.2824700646878,4584,21.03041702986649,2571,11.795201174473553,1432,6.569711428178189,970,4.450153690874891,1586,7.276230673945956,1699,7.79465063999633,1511,6.932146625682433,21797,1553,31,178244,1433,636,2.651657285803627,2412,10.056285178236395,3006,12.5328330206379,2642,11.015217844486138,2553,10.644152595372107,2046,8.530331457160726,2043,8.517823639774859,1829,7.625599332916407,4839,20.175109443402125,17787,7757,23985,2235,1.5868845940841512
"Ada, OK Micro Area",0.1,4.3,0.2,90.7,1.0,3.7,10220,10220,"Ada, OK Micro Area",10220,1924,4605,29.73240832507433,401,32.24975222993062,9.546085232903865,28.471754212091177,25225,1242,7,496,526,344,8,1,25,12,72,32,287,431,6893,0,29786,2233,37.5,62564,17.4,880,24.6,1504,28.73519296904853,1230,23.50019105846389,564,10.775697363393196,512,9.782193351165455,224,4.279709591134887,215,4.107756973633932,111,2.1207489491784486,525,10.030569354222392,332,6.343141001146351,5234,167,0,38158,261,194,3.860696517412935,542,10.786069651741292,842,16.756218905472636,772,15.363184079601991,533,10.606965174129352,397,7.900497512437811,197,3.920398009950249,287,5.711442786069652,820,16.318407960199004,3563,1695,5025,640,2.148660444504129
"Adrian, MI Micro Area",0.1,2.8,0.2,88.1,0.6,8.3,10300,10300,"Adrian, MI Micro Area",10300,7219,9915,22.27321115171045,459,35.86184078027448,8.62272348016227,33.24222458785281,69514,3684,0,1160,1237,1324,25,19,74,29,169,89,391,519,21245,0,80944,4552,42.2,67013,19.6,965,29.4,3848,20.688172043010752,3699,19.887096774193548,2774,14.913978494623656,1529,8.220430107526882,1118,6.010752688172043,799,4.295698924731182,897,4.82258064516129,2056,11.053763440860214,1845,9.919354838709678,18600,956,2,98823,557,318,3.8359469240048254,732,8.829915560916767,975,11.761158021712909,916,11.049457177322076,889,10.723763570566948,750,9.047044632086852,482,5.814234016887817,609,7.3462002412545235,1764,21.278648974668275,9911,5978,8290,2511,3.102144692627001
"Aguadilla, PR Metro Area",0.2,3.2,0.4,89.4,0.7,6.1,10380,10380,"Aguadilla, PR Metro Area",10380,20720,34371,24.37287741089093,1401,29.16027465377332,26.06407177392905,20.402776161406702,189038,5066,1155,2911,4603,1701,1319,3659,3204,3716,6759,3822,5185,6706,50058,41,217441,9052,45.2,20800,26.0,506,29.0,2051,12.752595908723496,2527,15.712242740782193,1985,12.3422247093204,1926,11.975377728035816,978,6.0809550457004296,1003,6.236398681837966,1337,8.313125660635453,981,6.099608282036933,3056,19.001430081452465,16083,4443,47,252430,1250,624,2.0414172146432428,1616,5.286747145614552,1848,6.04573559721268,1510,4.939967939280924,1254,4.102463440965747,1267,4.144992966270815,731,2.391467922923414,1160,3.7949422579906433,3205,10.485163738672425,15925,1924,30567,10417,4.790724840301508
"Akron, OH Metro Area",0.1,1.5,0.8,83.5,1.0,13.1,10420,10420,"Akron, OH Metro Area",10420,40078,105592,34.460658888630434,7152,30.625303510726425,7.102253018783998,27.81178458185914,490098,14366,115,5845,7272,7677,45,178,113,266,551,404,2571,2975,135728,77,574951,46987,40.8,71312,18.1,1005,29.4,30770,24.352602254020518,28119,22.25449537799164,17215,13.62463593769786,10085,7.981670254527036,6223,4.925129796125111,4286,3.392110928200583,4953,3.92000126630366,14639,11.585887045713562,9615,7.609693554514372,126352,6671,48,699508,9160,3473,3.681053122482723,9139,9.686479840590154,11671,12.370161529656167,10755,11.3992877432484,9896,10.488828592021028,7843,8.312841819646415,5033,5.33450629584093,7566,8.019247890787298,22092,23.415440708865056,64250,31977,94348,19495,3.390723731239706
"Alamogordo, NM Micro Area",0.3,3.1,0.3,89.6,0.8,6.0,10460,10460,"Alamogordo, NM Micro Area",10460,4401,6453,21.59534360738144,366,29.02308353727098,12.708071521485106,36.67350133386247,45357,2793,0,572,1115,1021,57,86,93,154,744,56,505,821,10371,9,55018,2586,36.3,52717,19.8,926,28.4,1565,21.10871324521176,1415,19.08551389263556,1154,15.565147019152953,685,9.239277043431343,394,5.314270299433504,372,5.017534394388994,362,4.88265443755058,789,10.64202859455085,662,8.929053142702994,7414,531,0,68235,390,484,5.700153103285832,712,8.385349193263455,807,9.5041808974208,1024,12.059828053232836,1104,13.002002119891651,844,9.9399364032505,585,6.889647862442587,768,9.044871039924626,1240,14.603698033211634,8006,4227,8491,2397,4.356755970773202
"Alamosa, CO Micro Area",0.1,4.2,0.1,87.4,1.0,7.2,10480,10480,"Alamosa, CO Micro Area",10480,1744,3069,27.37020316027088,168,28.182844243792328,10.829571106094807,33.61738148984198,17720,914,0,360,237,142,66,70,58,38,161,18,246,280,4080,1,21875,1420,36.0,48011,24.6,874,28.4,537,15.65597667638484,475,13.848396501457728,446,13.002915451895044,538,15.685131195335275,283,8.25072886297376,269,7.8425655976676385,188,5.481049562682216,285,8.309037900874635,390,11.370262390670554,3430,242,0,27622,193,241,6.031031031031031,312,7.807807807807808,530,13.263263263263264,360,9.00900900900901,425,10.635635635635635,381,9.534534534534536,198,4.954954954954955,289,7.232232232232231,723,18.09309309309309,3101,1112,3996,423,1.9337142857142855
"Albany, GA Metro Area",0.1,1.2,0.8,89.5,1.4,7.0,10500,10500,"Albany, GA Metro Area",10500,9364,12019,23.00757599120075,1428,32.298187724221584,13.565855614148704,31.128380670428964,97281,5882,52,2940,2289,1700,50,63,123,187,417,623,1122,2388,25538,5,115517,6869,38.2,54219,19.9,922,30.4,3879,21.36836886465047,3418,18.828843717291907,2456,13.52944416900788,1950,10.742026111386547,790,4.351897757946345,672,3.70186745992398,855,4.709965294992563,1831,10.08648708202501,2208,12.163278796893076,18153,1217,21,146768,2066,1019,4.058144165671047,2335,9.299084030266826,3283,13.07447232178415,2561,10.199123855037834,2197,8.749502190362406,1569,6.248506571087216,1421,5.659099960175229,1602,6.379928315412187,7082,28.203902827558743,14088,6830,25110,5395,4.67030826631578
"Albany, OR Metro Area",0.5,2.2,0.2,85.6,1.6,10.0,10540,10540,"Albany, OR Metro Area",10540,9922,12644,20.77451647603785,691,29.00814471691072,8.716603367653839,41.5007354393976,91102,5719,0,1554,1464,1951,18,14,25,93,435,70,810,796,20708,11,104016,4657,40.2,73396,22.3,1273,29.8,3454,15.506868995241089,5033,22.595851665619108,3239,14.541618029990122,2769,12.43153452455778,1954,8.772559935350634,937,4.206698392744904,1245,5.589476519709078,1152,5.17194935799587,2474,11.10712040944599,22274,619,81,129794,934,526,3.1585900438359453,1461,8.773194019095659,1740,10.448567825617005,2061,12.376148441722211,2074,12.454212454212454,1257,7.54818951540263,1075,6.455293340539242,1637,9.83006064973278,3766,22.614543926019337,17214,10672,16653,3705,3.5619520073834794
"Albany-Schenectady-Troy, NY Metro Area",0.2,3.1,2.7,79.2,1.1,13.7,10580,10580,"Albany-Schenectady-Troy, NY Metro Area",10580,76704,140304,40.90556397419928,13899,24.31487666907325,6.897170013408123,27.882389343319343,630215,27386,99,6876,8279,8021,64,445,483,796,1370,1083,3238,4055,125850,64,749560,86548,40.5,86072,19.4,1230,28.1,31451,21.07975871313673,33273,22.30093833780161,23188,15.541554959785522,14616,9.796246648793566,8769,5.877345844504021,5152,3.453083109919571,7052,4.726541554959786,13374,8.963806970509383,11937,8.000670241286862,149200,8521,73,902372,17042,5498,4.04904812755459,12940,9.52977132967559,19024,14.010384063040837,17380,12.799646499981588,15440,11.37091725890194,10999,8.100305630224252,6795,5.0042346356372205,9695,7.139963913539788,31083,22.89133556725706,61400,37615,135785,23096,3.081274347617269
"Albemarle, NC Micro Area",0.0,0.8,0.4,90.6,0.6,7.7,10620,10620,"Albemarle, NC Micro Area",10620,6040,6618,19.69853072925999,155,31.64307471779251,12.86731768500269,35.79107686794482,44648,2484,0,1084,1056,1106,8,84,0,36,130,186,722,818,11644,17,51303,1771,40.6,61631,18.0,830,25.1,2553,25.681520973745094,1751,17.613922140629715,1148,11.548133990544212,879,8.842168795895786,463,4.657479126848406,419,4.2148677195453175,401,4.03379941655769,1319,13.268282868926669,922,9.274720853032894,9941,475,23,63557,251,621,9.644354713464825,623,9.675415437179687,820,12.734896723093648,594,9.22503494331418,423,6.569343065693431,498,7.734120205000776,241,3.7428172076409374,473,7.345861158564995,1034,16.05839416058394,6351,3589,6439,1212,2.362434945324835
"Albert Lea, MN Micro Area",0.5,2.5,0.1,88.4,1.0,7.5,10660,10660,"Albert Lea, MN Micro Area",10660,3249,2695,18.088067533652747,82,33.059548254620125,10.134610997033995,38.71777321469313,21915,881,0,363,292,436,1,4,36,58,108,60,275,190,6364,0,24734,873,43.9,69012,18.7,837,26.9,1353,25.24724762082478,846,15.786527337189774,709,13.230080238850531,507,9.460720283635006,366,6.829632394103377,243,4.534428064937488,182,3.396155999253593,674,12.576973315917147,437,8.15450643776824,5359,397,1,30752,314,180,6.756756756756757,284,10.66066066066066,309,11.5990990990991,330,12.387387387387388,214,8.033033033033032,175,6.569069069069069,199,7.46996996996997,188,7.057057057057057,490,18.393393393393392,3438,1798,2664,579,2.3409072531737687
"Albertville, AL Micro Area",0.0,0.4,0.2,92.8,0.5,6.1,10700,10700,"Albertville, AL Micro Area",10700,6835,9466,21.32640990582705,412,32.679397170202634,15.57924815264314,30.41494477132718,65093,4543,79,1595,1624,960,39,264,126,78,536,316,1191,1454,16729,0,75978,3376,38.6,60946,19.1,765,27.1,3030,21.141501535026517,3092,21.57409991627128,1938,13.52218811052191,1295,9.035724253418923,906,6.321518280770304,512,3.572425341892269,559,3.900362824448786,1568,10.940552609545072,1367,9.538096567122524,14332,1872,7,98712,628,554,6.281891370903731,940,10.658804853157957,1214,13.765733076312506,681,7.721963941489965,868,9.84238575802245,953,10.806213856446307,482,5.465472275768227,555,6.293230525002835,1263,14.321351627168614,8339,4624,8819,1607,2.115085945931717
"Albuquerque, NM Metro Area",0.6,1.6,1.0,82.6,1.2,12.9,10740,10740,"Albuquerque, NM Metro Area",10740,62523,123872,35.02546802434145,15868,23.63745682367945,9.66235303779991,31.67472211417919,645319,28745,233,7922,10903,11137,442,890,414,1001,5753,1337,4408,7715,123792,97,748778,70842,39.6,67995,20.6,1102,30.8,29836,18.84537645275392,31488,19.888832743810006,22575,14.259095502779182,15097,9.535750378979282,9140,5.77311773623042,7761,4.902097018696312,7909,4.995578575037897,14434,9.116978271854473,18749,11.842470944921676,158320,9989,112,918567,15444,4179,3.5921195138303905,9101,7.822895356633258,13978,12.014990802661211,13337,11.464010039711871,11856,10.1909952036308,9562,8.219154532482937,7413,6.371950695387578,9911,8.519142498581719,28783,24.74084134160807,99583,42297,116338,24836,3.316870955076137
"Alexander City, AL Micro Area",0.1,0.9,0.3,93.7,0.4,4.5,10760,10760,"Alexander City, AL Micro Area",10760,2710,3560,18.725005880969185,130,32.73515475350337,16.191148301240045,32.348691064287394,29757,1849,4,817,999,1102,77,75,61,1,177,109,371,543,7892,0,33752,1442,45.4,57185,18.3,734,25.4,1224,20.248138957816376,1385,22.91149710504549,841,13.91232423490488,319,5.277088502894955,249,4.11910669975186,180,2.977667493796526,448,7.411083540115798,861,14.24317617866005,466,7.70885028949545,6045,482,0,41070,440,247,6.118404756006936,354,8.768887787961358,595,14.738667327223183,376,9.313846916026751,495,12.26158038147139,142,3.5174634629675503,110,2.7247956403269757,294,7.28263562051028,611,15.135001238543472,4521,2395,4037,1334,3.95235837876274
"Alexandria, LA Metro Area",0.2,2.2,1.9,87.5,3.6,4.5,10780,10780,"Alexandria, LA Metro Area",10780,7190,13623,20.923261981996195,1101,37.81588002721276,13.501868412490264,27.75898957830078,101423,6946,21,3048,2980,1370,0,95,10,66,476,749,1373,1836,31408,0,118415,4949,37.9,56492,19.1,935,30.9,3867,20.80486361435412,3887,20.912465701834616,2464,13.256577177597244,1806,9.71646849948889,1138,6.122558777640286,769,4.137300263625114,746,4.013557863022543,2156,11.59950503039759,1631,8.77495023403454,18587,1631,39,150593,1548,524,2.882763932442097,1537,8.455740771304395,1958,10.771854541453486,2002,11.01391868845244,1820,10.012653353138582,1454,7.999119766738186,950,5.2263849920228855,1599,8.796831160257469,4333,23.837817021510705,15772,5192,18177,3186,2.6905375163619474
"Alexandria, MN Micro Area",0.7,2.0,0.3,85.9,0.5,10.7,10820,10820,"Alexandria, MN Micro Area",10820,4893,5627,29.03626428216592,322,29.973032432048825,3.974167908594138,37.01653537719112,28182,819,0,183,314,231,0,0,0,2,31,0,114,104,7628,1,31755,1814,44.3,77264,20.5,896,24.6,1459,17.680562287930197,2019,24.466795928259817,1484,17.983519146873487,754,9.13717886572952,542,6.568104701890451,396,4.798836645661657,403,4.883664566165778,502,6.0833737275811925,671,8.131362094037808,8252,140,0,39354,420,160,3.898635477582846,310,7.553606237816764,604,14.717348927875245,917,22.344054580896685,363,8.845029239766083,421,10.258284600389864,119,2.899610136452241,236,5.750487329434698,695,16.93469785575049,3454,2085,4104,547,1.7225633758463237
"Alice, TX Micro Area",0.0,1.2,0.0,90.0,0.7,8.1,10860,10860,"Alice, TX Micro Area",10860,1498,3434,15.05005524491914,60,36.3042823182777,22.841262932333343,25.804399504469817,29867,2073,0,1285,1197,856,102,251,184,173,388,452,363,1053,8770,0,35124,882,35.7,45939,21.7,834,32.8,557,14.853333333333332,766,20.42666666666667,405,10.8,386,10.293333333333331,180,4.8,312,8.32,236,6.293333333333333,395,10.533333333333331,468,12.48,3750,518,0,45850,119,379,6.674885523071504,243,4.2796759422331805,628,11.060232476224025,469,8.25995068686157,191,3.363860514265586,486,8.559351884466361,164,2.8883409651285663,469,8.25995068686157,1334,23.49418809439944,4043,2166,5678,1025,2.9182325475458377
"Allentown-Bethlehem-Easton, PA-NJ Metro Area",0.2,2.1,1.2,83.1,1.5,11.9,10900,10900,"Allentown-Bethlehem-Easton, PA-NJ Metro Area",10900,57524,125073,32.7301738744222,8984,33.23468934546232,8.360612590679542,25.67452418943594,607910,21893,242,8363,9826,9320,403,393,696,1058,1391,1732,4793,5195,180144,49,709620,54797,41.4,82602,20.6,1309,30.7,26856,18.42354393908212,31238,21.42964944776017,23386,16.043081566851892,16214,11.123001989435412,9019,6.187144131165534,6828,4.684091376826507,7162,4.913219455306304,11923,8.179323591959937,12776,8.764492007957742,145770,7231,133,866764,10116,3526,3.432732653796353,8910,8.674318759309559,11566,11.260064059503296,11898,11.583282222027512,11046,10.75381874470633,9278,9.032584674396643,6426,6.256023832471742,9440,9.190299560929544,24478,23.83052464538489,63170,35384,102717,24321,3.427327301936248
"Alma, MI Micro Area",0.6,3.5,0.6,87.7,0.5,7.1,10940,10940,"Alma, MI Micro Area",10940,2497,3738,19.019415434218825,214,40.17312679610289,8.134155744024673,32.673302025653605,28534,2370,3,349,562,459,16,0,1,3,43,14,281,309,9093,8,34425,1355,39.7,61128,18.7,808,30.2,1347,21.19257394587791,1564,24.60667086217747,1058,16.645689112649464,529,8.322844556324732,262,4.1220893643801135,152,2.391441157960982,184,2.89490245437382,652,10.25802391441158,592,9.314033983637508,6356,264,9,41478,120,183,5.962854349951124,216,7.038123167155426,191,6.223525578364288,410,13.359400456174647,351,11.436950146627565,502,16.357119582926035,175,5.702183121537961,131,4.268491365265559,578,18.83349625285109,4443,2383,3069,853,2.477850399419027
"Alpena, MI Micro Area",0.9,2.0,0.8,85.3,2.9,8.1,10980,10980,"Alpena, MI Micro Area",10980,3142,2435,17.737527215453746,104,36.086533561865934,6.902302311576412,39.27363691110391,21587,1213,0,256,307,374,0,5,8,12,0,0,221,156,6577,13,24124,1033,47.6,51909,19.1,660,28.8,945,19.593613933236576,998,20.692515032137678,652,13.51855691478333,462,9.57910014513788,274,5.6811113414887,186,3.856520837652913,165,3.4211071946921003,632,13.10387725482065,489,10.138917686087495,4823,137,1,28908,257,125,4.770992366412214,146,5.572519083969466,218,8.3206106870229,296,11.297709923664122,465,17.748091603053435,254,9.69465648854962,180,6.870229007633588,259,9.885496183206106,329,12.557251908396946,3363,1973,2620,914,3.788758083236611
"Altoona, PA Metro Area",0.1,3.4,0.6,89.2,0.7,5.9,11020,11020,"Altoona, PA Metro Area",11020,7928,14289,24.08435836240132,597,45.2118138424821,6.782403157701487,23.92142463741509,87152,4138,0,1138,1178,1119,21,13,72,124,128,60,761,778,35265,28,100226,4857,42.9,60594,17.9,854,29.5,5039,25.291106203573584,4044,20.297129090544068,3160,15.86026902228468,1603,8.04557317807669,763,3.8295522987351935,519,2.6048986147359967,694,3.4832362979321423,2555,12.823730174663725,1505,7.55370407548685,19924,489,2,121854,1247,513,3.683492496589359,1262,9.061535147555109,1596,11.45975443383356,1287,9.241042579162777,1719,12.34293099734329,1367,9.815466360307315,1169,8.393767501974581,1057,7.589574208372227,2423,17.397860271415237,8008,4912,13927,2628,2.6220741125057367
"Altus, OK Micro Area",0.3,2.0,0.0,90.6,1.9,5.2,11060,11060,"Altus, OK Micro Area",11060,1941,2498,24.19861722187304,145,27.09616593337524,13.343808925204272,35.36140791954745,15910,805,0,282,402,276,30,88,42,127,147,208,132,158,3506,0,19145,1037,35.0,61497,18.6,865,23.7,721,23.27307940606843,593,19.141381536475148,623,20.10974822466107,229,7.391865719819238,107,3.453841187863137,57,1.8398967075532604,188,6.068431245965139,403,13.008392511297613,176,5.681084570690769,3098,231,0,24730,170,163,4.305335446381405,518,13.681986265187533,642,16.957210776545168,585,15.451664025356576,211,5.573164289487586,474,12.519809825673534,284,7.501320655044902,285,7.527733755942948,356,9.403063919704174,2637,1048,3786,588,3.0712979890310783
"Amarillo, TX Metro Area",0.2,1.3,0.4,90.4,1.5,6.2,11100,11100,"Amarillo, TX Metro Area",11100,16867,30214,25.56010859277144,1855,26.9951654679521,13.265207805530524,34.17951813374594,176439,10187,169,3326,3542,3381,287,273,395,485,2509,768,2029,2510,37443,0,209825,10962,36.3,66571,20.5,1044,27.8,6462,18.5545697303816,7721,22.16958107215666,5793,16.633646308898268,3191,9.162431446865938,2313,6.641398914635197,1269,3.643724696356275,1675,4.809486892353633,2623,7.531512906652884,3610,10.365521003818875,34827,3663,68,270207,2067,1688,4.596824705209554,3094,8.425696467961112,4851,13.21042455270826,5385,14.664633316086162,3460,9.422401350725742,2703,7.360910650581411,2003,5.45464448135944,3357,9.141907900111653,7362,20.048473625445933,28574,14865,36721,4289,2.0440843560109614
"Americus, GA Micro Area",0.0,2.5,0.0,86.6,3.3,7.6,11140,11140,"Americus, GA Micro Area",11140,1881,2550,20.955251565035937,388,35.358219336888475,15.6318108045444,28.054718293531185,21565,1544,0,659,667,561,0,59,8,78,56,173,366,328,6081,0,26662,1327,37.8,42821,20.5,841,29.6,693,17.874645344338404,667,17.204023729687904,549,14.16043332473562,377,9.724013412432294,284,7.325251483105494,197,5.08124838792881,190,4.900696414753676,496,12.793396956409596,371,9.569254578282177,3877,416,0,33713,254,271,5.185610409491007,733,14.026023727516264,337,6.448526597780329,234,4.477611940298507,695,13.298890164561804,591,11.308840413318023,326,6.238040566398776,305,5.836203597397628,937,17.92958285495599,3336,833,5226,723,2.711724551796564
"Ames, IA Metro Area",0.9,4.9,3.2,79.8,0.5,10.5,11180,11180,"Ames, IA Metro Area",11180,8775,19778,46.776310278390525,3728,20.013682182447717,3.2697623767905517,29.940245162371205,71626,1529,7,256,639,749,0,25,0,0,19,14,167,210,12806,0,106091,8299,30.0,71090,19.4,1002,29.7,3721,20.576199955762,4040,22.3401902234019,2962,16.379119663791197,2287,12.646538376465385,1122,6.204379562043796,464,2.56580402565804,574,3.174076531740765,1734,9.588586595885866,1172,6.48086706480867,18084,228,28,125261,1699,897,4.6933863541230645,1625,8.502511511092507,2333,12.206990372540812,2196,11.490163248221014,2121,11.097739640016744,1552,8.120552532440351,711,3.720175805776475,1538,8.047300125575555,5097,26.66910841356216,8546,4124,19112,2955,2.7853446569454525
"Amherst Town-Northampton, MA Metro Area",0.9,7.3,2.6,72.2,0.6,16.5,11200,11200,"Amherst Town-Northampton, MA Metro Area",11200,8836,24534,51.12008960716857,5434,20.364629170333625,4.515361228898311,23.999919993599487,99992,2640,12,517,709,1111,45,8,16,63,112,198,535,350,17723,1,136669,18276,38.7,86391,22.1,1332,31.4,3370,12.919797577058734,5431,20.821193068547768,4787,18.352246587946635,2871,11.006747431375556,1706,6.540407912896795,1490,5.71231406226039,1602,6.141696058886674,2131,8.169759239380463,2520,9.661094924091396,26084,838,0,156595,2872,636,3.2985840983351484,1167,6.052590633265909,2098,10.881178362118147,2135,11.073077122555883,2459,12.75348788963228,1933,10.02541361962554,1090,5.653233753436025,1689,8.759919091333437,4832,25.060940822571443,9976,5186,19281,4265,3.1206784274414825
"Amsterdam, NY Micro Area",0.4,2.5,0.2,86.4,2.5,7.9,11220,11220,"Amsterdam, NY Micro Area",11220,4767,3888,20.51536753535117,253,35.4066845857193,11.475984574032957,32.60196330489657,34228,1878,0,692,666,771,0,65,17,79,29,175,554,292,10241,13,39216,2412,40.1,62923,19.2,921,30.0,1318,19.760119940029984,1422,21.31934032983508,1077,16.146926536731634,479,7.181409295352324,285,4.272863568215892,289,4.332833583208396,339,5.082458770614692,796,11.934032983508246,637,9.550224887556222,6670,572,3,49461,469,350,5.93421498813157,373,6.3241776873516455,918,15.564598168870802,493,8.358765683282469,582,9.867751780264497,468,7.934893184130214,309,5.239064089521872,448,7.59579518480841,1482,25.127161749745675,3947,2445,5898,1131,2.8840269277845776
"Anchorage, AK Metro Area",0.5,2.4,1.2,83.0,3.1,9.8,11260,11260,"Anchorage, AK Metro Area",11260,25037,56529,33.991633500638216,3749,27.068750635394583,5.913405602015189,33.026210261952,265583,13664,67,1990,2677,4216,110,112,262,182,368,373,995,1459,58226,57,312587,23835,35.4,95918,22.1,1422,29.5,11455,16.820110714652806,12734,18.698148392875492,11690,17.165176277109673,7346,10.7866026459921,5404,7.935039572412375,3279,4.814765869344963,4051,5.94834295111816,4796,7.042274202311205,7097,10.420979986197375,68103,2793,44,399746,6163,1941,4.0113251219310575,3804,7.861453252872613,6146,12.701496238736876,6598,13.63561213524014,5050,10.43647185252542,4670,9.651153178474004,3814,7.8821195337687024,4264,8.81210217409275,9680,20.004959907415063,43375,19300,48388,9835,3.1463240633807543
"Anderson Creek, NC Micro Area",0.2,1.7,0.0,90.3,0.8,7.0,11360,11360,"Anderson Creek, NC Micro Area",11360,12124,14276,23.92306752147198,594,28.957456028266357,11.337651803868846,35.78182464639282,90001,4433,53,1750,1638,1527,2,104,66,195,533,215,1039,1311,21629,0,104990,5776,35.4,69012,20.9,1080,26.9,4364,19.63024605280914,4109,18.483199136341145,3712,16.69740452521254,2208,9.932076829652289,1284,5.775718591156493,828,3.7245288111196073,1128,5.07399577167019,1862,8.375691601817282,2543,11.438981602267106,22231,1771,0,136503,885,434,2.9249224962933007,1796,12.104057150559374,2025,13.64739183178326,1755,11.82773958754549,1690,11.38967515837714,1039,7.002291413937188,690,4.650222401940962,1228,8.276047984903625,2669,17.987599406928155,14491,5589,14838,2907,2.768835127154967
"Andrews, TX Micro Area",0.0,0.4,0.1,95.6,1.4,2.6,11380,11380,"Andrews, TX Micro Area",11380,750,1749,19.947743039913508,96,32.22812866023966,23.128209748626,24.69591855122083,11099,584,20,222,253,414,0,19,20,1,339,60,122,379,2993,44,13492,297,33.1,76902,24.9,1364,21.3,528,20.935765265662173,261,10.348929421094368,274,10.864393338620143,313,12.410785091197464,308,12.212529738302932,153,6.066613798572561,20,0.7930214115781126,191,7.573354480570975,453,17.96193497224425,2522,674,0,18518,72,171,10.640945861854387,310,19.290603609209708,92,5.7249533291848165,259,16.11698817672682,110,6.845052893590542,63,3.920348475420037,30,1.8668326073428747,75,4.667081518357187,168,10.4542626011201,1106,885,1607,214,1.5861251111769936
"Angola, IN Micro Area",0.5,2.9,0.3,90.8,0.6,4.8,11420,11420,"Angola, IN Micro Area",11420,2381,3794,24.67494214180517,162,37.285924679150014,7.872922364822217,30.166210814222595,23765,1179,36,405,488,332,0,22,12,7,10,9,189,205,7682,2,28618,1710,43.6,71483,19.0,921,24.0,1311,20.306691449814128,1240,19.20693928128872,888,13.754646840148698,697,10.796158612143742,394,6.102850061957868,166,2.5712515489467163,250,3.872366790582404,895,13.863073110285008,577,8.937422552664188,6456,154,0,34648,198,131,4.802052785923753,387,14.186217008797655,395,14.479472140762464,401,14.699413489736072,251,9.200879765395896,249,9.127565982404692,118,4.325513196480939,116,4.252199413489736,425,15.5791788856305,3118,1670,2728,1267,4.427283527849605
"Ann Arbor, MI Metro Area",1.0,5.8,3.8,68.3,0.8,20.3,11460,11460,"Ann Arbor, MI Metro Area",11460,15761,63851,58.13050562655939,15349,14.192847565218866,4.2301033657518206,23.44654344246992,235668,5566,11,1311,2063,2480,31,51,85,52,284,202,768,590,27882,15,309091,45780,34.8,87156,19.6,1400,32.5,12147,20.688421841468816,13149,22.394999489048608,9440,16.07793711891542,5850,9.963552134073646,3716,6.328984569267977,1663,2.832373880164867,2769,4.716081343461526,5005,8.52437238137412,4737,8.067922471642197,58714,1995,31,368394,12015,1968,3.436474121673535,5053,8.823426695536774,5834,10.187190053782215,5953,10.394984982887475,6006,10.487532304253683,4547,7.939861702870712,3105,5.4218760913599215,5155,9.001536634769854,16465,28.750785779143676,27939,11556,57268,8556,2.7681168329068138
"Anniston-Oxford, AL Metro Area",0.0,0.8,0.6,93.6,0.7,4.2,11500,11500,"Anniston-Oxford, AL Metro Area",11500,6595,9842,20.545105370928564,857,34.48815292456789,13.913795515535377,31.052946188968168,78627,5444,0,2306,2350,1422,0,26,100,77,311,472,1272,1479,21673,6,94387,4500,39.0,55826,18.5,804,27.9,3645,22.47779970399605,3589,22.132461766156883,2282,14.072520966946223,1096,6.758756783423779,1035,6.382585101134682,588,3.6260483473112974,807,4.976566354218056,1887,11.636655155402073,1131,6.974592994573261,16216,1119,0,116141,955,726,5.432911771308838,1217,9.107236399012198,1830,13.694529671480954,1355,10.139938636533714,1390,10.40185587068772,927,6.937065030307565,619,4.632193369752302,955,7.146598817630771,2842,21.267679413305395,12412,5409,13363,3362,3.561931198152288
"Appleton, WI Metro Area",0.3,1.8,0.3,85.9,0.9,10.7,11540,11540,"Appleton, WI Metro Area",11540,22639,38970,32.10437329586722,1385,30.79047947896698,5.245454653696405,31.859692571469395,167974,4521,6,1033,1446,2318,21,80,1,21,369,117,799,853,47199,106,194541,11426,39.3,83919,18.5,999,23.8,10408,23.17885219250384,11053,24.615281829721845,7392,16.462151749326324,4192,9.33567913057034,2293,5.106563035877336,1185,2.639021891633076,1535,3.418479834309512,4179,9.306727835556645,2595,5.779123889272432,44903,1623,18,244163,2146,1220,4.713882771144855,3627,14.014141648313435,4932,19.05645067810363,3459,13.365016807696769,2928,11.313318650747654,2148,8.299524747884549,1229,4.748657316177892,1794,6.93172597658514,3467,13.395927514392795,20653,10224,25881,3791,1.9486894793385456
"Arcadia, FL Micro Area",1.2,2.8,1.5,87.7,1.0,5.8,11580,11580,"Arcadia, FL Micro Area",11580,2068,1902,10.978706778667709,65,36.76890017581559,27.00918148075796,25.243211564758745,25595,2391,54,1113,983,631,16,61,164,219,294,515,671,992,7020,0,29403,744,42.8,50868,21.7,910,30.5,404,12.621055920024991,691,21.587004061230868,609,19.0253045923149,373,11.652608559825056,144,4.498594189315839,34,1.0621680724773508,286,8.934707903780069,282,8.809746954076852,340,10.621680724773508,3201,1183,17,34719,99,223,6.141558799228863,243,6.692371247590195,301,8.28972734783806,360,9.914624070503994,435,11.980170751858992,356,9.804461580831726,104,2.864224731478932,470,12.944092536491326,701,19.30597631506472,2754,1639,3631,1218,4.142434445464749
"Ardmore, OK Micro Area",0.3,1.7,0.5,91.6,1.7,4.2,11620,11620,"Ardmore, OK Micro Area",11620,2481,4148,20.003097893432468,258,36.84944237918216,12.193308550185874,30.954151177199503,32280,2132,0,910,912,588,0,11,3,51,126,43,369,532,9763,16,37419,1689,38.3,58856,18.7,945,24.9,1255,20.71982829783721,1273,21.01700511804524,734,12.118210335149412,585,9.658246656760774,351,5.794947994056463,227,3.7477298992900776,255,4.210004952947004,815,13.45550602608552,541,8.931814429585604,6057,375,0,48255,362,351,5.74656188605108,757,12.393582187295353,724,11.853307138179437,848,13.883431565160445,444,7.269155206286837,348,5.697445972495088,307,5.026195153896529,532,8.70988867059594,1022,16.73215455140799,5082,2429,6108,869,2.322349608487667
"Arecibo, PR Metro Area",0.0,0.9,0.3,92.5,0.4,5.8,11640,11640,"Arecibo, PR Metro Area",11640,19574,26902,26.381687485269858,1662,27.72654961112421,21.623114541597925,24.26864836200801,135776,2214,516,1591,2150,1122,1043,1501,2180,1615,3691,2099,3075,5121,35432,25,155928,6609,45.0,24436,23.8,535,28.1,2261,15.772584583188,2540,17.718869898848972,1812,12.64039065224974,1379,9.61981164980816,1374,9.584931984652949,642,4.478549005929543,1014,7.073596093477502,888,6.194628531566097,2234,15.584234391349844,14335,3622,8,181380,647,449,2.171810002902196,836,4.043726419657541,1295,6.263906355809229,1358,6.568636935281029,1366,6.607332881880623,607,2.936054948244172,528,2.553932475573184,687,3.323014414240108,2446,11.831285672825771,11978,1399,20674,7316,4.691909086244934
"Arkadelphia, AR Micro Area",0.0,6.7,0.3,86.5,1.3,5.2,11660,11660,"Arkadelphia, AR Micro Area",11660,768,2035,25.490829764886485,291,32.70582532116021,10.03474185990143,31.76860305405187,12377,529,0,166,280,227,0,0,21,6,51,121,64,170,3519,0,17582,766,31.9,50985,16.9,734,27.7,577,24.97835497835498,578,25.02164502164502,115,4.978354978354979,146,6.320346320346321,184,7.965367965367966,41,1.774891774891775,96,4.155844155844156,357,15.454545454545451,216,9.35064935064935,2310,136,0,21378,63,386,12.320459623364188,246,7.851899138206192,367,11.714012128949888,278,8.873284391956592,218,6.958187041174593,189,6.032556654963294,137,4.372805617618895,233,7.436961378870093,733,23.396105968720075,2046,1118,3133,447,2.5423728813559325
"Arkansas City-Winfield, KS Micro Area",0.3,1.7,0.1,91.3,1.8,4.8,11680,11680,"Arkansas City-Winfield, KS Micro Area",11680,2843,3518,24.256685432793805,282,30.977304714989444,8.413969035890217,36.35204081632653,22736,1557,0,231,385,417,0,1,10,30,69,9,109,261,5486,24,27260,1626,38.1,58263,19.5,779,29.3,1007,20.71590207776178,1134,23.32853322361654,720,14.81176712610574,642,13.207159020777617,217,4.46410203661798,214,4.402386340259206,190,3.908660769389015,382,7.8584653363505454,296,6.08928204073236,4861,367,0,34487,89,295,7.48921045950749,261,6.626047220106626,440,11.17034780401117,498,12.64280274181264,298,7.565371921807565,343,8.707793856308708,214,5.432850977405433,475,12.05889819751206,682,17.314039096217314,3224,2198,3939,797,2.9236977256052827
"Asheville, NC Metro Area",0.2,1.7,0.6,82.2,1.3,14.0,11700,11700,"Asheville, NC Metro Area",11700,27874,76355,41.20450691684726,5804,23.776212330515964,8.110682649941404,26.908598102695372,305486,12223,0,4139,2963,3512,80,264,246,739,820,829,2247,4563,60410,0,345005,34515,43.8,69236,20.3,1223,30.7,11653,19.05143380309322,12964,21.19478141451133,9317,15.232318608377202,5795,9.47421770264526,3989,6.521596965634504,2876,4.701958604453455,2934,4.796782526240069,5370,8.779387241277833,6060,9.907464931497891,61166,4349,26,410817,9200,2216,4.313969786637595,2975,5.791543373306339,5499,10.70510823859212,6183,12.036676530135493,5623,10.946503659866066,5163,10.051004516430464,3404,6.626693661423453,4981,9.6966983335929,10495,20.43100763121009,36427,17901,51368,6903,2.000840567528007
"Ashland, OH Micro Area",0.4,3.0,0.1,87.8,2.4,6.3,11740,11740,"Ashland, OH Micro Area",11740,3086,5259,22.06422528940338,204,43.41607301869991,9.049421193232412,25.47028049866429,35936,1696,0,588,685,578,1,0,1,0,8,7,861,315,13906,11,42011,2067,41.4,64991,18.3,841,24.6,2180,23.400601116358956,1917,20.57750107342207,1230,13.203091455560326,665,7.138256762559038,619,6.644482610562473,370,3.971661657363675,382,4.100472305710605,1192,12.79519106912838,720,7.728638900815802,9316,191,6,52296,399,224,5.134082053632821,604,13.843685537474215,682,15.6314462525785,489,11.207884483153792,250,5.730002292000917,278,6.37176254870502,154,3.529681411872565,257,5.890442356176942,988,22.644969057987623,3883,2184,4363,942,2.2422698816976503
"Astoria, OR Micro Area",0.6,5.7,0.7,79.7,1.5,11.8,11820,11820,"Astoria, OR Micro Area",11820,3900,5247,26.298523783488243,308,25.684237609751392,7.155951500337697,40.861287106422665,31093,1333,0,301,510,881,7,0,17,17,59,7,71,99,6653,18,34531,2152,45.2,68705,24.5,1130,29.7,876,12.85399853264857,1236,18.13646368305209,1018,14.937637564196626,908,13.323550990462216,548,8.041085840058694,353,5.179750550256786,477,6.999266324284665,380,5.575935436537051,1019,14.952311078503303,6815,238,0,41343,470,159,2.292718096611392,787,11.348233597692865,663,9.560201874549389,847,12.213410237923576,777,11.204037490987744,646,9.315068493150685,410,5.912040374909877,531,7.656813266041818,1568,22.60994953136265,5415,3390,6935,853,2.4702441284642784
"Atchison, KS Micro Area",0.0,5.9,0.0,85.1,1.8,7.3,11860,11860,"Atchison, KS Micro Area",11860,727,1397,22.92001607717042,106,40.72548231511254,5.697347266881029,30.65715434083601,9952,456,0,168,58,87,0,0,0,0,49,3,50,49,3597,0,13003,709,36.4,62164,17.7,756,24.4,488,23.851417399804497,713,34.84848484848485,218,10.654936461388074,127,6.207233626588465,142,6.940371456500488,36,1.7595307917888563,41,2.003910068426197,146,7.135874877810362,114,5.571847507331378,2046,99,4,16211,69,90,5.765534913516976,123,7.879564381806533,158,10.121716848174248,335,21.46060217809097,125,8.00768737988469,90,5.765534913516976,102,6.534272901985906,49,3.1390134529147984,255,16.335682254964766,1336,988,1561,339,2.607090671383527
"Athens, OH Micro Area",0.9,11.7,0.8,74.2,0.7,11.7,11900,11900,"Athens, OH Micro Area",11900,3215,6041,35.42646532992271,1402,29.774183788541407,8.179992848694887,26.619358032841,36357,1258,0,460,1160,460,0,0,0,0,17,8,257,377,9567,15,53537,4934,32.8,53837,18.1,903,33.9,1623,24.767282160842363,1480,22.58507553792156,803,12.253929497939875,578,8.820387608728826,408,6.226155959102702,199,3.036777048679994,221,3.372501144513963,746,11.38409888600641,492,7.508011597741493,6553,220,0,61573,503,227,2.6239741070396483,598,6.912495665241012,728,8.415212114206449,829,9.582707201479598,872,10.079759565368166,865,9.998844064270026,264,3.051670327129812,534,6.172696798058028,2952,34.12322274881517,4522,1941,8651,1750,3.2687673945122064
"Athens, TN Micro Area",0.0,1.0,0.0,92.9,0.5,5.5,11940,11940,"Athens, TN Micro Area",11940,4117,5143,16.398007033997654,286,40.2214871880757,14.472031485513314,28.90847429241333,47768,4344,25,1172,1266,944,0,74,68,25,415,333,1063,992,14869,11,54882,1740,43.0,59361,18.7,806,26.1,2205,21.73698738170347,2218,21.865141955835963,1353,13.33793375394322,1073,10.577681388012618,458,4.514984227129338,593,5.845820189274448,257,2.5335173501577284,1210,11.928233438485805,776,7.649842271293375,10144,481,44,67211,664,419,6.30834086118639,792,11.924119241192413,783,11.788617886178862,802,12.07467630231858,492,7.4074074074074066,351,5.284552845528456,327,4.923215898825655,730,10.990665462210178,1115,16.7871123155676,6221,3471,6642,1650,3.0064502022521045
"Athens, TX Micro Area",0.0,1.3,0.3,88.3,1.7,8.4,11980,11980,"Athens, TX Micro Area",11980,5448,7857,20.212119165034117,411,33.565831250422214,12.47888941430791,33.74316017023576,59212,3826,62,1207,1665,681,12,83,19,19,615,162,733,1354,16049,0,67856,3173,43.8,63955,20.9,978,30.4,2146,20.73229639648343,1688,16.307603130132353,2037,19.67925804270119,1012,9.77683315621679,720,6.955849676359772,372,3.593855666119216,470,4.540624094290407,948,9.158535407207031,906,8.75277750941938,10351,752,25,83658,527,179,2.3374249151214417,721,9.414990859232176,782,10.211543483938366,859,11.217027944633063,701,9.15382606424654,481,6.281013319404543,728,9.506398537477148,308,4.021937842778794,1807,23.596239226952207,9460,5072,7658,1836,2.705729780712096
"Athens-Clarke County, GA Metro Area",0.6,3.3,1.3,81.9,0.9,12.1,12020,12020,"Athens-Clarke County, GA Metro Area",12020,10015,29401,43.49741357463365,6620,21.370432760394152,10.202590897571593,24.929562767400608,134162,5019,5,1656,1978,2704,126,175,85,173,1387,335,975,1231,23652,59,179402,17965,33.2,62897,19.3,1144,34.4,5886,21.124031007751935,5877,21.09173126614987,3705,13.296726959517658,2480,8.900373241458514,2010,7.213608957795005,916,3.287395923054838,1280,4.593741027849555,2942,10.55842664369796,2694,9.66838931955211,27864,2703,96,218190,4371,1279,3.3518528224749726,3020,7.914460925625033,3702,9.701766339954924,3873,10.149903034750247,3440,9.015147544420566,2582,6.766602023166833,2378,6.231982808323287,3171,8.310183971906286,11757,30.81136327899785,16149,7282,38158,5045,2.812120266217768
"Atlanta-Sandy Springs-Roswell, GA Metro Area",0.1,1.2,1.8,76.7,1.8,18.5,12060,12060,"Atlanta-Sandy Springs-Roswell, GA Metro Area",12060,328429,1052716,41.45151335285787,72684,23.010721438362893,9.22805981721151,26.30970539156773,4142821,144813,1881,51198,57362,73242,3152,5799,4294,9486,28042,9930,26135,39503,808480,959,4883890,482917,37.0,86338,19.9,1563,31.6,215224,20.34535989404955,213256,20.159322703627065,157585,14.896682242239706,96208,9.094647365938368,64783,6.124007778018306,41315,3.905552094667217,51738,4.8908496738204645,103686,9.801550877106743,108594,10.26550948005063,1057853,70432,887,6176937,108945,22424,2.8747243731090717,55021,7.053612635249475,87814,11.257627813958258,98208,12.59012358340598,83874,10.75252551151223,68788,8.818522127070407,52715,6.757986769909236,73200,9.384134146966822,197562,25.327162709604632,534626,226909,780040,163200,3.341598602753133
"Atlantic City-Hammonton, NJ Metro Area",0.6,3.5,3.2,82.1,1.8,8.9,12100,12100,"Atlantic City-Hammonton, NJ Metro Area",12100,19718,56739,32.8810838915807,2490,32.0058474684832,9.56166592568591,25.551402714250187,265414,8848,102,3389,3637,5367,250,495,129,572,1335,801,2093,2414,76100,42,304893,21769,44.4,80600,23.7,1328,32.9,9131,13.93939393939394,11399,17.40172505915579,10590,16.16670483169224,7370,11.25104953820319,5222,7.971910541180062,3505,5.350736584993512,4601,7.023891306007175,4029,6.150675520952599,9061,13.832531867796352,65505,4617,135,369940,6273,1385,3.136677612954365,2862,6.481712150379345,4346,9.842599932057524,5059,11.457366096704789,4590,10.39519873174046,3654,8.275393500169855,2567,5.813611142565961,3614,8.184803533008719,12693,28.74646132940777,29687,18412,44155,14284,4.684922251412791
"Auburn, IN Micro Area",0.1,1.0,0.1,93.3,1.0,4.4,12140,12140,"Auburn, IN Micro Area",12140,3014,4172,20.140792635462144,86,42.24455951534843,7.706366128540969,29.90828172064846,29547,2422,2,325,710,350,0,2,32,0,0,52,271,255,10060,0,34266,1514,38.4,70080,17.2,828,25.4,2651,28.941048034934497,1501,16.38646288209607,1086,11.85589519650655,711,7.762008733624453,485,5.29475982532751,329,3.591703056768559,361,3.9410480349344974,1251,13.657205240174672,740,8.078602620087336,9160,278,0,43584,179,209,6.934306569343065,279,9.256801592568015,428,14.200398142003982,459,15.228931652289315,419,13.901791639017915,264,8.75912408759124,114,3.78234903782349,159,5.275381552753816,490,16.257465162574654,3281,2542,3014,929,2.711142240121403
"Auburn, NY Micro Area",0.1,3.7,0.5,87.6,1.6,6.6,12180,12180,"Auburn, NY Micro Area",12180,8468,7436,23.87864236603733,468,31.059696605915093,11.071701407835862,33.98995962021172,54978,3379,0,1023,1252,999,36,48,13,80,181,155,876,833,13697,20,62382,4705,43.7,66583,19.3,895,29.4,2702,22.317667465102836,2693,22.24333030478236,1669,13.785413397208227,1067,8.813083340216405,677,5.591806392995788,492,4.063764764186008,560,4.625423308829603,1043,8.614850912695134,1204,9.944660113983646,12107,558,13,75464,519,334,3.795023292807635,840,9.544369957959322,1140,12.953073514373369,906,10.294284740370411,894,10.157936598113851,824,9.362572434950572,405,4.60174980115896,1004,11.407794568799,1680,19.088739915918644,5912,4307,8801,1428,2.289121862075598
"Auburn-Opelika, AL Metro Area",0.1,3.2,0.7,86.7,1.0,8.2,12220,12220,"Auburn-Opelika, AL Metro Area",12220,10884,26187,39.35706292785677,4121,22.748815165876778,9.267213006845708,28.62690889942075,121536,5370,221,2181,2055,2148,105,312,46,124,258,247,657,1159,22278,16,161005,14860,33.8,58991,19.2,974,34.8,6396,21.732925586136595,6177,20.988786952089704,4357,14.804621134896363,2356,8.00543662928984,1445,4.90995582738702,1294,4.3968739381583415,1167,3.965341488277268,2941,9.9932042133877,2962,10.064559972816854,29430,1734,0,196614,2665,897,3.47647469188435,2051,7.948996201844818,2321,8.995426711107667,2436,9.441128594682583,1820,7.053716766142159,1746,6.7669172932330826,1409,5.460816990930936,1654,6.41035578637315,8092,31.361909929462836,17229,6679,25802,4091,2.540914878419925
"Augusta-Richmond County, GA-SC Metro Area",0.1,1.2,0.7,87.3,2.1,8.7,12260,12260,"Augusta-Richmond County, GA-SC Metro Area",12260,43373,73182,28.776010402972556,5778,29.45828945272662,10.761466210546084,31.004233933754744,420649,21746,195,8292,10210,7716,8,477,183,802,1830,1059,3718,5903,102170,168,492198,32663,38.2,66628,18.8,1075,31.5,20564,22.88474165080849,18315,20.38193169298568,12165,13.53787600574233,7618,8.47772621551542,5381,5.9882705126921065,2894,3.2206011640458945,3920,4.362389966503077,10318,11.482433590402742,8340,9.281207224651954,89859,4603,104,618022,9423,3168,4.427239822798608,5615,7.846891289461548,7339,10.256159425353214,8105,11.32663471079,6505,9.090655002305857,6177,8.632279162066604,3691,5.158125690009364,6411,8.95929119443241,18096,25.288930502955687,60913,26133,71557,17474,3.5501972783310785
"Augusta-Waterville, ME Micro Area",0.1,2.6,0.1,82.1,1.3,13.8,12300,12300,"Augusta-Waterville, ME Micro Area",12300,9516,17349,30.8932073060568,1709,33.96787626412849,5.16116949787384,29.977746931940864,90774,4777,12,530,792,948,0,32,28,27,112,102,835,721,26057,6,104198,7284,44.0,65062,19.5,952,29.0,4746,20.01433812676591,5364,22.62050352127525,3439,14.502593514106184,2279,9.610762029266647,1538,6.48589381352001,699,2.9477501792265848,940,3.964070341163075,2267,9.560156875975204,2342,9.876439084046726,23713,512,28,125614,1701,466,3.171362460868381,1049,7.138968286375391,1506,10.249081257656186,1807,12.29753640941881,2075,14.121410099360284,1368,9.309922417313189,901,6.131754457601742,1068,7.26827276439363,2773,18.87164829181979,11356,6340,14694,2566,2.462619244131365
"Austin, MN Micro Area",0.3,2.8,0.9,88.6,1.0,6.4,12380,12380,"Austin, MN Micro Area",12380,3637,4079,23.46781180547708,265,32.83610200775982,10.31001619768712,33.38606998907598,26547,1449,60,306,156,428,19,10,28,78,87,43,233,317,7268,0,31169,1562,38.9,71495,18.7,848,27.2,1681,23.803455111866327,1478,20.928915321438684,1044,14.783347493627868,645,9.13338997451147,372,5.267629566694987,239,3.384310393656188,312,4.4180118946474085,712,10.082129708297932,503,7.122628150665535,7062,971,1,40069,324,160,4.289544235924933,519,13.9142091152815,302,8.096514745308312,576,15.44235924932976,425,11.394101876675604,234,6.273458445040214,222,5.951742627345844,252,6.756032171581769,791,21.206434316353885,3426,1800,3730,758,2.431903493856075
"Austin-Round Rock-San Marcos, TX Metro Area",0.4,1.8,1.1,71.1,1.4,24.2,12420,12420,"Austin-Round Rock-San Marcos, TX Metro Area",12420,106996,510058,49.88992194915495,34297,17.063211655526857,8.379297158761135,24.66756923655705,1616126,47402,524,12654,13390,21157,1535,3560,2124,3424,15361,4378,11087,14578,228361,361,1895681,219024,35.9,97638,21.4,1646,29.4,64584,17.2207468083064,79101,21.09157520877996,64511,17.20128201026035,39430,10.513657355560532,26970,7.19130963427511,17487,4.662752375771926,19367,5.164037585725104,25520,6.804680084045265,36522,9.738265126547851,375036,30924,363,2357497,42905,13239,3.3947111328781068,29658,7.604829879817123,49875,12.78882224883266,55046,14.114757082892082,45605,11.693919572090492,35043,8.985638056458003,26225,6.724548641115518,33937,8.702040313957573,86781,22.25216608673578,200464,91199,389989,57495,3.032946998994029
"Bainbridge, GA Micro Area",0.8,0.8,0.3,92.6,2.7,2.8,12460,12460,"Bainbridge, GA Micro Area",12460,2400,1727,14.636663914120565,80,33.562138728323696,16.861065235342693,34.94013212221304,19376,1182,9,612,715,397,32,146,86,14,65,103,423,404,5321,0,22651,772,38.7,50485,22.3,860,27.6,567,17.96577946768061,622,19.7084917617237,506,16.03295310519645,252,7.984790874524715,339,10.741444866920151,240,7.604562737642586,109,3.453738910012674,146,4.6261089987325725,361,11.438529784537389,3156,261,0,29118,257,264,6.606606606606606,411,10.285285285285283,252,6.306306306306306,364,9.10910910910911,638,15.965965965965967,176,4.404404404404405,170,4.254254254254255,189,4.72972972972973,770,19.26926926926927,3120,1250,3996,821,3.6245640369078624
"Baker City, OR Micro Area",1.2,6.6,0.2,83.1,0.5,8.4,12520,12520,"Baker City, OR Micro Area",12520,1697,2377,26.972477064220183,82,27.419226166733143,7.610690067810132,37.997606701236535,12535,681,0,162,98,215,0,78,61,13,26,14,43,165,2756,7,13783,775,47.6,57844,19.9,814,26.1,462,17.06056129985229,596,22.008862629246675,398,14.697193500738551,199,7.348596750369277,183,6.757754800590841,160,5.908419497784342,106,3.914327917282127,289,10.67208271787297,276,10.19202363367799,2708,72,0,16796,147,231,11.684370257966616,147,7.435508345978755,235,11.886697015680324,159,8.042488619119878,120,6.0698027314112295,66,3.338391502276176,61,3.0854830551340413,67,3.388973191704603,513,25.948406676783005,1880,1186,1977,310,2.2491475005441486
"Bakersfield-Delano, CA Metro Area",0.1,1.0,0.5,90.7,1.1,6.6,12540,12540,"Bakersfield-Delano, CA Metro Area",12540,43657,68949,18.573575991839803,3222,27.674522646337756,22.865016731984035,30.88688462983841,558810,19470,876,9508,15988,20057,1807,5001,2980,5147,20470,3802,10177,10415,135178,154,677057,25215,32.4,67660,23.5,1220,33.2,16339,14.675792442492344,19859,17.837478555325013,16225,14.573396926338104,11073,9.9458381611921,8395,7.540441737849514,6316,5.673070877457717,8175,7.342836355797472,7937,7.1290632606684445,16448,14.77369692723631,111333,21303,87,910433,6405,3159,2.7932269331093327,8162,7.216941509350545,11774,10.410716654140325,12083,10.68393828197533,11631,10.2842742826827,9418,8.327512268446881,8432,7.455678854060746,11499,10.167558247491048,29487,26.07277067951722,86572,42370,113095,33049,4.881272920891446
"Baltimore-Columbia-Towson, MD Metro Area",0.2,2.2,3.8,76.1,1.5,16.1,12580,12580,"Baltimore-Columbia-Towson, MD Metro Area",12580,137894,460896,43.28454743876588,48689,23.61146733791624,7.876064836545119,25.22792038677276,1972838,62167,297,24354,24693,33505,695,888,1292,2544,6063,5142,10290,16099,403649,361,2282183,283121,38.9,97300,20.0,1562,30.7,100124,19.18363593166821,113095,21.66886366597436,79924,15.313340639633358,50517,9.678995409293307,34493,6.608816609314766,21132,4.048865352043593,23202,4.445474820088748,45949,8.803772196718295,50630,9.700646071075482,521924,28729,430,2839409,61228,14156,3.858303556584,28388,7.73732137357351,42294,11.527485915665704,44022,11.998462783833066,40972,11.167166807033038,30994,8.44760246063609,23491,6.402614357708021,33916,9.244011262016317,89759,24.46435920707992,237120,122692,366897,70197,3.0758707781102568
"Bangor, ME Metro Area",0.4,3.6,0.5,83.7,1.2,10.6,12620,12620,"Bangor, ME Metro Area",12620,12816,20953,30.476242027298888,2183,32.42667821411495,5.468799336021723,31.62828042256444,110847,5836,0,1163,1166,855,0,99,44,65,84,183,809,983,30108,14,129869,8831,42.5,63248,19.2,997,29.2,5475,22.097998062641267,5321,21.476428802066515,3339,13.476751695188891,2589,10.449628672909268,1169,4.71827575072651,1079,4.355020988052955,1062,4.28640619954795,2346,9.468840813690669,2286,9.226670971908298,24776,597,0,153571,1815,587,3.0495090654059958,1339,6.956205517169724,2609,13.55395085458985,2123,11.029144371136162,2708,14.06826328640449,1704,8.852407917294405,1468,7.626370201049405,1789,9.29398929814536,3521,18.291859317367138,14568,7675,19249,3175,2.4447712695100448
"Baraboo, WI Micro Area",0.4,2.5,0.1,87.1,1.5,8.4,12660,12660,"Baraboo, WI Micro Area",12660,5979,8586,26.49315838395193,381,33.138064460344566,6.640582780311711,33.7281943753918,46261,2080,1,473,414,576,1,3,0,0,136,7,631,299,13250,0,52658,2567,41.3,77648,19.5,970,26.1,2483,19.70165833531699,3060,24.27993334920257,2028,16.09140680790288,1335,10.59271601999524,740,5.871617868761406,426,3.380147583908593,487,3.86415932714433,1031,8.18059192255812,983,7.799730222962786,12603,526,5,65759,722,495,6.715506715506716,1006,13.648080314746982,865,11.735178401845069,848,11.504544837878171,1011,13.715913715913716,551,7.475240808574142,435,5.901505901505902,500,6.78334011667345,1173,15.913715913715915,6470,3154,7371,929,1.7642143643890766
"Barnstable Town, MA Metro Area",0.6,1.7,1.2,80.7,1.2,14.6,12700,12700,"Barnstable Town, MA Metro Area",12700,16949,46953,47.405665560512496,4712,21.432103377799265,3.617343911390457,27.544887150297782,182012,4631,55,671,760,1671,134,7,79,56,290,189,617,665,34378,43,201573,28497,55.1,94452,23.8,1596,34.5,7124,14.348728071058831,8885,17.895627303671777,6184,12.45543716892586,5298,10.670909786702651,3716,7.48454148119801,3148,6.3405103828878735,3210,6.465387016858346,3971,7.9981469918830195,7846,15.802936615037565,49649,1339,8,230073,6122,760,3.79487691616318,1693,8.453587656663505,1431,7.145353772407251,1596,7.969241523942677,1866,9.31742148100065,1763,8.803115793678534,1375,6.865731262795226,1704,8.508513506765865,5694,28.43161731662256,21242,11944,20027,5492,2.724571247141234
"Barre, VT Micro Area",0.2,3.8,0.7,76.8,0.6,17.8,12740,12740,"Barre, VT Micro Area",12740,3204,12177,47.00537438513391,654,25.325651302605213,4.269903443250136,23.39907086901075,43912,950,0,355,433,434,2,19,3,3,16,49,292,91,10171,0,50363,6538,43.7,79853,21.6,1094,28.3,1470,12.823868097356714,2690,23.46680624618337,2252,19.64581697635872,1234,10.765070225944342,801,6.98769955509029,541,4.719532408619035,629,5.487219750501613,835,7.284306028090377,995,8.68010119514961,11463,178,0,59958,1272,330,4.808392831123416,686,9.995628733789887,930,13.550925251347806,739,10.767885764243042,901,13.128369517703629,750,10.92816552528049,357,5.201806790033513,482,7.023167710913595,1380,20.1078245665161,4885,2186,6863,964,1.9141036078073184
"Bartlesville, OK Micro Area",0.3,1.9,0.3,89.8,1.2,6.6,12780,12780,"Bartlesville, OK Micro Area",12780,2548,7284,30.45805570269592,561,33.232038807884244,8.514315983160948,27.79558950625889,35869,1980,0,608,771,605,20,5,17,5,71,62,168,426,9940,0,41632,2618,39.4,61205,18.8,903,30.0,1746,22.52321981424149,1547,19.956140350877195,1101,14.202786377708978,642,8.281733746130032,450,5.8049535603715166,356,4.592363261093911,313,4.037667698658411,941,12.138802889576883,638,8.23013415892673,7752,296,0,52895,462,309,5.324831983456833,404,6.961916250215405,751,12.941581940375668,571,9.839738066517318,612,10.546269171118388,544,9.374461485438566,384,6.617266930897811,556,9.581251077029124,1154,19.886265724625197,4765,2657,5803,924,2.219446579554189
"Batavia, NY Micro Area",0.4,3.3,0.1,88.5,1.4,6.2,12860,12860,"Batavia, NY Micro Area",12860,6153,5712,23.613904050560183,180,36.67767882792301,7.457148329024227,32.251268792492574,41772,2425,0,530,656,453,56,4,6,2,100,106,320,207,12896,3,47331,3527,42.4,72055,18.6,909,27.3,2628,24.21896599391761,2615,24.09916136761589,1574,14.505575522993272,940,8.662796055663073,707,6.5155285227168,357,3.290019353055018,317,2.9213897336651,914,8.423186803059627,767,7.068472951801677,10851,671,1,57943,445,458,7.169693174702567,392,6.136505948653726,1031,16.13963681903569,822,12.867877269881026,587,9.189104571070756,622,9.73700688791484,322,5.04070131496556,485,7.592360676268002,1225,19.176581089542893,4085,3234,6388,1248,2.6367496989288206
"Batesville, AR Micro Area",0.5,2.0,0.1,90.7,1.3,5.5,12900,12900,"Batesville, AR Micro Area",12900,2358,2827,16.871032606552852,180,39.40779876197611,12.506406970784214,31.21476166068683,25363,1992,0,574,706,523,0,0,1,9,242,87,220,370,8003,0,29971,1033,39.0,56009,17.1,814,26.3,1332,26.402378592666004,1206,23.90485629335976,633,12.547076313181368,304,6.025768087215065,193,3.825569871159564,55,1.0901883052527257,214,4.241823587710605,669,13.260654112983152,433,8.582755203171457,5045,440,0,38120,239,453,9.640349010427752,458,9.746754628644393,641,13.641200255373484,437,9.299851032134496,388,8.257075973611407,385,8.193232602681421,197,4.192381357735688,322,6.852521813151734,893,19.004043413492237,3817,1742,4699,799,2.665910380034033
"Baton Rouge, LA Metro Area",0.2,1.5,0.7,90.0,0.7,6.8,12940,12940,"Baton Rouge, LA Metro Area",12940,39699,106900,29.98717171574777,8366,30.846384820333533,11.439199571450724,27.72724389246796,567496,28078,69,10572,13768,10225,373,1090,532,1294,2931,2251,5975,7753,146974,65,690646,44822,36.0,68910,19.4,1108,32.3,28052,21.096805246375062,27417,20.619246736056795,18779,14.122946874435954,13007,9.782052824739788,6777,5.096714999097527,5323,4.0032188195656095,6525,4.907195716262559,13803,10.380693099091513,12412,9.334576740268336,132968,7960,59,871379,10088,4493,4.4646051114909175,8054,8.003100282205175,9330,9.271036209706269,9321,9.26209308796057,9296,9.237251083111412,7763,7.71393934576096,5897,5.859732103819707,8271,8.218728884295878,25850,25.686633014030765,84966,32686,100636,28116,4.070971235625776
"Battle Creek, MI Metro Area",0.4,2.1,0.6,88.8,1.0,7.2,12980,12980,"Battle Creek, MI Metro Area",12980,9393,13333,22.204047805984477,669,35.12278635610224,9.0857541655762,33.58741167233708,91704,4532,5,1511,1796,1772,63,27,13,48,107,108,653,1143,27677,8,107084,5376,40.2,60385,19.0,937,29.1,5038,21.73706691979117,4524,19.519351080812875,3222,13.901712905035165,1884,8.128748328083876,1240,5.350131595978772,987,4.2585321655089095,1103,4.759028347068214,2866,12.365707382318677,2180,9.405876515511068,23177,1074,4,133846,984,576,3.907734056987788,1192,8.086838534599728,2015,13.670284938941654,1761,11.94708276797829,1669,11.32293080054274,1548,10.50203527815468,599,4.063772048846675,1314,8.914518317503392,3175,21.54002713704206,13522,7886,14740,4276,3.9931268910388105
"Bay City, MI Metro Area",0.5,1.4,0.3,89.6,0.7,7.4,13020,13020,"Bay City, MI Metro Area",13020,8815,10924,21.40309788683664,483,33.70814925214244,8.170543460903817,36.718209400117104,75148,2684,30,1110,1391,907,8,4,0,0,47,9,650,1095,22647,0,85447,3932,43.8,60523,18.5,809,27.9,4238,23.683916396557507,3799,21.230580082709288,2246,12.55169330501844,1370,7.656197608136805,1334,7.455012853470437,683,3.816921873253604,731,4.085168212808762,1986,11.098692299094669,1320,7.376774337766849,17894,889,0,103235,745,696,6.554906762102091,1220,11.489922772650218,1109,10.444528159728762,917,8.63627801845922,1623,15.2853644754191,836,7.873422490111132,519,4.887926163119231,766,7.214164626106612,2088,19.664720286306277,12188,6590,10618,2304,2.696408299881798
"Bay City, TX Micro Area",0.9,0.5,0.4,93.0,0.7,4.5,13060,13060,"Bay City, TX Micro Area",13060,1855,3721,22.769563050340587,158,28.837846818408373,17.253696627346734,31.138893503904303,24076,1447,28,474,683,239,12,14,81,156,437,134,180,655,5496,9,28013,1485,37.5,55174,22.0,998,33.8,730,20.5575894114334,426,11.996620670233735,676,19.03689101661504,442,12.44719797240214,150,4.224162207828781,152,4.280484370599831,189,5.322444381864264,309,8.701774148127289,397,11.179949310053509,3551,1052,0,36274,118,186,4.014677314914742,234,5.050723073602417,677,14.612562054824089,397,8.56896179581265,294,6.345780271962012,309,6.669544571551911,338,7.295488884092381,299,6.453701705158645,1313,28.340168357435783,3420,2222,4633,1128,4.026701888408954
"Beatrice, NE Micro Area",0.0,2.2,0.0,90.9,0.9,6.0,13100,13100,"Beatrice, NE Micro Area",13100,2145,2525,22.12785568503522,131,35.76930673513727,7.248666798340904,34.8541707814866,15189,671,0,190,287,278,4,5,1,4,12,25,105,109,4762,0,17289,572,42.8,64426,18.9,770,25.7,665,20.92511013215859,771,24.260541220893643,446,14.033983637507866,391,12.303335431088737,121,3.8074260541220895,57,1.7935808684707364,138,4.342353681560731,319,10.037759597230965,270,8.495909376966646,3178,81,0,21646,133,305,12.007874015748031,254,10.0,385,15.157480314960631,155,6.102362204724409,364,14.330708661417324,160,6.299212598425196,169,6.653543307086614,157,6.181102362204725,350,13.77952755905512,2043,1106,2540,162,0.9370119729307652
"Beaumont-Port Arthur, TX Metro Area",0.2,0.9,0.3,94.3,0.9,3.4,13140,13140,"Beaumont-Port Arthur, TX Metro Area",13140,26656,36009,19.28808822418612,1708,34.03693632449581,13.07764936928771,33.597326082030364,264780,14056,74,5148,6064,4207,356,600,359,628,2629,1630,2470,4782,76067,54,307996,11220,37.6,65245,19.2,1063,29.8,9307,21.165260500761832,9372,21.31307847997635,6924,15.746025970481886,3543,8.057216928569805,2073,4.714256475564551,1506,3.4248288722625246,1872,4.257157801378118,4681,10.645168626202445,4574,10.401837491187774,43973,5554,72,396058,2134,2419,5.093167701863354,3801,8.00294767870302,5776,12.161280134751026,4999,10.525318454574164,4482,9.436782819244131,3368,7.091272765554269,2638,5.554268870407412,4003,8.428255605853249,11197,23.57511316980735,44211,18092,47495,9982,3.240951181184172
"Beaver Dam, WI Micro Area",0.2,2.9,0.0,88.5,0.9,7.6,13180,13180,"Beaver Dam, WI Micro Area",13180,7592,9239,19.92200851381164,325,40.261939533293976,7.5490165615387,32.267035391355684,64366,2871,8,844,1073,1182,14,0,26,101,225,80,495,323,23044,7,73647,2732,42.9,73992,20.4,963,23.0,2965,18.805099257943805,3700,23.466734318513357,2648,16.794570939303608,1546,9.805289528762604,1063,6.741929346102619,555,3.520010147777003,832,5.276844041352192,1010,6.405784232891482,1443,9.152026384220209,15767,452,29,88818,527,599,5.834226161488263,1604,15.622869387357555,1757,17.113080744131683,1514,14.746274471608064,778,7.577676049478913,683,6.652381416187786,524,5.103730398363689,851,8.288691925586832,1408,13.713840459725334,8473,4704,10267,1881,2.554075522424539
"Beckley, WV Metro Area",0.0,1.7,0.1,90.4,1.3,6.5,13220,13220,"Beckley, WV Metro Area",13220,6336,10053,19.6532855670609,502,40.683123129018014,14.286941159150022,25.37665014477107,81508,5835,60,2265,2555,1641,12,18,150,150,337,339,1344,1943,27325,0,92566,4511,43.3,52345,18.4,820,31.0,3564,23.903420523138838,2823,18.93360160965795,2030,13.615023474178404,1341,8.993963782696177,521,3.494299128101945,371,2.488262910798122,530,3.5546613011401744,1972,13.226022803487592,1707,11.448692152917506,14910,820,11,113653,953,427,3.784454489054329,843,7.471417176282904,1141,10.112558716653371,735,6.5142249401754855,1052,9.323761410972258,778,6.895329256403439,553,4.901178764512984,602,5.33546042719135,2576,22.830807409376938,9136,5212,11283,2687,2.90279368234557
"Bedford, IN Micro Area",0.0,2.2,0.0,91.5,0.7,5.6,13260,13260,"Bedford, IN Micro Area",13260,3448,3846,20.46902323257557,145,38.427429427929056,9.649013240069948,31.45453409942543,32024,2914,0,580,488,622,13,10,0,14,12,60,470,377,9392,21,36732,2258,43.5,65551,18.1,800,27.7,1815,20.037535879885183,2572,28.394789136674763,946,10.443806579818943,971,10.719805696621773,425,4.6919849856480464,217,2.395672333848532,349,3.852947670567454,1106,12.210200927357032,605,6.679178626628395,9058,423,0,45077,306,183,4.771838331160365,354,9.230769230769232,418,10.899608865710562,558,14.55019556714472,305,7.953063885267275,452,11.786179921773142,183,4.771838331160365,236,6.153846153846154,669,17.44458930899609,4183,2442,3835,769,2.09354241533268
"Beeville, TX Micro Area",0.0,1.3,0.0,91.0,1.7,5.9,13300,13300,"Beeville, TX Micro Area",13300,1905,1679,11.449174226564317,76,36.92486624796464,18.432193533379856,33.19376599209119,21495,2615,10,612,661,446,21,85,28,104,236,312,494,689,5322,0,25500,637,35.8,56075,18.8,1028,30.5,585,27.24732184443409,418,19.469026548672566,256,11.92361434559851,163,7.591988821611551,90,4.191895668374476,46,2.142524452724732,137,6.380996739636702,171,7.964601769911504,281,13.088029809035865,2147,258,6,31000,69,146,6.101128290848307,75,3.134141245298788,244,10.19640618470539,298,12.452987881320515,249,10.405348934391975,188,7.856247388215628,52,2.173004596740493,140,5.850396991224405,666,27.83117425825324,3622,1608,2393,688,2.6980392156862743
"Bellefontaine, OH Micro Area",0.0,2.0,0.2,88.7,1.3,7.9,13340,13340,"Bellefontaine, OH Micro Area",13340,3678,3994,18.29726456981401,150,44.00285652187413,7.135094855155712,30.564784053156146,32207,1325,0,603,464,559,0,0,0,26,30,0,177,194,12847,0,36971,1627,42.1,69183,19.0,832,24.4,2248,23.47780678851175,2025,21.148825065274156,1550,16.187989556135772,1073,11.20626631853786,355,3.70757180156658,356,3.718015665796345,386,4.031331592689296,933,9.744125326370758,636,6.642297650130548,9575,245,0,46140,122,242,5.54410080183276,612,14.02061855670103,717,16.42611683848797,411,9.415807560137456,383,8.774341351660938,225,5.154639175257731,213,4.879725085910653,342,7.835051546391752,723,16.56357388316151,3724,2442,4365,811,2.1936112087852644
"Bellingham, WA Metro Area",1.9,3.4,1.9,78.3,1.1,13.3,13380,13380,"Bellingham, WA Metro Area",13380,16648,36442,38.08601417052248,4014,21.36003552283565,6.23194094972103,34.32200935692084,155393,4872,46,1651,2043,1869,70,70,9,166,579,209,500,737,28320,29,190060,15226,38.2,80989,24.1,1465,34.6,4753,12.73750502478896,6707,17.974005091786143,6035,16.173120728929387,4635,12.421278306311134,3264,8.747152619589977,2101,5.630443521372103,2415,6.471928179016481,2186,5.858233954173925,5129,13.745142704006431,37315,1649,57,228432,3501,815,2.418182357653621,1763,5.230988339316975,3531,10.47681215322078,3784,11.227487167314482,3466,10.283950983591964,3021,8.963593745363914,2886,8.56303593151945,3463,10.275049698839869,9561,28.368394504940213,24650,12036,33703,6050,3.1832053035883408
"Bemidji, MN Micro Area",0.4,2.9,1.4,86.4,0.8,8.1,13420,13420,"Bemidji, MN Micro Area",13420,3670,5869,32.28932341235508,536,26.288285170444716,7.2053988579339,34.21699255926631,28895,1349,2,462,425,383,0,3,0,2,133,17,316,219,6247,0,36161,2241,35.1,67257,20.5,991,26.2,1219,18.934451693072383,1267,19.680024852438645,1065,16.542404473438957,604,9.38179558869214,421,6.539297918608264,261,4.054054054054054,400,6.213109661385524,621,9.645852749301024,573,8.900279589934762,6438,120,0,46421,684,298,5.4508871410279855,505,9.237241631607828,789,14.432046826413025,770,14.084507042253522,684,12.51143222974209,469,8.578745198463508,169,3.0912749222608378,290,5.304554600329248,1087,19.88293396744101,4109,2108,5467,1176,3.2521224523658083
"Bend, OR Metro Area",1.2,2.2,0.3,76.5,1.2,18.6,13460,13460,"Bend, OR Metro Area",13460,18867,46400,39.06463012365744,2660,21.760073563611677,6.174852578736053,33.000443733994835,187049,7775,6,1454,1770,2831,188,129,149,350,926,72,679,1430,32927,37,209381,19312,42.9,85509,23.0,1583,29.9,7154,14.626865671641792,9038,18.47883868329585,7600,15.538744632999387,4949,10.118585156409733,3924,8.022899202617053,2448,5.005111429155592,3236,6.61623389899816,3540,7.237783684318136,6553,13.398078102637498,48910,1401,128,253650,4698,1135,3.859231553893234,2038,6.9296157769466165,3629,12.339340360421629,3288,11.179870792247534,3578,12.165929955797347,2736,9.30295817749065,1623,5.518531111866712,2497,8.490309418565115,6686,22.733764025841552,28227,14633,29410,6481,3.0953142835309797
"Bennington, VT Micro Area",0.2,4.0,0.3,80.1,1.2,14.2,13540,13540,"Bennington, VT Micro Area",13540,2290,5782,41.15965700285831,465,27.09083484910353,5.853966368462081,25.89554177957608,26939,879,7,391,191,263,0,1,13,0,51,13,265,257,6419,0,31188,4020,46.6,71494,21.8,1063,35.7,926,14.189396261109408,1128,17.284707324547963,941,14.419246092552864,790,12.105424456022066,277,4.244560220655838,201,3.079987741342323,556,8.519767085504137,829,12.703034017775051,791,12.120747778118297,6526,82,43,37312,821,155,4.351487928130264,152,4.267265581134194,320,8.983717012914093,304,8.534531162268388,287,8.057271195957327,430,12.071869736103311,224,6.288601909039865,298,8.366086468276249,1191,33.43627175743964,2820,1866,3562,778,2.4945491855841992
"Big Rapids, MI Micro Area",0.2,5.0,0.5,86.2,1.4,6.7,13660,13660,"Big Rapids, MI Micro Area",13660,2568,3917,22.72218073188947,354,36.657953696788645,8.267363704256908,32.35250186706497,26780,1401,0,394,438,355,0,3,3,10,23,8,512,189,8416,0,33317,1573,40.6,57774,19.0,867,31.6,1323,21.414697313046293,1232,19.941728714794436,732,11.848494658465524,575,9.307219164778244,271,4.386532858530269,324,5.244415668501133,275,4.4512787309809,779,12.60925865976044,640,10.359339592101003,6178,267,12,40321,241,89,2.2652074319165183,348,8.857215576482567,337,8.577246118605244,441,11.224230083990836,347,8.831763807584627,412,10.486128785950624,273,6.948332909137185,163,4.14863833036396,981,24.96818528887757,3381,2715,3929,898,2.695320707146502
"Big Spring, TX Micro Area",0.1,0.9,0.0,94.8,0.4,3.8,13700,13700,"Big Spring, TX Micro Area",13700,1955,2381,15.340684444053949,203,33.159073935772966,18.776083995958352,32.72415762421473,22763,1730,10,480,410,522,24,107,11,175,450,399,523,638,5818,0,26377,723,37.0,71457,18.4,993,25.8,989,26.17094469436359,652,17.253241598306428,776,20.534532945223603,156,4.128076210637735,174,4.60439269648055,149,3.942842021698862,161,4.260386345594073,440,11.643291876157711,260,6.880127017729558,3779,525,0,33127,185,225,6.014434643143544,416,11.120021384656509,706,18.871959369152638,247,6.602512697139802,292,7.805399625768511,326,8.714247527399092,163,4.357123763699546,224,5.987703822507351,680,18.1769580326116,3385,2109,3741,713,2.70311256018501
"Billings, MT Metro Area",0.5,2.3,1.0,87.0,1.0,8.2,13740,13740,"Billings, MT Metro Area",13740,11714,29716,33.47767003708225,1944,30.06426054310524,4.750059500502876,31.70800991930964,130251,7161,14,865,1391,1368,14,89,27,14,90,100,922,606,31998,10,149507,9081,39.7,74599,21.1,1072,28.7,5148,16.278260869565216,6930,21.913043478260867,5919,18.71620553359684,3500,11.067193675889328,2105,6.656126482213439,1231,3.8924901185770753,1328,4.199209486166008,2399,7.585770750988143,2982,9.429249011857706,31625,631,46,187269,2864,1502,6.467168998923574,1761,7.582346609257266,3168,13.640473627556512,2539,10.932185145317543,2810,12.09903121636168,2159,9.296017222820236,1444,6.217438105489774,2236,9.627556512378902,4441,19.1216361679225,20637,8949,23225,3439,2.300226745236009
"Binghamton, NY Metro Area",0.6,3.6,2.3,83.7,1.4,8.4,13780,13780,"Binghamton, NY Metro Area",13780,22706,26800,29.54432827702907,2610,30.890191575512176,8.784069619870671,30.781410527588083,165470,9375,36,2590,2601,3096,0,80,59,160,392,235,1154,1788,41739,85,204016,16968,40.4,63347,18.8,914,30.4,7840,22.07145069114045,7791,21.933504124320823,5186,14.5998141944202,3061,8.617437572140425,1691,4.760564173305932,1525,4.293234987753723,1569,4.417105374285634,3879,10.920300667210944,2747,7.733453450071788,35521,2200,59,245844,2509,1588,4.758195002097441,3503,10.496194642536109,3534,10.589081320788637,3491,10.460238509018998,3113,9.32762030323006,2373,7.11032540300833,1692,5.0698148259123865,2769,8.29687780907293,8733,26.16707616707617,16432,11796,33374,7409,3.63157791545761
"Birmingham, AL Metro Area",0.1,1.2,0.3,87.1,1.0,10.2,13820,13820,"Birmingham, AL Metro Area",13820,68392,164788,33.21300040949484,12391,27.39903972842204,10.04214951386406,29.34581034821907,808313,33372,196,14097,16925,15335,318,807,468,1031,3208,2117,6389,10073,188098,136,942353,69960,39.0,69627,19.1,1114,30.6,42149,21.74893445752794,39544,20.404751339023104,27752,14.320065222551316,17116,8.831876489953457,10598,5.468580687107194,6398,3.301375659191529,8107,4.183221705074356,21747,11.22147803382904,19234,9.9247670254595,193798,9923,149,1181432,21326,5788,4.271366054890153,10198,7.525810474735622,15469,11.415646424169967,13497,9.960371050942015,14597,10.772137232762883,10752,7.934645442670858,8083,5.965005497870958,10675,7.877821809943397,32690,24.124214985203714,116645,52169,135507,25868,2.7450435240297426
"Bishop, CA Micro Area",2.7,5.6,1.0,77.6,0.8,12.4,13860,13860,"Bishop, CA Micro Area",13860,1077,2759,31.819817226739584,218,27.408793264733397,7.195797654169965,33.57559185435706,13897,743,3,171,170,232,4,15,0,4,103,7,133,71,3066,0,15356,1338,45.6,72432,22.7,1140,22.5,196,9.210526315789473,463,21.75751879699248,418,19.642857142857142,212,9.962406015037594,120,5.639097744360902,109,5.12218045112782,126,5.921052631578947,174,8.17669172932331,300,14.097744360902256,2128,87,0,18803,107,457,17.529727656309934,277,10.62523973916379,355,13.617184503260452,157,6.022247794399693,287,11.008822401227466,266,10.203298810893749,133,5.1016494054468735,125,4.794783275795933,279,10.701956271576526,2375,1214,2607,240,1.5629070070330815
"Bismarck, ND Metro Area",0.2,1.7,0.1,89.0,0.8,8.1,13900,13900,"Bismarck, ND Metro Area",13900,13256,23471,36.0761160616303,727,24.321803257100218,4.997585707387735,34.60449497388174,91124,3837,2,480,948,632,4,20,6,25,104,22,1051,610,18326,1,106236,7108,38.0,83982,20.0,1008,25.0,4333,19.21166977032899,5314,23.561230823800656,4003,17.748514675888977,2243,9.945020838875587,1322,5.861487984393012,1222,5.418107652744524,1019,4.518045579498094,1585,7.027578256628536,1484,6.579764121663563,22554,648,1,134286,1568,934,6.269297892334541,1717,11.525036917707077,2361,15.84776480064438,2103,14.115988723318566,1095,7.349979863068869,969,6.504228755537655,820,5.504094509330112,1070,7.182172103638072,3122,20.955832997717813,12635,5642,14898,1856,1.747053729432584
"Blackfoot, ID Micro Area",0.0,1.5,1.4,90.7,0.5,5.9,13940,13940,"Blackfoot, ID Micro Area",13940,3264,4483,20.78720787207872,157,31.973671088062236,10.80416209567501,36.43495894418404,30081,1833,31,613,362,379,73,101,90,121,368,268,140,400,7785,11,36318,1331,34.8,76842,18.6,845,26.3,1562,20.83500066693344,1713,22.849139655862345,1100,14.672535680939042,617,8.229958650126717,418,5.575563558756836,245,3.2679738562091507,344,4.588502067493664,945,12.605042016806722,534,7.122849139655862,7497,293,0,48993,282,305,9.838709677419356,292,9.419354838709678,310,10.0,316,10.193548387096774,461,14.870967741935484,220,7.096774193548387,76,2.4516129032258065,304,9.806451612903226,408,13.161290322580646,5077,2619,3100,1361,3.7474530535822455
"Blacksburg-Christiansburg-Radford, VA Metro Area",0.7,4.2,2.0,82.3,1.1,9.7,13980,13980,"Blacksburg-Christiansburg-Radford, VA Metro Area",13980,9732,20237,35.857534052339126,4868,29.77286624542498,6.512703715847963,27.85689598638793,112841,5495,1,1434,1491,961,0,17,29,268,165,414,648,882,28101,0,155530,13188,34.9,64627,18.9,1075,29.3,4693,20.634920634920636,5119,22.50802444708262,3526,15.50367145935013,2000,8.793914611089127,1038,4.564041683155256,828,3.640680648990898,1009,4.436529921294465,2658,11.687112518137448,1754,7.712263113925164,22743,1004,35,181605,2169,1196,4.550643025644928,2958,11.254851228978008,3025,11.509778555665475,1970,7.495624381706111,2528,9.618750475610684,1409,5.361083631382695,961,3.6564949395023207,1779,6.768891256373183,6827,25.97595312381097,14771,6931,26282,3283,2.110846781971324
"Bloomington, IL Metro Area",0.3,4.1,0.8,78.3,0.7,15.8,14010,14010,"Bloomington, IL Metro Area",14010,8599,33000,46.87393558642092,2091,22.781289028497905,4.197101010483291,26.14767437459789,105692,3353,3,643,1092,914,14,31,21,74,124,35,431,436,20725,15,138424,11734,34.2,78329,18.1,992,26.9,6758,23.88661105612894,7020,24.8126678919836,4034,14.258447617701115,2224,7.860879400537255,1348,4.764597766152976,787,2.7817050756397568,1081,3.820868089919412,2885,10.197228898628588,1806,6.383429944860739,28292,586,17,170882,2717,1140,4.744859735286773,2860,11.903770914842257,2736,11.387663364688256,2997,12.473986514609171,2070,8.615666361441772,1272,5.294264546741031,1492,6.209939232498127,1528,6.359776908349287,4973,20.69841005577291,13417,5620,24026,2691,1.9440270473328325
"Bloomington, IN Metro Area",1.0,5.8,1.9,76.7,0.9,13.8,14020,14020,"Bloomington, IN Metro Area",14020,7191,21494,44.03204245321234,4423,24.868346431175564,6.40646520294904,24.69314591266305,98744,5203,5,1261,1719,1247,0,4,0,26,61,171,727,508,19353,0,137528,15165,33.2,62949,18.4,1137,35.0,5290,22.046259637424463,5268,21.95457386955616,3562,14.844759324859346,2052,8.551781621171077,1402,5.842883934152949,830,3.459053969576995,951,3.9633256928526777,3104,12.93602833923734,1491,6.213794540529277,23995,597,0,161256,2397,798,2.853873113511194,1856,6.637579572276661,3225,11.533509763250123,2713,9.702453329518631,2250,8.0466347185466,1948,6.966597525212789,1403,5.017523782275946,2490,8.904942421858236,8861,31.68943566268507,12104,5088,27962,4575,3.326595311500204
"Bloomsburg-Berwick, PA Micro Area",0.0,3.1,0.3,85.6,0.6,10.3,14100,14100,"Bloomsburg-Berwick, PA Micro Area",14100,3580,6599,24.877959760938,674,44.83553081801177,8.191523335918609,22.09498608513162,43838,1688,0,795,675,591,0,0,1,6,40,45,442,544,17967,8,55099,3209,41.4,61992,18.8,904,27.8,2033,23.1364515761921,1755,19.9726869238648,1112,12.655058609309206,656,7.465574143621259,488,5.553658814157278,366,4.165244110617959,362,4.119722317059292,1003,11.414589734835552,993,11.300785250938889,8787,438,6,65055,424,176,2.300052273915316,892,11.657083115525351,911,11.905384213277577,800,10.454783063251435,967,12.637219027705171,732,9.566126502875065,493,6.4427600627286985,285,3.724516466283324,1389,18.152117093570308,4129,1977,7652,1766,3.2051398391985333
"Bluefield, WV-VA Micro Area",0.0,1.8,0.4,90.1,1.6,6.2,14140,14140,"Bluefield, WV-VA Micro Area",14140,6290,8698,18.91891891891892,575,39.65990048626032,13.10358475630442,28.31759583851634,70744,5421,80,1863,1609,836,47,123,59,223,278,604,1231,1443,22636,0,80979,3661,44.0,46906,17.3,781,29.6,2521,24.112864658058346,2206,21.09995217599235,790,7.556193208990914,918,8.780487804878048,417,3.9885222381635583,186,1.7790530846484938,663,6.341463414634147,1636,15.648015303682447,970,9.277857484457195,10455,867,7,98995,450,601,5.142465987849747,825,7.059125524086592,1018,8.710533070933515,1090,9.326602207581074,1286,11.003679301788312,1115,9.540515102250364,959,8.20569863951399,681,5.826987250791478,1850,15.82955420552751,9063,4680,11687,1658,2.047444399165216
"Blytheville, AR Micro Area",0.0,0.9,0.1,94.8,1.1,3.2,14180,14180,"Blytheville, AR Micro Area",14180,2074,2442,14.178269757395764,79,42.4653835769661,14.390403826127203,28.965942839510934,25927,2233,32,642,700,561,1,24,41,45,130,271,248,513,8777,33,30633,1002,36.9,53428,15.0,797,25.0,1159,26.322961617079265,751,17.05655235067,604,13.71791960027254,201,4.565069270951624,171,3.8837156484215294,90,2.04406086759028,177,4.01998637292755,1050,23.84737678855326,193,4.383374971610266,4403,490,0,39749,153,491,7.867328953693319,533,8.540298029161992,806,12.91459701970838,847,13.57154302195161,270,4.326229770870053,439,7.034129145970197,274,4.390322063771832,423,6.777759974363083,1276,20.44544143566736,3423,2013,6241,1563,5.102340613064342
"Bogalusa, LA Micro Area",0.1,1.5,0.4,86.4,7.7,3.9,14220,14220,"Bogalusa, LA Micro Area",14220,1834,2632,12.71044314003741,30,45.429916790298655,15.913049087273432,25.946590982390504,31006,3012,30,481,1206,839,40,16,16,120,69,238,577,846,11074,0,35740,1101,41.0,42776,18.7,772,34.2,989,22.30994811639973,604,13.625084592826529,536,12.091134671779834,166,3.7446424543198735,198,4.466501240694789,172,3.879990976765171,186,4.195804195804196,773,17.43740130836905,791,17.84344687570494,4433,449,7,45238,178,175,3.2383419689119166,209,3.867505551443376,353,6.53219837157661,317,5.866025166543301,402,7.438934122871947,590,10.917838638045891,471,8.715766099185789,534,9.88156920799408,854,15.803108808290157,4406,1805,5404,1954,5.467263570229434
"Boise City, ID Metro Area",1.1,2.2,0.3,80.0,1.3,15.1,14260,14260,"Boise City, ID Metro Area",14260,45959,129077,36.603302318845486,7404,23.30882643359721,7.48090511898918,32.60696612856812,531687,24194,126,4822,6135,9723,473,541,324,551,3509,871,2404,3280,99736,202,624482,47050,37.4,82694,20.3,1383,28.7,26494,18.189807281690044,30397,20.86946372542961,23437,16.09098336457196,14323,9.833645719621291,9469,6.50106760588522,7151,4.909613945473145,7031,4.827226353044565,14241,9.777347531461762,12419,8.526429253087818,145653,6814,0,790640,11084,2606,3.241979025415822,6419,7.9855193262256945,11282,14.035305972655909,11156,13.878556411181467,8722,10.850552977619646,8123,10.105370538546708,5545,6.898224749014095,6861,8.535386835524925,15056,18.730328552057028,86171,41237,80383,12839,2.0559439663593184
"Bonham, TX Micro Area",0.1,1.5,0.0,84.2,1.3,12.9,14300,14300,"Bonham, TX Micro Area",14300,1648,3486,20.166279969064192,223,35.56844547563805,13.232791956689868,31.03248259860789,25860,2118,4,513,544,417,0,16,0,97,133,183,420,794,7080,0,29747,1331,40.7,68377,22.0,994,25.2,725,16.697374481805618,737,16.973744818056193,682,15.70704744357439,616,14.187010594196222,249,5.734684477199447,270,6.218332565637954,208,4.790419161676647,430,9.903270382312298,409,9.41962229387379,4342,301,0,36525,175,87,2.77511961722488,361,11.515151515151516,434,13.843700159489632,431,13.748006379585323,312,9.952153110047847,123,3.923444976076555,82,2.615629984051037,141,4.497607655502392,679,21.658692185007972,3872,2505,3135,740,2.4876458130231622
"Boone, NC Micro Area",0.1,3.9,1.2,84.6,0.8,9.6,14380,14380,"Boone, NC Micro Area",14380,2185,8049,47.66468985414329,1517,20.753325853502165,7.555698028530212,24.02628626382433,31195,1033,0,510,483,221,1,0,2,77,105,138,393,206,5441,0,48742,4406,32.2,51367,20.0,1066,47.1,1107,16.080766995932596,1569,22.79198140615921,774,11.243463102847182,681,9.892504357931434,362,5.258570598489251,389,5.650784427658338,345,5.011621150493899,728,10.575246949447996,854,12.405578152237071,6884,221,0,54607,897,154,1.872340425531915,417,5.069908814589666,771,9.37386018237082,812,9.872340425531917,391,4.753799392097265,435,5.288753799392097,254,3.0881458966565347,553,6.723404255319148,3471,42.20060790273556,3495,1815,8225,2621,5.377292683927619
"Borger, TX Micro Area",0.3,1.9,1.0,92.9,1.1,2.7,14420,14420,"Borger, TX Micro Area",14420,1212,1605,15.954033281098424,8,32.027460637265875,14.17058428475487,37.847921796880826,13401,1049,6,329,208,308,0,57,49,34,184,10,78,266,3243,0,15807,460,38.1,65470,17.5,852,26.0,567,25.166444740346204,479,21.26054150022193,211,9.365290723479806,275,12.20594762538837,117,5.193075898801598,98,4.349755881047492,33,1.4647137150466043,320,14.203284509542833,153,6.790945406125166,2253,370,0,20413,65,104,7.84313725490196,144,10.85972850678733,121,9.125188536953242,132,9.95475113122172,103,7.767722473604826,33,2.48868778280543,128,9.653092006033184,58,4.374057315233785,222,16.7420814479638,2527,1333,1326,214,1.3538305813879927
"Boston-Cambridge-Newton, MA-NH Metro Area",1.0,4.7,9.0,64.9,1.7,18.7,14460,14460,"Boston-Cambridge-Newton, MA-NH Metro Area",14460,242929,956390,51.22774338842749,130069,20.77619003419905,7.697847163771822,20.298219413601636,3479921,84835,1460,28609,25982,49460,3553,6225,5946,9117,15932,9636,23686,24103,638160,1214,4075303,571007,39.3,112484,21.9,1940,30.2,133338,16.47067252343283,157394,19.442207256394926,129313,15.97348149831758,83942,10.368996032353856,57291,7.076912054628015,39943,4.933987854951158,45783,5.65537806282024,64058,7.912810605424261,95607,11.80992356228414,809548,61985,971,4917661,125219,29910,4.0619050076457786,55201,7.49653020150634,83904,11.394519483835222,89942,12.2145055231587,87508,11.883957987598356,66737,9.063167987136625,47750,6.484652762122566,60412,8.204206129117244,178174,24.19678578509793,306000,157433,736354,135677,3.329249383420079
"Boulder, CO Metro Area",3.0,3.8,3.1,61.3,0.9,27.9,14500,14500,"Boulder, CO Metro Area",14500,13326,75524,63.90899548172151,12256,11.020948382091188,4.47400848888686,20.59604764730044,219110,4111,111,814,1002,2383,9,231,147,232,874,135,933,694,20037,0,276887,43882,37.5,102772,21.0,1893,34.8,9950,17.81908701803399,10979,19.661885062411574,8009,14.343021902254696,5956,10.666380128583963,3080,5.5158580920145415,2915,5.2203656942280485,2652,4.7493687207865465,5320,9.5273912498433,6934,12.417844159100271,55839,2186,52,328317,8369,1226,2.4148594614824006,3363,6.624121018731903,5478,10.79004904567748,4727,9.310799897575292,4725,9.30686048572948,4894,9.639740786700546,3035,5.97805747601883,4633,9.125647540822156,16434,32.37014713703244,22349,9453,50769,8593,3.103432086013428
"Bowling Green, KY Metro Area",0.1,2.9,0.2,89.6,0.9,6.4,14540,14540,"Bowling Green, KY Metro Area",14540,10270,19870,27.789044917379066,1532,31.407080327574256,12.471439940441044,28.332434814605637,116859,6884,21,2072,2295,1748,55,336,99,156,791,845,2074,1325,29818,26,145428,8870,35.6,62437,18.6,936,28.3,5928,22.90483366175959,6472,25.00676171708976,4209,16.26289556044975,2175,8.403848382983655,1051,4.060894092191183,737,2.847648854371933,1042,4.026119547158147,2385,9.215254433754492,1821,7.036049611684248,25881,2715,16,183194,2202,1267,4.629494299912306,2794,10.209003215434084,3287,12.01037708272435,3052,11.151710026308097,3223,11.77652733118971,1960,7.16164864074832,1840,6.723180356620871,1627,5.94489915229465,6051,22.10976322712657,15143,7696,27368,4594,3.158951508650329
"Bozeman, MT Metro Area",2.0,5.4,0.5,76.1,1.0,14.9,14580,14580,"Bozeman, MT Metro Area",14580,5387,26317,53.14217141413503,3163,18.174698414703467,2.8358491757721214,25.847280995389376,79165,1922,0,252,496,555,0,0,3,48,121,40,58,136,12466,0,101467,9791,33.8,87454,22.4,1574,29.4,2538,13.279614901632485,3797,19.86709920468816,3267,17.093972373377984,1739,9.098995395562998,1773,9.276894097948931,1104,5.776475512766848,984,5.148597739640016,1645,8.607157806613646,2194,11.479698618668898,19112,526,10,122194,2799,1124,5.838657732065867,1845,9.583917718560077,2365,12.28507609994286,2105,10.934496909251468,1950,10.129343930185444,1855,9.635863072048204,1350,7.012622720897616,1325,6.88275933717729,4368,22.6897304036154,10791,4284,19251,1689,1.6645806025604382
"Bradford, PA Micro Area",0.3,4.6,1.3,88.0,1.0,4.7,14620,14620,"Bradford, PA Micro Area",14620,2992,3621,20.347576753619133,259,46.82145604587733,7.486537520106301,25.34442968039723,28598,1992,25,303,453,456,0,0,56,48,7,67,191,154,11398,0,33384,1711,43.8,61705,17.3,769,26.8,1350,22.597924338801477,1410,23.60227653163709,726,12.152661533311012,414,6.930030130565785,299,5.005021760964178,109,1.824573150318045,348,5.825242718446602,960,16.06963508536994,323,5.406762638098426,5974,381,0,40149,228,313,9.069834830483918,443,12.836858881483629,292,8.461315560707042,302,8.751086641553172,402,11.64879745001449,326,9.44653723558389,110,3.187481889307447,242,7.012460156476384,565,16.372066067806433,2446,1810,3451,885,2.6509705248023008
"Brainerd, MN Micro Area",0.3,2.2,0.4,84.5,1.4,11.2,14660,14660,"Brainerd, MN Micro Area",14660,9756,13399,27.582685097095528,511,29.41266998712855,5.471766746880072,37.532878168895856,71476,2811,23,613,1072,1008,0,6,8,0,54,61,324,430,18212,0,80147,4567,46.7,69311,21.1,949,27.6,3673,18.77140082792457,3426,17.509071395717278,3193,16.31829100015332,1819,9.296264118158124,1125,5.749476158838862,975,4.982879337660346,1274,6.510962334542852,1972,10.078192875760209,2059,10.522819032043747,19567,307,5,97801,1238,503,5.959715639810426,859,10.177725118483412,1010,11.966824644549764,943,11.17298578199052,971,11.504739336492891,864,10.23696682464455,585,6.93127962085308,466,5.521327014218009,1438,17.03791469194313,10956,6115,8440,2535,3.162938101238973
"Branson, MO Micro Area",0.1,2.0,0.2,86.7,1.1,9.8,14700,14700,"Branson, MO Micro Area",14700,3343,6579,25.37867078825348,427,33.23029366306028,9.2967542503864,32.09428129829985,38820,2431,0,520,627,1055,8,133,33,4,109,24,381,317,10469,35,46150,2231,42.0,58258,20.2,925,26.7,1366,16.801968019680196,1858,22.853628536285363,953,11.7220172201722,894,10.99630996309963,498,6.125461254612547,304,3.739237392373924,493,6.063960639606396,770,9.471094710947108,939,11.549815498154985,8130,348,15,56382,615,375,5.116659844453541,427,5.826170009551098,1351,18.433619866284623,974,13.28967116932733,762,10.397052803929595,590,8.050211488606903,448,6.112702960840497,442,6.03083640332924,1388,18.93846363760404,5571,3545,7329,1228,2.6608884073672807
"Brattleboro, VT Micro Area",0.3,5.2,0.5,76.3,0.6,17.1,14710,14710,"Brattleboro, VT Micro Area",14710,2317,7673,42.35448961684703,754,28.566832407136587,5.18280198888564,23.89587598713074,34190,1237,0,354,586,365,0,0,0,0,18,5,125,177,8530,0,39184,5122,47.3,68021,24.7,1056,29.9,1002,11.674239776301992,1544,17.98904811837353,1477,17.208435279039964,890,10.369334731445882,884,10.299429104042876,325,3.7865548176628216,678,7.899335896539672,353,4.11278107887685,1404,16.35791681230339,8583,136,6,45913,932,217,4.053044452745611,264,4.930892790437056,630,11.766903249906612,512,9.562943593574898,797,14.886066492342174,459,8.573029510646247,288,5.37915577138588,529,9.880463205080314,1103,20.60141949943967,4047,1806,5354,1052,2.68476929358922
"Breckenridge, CO Micro Area",2.1,3.8,3.7,71.4,0.5,18.6,14720,14720,"Breckenridge, CO Micro Area",14720,1737,9207,51.33164452964535,496,18.013145282760508,5.600438176092017,25.054772011502124,29212,759,0,62,250,287,0,22,30,198,51,45,204,289,4503,0,32633,3923,38.8,102233,21.9,1798,27.3,1206,16.990701606086223,1288,18.14595660749507,1029,14.497041420118345,797,11.228515074668922,411,5.790363482671175,327,4.6069315300084535,602,8.481262327416173,651,9.171597633136097,780,10.989010989010987,7098,198,0,38268,1369,270,5.986696230598669,371,8.226164079822617,567,12.572062084257208,771,17.095343680709536,346,7.671840354767184,257,5.698447893569845,231,5.121951219512195,562,12.46119733924612,898,19.911308203991133,3542,2040,4510,769,2.356510281003892
"Bremerton-Silverdale-Port Orchard, WA Metro Area",0.5,4.5,6.3,73.9,1.6,13.2,14740,14740,"Bremerton-Silverdale-Port Orchard, WA Metro Area",14740,22154,45717,36.52506821976948,2519,21.05801735022197,4.686290880951411,37.73062354905714,196424,6670,69,1109,1692,2626,75,71,41,56,457,168,516,984,34693,0,227461,18919,39.9,98546,22.2,1741,31.1,8447,16.37015503875969,10033,19.443798449612405,8610,16.686046511627907,6521,12.637596899224809,4463,8.64922480620155,2929,5.676356589147287,2343,4.540697674418605,3352,6.496124031007752,4639,8.99031007751938,51600,1316,25,276581,4589,977,3.051313282738374,2302,7.1894812455104775,3462,10.812330178956245,3880,12.117805053249633,3883,12.127174490146476,3215,10.04091320778288,2574,8.038976857490866,2719,8.491832974171585,7350,22.955120397264125,34012,17946,32019,6125,2.692769309903676
"Brenham, TX Micro Area",0.7,3.7,0.0,85.4,2.2,8.1,14780,14780,"Brenham, TX Micro Area",14780,2114,5183,31.00223622687538,242,28.32282984346412,9.615775564139051,31.05915836552145,24595,936,0,257,336,433,0,89,5,143,156,50,117,236,6030,0,29498,1663,40.9,75085,23.4,1091,28.5,777,16.157205240174672,694,14.431274693283427,946,19.67144936577251,649,13.495529216053232,269,5.593678519442712,204,4.242046163443543,283,5.884799334580994,294,6.11353711790393,684,14.223331253898936,4809,498,45,36156,537,216,5.260594252313687,381,9.279103750608863,443,10.789089137847052,447,10.886507549926936,256,6.234778373112518,488,11.885046273745738,236,5.747686312713103,186,4.529956161714564,684,16.658548465660008,3480,2045,4106,447,1.5153569733541257
"Brevard, NC Micro Area",0.7,2.3,0.4,85.5,0.4,10.7,14820,14820,"Brevard, NC Micro Area",14820,2406,6111,38.64019112521051,386,23.851486311831746,6.168487839266831,31.339834723690917,25533,1147,0,435,262,138,15,55,0,9,25,15,222,243,4943,0,28584,2731,51.9,64523,19.8,909,28.8,1188,22.176591375770023,1003,18.72316595109203,728,13.58969572521934,533,9.94959865596416,349,6.514840395743887,297,5.544147843942506,190,3.546761246966586,501,9.352249393317155,527,9.837595669217846,5357,156,0,33243,638,201,5.538715899696886,223,6.144943510608983,379,10.443648387985672,327,9.010746762193442,552,15.210801873794432,207,5.704050702672912,122,3.3618076605125378,149,4.105814273904657,929,25.599338660788096,3914,1682,3629,535,1.871676462356563
"Bridgeport-Stamford-Danbury, CT Metro Area",0.1,2.6,6.9,71.5,1.6,17.2,14860,14860,"Bridgeport-Stamford-Danbury, CT Metro Area",14860,38162,181451,50.53265747685345,12189,20.31575647759505,9.809705115560757,19.341880929990747,653985,16127,533,6408,6344,11239,610,1940,1400,2852,6505,1720,6097,5375,116735,279,764424,107600,41.0,111656,23.0,1827,32.0,23518,15.209897621957923,26603,17.205072983967458,22169,14.337453030920368,14469,9.357598804834986,10780,6.971795916519534,8794,5.687381566778552,9333,6.035971362604529,13457,8.70310367797805,24769,16.01896225011803,154623,12715,137,947528,29236,4341,3.632879188564925,7631,6.386201586717102,12936,10.82582934422388,13976,11.69618049743916,14028,11.739698055099923,9951,8.327754159274262,7868,6.584541224517122,11187,9.362133029826264,31687,26.51809326147357,59212,29119,119492,31665,4.142334620577063
"Brigham City, UT-ID Micro Area",0.0,1.4,0.4,86.8,1.1,10.2,14940,14940,"Brigham City, UT-ID Micro Area",14940,3490,7302,26.67077935430804,245,32.24347110836932,7.292309274110631,33.79344026321201,38904,1515,0,284,527,611,1,107,0,0,168,23,166,443,11029,0,47066,2501,33.4,77315,20.6,1027,26.5,2039,19.301400984475578,2286,21.639530480878456,1556,14.729269216205982,1099,10.403256342294585,581,5.499810677773571,538,5.092767890950397,742,7.023854600530102,724,6.853464596743658,899,8.510034078000757,10564,500,7,64406,328,238,4.859126173948551,457,9.330338913842384,509,10.391996733360555,854,17.435688035933033,505,10.310330747243771,332,6.778276847692936,355,7.247856267864434,286,5.8391180073499385,875,17.86443446304614,6295,3362,4898,946,2.009943483618748
"Brookhaven, MS Micro Area",0.0,1.6,0.0,93.6,1.8,3.0,15020,15020,"Brookhaven, MS Micro Area",15020,2924,2918,18.40723453908985,40,36.68528088014669,12.947991331888648,31.95949324887481,23996,1794,0,670,941,331,0,22,40,124,52,124,237,370,7009,0,27800,1260,41.2,48316,18.2,754,27.6,740,21.35642135642136,917,26.464646464646464,484,13.968253968253968,259,7.474747474747474,70,2.0202020202020203,47,1.3564213564213563,96,2.7705627705627704,403,11.63059163059163,438,12.640692640692642,3465,196,0,34830,199,242,7.0926143024619,171,5.011723329425557,298,8.73388042203986,326,9.55451348182884,444,13.012895662368113,117,3.4290738569753807,85,2.4912075029308323,206,6.0375146541617815,643,18.84525205158265,3644,1101,3412,550,1.9784172661870505
"Brookings, OR Micro Area",0.2,2.4,0.5,76.6,1.5,18.8,15060,15060,"Brookings, OR Micro Area",15060,1644,2802,24.18321088010005,417,27.03871606482205,9.441925902766922,39.33614715231098,19191,749,0,317,408,439,0,75,45,0,116,0,18,256,4440,0,20322,1257,57.2,64769,23.7,1156,30.9,577,13.5924617196702,545,12.838633686690224,655,15.429917550058892,511,12.037691401649,279,6.57243816254417,82,1.9316843345111896,412,9.705535924617196,510,12.014134275618376,674,15.877502944640751,4245,122,16,23463,165,50,1.76242509693338,293,10.32781106802961,357,12.583715192104336,270,9.517095523440254,206,7.261191399365527,376,13.25343672893902,142,5.0052872752908,208,7.331688403242863,581,20.47937962636588,4193,1712,2837,482,2.371813797854542
"Brookings, SD Micro Area",0.9,3.4,0.6,83.7,0.5,10.9,15100,15100,"Brookings, SD Micro Area",15100,2050,5558,43.96619600020996,654,23.064406067922945,3.2806676814865363,29.68873025038056,19051,438,0,125,130,82,8,13,0,0,17,5,100,63,3956,0,28493,1618,28.0,67341,19.4,874,24.0,842,18.790448560589155,1343,29.97098861861192,794,17.719259093952243,548,12.229413077438071,157,3.5036822137915644,185,4.1285427359964295,166,3.704530238785985,204,4.552555233206874,231,5.155099308190136,4481,82,0,34968,546,258,4.649486393944855,589,10.614525139664805,1151,20.742476121823756,786,14.16471436294828,538,9.69544061993152,479,8.632185979455757,269,4.84772030996576,323,5.820868624977473,852,15.354117859073709,2523,1083,5549,714,2.505878636858176
"Brownsville-Harlingen, TX Metro Area",0.1,1.7,0.5,88.4,1.2,8.1,15180,15180,"Brownsville-Harlingen, TX Metro Area",15180,19069,35367,20.55811390561656,1340,26.06328964458613,28.357932853150707,25.020663596646592,254070,12206,526,5268,6311,7422,1637,2474,1707,2572,11369,2740,4986,12467,54013,230,315037,12773,32.4,51334,21.4,899,30.1,6317,18.20041488993892,6611,19.047481848565173,5249,15.123314509623142,3229,9.303330644231876,2415,6.95805001728708,1389,4.00195920248934,2493,7.182782067534863,2644,7.6178402673735155,3760,10.83323729399562,34708,12306,34,423192,2752,2232,4.740765914062997,4027,8.553344236528536,5580,11.851914785157494,5099,10.830271234680655,4097,8.702024171109365,4050,8.602196215033665,2872,6.100125315944862,3708,7.875788534653044,10529,22.363586160022088,30884,13617,47081,10484,3.327863076400549
"Brownwood, TX Micro Area",0.4,1.3,0.7,92.3,0.7,4.7,15220,15220,"Brownwood, TX Micro Area",15220,1832,3809,19.937029124030136,222,35.52606919299824,12.2568312155628,32.28007046740882,26679,2103,0,287,495,736,3,100,37,164,263,94,177,625,7375,0,31326,1189,41.4,55305,19.6,887,31.9,699,16.1022805805114,1048,24.14190278737618,622,14.328495738309147,353,8.131766873992168,210,4.837595024187976,198,4.561161022805805,320,7.371573370191201,498,11.472011057360056,368,8.47730937571988,4341,289,0,38294,99,207,4.339622641509433,193,4.046121593291405,521,10.922431865828091,475,9.958071278825996,552,11.572327044025158,340,7.127882599580712,423,8.867924528301886,334,7.002096436058699,1111,23.29140461215933,4871,1909,4770,854,2.726169954670242
"Brunswick-St. Simons, GA Metro Area",0.2,0.9,0.2,88.4,1.8,8.5,15260,15260,"Brunswick-St. Simons, GA Metro Area",15260,7747,12781,26.164144708765686,912,31.30967041810445,12.519966346798675,30.006218526331192,82013,5313,0,1662,2369,1579,77,92,11,47,424,257,724,1366,20365,0,93306,5857,43.6,64819,20.1,1003,27.7,3861,22.85562067128396,2777,16.43876161723791,2050,12.13520393062215,1363,8.068430710945362,872,5.16190137926952,805,4.765287397146747,958,5.670987983188303,1660,9.826555377967203,2306,13.65062451903155,16893,1612,48,114345,1908,538,3.8688335970084857,1566,11.261326046310945,1662,11.951675535739968,1570,11.290090608370488,1666,11.98044009779951,720,5.177621170717676,964,6.932259456349778,979,7.040126564073063,2811,20.214295987343597,10888,5974,13906,2129,2.281739652326753
"Bucyrus, OH Micro Area",0.0,1.6,0.1,90.7,2.0,5.5,15340,15340,"Bucyrus, OH Micro Area",15340,3260,2800,15.503928705057996,224,46.11041191877275,9.500323140242866,28.88533623592639,29399,1702,0,548,647,537,4,0,5,13,70,31,270,297,11854,0,33631,1368,43.3,55477,16.7,761,27.6,1813,25.881513204853672,1414,20.185581727337613,877,12.519628836545325,430,6.138472519628837,292,4.168451106352605,304,4.3397573162027125,201,2.8693790149892937,1209,17.259100642398288,465,6.638115631691649,7005,371,0,41767,166,427,8.124048706240487,455,8.656773211567732,517,9.836377473363775,563,10.711567732115675,783,14.897260273972604,542,10.312024353120243,303,5.764840182648402,308,5.859969558599695,842,16.01978691019787,2846,2386,5256,1144,3.4016235021260144
"Buffalo-Cheektowaga, NY Metro Area",0.3,2.4,2.6,82.4,1.3,11.0,15380,15380,"Buffalo-Cheektowaga, NY Metro Area",15380,101705,162113,35.122666844488634,13860,27.05823871386223,7.639110324383634,30.1799841172655,824795,37816,114,8732,10423,15294,150,521,620,629,1187,1400,4957,4988,185359,217,954440,95469,40.7,70572,18.6,1005,30.0,43429,22.84726752383157,40696,21.409482123692683,27726,14.58618295069548,16365,8.609351655057763,9457,4.975168872708908,6602,3.473201321521012,7211,3.793585993560741,22039,11.594347762042045,15458,8.132194187832747,190084,13396,379,1161385,18248,7815,4.656913863480618,16322,9.726186574501682,19352,11.53174626821202,17807,10.611089592706254,17264,10.287518994130442,13303,7.927181717963233,9713,5.78792122277508,12487,7.440931978666984,42823,25.517981110151062,96381,50837,167815,29977,3.140794602070324
"Burley, ID Micro Area",0.1,1.0,0.1,90.6,1.7,6.6,15420,15420,"Burley, ID Micro Area",15420,2762,3412,18.963527642759733,114,30.71301185439032,16.19750323460503,34.125957268244925,28597,1531,6,582,686,486,82,156,148,170,590,95,305,678,7252,0,34713,1399,33.5,68214,20.4,916,25.9,1224,19.02097902097902,1113,17.296037296037294,1245,19.34731934731935,557,8.655788655788657,337,5.236985236985237,265,4.118104118104118,313,4.864024864024865,757,11.763791763791764,585,9.090909090909092,6435,604,44,47087,498,381,8.288013922123124,676,14.705242549488798,543,11.812051337829018,286,6.2214487709375685,615,13.37829018925386,264,5.742875788557756,143,3.1107243854687843,423,9.201653252120948,672,14.618229279965195,4228,2769,4597,620,1.786074381355688
"Burlington, IA-IL Micro Area",0.1,1.7,0.6,92.1,1.0,4.5,15460,15460,"Burlington, IA-IL Micro Area",15460,4025,4947,23.15025252525253,294,37.32954545454545,6.319444444444445,33.20075757575758,31680,1827,0,357,391,545,0,0,6,0,19,69,119,207,9999,0,36667,1621,43.0,61453,18.9,902,32.5,1813,23.20491488544733,1751,22.411365672596958,1290,16.510943299628824,810,10.36733649046461,369,4.722897734544989,208,2.6622296173044924,176,2.252655830026878,711,9.100217586074493,631,8.076283117880456,7813,289,0,44881,472,63,1.2406459235919651,404,7.955888144938952,547,10.771957463568334,522,10.279637652619142,509,10.023631350925562,408,8.034659314690822,170,3.347774714454509,318,6.26230799527373,1565,30.81922016541946,3758,2735,5078,867,2.364523958873101
"Burlington, NC Metro Area",0.0,1.4,0.1,88.5,0.8,9.2,15500,15500,"Burlington, NC Metro Area",15500,13252,22130,27.708955922794647,1500,28.72553276629801,11.458200301397154,32.107311009510184,117453,6359,55,2207,2095,2016,183,342,283,531,1173,284,1136,1711,27380,0,139764,7700,38.7,64445,18.7,1007,28.1,6003,21.87203964147781,6548,23.85775705020768,3963,14.439262551920134,2357,8.587772352984041,1241,4.521606062814254,964,3.512351526634118,1485,5.41062449901625,2820,10.27472127085914,1964,7.155869707789842,27446,1442,0,174286,1215,1126,4.783753929815617,2337,9.928626051491204,3369,14.313025745602856,2574,10.935508539383124,2414,10.25575664882318,1863,7.914861075707366,1120,4.758263233919619,2209,9.38482453904325,4824,20.49451950038236,16613,7846,23538,4305,3.080192324203657
"Burlington-South Burlington, VT Metro Area",1.4,4.9,1.6,74.9,0.7,16.6,15540,15540,"Burlington-South Burlington, VT Metro Area",15540,13752,44081,49.11883620606272,4766,22.32410577834523,5.0374325343857,23.51962548120635,155079,3757,15,920,1528,1411,0,34,11,60,319,191,1270,922,30863,5,190219,22471,38.3,90911,21.4,1531,31.4,6964,16.47153433146479,9613,22.73705622176494,7954,18.813122353887277,4775,11.294023037441756,2720,6.433453960595094,1718,4.063483053052343,2283,5.399843894131839,2312,5.46843586650583,3861,9.13219328744767,42279,1060,66,226603,4855,970,3.204598764412435,1911,6.313389936899137,3531,11.665400244474544,3664,12.104793683306353,3559,11.757904126333871,2818,9.309854967128086,2031,6.709835144867686,2734,9.0323433215501,7666,25.32624136905745,15304,7418,30269,4569,2.4019682576398784
"Butte-Silver Bow, MT Micro Area",0.0,2.7,0.9,87.9,1.3,7.1,15580,15580,"Butte-Silver Bow, MT Micro Area",15580,2445,4438,27.707829225279905,224,32.51855801172948,5.9918795882377065,33.7817331747529,24383,1738,0,145,230,431,0,10,0,3,1,9,234,120,6191,15,28840,1754,40.3,57504,21.8,810,29.8,1008,16.527299557304474,1179,19.331037875061487,1044,17.117560255779633,700,11.47729135923922,302,4.951631414986063,288,4.722085587801279,279,4.574520413182489,480,7.870142646335465,815,13.362846368257092,6099,263,0,35589,340,136,3.0028703908147496,368,8.125413998675205,416,9.185250607198055,352,7.772135129167587,642,14.175314638993155,152,3.356149260322367,244,5.387502759991168,365,8.059174210642526,1098,24.24376241996026,3852,1940,4529,725,2.513869625520111
"Cadillac, MI Micro Area",0.6,3.2,0.4,89.2,0.9,5.7,15620,15620,"Cadillac, MI Micro Area",15620,3610,4551,20.1698944682825,225,37.35069001507596,9.648614171402064,32.83080134523947,34492,2014,0,742,831,554,0,20,6,7,22,42,375,353,10869,7,39053,1889,42.3,62833,19.4,866,29.2,1872,21.805474665113568,1688,19.66220151426907,1338,15.585323238206172,838,9.761211415259172,484,5.637740244612697,292,3.4012813046010484,396,4.6126965637740245,912,10.623179965055328,723,8.421665695981364,8585,369,0,49024,292,129,3.75,302,8.779069767441861,301,8.75,354,10.290697674418604,508,14.767441860465116,364,10.58139534883721,116,3.372093023255814,275,7.994186046511628,674,19.593023255813957,4671,3043,3440,1359,3.4798863083501907
"Calhoun, GA Micro Area",0.3,0.6,0.1,89.6,1.8,7.6,15660,15660,"Calhoun, GA Micro Area",15660,2813,4103,17.65194622085704,252,34.58885140238683,20.514628128304548,27.244574248451585,39718,3192,9,1687,1440,721,41,797,50,69,507,302,705,861,10546,20,46058,2066,38.8,61997,19.7,872,28.4,2332,26.012269938650302,1419,15.828220858895708,1478,16.486335750139432,931,10.384829894032348,376,4.194088120468488,329,3.669827105409928,353,3.937534857780257,807,9.001673173452314,925,10.317902955939768,8965,939,0,58336,590,281,4.918606686504464,532,9.31209522142482,814,14.24820584631542,391,6.84403990897952,678,11.867670225800806,411,7.194118676702257,524,9.172063714335724,527,9.224575529494135,798,13.968142832137232,5926,2082,5713,1009,2.1907160536714576
"Cambridge, MD Micro Area",0.4,1.4,0.3,90.7,0.6,6.7,15700,15700,"Cambridge, MD Micro Area",15700,1814,2521,18.804074500277032,261,40.11848442228189,13.182457486254956,27.89498359118612,23463,1019,0,547,683,599,16,20,35,0,33,204,255,256,8394,0,26731,1370,43.9,60495,21.8,959,30.3,937,19.75126475548061,882,18.591905564924115,656,13.827993254637436,544,11.467116357504215,200,4.215851602023609,198,4.173693086003373,319,6.724283305227656,313,6.597807757166947,681,14.354974704890388,4744,433,12,32612,260,83,1.8497882772453755,549,12.235346556719412,451,10.051259193224872,497,11.076443057722308,381,8.491196790728772,249,5.549364831736127,462,10.29641185647426,351,7.822598618230443,933,20.793403164698017,3257,1474,4487,746,2.790767273951592
"Cambridge, OH Micro Area",0.0,0.8,0.1,94.0,1.3,3.8,15740,15740,"Cambridge, OH Micro Area",15740,2569,2732,15.349493299677048,74,41.36753405842831,14.313820112105129,28.969152529789525,26939,1314,0,635,1073,717,0,9,24,201,94,49,619,181,9830,0,30948,1214,42.7,55756,20.2,803,30.2,1304,20.652518213493824,1273,20.16154577130187,1054,16.69306303452645,669,10.595502058916692,334,5.289832119100412,298,4.71967057332911,307,4.862210959771936,503,7.966423820082356,517,8.188153310104529,6314,254,0,38283,115,211,4.578993055555555,592,12.84722222222222,288,6.25,357,7.747395833333333,530,11.50173611111111,262,5.685763888888888,366,7.942708333333333,414,8.984375,955,20.72482638888889,3171,2064,4608,875,2.827323251906424
"Camden, AR Micro Area",0.1,1.6,0.0,94.3,0.9,3.1,15780,15780,"Camden, AR Micro Area",15780,1534,1834,15.629757967133932,47,42.32162545282721,11.513624192786269,30.534992387252583,19047,1080,0,652,346,549,22,48,8,38,113,9,82,258,6981,0,21976,906,44.1,52267,16.8,720,27.6,685,23.079514824797844,424,14.285714285714285,364,12.264150943396226,305,10.276280323450134,171,5.761455525606469,34,1.1455525606469004,138,4.649595687331536,623,20.99056603773585,183,6.165768194070081,2968,68,0,27034,190,186,6.917069542580885,280,10.412792859799184,356,13.239122350316102,125,4.648568240981778,215,7.9955373744886575,187,6.95425808850874,185,6.87988099665303,253,9.40870211974712,332,12.3465972480476,3077,1205,2689,556,2.530032763014197
"Campbellsville, KY Micro Area",0.0,2.1,0.5,85.9,1.6,9.9,15820,15820,"Campbellsville, KY Micro Area",15820,1871,3080,20.245398773006134,206,38.57165329557968,12.509831681610825,28.673116249803364,25428,1986,5,522,461,419,0,8,14,9,51,302,746,330,7822,0,29920,1387,39.8,55929,17.7,677,25.6,1514,30.24975024975025,912,18.221778221778223,556,11.10889110889111,524,10.469530469530469,249,4.975024975024975,131,2.617382617382617,171,3.4165834165834164,473,9.45054945054945,435,8.691308691308691,5005,311,3,37483,475,237,5.527052238805971,777,18.120335820895523,459,10.70429104477612,267,6.226679104477612,534,12.453358208955224,220,5.130597014925374,146,3.404850746268657,323,7.532649253731344,636,14.832089552238806,3848,1572,4288,1056,3.5294117647058822
"Cañon City, CO Micro Area",1.0,3.5,0.1,82.5,0.7,12.3,15860,15860,"Cañon City, CO Micro Area",15860,2941,5758,21.036744040803583,166,39.93442281669616,9.438430311231391,29.590402831268865,38428,4840,0,398,1172,734,5,12,66,286,79,76,267,375,10506,0,42575,1853,44.9,61027,23.4,1036,26.4,823,11.807747489239595,1227,17.604017216642752,1056,15.1506456241033,646,9.268292682926829,617,8.85222381635581,477,6.843615494978479,414,5.93974175035868,686,9.842180774748924,951,13.644189383070302,6970,154,3,49394,307,264,6.2559241706161135,523,12.393364928909952,551,13.05687203791469,494,11.70616113744076,366,8.672985781990521,377,8.933649289099527,201,4.76303317535545,272,6.4454976303317535,816,19.33649289099526,5484,2946,4220,803,1.8860833822665883
"Canton, IL Micro Area",0.2,2.4,0.1,91.2,1.0,5.0,15900,15900,"Canton, IL Micro Area",15900,2959,2928,17.63906616708527,76,37.66624119899535,9.103635689875242,35.59105694404414,24287,1453,0,529,581,313,4,0,6,0,20,36,197,422,7695,0,27548,1058,43.7,58617,18.2,808,26.6,1128,21.13150992881229,1278,23.941551142750093,504,9.441738478831024,550,10.303484451105282,306,5.7324840764331215,226,4.233795428999625,161,3.01611090295991,697,13.05732484076433,428,8.017984263769202,5338,101,2,33259,222,211,6.870726147834581,239,7.7824812764571805,323,10.517746662324976,434,14.132204493650278,226,7.359166395310973,283,9.215239335721265,238,7.749918593292087,227,7.391729078476067,380,12.373819602735264,3496,2189,3071,1019,3.698998112385654
"Canton-Massillon, OH Metro Area",0.1,1.6,0.9,85.8,1.4,10.3,15940,15940,"Canton-Massillon, OH Metro Area",15940,27272,44111,24.233001290029105,2033,37.753074924748304,7.4203327066800755,30.59359107854252,281389,10043,22,3336,4819,4499,85,187,34,56,247,304,2826,2411,96190,120,324352,18755,42.1,65666,18.1,873,26.7,17336,24.922369177688328,15086,21.6877515813686,9786,14.068430132259918,5933,8.529327199539965,3690,5.304772857964347,2439,3.5063254744105805,2534,3.6428982173663034,7906,11.365727429557216,4720,6.785508913168488,69560,1914,20,400495,3290,2860,5.568535825545172,5879,11.446651090342678,7221,14.059579439252335,5973,11.629672897196262,5657,11.014408099688474,3799,7.396806853582555,3126,6.086448598130842,3800,7.398753894080996,9306,18.119158878504678,36414,22401,51360,7715,2.378588693764798
"Cape Coral-Fort Myers, FL Metro Area",0.6,1.1,0.5,82.2,1.8,13.8,15980,15980,"Cape Coral-Fort Myers, FL Metro Area",15980,58811,112874,30.75932003380164,8353,29.974115415578417,9.62029831441853,29.64626623620142,599971,23115,305,6841,7992,12087,683,1799,905,1065,4097,2218,4744,5826,156721,52,672618,49326,49.3,73099,23.5,1597,34.4,17819,14.523359306230237,22171,18.070452841261044,17468,14.237277084080462,13303,10.842597724383008,8531,6.953183581651616,7006,5.710233756072116,8038,6.551364392136406,8672,7.068105499951097,18950,15.445179799823949,122692,8908,197,792692,13994,1284,1.5441043833804342,4131,4.967831158679574,6433,7.736155372497144,10288,12.372076243160365,9980,12.001683602910228,7970,9.584510853225904,6114,7.352534423666647,8037,9.66508327821538,24116,29.00126270218267,75004,44054,83155,14873,2.2112105236553288
"Cape Girardeau, MO-IL Metro Area",0.1,1.3,0.2,89.5,1.2,7.7,16020,16020,"Cape Girardeau, MO-IL Metro Area",16020,3912,12379,30.37256430241621,937,34.42556508183944,8.291504286827747,26.9103663289166,64150,2770,0,1237,1362,597,9,27,31,19,57,61,543,775,19314,0,79248,5108,38.1,67267,17.9,864,28.1,3842,25.609918677509665,3439,22.923610185308625,1946,12.971603786161843,1226,8.172243700839887,804,5.359285428609518,427,2.846287161711772,467,3.112918277562992,1610,10.731902413011598,1172,7.812291694440741,15002,595,6,97813,1060,608,4.958003751121259,1192,9.720296827856153,1520,12.395009377803149,1329,10.83747859414499,1419,11.57139362309386,981,7.999673815542689,653,5.324961265595694,801,6.531843757644948,2550,20.794259153551334,8943,4408,12263,1691,2.1338077932566124
"Carbondale, IL Micro Area",0.4,5.4,1.1,82.7,1.6,8.7,16060,16060,"Carbondale, IL Micro Area",16060,2811,5798,35.05219469249151,1219,22.8902024902528,7.92667588982518,34.13092692743051,31804,1505,0,475,581,396,9,6,4,92,50,71,313,252,5775,8,43872,3288,32.9,45572,18.6,746,30.9,1302,24.95687176538241,1034,19.81981981981982,587,11.251677209124018,597,11.44335825186889,256,4.907034694268737,170,3.2585777266628333,225,4.312823461759632,550,10.54245735096799,485,9.296530573126317,5217,263,1,52706,843,820,7.0085470085470085,1032,8.82051282051282,1497,12.794871794871796,1123,9.598290598290598,741,6.333333333333334,1145,9.786324786324789,500,4.273504273504273,831,7.102564102564103,3135,26.7948717948718,5558,2486,11700,1791,4.082330415754924
"Carlsbad-Artesia, NM Micro Area",0.2,1.2,0.3,91.2,0.8,6.2,16100,16100,"Carlsbad-Artesia, NM Micro Area",16100,3950,4972,19.82151362462711,314,27.28936351557996,15.692762778571607,37.19636008122133,39891,2203,0,976,609,930,73,123,162,142,740,130,419,1155,8683,42,46963,2378,35.9,79605,17.3,1183,25.0,1881,23.2136245834876,2161,26.66913488831297,1199,14.79698876959151,307,3.788720227076391,262,3.2333703566580283,144,1.7771195853387636,73,0.9009009009009008,1180,14.562507713192645,877,10.82315191904233,8103,743,16,61114,243,376,6.382617552198269,950,16.126294347309454,498,8.45357324732643,486,8.249872687149889,993,16.856221354608724,214,3.632659989814972,155,2.631132235613648,338,5.737565778305891,603,10.23595314887116,6680,4208,5891,1252,2.665928496901816
"Carroll, IA Micro Area",0.0,1.6,0.5,90.7,0.7,6.5,16140,16140,"Carroll, IA Micro Area",16140,1928,2504,23.396683037938644,137,38.59349419887537,4.982561036372696,33.02726172681329,14049,354,0,120,121,135,0,3,0,1,19,39,208,37,5068,0,16420,452,41.8,68528,17.0,722,26.0,998,29.561611374407583,661,19.57938388625593,429,12.70734597156398,327,9.68601895734597,128,3.791469194312796,69,2.043838862559242,83,2.458530805687204,427,12.648104265402845,253,7.4940758293838865,3376,17,0,20677,194,116,5.304069501600366,331,15.134887974394148,379,17.329675354366714,159,7.270233196159122,187,8.550525834476453,268,12.254229538180155,130,5.944215820759031,172,7.864654778235025,306,13.991769547325102,1535,1177,2187,224,1.364190012180268
"Carson City, NV Metro Area",0.2,1.8,1.5,86.5,1.5,8.5,16180,16180,"Carson City, NV Metro Area",16180,4461,6595,24.50615380967061,348,27.278332424292728,10.906115867106168,37.3093978989305,42169,2223,13,741,809,1148,57,70,16,30,184,194,204,514,9280,26,48106,2814,42.1,71809,22.1,1172,29.8,1465,16.357748995087093,1769,19.752121482804824,1488,16.614560071460474,939,10.484591335417596,736,8.21795444394819,398,4.443948191156767,422,4.711924966502903,560,6.252791424743188,1061,11.846806610093791,8956,573,20,58364,577,312,3.585382670650425,776,8.917490232130545,949,10.90553895656171,1066,12.250057458055618,1154,13.261319236957023,1143,13.134911514594346,530,6.09055389565617,548,6.297402895886004,1956,22.477591358308437,6765,4507,8702,1176,2.44460150500977
"Casper, WY Metro Area",0.2,1.6,0.7,87.5,0.8,9.2,16220,16220,"Casper, WY Metro Area",16220,6754,9214,27.37014299893394,454,28.28180715362276,6.247472705216336,38.10057714222696,54406,3216,13,753,725,764,0,71,0,5,74,94,155,309,12171,0,62770,4396,38.2,71247,20.4,973,27.9,2848,19.0298008819992,3290,21.98316183348924,2366,15.809167446211411,1246,8.325537885874649,1169,7.811038353601497,700,4.677268475210477,725,4.8443137778965655,1051,7.022584524923159,1365,9.12067352666043,14966,436,0,79735,827,302,3.4325983177995,871,9.899977267560809,1053,11.9686292339168,1258,14.298704250966129,1113,12.650602409638552,624,7.092521027506252,474,5.387588088201864,755,8.58149579449875,1799,20.447829052057287,9037,4938,8798,1568,2.4980086028357498
"Cedar City, UT Micro Area",0.2,2.3,0.1,85.3,1.1,11.0,16260,16260,"Cedar City, UT Micro Area",16260,4099,6967,30.30623330103644,476,24.96843712381456,6.832261663583782,37.893067911565225,34059,1322,0,330,280,815,0,18,0,108,63,141,117,168,7182,0,45345,2394,29.9,65527,22.4,1008,28.7,1426,16.289696138907928,1543,17.626228010052547,1379,15.752798720584876,957,10.932145305003427,897,10.246744345442083,543,6.202878684030157,538,6.145761937400045,725,8.281928261366232,730,8.339045007996344,8754,287,0,60201,485,280,4.372950179603311,765,11.947524597844762,718,11.21349367483992,597,9.323754490082774,842,13.150085897235671,717,11.19787599562705,524,8.18366390754334,509,7.949398719350305,1004,15.680149929720445,6034,2773,6403,1007,2.220752012349763
"Cedar Rapids, IA Metro Area",0.2,1.9,0.5,83.3,0.8,13.3,16300,16300,"Cedar Rapids, IA Metro Area",16300,26286,42034,32.77898212467891,1648,27.796150661160077,4.844639249753416,34.5802279644076,189591,7287,41,1491,2525,1741,13,0,31,60,99,155,787,954,45412,24,221289,15167,39.3,77084,19.0,899,27.2,11526,21.270784505508704,12932,23.86550279587355,8464,15.619982652665769,5152,9.507815527709598,3301,6.091867052983188,1788,3.2996844261538745,2054,3.79057707568236,5212,9.618543193016777,3668,6.76915127244542,54187,1216,48,275960,3297,1087,3.810959576482137,3148,11.036707218735756,4200,14.72495880517477,3461,12.134067243978544,3476,12.186656382568453,2243,7.86382919047786,1695,5.942572660659819,2199,7.709567717280791,5361,18.7953581320338,24821,14454,28523,5221,2.359358124443601
"Cedartown, GA Micro Area",0.1,1.1,0.5,91.9,1.6,4.8,16340,16340,"Cedartown, GA Micro Area",16340,2183,2550,14.469353106267974,230,40.40747028862479,17.875333495027892,27.247843110079344,28861,2401,147,898,854,639,142,60,37,84,234,180,473,843,9261,0,33512,963,38.5,55308,20.6,870,31.1,1158,24.109931292941912,765,15.927545284197375,919,19.13387466166979,322,6.704143243805954,322,6.704143243805954,189,3.935040599625234,238,4.955236310639184,351,7.30793254216115,522,10.868207370393504,4803,568,0,43365,433,397,7.172538392050587,489,8.83468834688347,598,10.803974706413731,264,4.769647696476965,619,11.18337850045167,428,7.732610659439927,464,8.383017163504968,203,3.667570009033424,1468,26.522131887985545,3857,1824,5535,1095,3.267486273573645
"Celina, OH Micro Area",0.3,1.6,0.1,93.8,0.4,3.7,16380,16380,"Celina, OH Micro Area",16380,3477,3960,22.156245528687936,106,43.46830734010588,5.336958076978108,29.038489054228076,27956,815,1,440,226,379,16,0,6,0,22,0,63,206,11337,3,32440,1750,39.1,78036,17.3,812,23.4,1858,27.23940771147926,1503,22.034892244538923,1014,14.865855446415482,474,6.949127693886527,357,5.2338366808385866,167,2.448321360504325,143,2.09646679372526,864,12.666764404046326,441,6.465327664565312,6821,130,0,42438,378,309,9.32689405372774,543,16.389978871113794,366,11.04738907334742,374,11.288862058557198,305,9.206157561122849,198,5.976456383942046,130,3.92393600965892,335,10.111681255659525,392,11.832176275279204,2790,1851,3313,396,1.220715166461159
"Centralia, IL Micro Area",0.3,1.5,0.2,92.3,0.6,5.1,16460,16460,"Centralia, IL Micro Area",16460,3057,3056,17.28968346103243,139,36.11175605603281,9.65869514743441,36.93986533550035,25842,1760,0,670,594,322,1,27,5,11,47,42,258,315,7572,0,29522,1075,41.3,60839,19.7,771,26.6,1329,22.76464542651593,1225,20.983213429256597,1067,18.27680712572799,472,8.084960602946214,240,4.110996916752312,135,2.312435765673176,352,6.029462144570058,436,7.468311065433368,557,9.540938677629326,5838,200,4,37294,198,274,6.934953176411035,603,15.261958997722097,408,10.32649962034928,349,8.833206783092889,317,8.023285244241963,291,7.365223993925589,226,5.720070868134649,274,6.934953176411035,730,18.4763351050367,4048,2441,3951,1140,3.861526996815934
"Centralia, WA Micro Area",0.1,3.8,0.5,85.7,1.3,8.6,16500,16500,"Centralia, WA Micro Area",16500,6900,7997,20.150599392259657,284,31.565766186930244,9.635355795238254,38.64827862557184,59894,3512,0,892,1159,1153,80,187,114,35,232,54,526,590,15394,11,67977,3237,42.4,69690,22.6,1044,29.6,2263,15.774431897393,2742,19.113341698034294,2213,15.425902690645476,1480,10.316464519726754,1095,7.632789627770807,783,5.4579673776662485,1053,7.340025094102885,981,6.838143036386449,1691,11.787257772201311,14346,715,23,83925,551,413,4.9467002036172,740,8.863336926578032,806,9.653850760570128,1014,12.145167085878548,867,10.384477182896156,825,9.881422924901186,359,4.299916157623668,672,8.048868127919512,1828,21.894837705114384,10206,6042,8349,2219,3.264339408917722
"Chambersburg, PA Metro Area",0.2,3.0,0.2,86.4,1.3,8.9,16540,16540,"Chambersburg, PA Metro Area",16540,8840,15824,23.95240465095236,1337,43.32534045152242,9.335384336967833,23.38687056055739,110515,5390,20,2071,2512,1289,11,0,10,86,167,251,1245,1487,42491,5,125757,8018,42.2,74946,20.2,1071,25.7,5471,19.348564153345592,6464,22.860376290847363,4706,16.643089545904655,3069,10.853727542792472,2012,7.115575045975385,1239,4.381807893620031,922,3.2607158013863344,1969,6.963502617060405,2339,8.2720328193521,28276,1142,21,156626,1292,856,5.070489278521502,2317,13.72467717095131,2063,12.220116099988152,2425,14.364411799549815,2081,12.326738538087904,1572,9.311692927378273,760,4.501836275322829,1127,6.67574931880109,2721,16.117758559412394,9987,7019,16882,2782,2.212202899242189
"Champaign-Urbana, IL Metro Area",1.3,6.5,3.3,75.6,0.9,12.5,16580,16580,"Champaign-Urbana, IL Metro Area",16580,12752,28948,43.54538270489952,8280,24.156835628810114,4.999717769248138,27.298063897042223,141728,5050,15,1116,1569,1505,14,56,24,13,480,191,406,509,29187,11,195215,20890,32.3,64558,18.7,1008,31.4,7520,23.277409769083143,7218,22.342598898037515,4925,15.244846158608308,2988,9.24905590292825,1524,4.717389958521637,1098,3.398749458304959,1003,3.104686435956169,3241,10.032192162446604,2636,8.159475020120102,32306,1159,18,236196,3598,1146,2.762644038378092,3510,8.461501374089966,5034,12.13538402198544,4729,11.400125355575913,3271,7.885347861723158,2728,6.576346367098982,2353,5.672339810038088,3164,7.627404657441781,10976,26.45966925413432,16309,9628,41482,5347,2.739031324437159
"Charleston, WV Metro Area",0.1,3.0,1.6,86.3,1.1,8.0,16620,16620,"Charleston, WV Metro Area",16620,11726,23636,26.868378416220505,1804,37.86895848196129,10.105145249794976,25.157517852023236,149983,8966,12,3405,2865,2247,18,87,46,95,293,533,2022,2150,47831,37,170921,10715,43.9,58089,17.1,872,28.1,7470,26.18939101777513,6374,22.346877958139046,3335,11.6923184798233,1598,5.602496231111735,1478,5.181783122392456,698,2.4471479157171405,1131,3.9652210496792057,4037,14.153490165831084,2306,8.084703572555481,28523,1346,0,207456,4143,1495,5.93607305936073,2153,8.548739328965654,2566,10.188604327973,2993,11.884057971014492,2156,8.560651181258686,1793,7.119317053801866,1389,5.515187611673615,1599,6.349017272185825,4967,19.722056779829263,16667,9339,25185,5461,3.195043324108799
"Charleston-Mattoon, IL Micro Area",1.4,5.3,0.0,86.1,1.0,6.2,16660,16660,"Charleston-Mattoon, IL Micro Area",16660,3637,5034,27.14431866935085,423,30.71845813669516,8.504669812877463,33.63255338107653,30301,1616,0,555,927,236,30,18,0,0,0,42,292,118,7692,0,39066,2401,38.2,56040,18.4,793,26.6,1422,23.080668722609964,1284,20.84077260185035,937,15.2085700373316,618,10.03083914948872,257,4.17140074663204,243,3.944164908294108,398,6.459990261321213,769,12.481739977276415,217,3.522155494237948,6161,359,0,46689,367,584,7.249255213505462,1021,12.673783515392254,1181,14.659880834160871,775,9.620158887785502,696,8.639523336643496,554,6.876861966236346,537,6.665839126117181,544,6.752730883813307,1667,20.69265143992056,4236,2318,8056,1655,4.2364204167306605
"Charleston-North Charleston, SC Metro Area",0.5,1.7,0.6,83.1,1.2,12.9,16700,16700,"Charleston-North Charleston, SC Metro Area",16700,52902,142278,39.95005563976973,9012,22.86785773743286,8.073812507119262,29.108274115678142,570635,21670,50,8220,7050,9815,534,612,280,722,2018,1661,2491,5720,108822,77,659924,60806,38.1,82272,20.5,1488,30.9,27628,18.68625382138896,28970,19.59391824256689,23109,15.629819008197387,14180,9.590671752833916,8910,6.026296566837107,5965,4.034439845250656,6601,4.4645997348700055,14071,9.516949381814246,16986,11.488515542569596,147852,6780,42,817756,15873,3604,3.5126020935264424,7175,6.993041071324145,11230,10.945205746476676,11777,11.478333755677276,11956,11.65279429250892,8319,8.108029083253737,7201,7.018381707958909,9129,8.897487378413677,24155,23.542426073565817,78518,34682,102602,16085,2.4374018826410317
"Charlotte-Concord-Gastonia, NC-SC Metro Area",0.1,1.2,1.0,77.4,1.2,19.0,16740,16740,"Charlotte-Concord-Gastonia, NC-SC Metro Area",16740,175315,469692,38.99528702606474,19945,22.58369451704192,9.571774101910622,28.849244354982712,1848090,66669,425,27138,25964,27598,1743,2825,2235,4986,15569,5986,12299,21705,350698,387,2154069,192318,37.9,80201,18.7,1377,29.1,105427,22.25301573564953,96853,20.44325773326438,65104,13.74183403164016,39665,8.372294280919865,25845,5.4552362458180745,18212,3.844099922957585,20730,4.375587052652687,59284,12.513376885164588,40369,8.520891159118973,473765,27657,378,2712818,38713,13939,3.8843311448730953,30164,8.405693712171034,46540,12.969134907984351,45872,12.78298574342626,39341,10.96301539353271,30814,8.586826881276961,23141,6.448619486584999,30503,8.500161626520125,76982,21.45229788324992,248654,109191,358852,64865,3.011277726015276
"Charlottesville, VA Metro Area",0.9,4.4,2.1,72.7,1.3,18.7,16820,16820,"Charlottesville, VA Metro Area",16820,10024,40896,52.24465279047296,7962,18.91632498498341,6.826669452351728,22.0123527721919,153164,4544,11,1606,1787,2081,0,91,160,124,567,682,668,1111,24429,33,185071,24918,39.3,90552,19.7,1528,29.9,7027,18.72867803837953,8112,21.62046908315565,5609,14.949360341151383,3637,9.693496801705756,2808,7.484008528784648,1120,2.985074626865672,1486,3.960554371002132,3946,10.517057569296377,3553,9.469616204690832,37520,1533,2,222937,6244,1144,3.7411295333398735,2734,8.940776349782531,3661,11.972268550312306,3088,10.09843356551882,3503,11.45557408679159,2453,8.021845057065306,1982,6.481572320873802,2246,7.344909905490696,7339,24.000130808724943,15374,8317,30579,4214,2.276963975987594
"Chattanooga, TN-GA Metro Area",0.2,1.4,0.5,85.0,1.0,12.0,16860,16860,"Chattanooga, TN-GA Metro Area",16860,34448,79058,31.33588023743451,5359,27.272863027165595,10.544929628293035,30.84632710710686,401795,21490,16,7467,7775,6366,196,748,383,687,1719,1789,3961,5388,88091,0,462569,33576,40.4,68666,18.6,1084,28.3,20020,22.363717605004467,20287,22.661974977658623,12289,13.727658623771225,7636,8.52993744414656,4710,5.261394101876675,2786,3.112153708668454,4341,4.849195710455764,9755,10.897006255585344,7317,8.173592493297587,89520,5783,91,569333,7913,3549,4.923900828280867,6203,8.60607405968617,9489,13.165087337153322,8919,12.374266409534249,7892,10.94940133468374,5100,7.075766194486452,4616,6.404262108578326,6435,8.927952051278494,14533,20.16315884401404,60968,28523,72077,12634,2.7312681999874613
"Cheyenne, WY Metro Area",0.4,0.9,0.3,89.2,0.8,8.4,16940,16940,"Cheyenne, WY Metro Area",16940,9492,13646,32.04091997388087,555,24.199376042951464,5.5241964739171445,38.235507509250525,68915,3518,1,498,926,799,34,73,47,33,236,145,252,289,13159,17,80101,6523,38.2,77884,21.8,1080,28.9,3256,16.307723129319843,4455,22.312931984373435,3356,16.808574576780526,2458,12.310928578583592,1365,6.836622257838325,923,4.622858860062105,1153,5.774817189221677,985,4.933386757487729,1913,9.58128818992287,19966,450,7,100661,1357,651,5.24576954069299,1134,9.137792103142626,1552,12.506043513295728,1363,10.983078162771958,1356,10.926672038678484,1290,10.394842868654312,836,6.736502820306205,920,7.413376309427881,2394,19.29089443996777,10709,6149,12410,1674,2.089861549793386
"Chicago-Naperville-Elgin, IL-IN Metro Area",0.6,2.8,8.2,71.3,1.5,15.6,16980,16980,"Chicago-Naperville-Elgin, IL-IN Metro Area",16980,468007,1571320,40.88939774297059,105309,23.151780358645983,10.316422050729503,25.642399847653923,6448476,200415,2509,64558,77685,131451,6361,13675,9551,13810,81399,14453,63490,50078,1292522,2009,7524418,777831,38.4,88850,21.6,1378,29.2,263189,17.1639328439582,305747,19.9393628732268,240712,15.69808997615731,164006,10.695690055459036,105785,6.898793778988173,70046,4.568066446500028,83769,5.463015135152056,116765,7.61485707428798,175525,11.446904363160174,1533384,132448,1775,9359555,182283,49430,3.9394647014239617,110544,8.810119076556958,157431,12.546912146669548,156158,12.44545678423959,135896,10.830618957408673,103569,8.254226576204294,72932,5.812523560676762,99307,7.914554341580201,289949,23.108311768423555,798179,387358,1254739,303952,4.039541662890073
"Chico, CA Metro Area",1.3,2.9,0.7,82.3,1.5,11.3,17020,17020,"Chico, CA Metro Area",17020,14745,28185,31.720564273446563,2193,22.25753416614066,9.672944526811795,36.34895703360099,136246,4969,61,1683,2194,3186,37,384,197,152,769,162,675,1074,25356,62,171452,9610,36.3,68574,23.4,1369,35.1,4489,15.606856030316726,4830,16.792406911657338,4530,15.749400271181727,3302,11.480026422834891,2062,7.168932308869033,1533,5.329763932830373,1819,6.324096930083788,1913,6.650905677432813,4088,14.212703820880993,28763,2511,32,209470,3230,1127,3.2801676465452005,1940,5.646428779323593,3102,9.028464986320508,3327,9.6833343035101,3838,11.170615286105129,2486,7.235578322370335,2390,6.956167413702777,3302,9.610571046044589,10269,29.88823563653298,23277,11502,34358,7192,4.194760049459907
"Chillicothe, OH Micro Area",0.0,1.3,0.1,93.6,0.4,4.6,17060,17060,"Chillicothe, OH Micro Area",17060,4036,6020,17.10579280565009,254,45.04336370622462,11.093424086068724,26.757419402056577,54654,3189,20,1110,1544,1069,14,10,0,120,119,208,463,743,21429,6,62331,2549,41.0,59819,18.3,858,30.5,2852,24.696917215102182,2613,22.627294769657084,1708,14.790439903013509,655,5.671977831659162,620,5.368895046761344,447,3.87080013855213,376,3.255975060616557,1193,10.330793210945618,1073,9.2916522341531,11548,637,0,76748,526,447,5.167630057803469,864,9.988439306358382,1062,12.277456647398845,818,9.45664739884393,623,7.202312138728324,830,9.595375722543352,641,7.410404624277457,563,6.508670520231213,1947,22.508670520231213,6484,4104,8650,1527,2.449824324974732
"Cincinnati, OH-KY-IN Metro Area",0.2,1.8,1.3,82.7,1.1,12.9,17140,17140,"Cincinnati, OH-KY-IN Metro Area",17140,130521,345663,36.878839187273584,24540,28.836037171208066,7.729891846485011,26.55523179503334,1523760,61289,195,20298,23112,24956,279,1318,795,1690,3386,3229,9828,12917,378103,291,1791792,158043,38.2,79490,18.4,1047,28.0,95362,23.422294924129663,91311,22.427310373285,58127,14.276837074042964,34796,8.546403957341663,20751,5.096747572100152,15114,3.712218341512298,15301,3.758148262768272,45759,11.239076292792197,28987,7.1196290237804005,407142,15157,334,2255257,33699,12592,4.38339378833555,29601,10.304386874882514,38493,13.399775817534968,34164,11.892810148085744,31047,10.807753092952176,22003,7.65945151880139,16458,5.729184797365508,20020,6.9691505433988015,62756,21.8459546204563,179189,94928,287266,50518,2.819412074615804
"Clarksburg, WV Micro Area",0.4,2.8,0.1,88.9,1.1,6.8,17220,17220,"Clarksburg, WV Micro Area",17220,4731,9219,23.101932127817687,419,39.29279167698787,12.224424077285112,25.38085211790933,64592,4276,3,2036,2106,787,2,3,0,67,32,203,717,1329,21104,14,73213,4233,42.9,58376,16.4,828,28.2,3353,27.745138601572197,2782,23.020273065784032,1215,10.05378568473314,796,6.586677699627637,350,2.8961522548613985,539,4.4600744724865535,452,3.740173769135292,1885,15.597848572610673,707,5.850227554820025,12085,586,11,89717,1051,359,4.338368580060423,707,8.54380664652568,846,10.22356495468278,837,10.114803625377643,935,11.299093655589123,671,8.108761329305135,330,3.987915407854985,763,9.220543806646525,1243,15.021148036253775,7818,3845,8275,2126,2.9038558725909334
"Clarksdale, MS Micro Area",0.1,1.6,0.2,88.2,0.2,9.7,17260,17260,"Clarksdale, MS Micro Area",17260,1648,1477,18.97314617027769,73,26.869087580103752,18.02715898687824,36.13060726274031,13108,962,7,524,309,247,1,33,16,32,218,122,290,266,2560,0,15667,771,35.7,36259,22.0,719,32.0,304,17.90341578327444,354,20.84805653710248,223,13.133097762073026,130,7.656065959952886,155,9.1283863368669,72,4.240282685512367,121,7.126030624263841,78,4.593639575971731,212,12.48527679623086,1698,298,0,20808,166,48,1.1811023622047243,182,4.478346456692913,486,11.958661417322832,392,9.645669291338582,385,9.473425196850393,325,7.997047244094488,401,9.867125984251969,195,4.798228346456693,832,20.47244094488189,2264,824,4064,840,5.361588051318058
"Clarksville, TN-KY Metro Area",0.2,2.4,0.4,89.1,1.5,6.5,17300,17300,"Clarksville, TN-KY Metro Area",17300,22869,35608,28.009914667241432,2195,29.488787216741287,7.727464216084883,34.7738338999324,204142,9489,12,2316,3111,2876,49,70,37,189,376,409,2544,1512,50710,75,249387,16680,31.9,66210,20.1,1141,28.2,9749,19.621616181946266,10680,21.49542115326557,7364,14.82137466036027,5261,10.588708865854883,2987,6.011874811311261,2401,4.8324443997182245,2114,4.254805273221294,3996,8.042668813525209,4721,9.50186172889202,49685,2155,44,328626,2697,1938,4.219464402351404,3454,7.520139342477683,6394,13.921184411060308,6102,13.285434356629654,5085,11.07119529719138,4300,9.362072719355542,2658,5.787067276290006,3908,8.508600043544524,8452,18.401915959068145,32393,15726,45930,8033,3.221098132621187
"Clearlake, CA Micro Area",0.4,2.8,0.8,79.1,1.1,15.8,17340,17340,"Clearlake, CA Micro Area",17340,5866,5743,17.743946050883824,288,28.83825482783284,12.91509144783897,40.50270767344436,48935,2522,44,494,1394,1646,94,339,0,188,299,106,509,453,11590,0,54765,1843,44.2,58738,26.1,1292,33.6,1118,10.992036181299774,1761,17.313931766787928,1270,12.486481171959491,1110,10.913381181791369,713,7.010126831186707,819,8.05230557467309,747,7.344410579097434,632,6.213744961164093,1884,18.52325238422967,10171,717,37,68139,809,150,1.9574579146548348,656,8.560615946757144,803,10.478924703118883,682,8.899908651963981,741,9.669842098394884,511,6.668406629257471,875,11.418504502153205,518,6.759754665274696,1868,24.37687589716821,9717,4237,7663,3220,5.879667670957729
"Cleveland, MS Micro Area",0.0,1.9,0.0,95.3,0.7,2.1,17380,17380,"Cleveland, MS Micro Area",17380,2203,3087,26.551357912304656,274,24.87735801345269,16.76022859454812,31.81105547969453,19773,1124,6,589,573,384,0,95,0,30,252,284,415,456,3795,0,23504,1356,36.6,37315,24.8,671,33.9,490,15.530903328050712,502,15.911251980982568,284,9.001584786053883,304,9.635499207606973,541,17.147385103011093,150,4.754358161648177,160,5.071315372424722,291,9.223454833597463,390,12.361331220285262,3155,216,14,30163,533,117,2.516670251667025,501,10.776511077651108,325,6.99075069907507,300,6.453000645300065,428,9.206280920628092,302,6.496020649602065,328,7.05528070552807,426,9.163260916326092,1083,23.295332329533235,2889,1198,4649,878,3.7355343771272977
"Cleveland, OH Metro Area",0.2,2.1,2.1,81.8,1.3,12.6,17410,17410,"Cleveland, OH Metro Area",17410,135222,308055,33.44230804151632,21533,29.03820362294967,8.328750385875528,29.190737949658484,1541948,56387,148,21046,28633,27119,415,1027,1011,1208,2478,2202,13499,11943,391367,212,1772927,147649,41.6,68507,18.9,996,28.8,82571,22.212089665060702,79603,21.413680028191823,51744,13.919443480506484,32616,8.773897815402742,20415,5.491756312896952,13345,3.5898843005441985,17131,4.608340798248233,39581,10.64752420380966,32687,8.792997237308972,371739,17212,272,2171978,38426,13526,4.303408429284557,27299,8.685401945219514,40094,12.756236697008358,38430,12.2268213764162,34849,11.087496699108202,26678,8.487825674734099,16630,5.29097162346608,23966,7.6249805128074595,70156,22.320709874677465,200890,113994,314309,65049,3.669017393271128
"Cleveland, TN Metro Area",0.1,1.4,0.0,89.3,0.6,8.6,17420,17420,"Cleveland, TN Metro Area",17420,8791,12543,23.17024864473342,1099,31.893751626885773,12.0010412068946,32.93495852148621,88359,6787,0,1761,1814,1667,27,159,99,194,410,428,1598,1503,21394,1,103484,5642,40.2,63490,19.2,939,28.6,3840,20.414673046251995,4075,21.66400850611377,3042,16.172248803827753,1730,9.197235513024989,907,4.821903242955875,517,2.7485380116959064,567,3.014354066985646,2128,11.313131313131311,1944,10.334928229665072,18810,933,10,127445,1189,803,5.447022113688781,1732,11.748745082078417,1247,8.458825125491792,1713,11.61986161986162,1520,10.310676977343643,1255,8.51309184642518,717,4.863654863654864,1277,8.662325328991995,2898,19.65811965811966,13258,7052,14742,3546,3.426616675041552
"Clewiston, FL Micro Area",1.2,2.9,2.5,84.7,3.5,5.2,17500,17500,"Clewiston, FL Micro Area",17500,3204,3107,11.259776536312849,116,34.96648044692737,29.72905027932961,24.044692737430168,35800,1907,84,1171,1417,956,84,449,54,294,1702,444,733,1686,10611,82,42664,596,38.5,48979,21.9,950,33.8,891,17.144506446026554,1081,20.800461804887437,812,15.624398691552818,362,6.965557052145469,432,8.312487973831056,341,6.561477775639792,335,6.446026553781027,307,5.907254185106792,630,12.12237829517029,5197,1487,0,53122,212,200,4.184975936388366,437,9.14417242100858,449,9.39527097719188,479,10.023017367650136,217,4.540698890981377,418,8.746599707051685,384,8.035153797865663,636,13.308223477715003,974,20.38083281021134,3408,1996,4779,1128,2.643915244702794
"Clinton, IA Micro Area",0.2,2.0,0.4,89.7,1.8,6.0,17540,17540,"Clinton, IA Micro Area",17540,4158,5035,22.09948180097434,321,36.205666056412326,7.335464051881963,34.35938809073137,32227,1771,0,444,610,415,0,18,10,0,29,12,199,380,9897,20,37175,1353,42.5,65177,18.8,825,28.3,2144,25.818882466281316,1522,18.32851637764933,1329,16.004335260115607,890,10.717726396917149,344,4.142581888246628,175,2.107418111753372,363,4.371387283236994,839,10.103564547206163,675,8.128612716763007,8304,227,0,46383,413,179,3.4278054385292998,547,10.47491382612026,562,10.762160091918808,698,13.366526235158943,665,12.734584450402146,375,7.181156644963616,312,5.974722328609728,438,8.387590961317501,1061,20.317885867483724,3992,2923,5222,865,2.3268325487558843
"Clovis, NM Micro Area",0.4,2.9,0.2,92.6,0.5,3.4,17580,17580,"Clovis, NM Micro Area",17580,3685,5138,21.30658184487399,360,27.372155615365795,16.82162955713237,34.499632982627844,40870,1987,0,842,1141,1061,20,126,182,217,795,212,431,830,9200,3,51071,2926,31.9,55193,22.1,954,29.5,1460,17.221042698749706,1720,20.287803727294172,1240,14.62609105921208,1095,12.915782024062278,837,9.872611464968154,204,2.40622788393489,424,5.0011795234725165,519,6.121726822363764,945,11.146496815286625,8478,1015,0,66934,284,410,4.142250959789857,893,9.022024651444736,1295,13.083451202263085,984,9.941402303495655,1009,10.193978581531622,872,8.809860577894524,426,4.303899777732875,821,8.294604970701151,2275,22.984441301272984,7218,3197,9898,2009,3.933739304106049
"Coamo, PR Micro Area",0.4,2.8,0.0,92.4,0.0,4.4,17620,17620,"Coamo, PR Micro Area",17620,3748,7890,24.89013580951908,504,38.26998038582814,17.719790451125952,19.120093353526823,40277,591,70,571,580,231,101,450,637,374,978,635,659,1066,14823,0,46145,1537,43.7,21780,25.6,513,33.4,815,14.692626645033352,830,14.963043086352984,679,12.24085091040202,446,8.040382188570398,369,6.652244456462952,431,7.769965747250766,486,8.761492698756085,315,5.678745267712277,1020,18.38831800973499,5547,772,13,54358,94,129,2.6959247648902824,119,2.4869383490073145,248,5.182863113897597,493,10.303030303030305,304,6.353187042842215,211,4.409613375130617,171,3.5736677115987465,342,7.147335423197493,858,17.93103448275862,3605,348,4785,1336,2.8952215841369595
"Coco, PR Micro Area",1.1,0.8,0.0,92.3,0.1,5.7,17640,17640,"Coco, PR Micro Area",17640,1688,2853,19.345027969369465,61,40.24330635963722,21.20241133981426,19.209254331179057,18413,224,74,278,375,116,184,264,248,91,407,389,321,745,7186,19,21569,608,43.3,21611,23.1,509,24.1,421,19.436749769159743,415,19.159741458910435,211,9.74145891043398,221,10.203139427516158,273,12.60387811634349,132,6.094182825484765,47,2.169898430286242,101,4.66297322253001,314,14.496768236380426,2166,393,0,25397,40,116,4.9806784027479605,122,5.2382996994418205,165,7.084585659081151,286,12.27994847574066,107,4.594246457707171,38,1.6316015457277802,33,1.41691713181623,63,2.7050236152855303,350,15.0279089738085,1732,117,2329,605,2.804951550836849
"Cody, WY Micro Area",0.2,5.1,0.1,83.9,0.7,10.1,17650,17650,"Cody, WY Micro Area",17650,3245,4903,34.95593595718175,461,23.85456558852028,4.1895445946569465,36.99995385964103,21673,792,0,176,196,295,0,0,0,0,57,0,98,78,4378,0,24610,1711,44.8,70533,21.8,933,26.5,824,15.009107468123862,998,18.178506375227688,919,16.73952641165756,550,10.018214936247723,414,7.540983606557377,347,6.320582877959927,227,4.134790528233151,588,10.710382513661203,609,11.09289617486339,5490,3,5,30109,501,122,3.6559784237338926,394,11.807012286484866,415,12.43632004794726,372,11.14773748876236,470,14.084507042253522,323,9.67935271201678,89,2.667066227150135,237,7.102187593646988,467,13.994605933473178,3318,1456,3337,318,1.292157659488013
"Coeur d'Alene, ID Metro Area",0.4,1.6,0.4,82.7,0.9,14.0,17660,17660,"Coeur d'Alene, ID Metro Area",17660,14268,23688,28.75957931189277,1507,26.572770705742776,5.634559271491327,39.03309071087312,124748,6820,0,1322,1652,1675,36,9,79,0,76,165,559,405,26329,19,141916,8445,40.8,77034,21.7,1330,30.4,6114,18.96696137738483,6225,19.31130758492322,4677,14.509073987901347,3064,9.505196215293935,2799,8.683108422522103,1214,3.766092756320769,2002,6.210640608034745,2184,6.7752442996742674,3874,12.017992864898403,32235,1003,29,177736,2237,493,2.567307191584648,1238,6.446909337082747,2281,11.878352340780086,2261,11.774201947612353,2709,14.107170754569598,1780,9.269384991928344,1674,8.717387908139353,2104,10.956621361245638,3683,19.17929490183825,23806,10619,19203,2804,1.9758166802897488
"Coldwater, MI Micro Area",0.2,1.8,0.2,91.1,1.7,5.0,17740,17740,"Coldwater, MI Micro Area",17740,2992,3708,16.896051571313457,132,38.994359387590656,11.352135374697824,32.75745366639807,31025,1975,0,457,570,509,0,0,4,28,54,134,1022,177,10123,14,35500,1195,40.8,61958,19.8,900,25.3,1848,25.218340611353717,1201,16.38919213973799,1273,17.371724890829697,647,8.82914847161572,404,5.513100436681222,230,3.138646288209607,328,4.475982532751091,639,8.719978165938864,732,9.989082969432314,7328,537,16,44914,207,190,4.988185875557889,477,12.522971908637436,501,13.153058545550014,471,12.365450249409292,488,12.811761617222366,159,4.174323969545812,221,5.802047781569966,295,7.744814912050407,533,13.993174061433448,4301,2870,3809,1049,2.954929577464789
"College Station-Bryan, TX Metro Area",1.0,2.1,1.3,84.5,1.3,9.7,17780,17780,"College Station-Bryan, TX Metro Area",17780,10285,33510,39.0511045518921,7542,23.789890272795866,11.658349988749322,25.50065518656272,151102,6729,244,2141,2497,2755,182,218,204,279,1834,370,1246,2251,29218,24,223207,15405,28.4,59691,21.8,1146,35.6,4250,15.207356782481124,6025,21.558664615164417,4579,16.384585107524956,3086,11.042330124879236,1882,6.73417540344223,1682,6.018535084266648,1230,4.401187962929831,1959,7.009696926324829,3095,11.074533939242135,27947,3319,52,273280,2550,1951,3.882123527539001,2796,5.563514804202483,4762,9.475485514167463,4992,9.933142311365808,4786,9.523241006049028,3827,7.615011142948106,3416,6.797198344476281,4381,8.717367080547596,16132,32.099649793059534,19037,9210,50256,6531,2.925983504101574
"Colorado Springs, CO Metro Area",0.4,3.3,0.3,79.5,1.1,15.4,17820,17820,"Colorado Springs, CO Metro Area",17820,55702,126042,40.994632948599175,8828,19.7358154382236,4.8536555012770695,34.41589611190016,506237,19580,29,2942,4137,6359,87,246,277,306,1368,422,1042,1986,80330,0,603700,63603,35.4,87180,22.1,1611,31.7,22647,15.87948225329201,27679,19.407788638180318,23683,16.60589827371019,15246,10.690095219397271,10779,7.557952011667532,7711,5.406750901008288,8541,5.988725125860691,10387,7.283091895833625,14999,10.516905299471317,142618,5338,32,760782,9057,2290,2.3559670781893005,5995,6.167695473251029,11146,11.46707818930041,12585,12.947530864197532,11505,11.83641975308642,9458,9.73045267489712,7540,7.757201646090535,9437,9.708847736625517,23681,24.363168724279834,80294,38230,97200,20415,3.3816465131687923
"Columbia, MO Metro Area",0.7,3.8,0.8,84.8,1.0,8.9,17860,17860,"Columbia, MO Metro Area",17860,9598,35027,47.47976790349672,5468,22.61337608795236,6.008550923805161,23.898305084745765,130980,4883,62,1459,1497,1148,1,67,18,66,244,231,975,664,24736,3,174190,17077,33.1,69463,18.7,1041,29.8,6881,21.628842647890867,7401,23.26334318224681,5220,16.407870748726975,2778,8.732004777770792,1790,5.626453762494499,994,3.1244106368265543,885,2.781794178663481,3442,10.819136229333,2287,7.188659080907776,31814,1427,8,212850,4617,950,2.837769214684709,3585,10.70884487857335,4145,12.381635152492755,4027,12.029154344774025,3241,9.68127371030857,2191,6.544791946709681,1776,5.305134868715835,3105,9.275024643785288,8631,25.781880096782867,13841,7863,33477,4304,2.4708651472529994
"Columbia, SC Metro Area",0.1,3.5,0.5,84.3,1.7,9.9,17900,17900,"Columbia, SC Metro Area",17900,53625,116586,35.04178253081227,10169,25.276689830565992,8.894615866824546,30.786911771797197,559923,21954,179,8432,10011,10345,215,377,309,827,2283,1702,3558,5819,119576,66,675568,57056,37.5,66146,19.1,1145,32.2,31971,21.878913547804306,29363,20.0941646649832,19728,13.500585107475004,13155,9.00244308033423,8680,5.940038459696018,5205,3.561970067133384,6526,4.465978224421223,16552,11.327133247106968,14251,9.752475586305064,146127,5613,67,839868,12396,3750,3.642014276695965,7257,7.04802602826203,10708,10.399650366629436,10763,10.453066576020978,10246,9.950954207740494,8712,8.461127567620066,5983,5.810712377992521,8844,8.589326470159762,26981,26.20404991987569,83007,35751,102965,23074,3.4154962934893307
"Columbus, GA-AL Metro Area",0.2,2.6,0.9,85.6,1.8,8.8,17980,17980,"Columbus, GA-AL Metro Area",17980,21769,34819,26.875261202426717,2628,28.064736868693828,11.740446305966207,33.31955562291325,217743,10996,6,4488,4609,5020,239,135,329,408,854,1196,1775,2884,50113,10,256402,17408,36.1,57762,20.7,1030,29.4,8386,19.562833881540577,7543,17.596286187510206,5372,12.531784356264724,4365,10.182657988662609,2954,6.891081717871556,2307,5.38176219469522,1825,4.257354141880701,4518,10.539575897543566,5219,12.174866447383769,42867,3535,76,326136,3664,2256,4.177932516019112,4624,8.563280121485981,6842,12.670839660728175,6064,11.23004555724286,5886,10.900403718656246,4317,7.994740545946147,3249,6.01688951442646,4540,8.407718804400163,12261,22.70639653320493,35735,15047,53998,8747,3.411439848363117
"Columbus, IN Metro Area",0.3,1.0,0.5,85.5,0.7,11.9,18020,18020,"Columbus, IN Metro Area",18020,4537,11362,35.3804978142564,419,31.37835667766973,7.854402712106342,25.386742795967525,56045,3398,0,682,856,1069,0,0,0,20,109,193,130,565,14188,0,65272,6957,37.7,80365,17.0,1110,27.0,4189,27.885767540939955,3456,23.00625748901611,2351,15.650379443482892,1002,6.670217015044601,394,2.6228198641991747,391,2.6028491545732924,450,2.995606443882306,1920,12.781254160564506,859,5.7182798562108905,15022,778,0,82881,1091,605,6.098175587138393,1553,15.653663945166818,1100,11.08759197661526,862,8.688640258038504,1121,11.299264187077917,820,8.265295837113195,475,4.787823808083862,465,4.68702751738736,2122,21.3889728857978,6458,3233,9921,1578,2.417575683294521
"Columbus, MS Micro Area",0.1,1.5,0.0,93.0,0.6,4.8,18060,18060,"Columbus, MS Micro Area",18060,4055,7051,24.26782845952428,351,33.46535524897133,13.138380971241226,29.12843532026316,45447,2769,0,988,1650,692,19,0,31,95,88,242,661,737,12440,4,53636,2959,37.4,51587,19.2,887,30.4,1874,20.896520963425512,1886,21.030330062444246,893,9.957627118644067,630,7.024977698483497,619,6.902319357716324,309,3.4455842997323822,258,2.8768956289027656,1015,11.318019625334523,1460,16.280107047279216,8968,764,0,68323,668,388,4.074774207099349,945,9.924385633270322,783,8.223062381852552,924,9.703843730308758,709,7.445914723797522,651,6.836798991808443,562,5.902121403066583,682,7.162360848561226,1962,20.604914933837428,6707,2476,9522,1834,3.419345215899769
"Columbus, NE Micro Area",0.3,3.8,0.0,90.4,1.2,4.4,18100,18100,"Columbus, NE Micro Area",18100,3805,4572,21.82886776145203,88,30.93863439930856,13.16162489196197,34.070872947277444,28925,1050,4,245,416,546,0,224,131,133,434,293,244,548,7899,0,34032,1373,37.5,75501,18.2,877,23.2,1109,19.411867670225803,1525,26.693506038858743,797,13.950638893751094,420,7.351654122177489,304,5.321197269385611,178,3.1157010327323644,180,3.150708909504638,776,13.58305618764222,414,7.246630491860668,5713,589,0,44899,281,391,8.58397365532382,425,9.330406147091107,661,14.511525795828758,965,21.185510428100987,305,6.695938529088913,397,8.71569703622393,62,1.3611416026344676,300,6.586169045005488,677,14.86278814489572,3712,2338,4555,556,1.633756464503996
"Columbus, OH Metro Area",0.2,1.9,1.2,79.1,1.0,16.6,18140,18140,"Columbus, OH Metro Area",18140,109319,355537,39.41666655209346,24859,26.724406980533093,7.909744726309813,25.949181741063637,1454674,45687,248,19153,23227,22052,1248,553,648,1515,3919,2243,7718,11057,343066,325,1703539,156566,36.6,79847,19.1,1208,27.7,79270,21.963194263580498,81257,22.51372872809084,58460,16.1974055336056,33212,9.201988241226635,19350,5.361269193897851,12325,3.4148652617463053,15177,4.205063697973523,33923,9.39898371393265,26798,7.424872964241581,360922,20738,417,2151847,36422,12911,3.8980957873030335,30504,9.209783432413584,45494,13.735571973322305,45893,13.85603825936784,41461,12.51792653066154,26492,7.99847832059732,20059,6.056223638564911,24685,7.452907947453753,67306,20.32106227714492,180173,87984,331213,47218,2.771759261161617
"Concord, NH Micro Area",0.3,2.7,0.3,82.7,0.9,13.1,18180,18180,"Concord, NH Micro Area",18180,12167,24877,38.07981296068248,1949,28.20581463832521,6.284913708482804,27.429458692509503,112062,5338,0,1493,1434,1293,16,67,60,19,144,136,935,920,26270,13,129892,12835,42.6,93944,21.7,1293,28.0,4356,15.400933389902418,6417,22.68773865082732,4969,17.56823645877528,3292,11.63908923773158,2336,8.25908640927733,1147,4.055296280582662,1599,5.653372931692831,1662,5.87611370386084,2464,8.711639089237732,28284,480,33,155018,3012,436,2.7217679006180164,1432,8.939384480928897,2227,13.90224108870716,2085,13.015793744927898,2453,15.31306573444035,1321,8.246457331918347,921,5.749422560709158,1535,9.582370934515264,2892,18.05356139584244,11568,7003,16019,2592,1.9955039571336188
"Connersville, IN Micro Area",0.0,2.1,0.1,92.4,0.7,4.7,18220,18220,"Connersville, IN Micro Area",18220,1391,2021,16.440875375467417,39,42.30981425856679,14.123705020535768,27.125605345430024,16313,2022,3,410,477,295,0,0,0,44,77,8,337,312,4880,0,18950,559,43.9,56659,14.7,779,31.5,1250,32.11716341212744,725,18.627954779033917,287,7.374100719424461,243,6.243576567317575,110,2.826310380267215,88,2.261048304213772,195,5.0102774922918805,766,19.68139773895169,228,5.858170606372045,3892,341,0,23390,63,111,3.977069150841992,345,12.361160874238625,346,12.396990326048012,268,9.602293084915802,149,5.338588319598711,213,7.631673235399498,120,4.299534217126478,336,12.03869580795414,680,24.36402723038337,1861,1173,2791,445,2.348284960422164
"Cookeville, TN Micro Area",0.0,1.5,0.1,90.4,0.4,7.6,18260,18260,"Cookeville, TN Micro Area",18260,6050,13822,22.06652832282057,1304,37.70109510796984,14.065870847116352,26.16650572209324,97342,6465,28,1884,2533,1891,15,194,193,66,512,684,2842,1669,30234,0,117621,5087,39.5,53328,20.1,867,28.8,3766,20.12504675893764,3726,19.91129161545449,2449,13.08715865975525,2069,11.05648479666542,1143,6.108053225030727,615,3.2864853310532784,928,4.95911932880885,1774,9.48004061347726,2192,11.713781862876075,18713,1155,26,143819,1267,469,2.569722207002356,1381,7.5667086734973426,2447,13.407484521396087,2211,12.114404690153965,2079,11.391156648950744,965,5.287381513341734,1210,6.629773711029532,1298,7.11193907183168,4079,22.34946030354501,12467,6954,18251,2784,2.3669242737266303
"Coos Bay-North Bend, OR Micro Area",0.3,2.8,0.0,86.7,2.6,7.5,18300,18300,"Coos Bay-North Bend, OR Micro Area",18300,5485,6445,21.6918897943345,427,30.54755631803607,8.980250393154014,38.78030349447542,48963,3077,0,916,1251,902,0,25,0,17,145,30,325,307,11880,40,54550,3081,48.6,60313,22.8,992,30.3,2357,20.301464254952627,1779,15.322997416020671,1702,14.659776055124892,1480,12.747631352282514,684,5.891472868217054,592,5.099052540913005,857,7.381567614125753,697,6.003445305770887,1429,12.3083548664944,11610,434,5,64832,668,398,4.78135511773186,564,6.775588659298415,907,10.896203748197982,1008,12.109562710235464,782,9.394521864488228,659,7.916866890917829,565,6.7876021143680925,668,8.02498798654493,1839,22.09274387313792,8579,4924,8324,1507,2.7626031164069658
"Corbin, KY Micro Area",0.1,1.4,0.2,89.6,0.9,7.9,18340,18340,"Corbin, KY Micro Area",18340,6486,8650,16.679463705628727,880,38.96107731380308,19.67790837320103,24.68155060736716,101586,8859,32,3553,3047,1736,25,189,244,296,469,960,4922,2902,30720,0,118366,6004,39.0,45067,18.3,735,28.0,3907,23.247649648934903,3847,22.890634297274783,1964,11.686302511007971,1291,7.681780316553612,810,4.819707247411639,489,2.909675116029989,814,4.843508270855647,1851,11.013923598714744,1671,9.94287754373438,16806,1615,0,149625,1410,1055,6.271922002259081,1811,10.76630402473099,1588,9.44058022709708,1003,5.962784614470007,1672,9.939956007371736,1080,6.420545746388442,712,4.232804232804233,933,5.546638130907794,3098,18.41745437251055,12910,5677,16821,3209,2.7110825743879152
"Cordele, GA Micro Area",1.3,0.3,0.0,88.9,1.9,7.6,18380,18380,"Cordele, GA Micro Area",18380,1342,1291,15.514870830016644,138,37.158984007525866,15.811563788986176,31.514581373471305,13819,628,0,490,687,327,0,0,12,0,203,54,124,91,4507,0,15799,443,40.4,42745,18.8,743,35.8,447,21.490384615384617,426,20.48076923076923,260,12.5,105,5.048076923076923,138,6.634615384615385,53,2.548076923076923,243,11.682692307692308,269,12.932692307692308,139,6.682692307692308,2080,197,0,19995,272,399,10.821806346623273,227,6.156767019256849,403,10.930295633306212,279,7.5671277461350686,170,4.6107946840249525,120,3.254678600488202,177,4.800650935720097,346,9.384323298074316,1132,30.70246813127204,2008,1005,3687,780,4.937021330463953
"Corinth, MS Micro Area",0.0,1.9,0.1,94.0,1.5,2.5,18420,18420,"Corinth, MS Micro Area",18420,2106,2822,18.435614728520907,104,34.944872061576866,16.57582691907635,30.04368629082588,24035,2193,0,1030,655,427,0,91,9,107,180,221,617,400,6206,0,27843,1179,40.6,49404,18.7,728,26.5,1108,24.73766465728957,774,17.280643000669794,532,11.877651261442288,337,7.524000893056486,274,6.117436927885689,268,5.983478455012279,366,8.171466845277964,565,12.614422862246036,255,5.693235097119893,4479,247,0,34500,326,365,7.387168589354381,639,12.932604735883425,663,13.418336369156044,412,8.33839303784659,349,7.06334750050597,241,4.8775551507791945,181,3.6632260675976527,496,10.038453754300749,1027,20.7852661404574,3719,1396,4941,892,3.2036777646086985
"Cornelia, GA Micro Area",0.0,0.7,0.2,89.9,0.6,8.6,18460,18460,"Cornelia, GA Micro Area",18460,1989,4628,24.24563591022444,362,32.6215710723192,17.674563591022444,25.458229426433917,32080,2666,0,912,655,584,9,128,133,54,528,422,537,979,7799,0,37861,2202,39.6,65622,21.0,939,27.4,878,14.621149042464612,1282,21.3488759367194,1040,17.318900915903416,647,10.774354704412987,476,7.926727726894255,216,3.597002497918401,348,5.795170691090758,622,10.358034970857618,461,7.676935886761033,6005,729,0,46948,586,296,7.285257199113955,319,7.851341373369432,579,14.250553777996554,409,10.066453359586513,335,8.245139059808023,301,7.408318976126014,256,6.300762983017474,232,5.710066453359587,796,19.59143490031996,4218,1960,4063,486,1.28364279865825
"Corning, NY Micro Area",0.6,4.1,0.5,86.3,0.7,7.9,18500,18500,"Corning, NY Micro Area",18500,9458,8704,26.021209740769837,1365,34.93262432775394,8.2074445585836,30.838721372892625,66196,4279,20,1003,1088,1065,47,0,37,2,69,100,713,463,18845,0,75257,6159,43.1,64740,18.3,878,27.7,3598,25.23141654978962,2948,20.67321178120617,1928,13.520336605890604,1223,8.576437587657784,658,4.614305750350631,663,4.64936886395512,623,4.368863955119215,1574,11.037868162692847,1019,7.14586255259467,14260,821,5,93034,997,634,6.154144826247331,1267,12.298582799456415,1082,10.502814987381091,1060,10.2892642205397,1200,11.648223645894,996,9.66802562609202,499,4.843719666084255,568,5.51349252572316,2064,20.034944670937683,6521,4435,10302,2595,3.4481842220657213
"Corpus Christi, TX Metro Area",0.2,1.3,1.0,90.5,1.4,5.5,18580,18580,"Corpus Christi, TX Metro Area",18580,26183,44872,22.955575581142156,2765,30.271316920541224,14.549072551062451,32.22403494725417,298507,16703,173,5253,7359,5843,411,1035,695,978,3419,1910,3243,6470,73659,11,351998,17368,37.4,65801,22.2,1224,30.9,8752,16.94154084397987,10069,19.49090205187766,8160,15.795586527293844,6179,11.960898180410377,3437,6.653116531165312,2650,5.129694154084398,2948,5.706542779713511,3230,6.252419667053813,5857,11.337591947348043,51660,6541,89,446797,3519,1768,2.791637718688815,5228,8.254910629697468,6686,10.557064359249669,7061,11.14918208804396,7725,12.197625213162382,4973,7.85227057411735,4648,7.339101875828964,6164,9.732836480768016,14527,22.93785132318575,48636,21372,63332,11369,3.22984789686305
"Corsicana, TX Micro Area",0.0,1.4,0.0,91.8,0.6,6.3,18620,18620,"Corsicana, TX Micro Area",18620,3052,4059,17.07195593577874,267,29.05777569436306,20.64924411109809,33.22102425876011,34132,1961,27,995,854,826,78,98,61,67,985,399,464,928,7957,0,40939,1271,37.4,59310,21.2,1039,28.9,1190,20.88818676496402,909,15.955766192733018,777,13.638757240652971,464,8.144637528523784,361,6.336668421976478,280,4.9148674741091805,289,5.072845357205546,539,9.461119887660171,855,15.00789889415482,5697,1246,20,53735,230,364,6.16009477068878,372,6.295481468945677,778,13.166356405483162,566,9.57860890167541,626,10.594009138602132,611,10.340159079370451,390,6.600101540023692,563,9.527838889829074,879,14.875613470976475,6071,2216,5909,942,2.3009843914116126
"Cortland, NY Micro Area",0.4,5.1,1.0,85.1,1.2,7.1,18660,18660,"Cortland, NY Micro Area",18660,3731,4328,28.33230642842473,532,31.73820770863285,9.088108441158347,30.84137742178408,29214,1954,9,290,603,534,0,40,0,87,56,63,284,251,7318,0,38992,2944,36.5,67527,20.0,911,27.8,1156,17.05014749262537,1639,24.174041297935105,949,13.997050147492626,722,10.64896755162242,482,7.109144542772862,280,4.129793510324483,298,4.3952802359882,600,8.849557522123893,633,9.336283185840708,6780,435,3,46401,473,292,4.629042485732404,833,13.205453392517438,696,11.033608116677234,734,11.636017755231451,588,9.32149651236525,500,7.926442612555486,224,3.551046290424857,376,5.960684844641725,1533,24.30247305009512,3222,2057,6308,1415,3.62894952810833
"Corvallis, OR Metro Area",4.8,7.4,1.9,67.7,1.5,16.7,18700,18700,"Corvallis, OR Metro Area",18700,5082,17133,54.356895333580056,4384,14.041314806715338,3.986811560071325,27.61497829963328,59446,1440,0,244,511,428,20,102,10,30,116,57,177,396,6907,0,82970,8915,33.8,76011,21.9,1359,38.1,1845,15.0440313111546,2806,22.879973907371166,1911,15.58219178082192,1607,13.103392041748208,651,5.308219178082192,698,5.691454664057403,743,6.0583822570123935,765,6.237769080234833,1238,10.094585779517288,12264,279,0,96359,1881,476,2.827610787691577,1049,6.231436378757277,1529,9.082808601639538,1642,9.754069145776404,1407,8.35808482832363,1172,6.962100510870857,846,5.025543542829987,1515,8.99964357847214,5966,35.44018058690745,7905,3429,16834,3400,4.097866698806798
"Coshocton, OH Micro Area",1.8,1.3,0.1,86.8,3.8,6.1,18740,18740,"Coshocton, OH Micro Area",18740,2495,2827,16.747890169975037,121,41.54681247276041,14.968897341416062,26.73640001584849,25239,1282,3,505,463,630,0,8,9,0,49,24,1332,367,9204,5,28911,1189,41.0,54687,18.1,723,28.8,1436,25.878536673274468,1075,19.37285997477023,556,10.019823391602092,533,9.605334294467472,324,5.838889890070282,248,4.46927374301676,269,4.84772030996576,678,12.21841773292485,425,7.659037664444043,5549,373,10,36679,90,153,3.7463271302644463,480,11.753183153770811,403,9.86777668952008,382,9.353574926542606,409,10.014691478942211,240,5.876591576885407,216,5.288932419196866,224,5.484818805093046,953,23.33496571988247,2788,1465,4084,866,2.995399674864238
"Crawfordsville, IN Micro Area",0.2,3.5,0.1,88.7,0.4,7.0,18820,18820,"Crawfordsville, IN Micro Area",18820,2130,3259,19.53810623556582,288,41.08160123171671,11.058506543494996,28.32178598922248,25980,1373,0,554,620,522,2,0,9,24,96,43,197,519,9300,0,30504,1458,40.0,66571,17.6,827,28.0,1996,25.176589303733603,1614,20.358224016145307,1205,15.199293642785069,670,8.4510595358224,431,5.436427850655903,108,1.3622603430877902,242,3.0524722502522703,1135,14.316347124117057,519,6.546417759838547,7928,269,18,38155,71,109,3.16400580551524,415,12.04644412191582,245,7.111756168359943,454,13.178519593613933,514,14.920174165457183,334,9.695210449927432,167,4.847605224963716,222,6.44412191582003,598,17.358490566037734,3317,1911,3445,735,2.4095200629425646
"Crescent City, CA Micro Area",0.1,3.7,0.4,86.8,1.5,7.5,18860,18860,"Crescent City, CA Micro Area",18860,2001,2540,20.974160076562736,202,25.577998287412484,14.456253462952704,38.99158817307208,19853,963,0,343,521,744,37,71,3,1,255,3,212,424,4115,0,22196,1063,40.8,66780,19.9,1182,30.7,584,17.298578199052134,799,23.667061611374407,485,14.366113744075829,302,8.945497630331753,246,7.286729857819905,159,4.709715639810427,98,2.902843601895735,315,9.330568720379146,388,11.492890995260662,3376,256,0,27293,359,52,1.8772563176895307,254,9.169675090252708,162,5.8483754512635375,291,10.505415162454874,541,19.530685920577618,171,6.173285198555957,202,7.292418772563177,148,5.342960288808665,825,29.78339350180505,3839,1901,2770,712,3.207785186520093
"Crestview-Fort Walton Beach-Destin, FL Metro Area",0.6,1.7,0.3,85.6,1.3,10.7,18880,18880,"Crestview-Fort Walton Beach-Destin, FL Metro Area",18880,23516,44534,34.22375071547066,2326,25.22240223517884,7.153251389710805,33.40059565963969,206158,9743,70,2678,2732,2731,53,370,293,107,462,526,1236,1260,42255,155,236357,19824,39.2,79150,22.2,1506,31.5,8028,16.112393376818865,10471,21.015554440541894,7301,14.653286502759656,5443,10.924234821876569,3654,7.333667837431008,2667,5.352734570998495,2979,5.978926241846462,3168,6.358253888610135,5905,11.851480180632212,49825,2015,59,294127,3871,973,2.813195709370573,2184,6.314511232544019,3458,9.997976118194698,3875,11.203631422210655,4507,13.030907566426691,4046,11.698036834648857,2989,8.641975308641975,3588,10.373839882036604,6779,19.599849654494463,28473,16869,34587,5068,2.144214049086763
"Crossville, TN Micro Area",0.2,1.5,0.3,89.3,0.6,8.1,18900,18900,"Crossville, TN Micro Area",18900,3927,5251,18.4953560371517,503,39.80598555211558,10.352941176470589,31.34571723426213,48450,4230,0,749,1017,871,21,65,106,123,164,199,865,595,15056,0,53318,2693,53.0,58475,19.6,829,23.9,2265,20.90640575964556,2482,22.909359424035443,1472,13.586856193465016,1064,9.8209340963633,871,8.039505261214694,211,1.9475724570795645,388,3.581318072733985,834,7.697987816134391,1156,10.670112608454865,10834,237,4,62529,514,447,8.241150442477876,647,11.928466076696164,568,10.471976401179942,704,12.979351032448378,404,7.448377581120943,428,7.890855457227139,185,3.410766961651918,273,5.033185840707965,767,14.140855457227138,7471,3789,5424,1185,2.2225139727671706
"Cullman, AL Micro Area",0.0,1.5,0.2,94.8,0.2,3.4,18980,18980,"Cullman, AL Micro Area",18980,7371,7754,19.08653846153846,248,30.982371794871792,15.004807692307692,34.92628205128205,62400,3867,0,2449,1959,1043,33,163,142,11,248,654,814,1164,15466,0,71682,3441,41.1,60916,18.7,883,24.7,2746,21.61694088010706,2782,21.900338502715893,1704,13.414154136818071,1040,8.18704243092183,764,6.014327324254113,506,3.983311028890813,482,3.794379280484925,1462,11.509092340392034,1080,8.501928678264976,12703,635,48,89463,467,311,3.80800783641484,1016,12.440308558834332,1288,15.77078486592384,934,11.43626790743235,779,9.538386188318844,540,6.611975021427696,455,5.571201175462226,417,5.105914044324721,1237,15.14632055834456,9543,4880,8167,1739,2.4259925783320777
"Cumberland, MD-WV Micro Area",0.1,2.4,0.7,87.3,0.6,8.9,19060,19060,"Cumberland, MD-WV Micro Area",19060,6653,8000,21.61216684948564,572,41.703477513266726,9.237793127983162,27.44656250926448,67462,4404,0,1806,1094,1095,4,0,27,25,152,205,487,973,23730,7,79242,5368,42.5,59413,17.5,774,29.1,3941,27.138135243079464,3165,21.794518661341414,1951,13.434788596612036,1070,7.36813111141716,502,3.456824128907864,457,3.1469494559977966,519,3.573887894229445,1729,11.906073543589036,1120,7.712436303539458,14522,327,30,94684,640,563,5.452256440054232,900,8.715862870424171,938,9.083865969397635,1043,10.100716637613791,1004,9.723029246562076,845,8.183226806120473,389,3.767189618438892,925,8.9579701723804,1947,18.85531667635096,7644,4219,10326,2320,2.927740339718836
"Dallas-Fort Worth-Arlington, TX Metro Area",0.1,1.2,0.8,80.6,1.3,15.9,19100,19100,"Dallas-Fort Worth-Arlington, TX Metro Area",19100,378482,1253820,38.48687265443462,65351,21.712259064794548,12.68020345259404,27.120664828176796,5114705,171845,2538,65220,66075,97697,8095,17906,11221,18473,78075,20043,44158,89369,938673,2128,6064476,545064,35.5,87155,21.7,1509,30.5,170852,15.922862857153508,227681,21.219144863270948,174388,16.252406807841208,118542,11.0477372744404,76837,7.160963953334488,54098,5.041761494429626,60019,5.593579857557982,75032,6.992743695701203,111265,10.369544025245157,1072998,125744,1813,7807555,104255,30307,2.682457944702794,81466,7.210516346822773,138061,12.219712485683583,148697,13.161099713052144,132158,11.697240804303686,105063,9.299075429580943,81237,7.190247667331668,109475,9.689579420475084,255610,22.623917749875645,691813,316847,1129822,189453,3.1239797139934264
"Dalton, GA Metro Area",0.0,0.4,0.2,93.7,1.1,4.6,19140,19140,"Dalton, GA Metro Area",19140,6376,9753,17.718999163498907,570,32.166114293580115,23.67192215245497,26.44296439046601,94441,6979,41,3128,2818,2558,257,520,744,841,2290,979,2088,2628,23399,42,111992,4545,37.2,65715,18.6,878,25.5,3814,21.76816391758461,4148,23.674447805490555,2808,16.026482506706238,1496,8.538325438045774,739,4.217795787911649,851,4.857028708407055,589,3.361680269391017,1958,11.17516123508932,1076,6.141201986188003,17521,3408,14,143400,1866,1272,8.143405889884763,1833,11.73495518565941,1649,10.55697823303457,2142,13.713188220230474,1508,9.654289372599232,908,5.813060179257362,795,5.0896286811779765,1543,9.878361075544175,2444,15.64660691421255,12068,6529,15620,3735,3.3350596471176512
"Danville, IL Micro Area",0.0,2.2,0.6,89.1,0.6,7.5,19180,19180,"Danville, IL Micro Area",19180,6177,4839,16.2329393975568,163,41.47865186423142,9.265449046993751,33.02295969121802,50262,4093,0,1215,1198,567,0,0,18,7,103,60,564,510,16755,0,57921,2721,41.2,54537,17.0,802,27.1,2299,26.349570200573066,1676,19.20916905444126,1007,11.541547277936964,467,5.35243553008596,360,4.126074498567335,422,4.836676217765043,353,4.045845272206304,1364,15.63323782234957,710,8.137535816618911,8725,415,0,73179,436,503,5.4167564074951535,901,9.702778376049968,1156,12.448847727762224,1212,13.051906095197072,1019,10.97350850743054,790,8.507430540598751,555,5.976739177256085,527,5.67520999353866,1755,18.8994184794314,5904,4517,9286,2040,3.5220386388356557
"Danville, KY Micro Area",0.0,3.1,0.2,87.4,0.4,8.9,19220,19220,"Danville, KY Micro Area",19220,2836,4821,21.928377587399563,191,39.27792263076677,12.259883999361463,26.5338157824722,37586,3242,0,1058,860,522,0,30,10,72,53,166,646,660,11521,0,44220,2660,40.7,56209,18.7,761,27.4,1784,21.721660781687568,1652,20.114452696943868,1121,13.649092901497625,674,8.206501887251918,523,6.367953244855716,237,2.8856690612443687,235,2.861317423596737,1098,13.36904906854986,871,10.60513819554365,8213,531,0,55123,570,354,6.145833333333333,747,12.968750000000002,561,9.739583333333334,580,10.069444444444445,641,11.12847222222222,392,6.805555555555555,279,4.84375,311,5.399305555555555,1240,21.52777777777778,4614,2523,5760,1596,3.6092265943012207
"Danville, VA Micro Area",0.1,1.3,0.9,90.5,1.3,6.0,19260,19260,"Danville, VA Micro Area",19260,7197,8045,16.55245906061996,278,39.11025979982195,14.53314268756576,29.80413845199234,74134,5390,101,2793,2002,1183,43,169,18,111,532,416,1257,1324,23604,0,84573,3411,45.2,48994,19.8,827,27.9,2506,18.896094103453475,2455,18.51153672145981,1571,11.845875433569596,1062,8.007841954456342,724,5.459206756145378,753,5.677876640024129,774,5.836223797315639,1743,13.142814055195297,1626,12.260594178856884,13262,822,3,102387,537,1051,7.134614079152807,1335,9.062521213766884,1939,13.16271807752359,1490,10.114724051320344,1536,10.426990699884598,851,5.776932998438667,678,4.602538863620936,1218,8.268277781549115,3300,22.401737831783315,9813,5085,14731,2200,2.6013030163290884
"Daphne-Fairhope-Foley, AL Metro Area",0.2,1.2,0.1,87.2,1.4,10.0,19300,19300,"Daphne-Fairhope-Foley, AL Metro Area",19300,17132,35348,32.79763704444496,2382,27.542037816591854,8.268600134893132,31.391725004070054,171988,8612,0,3106,2343,3650,113,0,64,14,860,199,750,1582,38757,115,195048,14835,43.7,75019,19.8,1211,27.7,8240,19.181079634069693,8694,20.237901254684697,6170,14.362531716287624,3484,8.110058427803255,2659,6.18962266346982,1882,4.380921343606695,1570,3.654647454549688,4797,11.166461044251497,5202,12.109220419469729,42959,1422,3,239945,3843,643,3.0243168242321623,1823,8.574385024222755,2760,12.981515450825452,3513,16.52321151403979,1530,7.196274869479328,1617,7.605474813037957,1507,7.088095574055783,1847,8.687267767273411,3910,18.39048022200273,24032,12826,21261,3615,1.853389934785284
"Davenport-Moline-Rock Island, IA-IL Metro Area",0.1,2.4,0.9,87.3,0.9,8.4,19340,19340,"Davenport-Moline-Rock Island, IA-IL Metro Area",19340,29149,48830,29.37925477123537,2840,29.267884768156545,7.62257352130664,33.73028693930144,263087,12924,32,2964,4618,3378,167,118,131,124,1317,341,1781,2110,64076,48,305277,21604,40.2,71925,18.2,899,28.5,17349,25.15186221494121,15034,21.79567102077504,10356,15.01370021891355,5343,7.74606028096322,3746,5.430795772503879,1876,2.719747162097511,2845,4.124563260217174,7479,10.84274468301028,4734,6.8631572843121615,68977,2886,39,381864,4019,2035,4.388613327582489,5288,11.403924951477247,5378,11.59801595859392,4827,10.409747681690748,4979,10.737545827043348,3732,8.048307095104594,2916,6.288548630580117,3783,8.158291999137374,9156,19.74552512400259,37497,22094,46370,8607,2.819406637250759
"Dayton-Kettering-Beavercreek, OH Metro Area",0.3,2.2,1.1,85.1,0.8,10.5,19430,19430,"Dayton-Kettering-Beavercreek, OH Metro Area",19430,56277,103153,31.96379653005318,7619,28.07559399115504,7.331829331614474,32.62878014717731,558510,20457,98,7345,8359,9074,47,152,183,332,1101,780,3569,4724,136348,22,654458,58167,39.1,69752,18.4,984,27.6,32826,23.598510445572312,31545,22.67760348521229,20498,14.735949159609495,11796,8.480108122097453,7541,5.421201708099093,4744,3.4104470101076907,5205,3.74185849232937,14815,10.650457937340944,9573,6.882000258802893,139102,4972,191,813608,9582,5166,4.289308280540356,13853,11.502088194023532,16125,13.388520329793504,14677,12.186251961573909,13551,11.25133885203298,10684,8.870880694791554,7070,5.8701915492489976,8562,7.108992934182449,24314,20.187812917742598,80812,45146,120439,21064,3.2185411439695137
"Decatur, AL Metro Area",0.0,0.8,0.1,93.1,0.8,5.1,19460,19460,"Decatur, AL Metro Area",19460,8905,15410,21.59800134595706,777,33.541987407004505,15.028624634701725,29.831386612336715,108473,6628,0,2771,3057,2216,144,213,131,304,488,426,1994,1797,29756,18,124961,6075,40.8,63987,17.3,816,27.2,6064,25.836138213114054,4639,19.764816156107536,2458,10.47249797622598,1817,7.741468194793575,1196,5.095649951003366,1034,4.405436496101572,755,3.216735545992928,3488,14.860892164799116,1870,7.967278769545397,23471,2699,44,156924,1166,860,5.426894680381144,1850,11.674133905471066,1734,10.942134157884771,1411,8.903893481416041,2019,12.740581813592478,1298,8.190824761784565,584,3.685240108537893,917,5.786584211522686,2774,17.504890515554994,15432,8022,15847,2592,2.074247165115516
"Decatur, IL Metro Area",0.1,1.8,0.8,88.8,0.9,7.5,19500,19500,"Decatur, IL Metro Area",19500,6226,11341,24.12657118215109,574,37.54011904930225,6.950669475589237,31.382640292957426,70727,3938,6,934,1136,1077,1,35,16,34,90,120,324,506,22613,12,81817,4554,40.9,62449,18.1,797,25.7,3933,24.529125608082825,3549,22.13421479356368,2360,14.718722714232255,962,5.999750530123488,888,5.538231258575527,411,2.563302981165024,729,4.546588499438693,1841,11.481851066483722,1280,7.983036048397156,16034,624,1,102591,595,631,4.828958444937629,1048,8.020203566235555,2015,15.420524986607484,1721,13.170582383102472,1152,8.816101630060459,1016,7.775311854289431,545,4.170811969082421,872,6.673299150531873,2144,16.407744700390296,10093,5877,13067,3361,4.107948225918818
"Decatur, IN Micro Area",0.3,3.0,0.9,89.9,0.4,5.5,19540,19540,"Decatur, IN Micro Area",19540,2341,2357,15.231818814684178,103,45.65832830556458,13.031976609272752,26.07787627047849,21547,1285,0,120,204,318,42,12,15,0,40,8,1574,161,8553,0,25897,728,33.2,63128,19.0,799,26.0,1319,21.09050207866965,1184,18.93188359449952,897,14.342820594819315,426,6.811640550047969,411,6.571794051806844,255,4.077390470099137,330,5.276622961304765,837,13.383434601854812,553,8.842340901822833,6254,314,0,35995,94,99,4.504094631483167,354,16.10555050045496,179,8.143767060964514,300,13.64877161055505,361,16.424021838034577,202,9.1901728844404,55,2.502274795268426,173,7.870791628753411,284,12.92083712465878,2233,1045,2198,421,1.625670927134417
"Defiance, OH Micro Area",0.2,1.7,0.0,91.6,0.6,6.0,19580,19580,"Defiance, OH Micro Area",19580,3020,3442,20.116972389958605,30,39.360449660096464,7.682959249553758,32.83961870039118,26331,1146,0,285,421,441,38,0,26,20,57,10,213,331,9218,19,30614,1575,40.8,73615,16.6,826,25.4,1942,28.18577648766328,1723,25.007256894049345,650,9.433962264150944,456,6.618287373004354,254,3.686502177068215,185,2.6850507982583456,305,4.426705370101597,947,13.744557329462989,420,6.095791001451379,6890,162,0,38258,250,159,4.82989064398542,520,15.795868772782503,490,14.88456865127582,279,8.475091130012151,459,13.942891859052247,154,4.678007290400972,101,3.0680437424058327,214,6.500607533414337,586,17.800729040097206,3304,2323,3292,791,2.5837851963154117
"Del Rio, TX Micro Area",0.5,1.6,0.1,92.3,1.9,3.6,19620,19620,"Del Rio, TX Micro Area",19620,2278,3729,21.332229466349308,182,29.794059815792195,24.93014591741695,23.943564800441543,28989,2365,0,636,1060,764,87,230,73,219,830,287,458,571,6272,0,35774,1740,32.3,59673,20.5,956,25.5,1206,25.352112676056336,940,19.76035316375867,816,17.153668278326677,469,9.859154929577464,195,4.099222198864831,167,3.510615934412445,120,2.522598276224511,139,2.922009669960059,666,14.000420433046038,4757,2012,0,47647,533,168,3.0335861321776814,411,7.421451787648971,843,15.222101841820152,939,16.95557963163597,585,10.56338028169014,443,7.999277717587577,267,4.821235102925243,258,4.658721560130011,934,16.865294330083064,2870,1793,5538,981,2.7422150164924246
"Deltona-Daytona Beach-Ormond Beach, FL Metro Area",0.4,1.0,0.4,83.0,1.7,13.5,19660,19660,"Deltona-Daytona Beach-Ormond Beach, FL Metro Area",19660,60348,94056,27.77802448588712,5862,30.549822273623324,7.850852719763829,33.821300520725735,517931,26491,69,6491,7579,7673,43,224,290,573,1386,1274,3316,4615,131736,43,584926,35099,47.8,67599,22.8,1407,34.0,17758,14.928334244041864,21648,18.19847841620781,17325,14.564331049556555,11712,9.845739985708882,8549,7.186751292505569,7105,5.972846874868648,7609,6.396536505401203,10020,8.42335336892102,16495,13.866588205623977,118955,6773,313,689939,8854,1941,2.627944760357433,4631,6.269970213918223,7694,10.41700514486867,7586,10.270782561603031,7714,10.444083401028974,5589,7.567018683996752,5014,6.788518819388031,7738,10.476577308421335,20177,27.31789872732196,65376,49447,73860,12322,2.1065912611167907
"Deming, NM Micro Area",0.2,1.7,0.4,91.9,0.3,5.5,19700,19700,"Deming, NM Micro Area",19700,880,1672,14.726550565230676,13,35.062633669416435,24.094103269172013,26.11671249618087,16365,981,5,339,394,286,101,253,102,100,604,122,389,860,4757,0,19636,565,36.6,37917,23.5,685,30.7,371,12.967493883257603,553,19.328905976931143,343,11.988815099615518,353,12.338343236630548,186,6.501223348479552,136,4.753582663404404,294,10.276127228241872,265,9.262495630898288,360,12.583012932541068,2861,388,0,25420,160,171,6.107142857142857,112,4.0,237,8.464285714285715,414,14.785714285714285,216,7.7142857142857135,369,13.178571428571429,186,6.642857142857143,127,4.535714285714286,567,20.25,2470,924,2800,497,2.531065390099817
"Denver-Aurora-Centennial, CO Metro Area",0.7,2.0,2.6,72.3,1.2,21.2,19740,19740,"Denver-Aurora-Centennial, CO Metro Area",19740,154303,636282,48.37939266624831,40376,18.361709158190735,7.696611184699814,25.56228699086114,2100262,73886,409,16042,22997,31686,1162,2719,1619,2796,15035,3756,9818,18396,311758,527,2415672,279049,37.2,102339,21.5,1805,30.6,95208,16.75577691346509,114418,20.136569226166383,89386,15.73115573467556,62166,10.940673342602206,40895,7.197163020714173,25847,4.548846377219689,32321,5.688213864592316,47276,8.320163319899333,58349,10.268914661832774,568210,34476,211,2977085,60387,10593,2.468166408425271,28037,6.532614140755152,49530,11.540477882498225,57878,13.485559840162168,55840,13.010706338758345,42227,9.838880669175296,29567,6.889103766441044,39474,9.19743234269604,100628,23.44629938138565,265184,117388,429185,74160,3.0699532055676437
"DeRidder, LA Micro Area",0.0,0.8,0.2,94.1,1.6,3.3,19760,19760,"DeRidder, LA Micro Area",19760,2209,2910,17.83293867886013,38,40.70792847227892,12.766391769412918,28.692741079448027,24494,1970,0,442,869,313,0,21,5,5,67,382,351,413,8001,0,28272,1308,36.9,64995,17.5,882,28.3,1228,25.138178096212897,1040,21.28966223132037,565,11.56601842374616,378,7.73797338792221,174,3.5619242579324464,185,3.7871033776867966,194,3.971340839303992,669,13.6949846468782,407,8.331627430910952,4885,259,0,36646,112,163,7.074652777777778,248,10.76388888888889,166,7.204861111111111,180,7.8125,236,10.243055555555555,255,11.067708333333332,128,5.555555555555555,182,7.899305555555555,270,11.71875,2942,1877,2304,1158,4.095925297113752
"Des Moines-West Des Moines, IA Metro Area",0.2,1.6,0.5,82.2,1.2,14.3,19780,19780,"Des Moines-West Des Moines, IA Metro Area",19780,50019,127163,39.09640431233253,7226,24.956066554496168,6.531646621383021,29.41588251178829,481410,18071,161,3909,4483,5263,194,582,708,719,1750,1027,2535,3071,102070,33,562094,43549,36.7,84209,19.0,1113,27.0,30283,21.93609608043404,33144,24.008518590955514,21944,15.895574823797002,13172,9.54140136616178,7476,5.415389964578308,5592,4.050676923745572,5185,3.755858342206866,11745,8.507725405828282,9096,6.588869330899451,138051,6942,67,720331,10276,3355,3.801096709870389,8327,9.43419740777667,12452,14.107676969092722,13825,15.663237560047133,10136,11.48373062630291,8117,9.196274811927854,5412,6.13160518444666,6298,7.135411945980241,16113,18.2554608900571,59587,32005,88264,16059,2.856995449159749
"Detroit Lakes, MN Micro Area",0.2,3.5,0.7,84.4,0.8,10.3,19810,19810,"Detroit Lakes, MN Micro Area",19810,3454,4594,27.537655533726262,145,28.89652914210871,6.6838572364112645,36.881958087753766,24432,951,0,205,263,500,11,0,1,0,30,57,243,108,6109,4,28008,1612,43.2,71117,21.0,899,28.4,1053,16.65612148054413,1374,21.73362859854476,878,13.888010123378676,787,12.448592217652642,415,6.564378361278076,291,4.602973742486554,299,4.729515975956976,542,8.573236317621006,660,10.439734261309711,6322,207,4,35260,377,110,3.440725680325305,202,6.318423522051924,360,11.260556771973723,438,13.700344072568033,415,12.980919612136375,306,9.571473256177669,76,2.37722865186112,296,9.25868001251173,584,18.26712543009071,3565,1992,3197,680,2.42787774921451
"Detroit-Warren-Dearborn, MI Metro Area",0.2,1.3,1.1,82.4,1.2,13.8,19820,19820,"Detroit-Warren-Dearborn, MI Metro Area",19820,281108,624435,34.05581464644386,34692,25.992697100207728,8.79536786005302,31.1561203932954,3060702,111810,536,41169,54332,58963,941,1891,2225,5063,9071,5078,15944,24640,683749,594,3527363,316393,40.2,75123,19.4,1162,30.0,157659,21.2319340224845,156731,21.10696028313016,107315,14.452108662511648,67022,9.025851248929374,43162,5.812625579754254,26850,3.615888902655153,33831,4.556020017345493,75240,10.13256912609958,71335,9.60668286297599,742556,48293,460,4367620,66827,20436,4.005912033025839,46501,9.115233678201928,58807,11.527484288811438,58014,11.372038592873412,52688,10.328023742222816,42836,8.396811893065907,28833,5.651911413595324,39016,7.648006649076931,125520,24.604721001438804,449974,222514,510146,142659,4.04435267932447
"Dickinson, ND Micro Area",0.2,2.1,0.1,89.1,0.7,7.7,19860,19860,"Dickinson, ND Micro Area",19860,2913,4999,26.56356698132155,219,30.560353484635467,8.539867443261699,34.33621209078128,24895,1153,8,306,284,525,0,0,9,0,29,54,594,120,6455,0,28857,1155,35.1,82133,19.7,962,25.6,989,17.797372683102395,1461,26.291164297282705,981,17.653410113370523,421,7.576030232139644,445,8.007917941335254,117,2.105452582328595,269,4.840741407234119,419,7.540039589706675,442,7.9539319776858015,5557,195,2,38107,240,464,9.046597777344513,952,18.561123025930986,442,8.617664262039385,370,7.213881848313511,645,12.575550789627608,275,5.361668941314096,301,5.868590368492884,325,6.336517839734841,848,16.53343731721583,4229,1406,5129,586,2.030703122292685
"Dixon, IL Micro Area",0.2,1.2,0.8,91.5,1.0,5.3,19940,19940,"Dixon, IL Micro Area",19940,2324,3089,19.35342071611253,186,37.24824168797954,9.514865728900256,33.88347186700768,25024,1900,0,550,669,298,45,0,5,18,29,16,182,291,7421,7,28099,1170,43.0,68459,19.0,853,24.5,1298,23.497465604634325,1130,20.45619116582187,767,13.8848660391021,521,9.43157132512672,270,4.887762490948588,191,3.457639391745112,399,7.22302679217958,554,10.02896451846488,390,7.060101375814627,5524,263,8,34058,398,173,4.835103409726104,568,15.874790385690329,465,12.996087199552822,497,13.89044158747904,292,8.16098378982672,347,9.698155394074902,163,4.555617663499162,191,5.3381777529346,616,17.216321967579653,3988,2167,3578,576,2.04989501405744
"Dodge City, KS Micro Area",0.1,0.9,0.0,95.7,1.2,2.1,19980,19980,"Dodge City, KS Micro Area",19980,1881,2862,20.71382412884625,69,27.96639658000696,23.045185663866384,28.27459362728041,20117,869,42,375,238,566,137,188,150,40,695,172,282,634,4757,0,24876,1024,31.9,70495,18.4,960,20.6,726,21.54942119323241,931,27.63431285247848,419,12.436924903532203,263,7.806470762837637,114,3.383793410507569,95,2.8198278420896408,244,7.242505194419708,328,9.735826654793708,247,7.331552389433066,3369,1114,3,34133,212,274,6.555023923444976,750,17.942583732057415,801,19.16267942583732,597,14.282296650717704,358,8.564593301435407,253,6.052631578947368,229,5.478468899521531,211,5.047846889952154,326,7.7990430622009566,2187,1620,4180,816,3.280270139893873
"Dothan, AL Metro Area",0.1,0.7,0.1,94.1,1.0,4.0,20020,20020,"Dothan, AL Metro Area",20020,10421,14279,20.9491340258615,612,33.06429587214285,13.967658997372412,32.01891110462324,106181,6418,17,2653,2663,2669,41,218,82,118,637,550,1484,2132,28690,89,121241,6025,41.4,56772,18.5,878,27.8,5311,23.82575927504374,4359,19.554977345116864,2974,13.341707415548877,1659,7.442465569063747,1354,6.074200349917007,772,3.4632811448566683,835,3.745906419631241,2769,12.422053743663362,2170,9.734870575568614,22291,1472,6,151804,1328,811,4.283299883806908,2205,11.645716700116193,2209,11.666842716805746,2054,10.848209570085562,1894,10.003168902503432,1455,7.684588570824971,848,4.478715538185275,1345,7.103623111862259,3891,20.55033273476286,16265,7312,18934,3045,2.5115266287806928
"Douglas, GA Micro Area",0.1,2.5,0.1,90.9,3.3,3.1,20060,20060,"Douglas, GA Micro Area",20060,2820,2725,12.917933130699089,225,38.78887070376432,21.638999298573765,26.654196866962828,34216,2932,20,1324,1202,826,260,101,113,127,600,180,654,1112,10340,0,40013,1067,36.5,48038,19.3,697,25.5,1095,24.22030524220305,697,15.416943154169433,548,12.12121212121212,430,9.511170095111702,444,9.82083609820836,65,1.43773501437735,155,3.4284450342844504,543,12.01061712010617,499,11.037381110373811,4521,885,0,51422,403,246,3.628318584070796,878,12.949852507374631,633,9.336283185840708,758,11.179941002949851,344,5.073746312684365,509,7.507374631268436,340,5.014749262536873,442,6.519174041297935,950,14.011799410029498,4894,1406,6780,969,2.421712943293429
"Dover, DE Metro Area",0.3,2.2,1.1,87.6,1.1,7.6,20100,20100,"Dover, DE Metro Area",20100,11010,20394,26.73821258287714,1209,33.650126021415616,9.804787208424973,29.806874187282272,124582,6553,0,2023,2109,2905,85,41,58,149,220,234,1860,887,35369,27,147819,10270,38.5,72872,22.0,1285,31.6,5665,16.98497886247114,6261,18.771924564506943,5664,16.981980631427458,4326,12.970347494977965,2092,6.2722993433874015,1708,5.120978622612658,1590,4.767187359457919,2522,7.561538692171618,3490,10.46382634245795,33353,1546,71,185043,1438,468,2.301563883151372,1183,5.817842037965968,2503,12.309432477623684,1631,8.021048490213435,3054,15.01917969902626,1898,9.334120192780563,1563,7.686633225140159,1800,8.85216878135143,4808,23.645126389298717,16779,9345,20334,4868,3.2932167042125844
"Dublin, GA Micro Area",0.1,0.5,0.0,94.9,0.8,3.7,20140,20140,"Dublin, GA Micro Area",20140,3340,3413,16.335722106101326,253,40.718622474370456,15.7335523041704,27.212103115357817,40188,2716,4,1432,1592,875,36,46,12,54,323,130,235,1108,13648,0,46456,2437,41.1,50316,18.9,757,28.7,1249,23.63739591218773,760,14.383043149129447,775,14.666919000757003,449,8.497350492051476,262,4.958364875094625,198,3.747161241483724,120,2.2710068130204397,776,14.685844057532172,645,12.20666161998486,5284,473,3,58811,462,451,6.352112676056337,509,7.169014084507042,735,10.352112676056338,1060,14.929577464788732,454,6.394366197183099,506,7.126760563380281,467,6.577464788732394,492,6.929577464788732,1511,21.28169014084507,5081,2515,7100,1470,3.1642844842431552
"DuBois, PA Micro Area",0.2,3.0,0.1,88.1,1.4,7.2,20180,20180,"DuBois, PA Micro Area",20180,6089,7882,20.05706327910057,325,46.47939947691994,9.566590808736116,23.89694643524337,58882,3353,0,1189,1145,884,13,3,3,42,35,151,700,663,24015,3,66233,2989,45.6,60181,18.0,788,27.3,3092,26.422833703640404,2450,20.93659203554948,1644,14.04888053324218,1045,8.930097419244573,410,3.5036745855409333,272,2.324388993334473,409,3.495129037771321,1299,11.100666552726029,1070,9.143736113484874,11702,655,147,78902,614,347,4.989933851020996,787,11.317227494966923,955,13.7331032499281,669,9.620362381363243,556,7.995398331895312,592,8.513085993672705,345,4.961173425366695,462,6.643658326143227,1323,19.02502157031924,4868,3114,6954,2143,3.2355472347621275
"Dubuque, IA Metro Area",0.2,2.5,1.0,84.6,0.7,11.0,20220,20220,"Dubuque, IA Metro Area",20220,7227,14411,32.86459037574556,725,32.52505220774928,5.925391745917279,28.68496567058788,66561,2373,0,816,850,662,87,18,27,6,107,87,421,325,19276,0,79477,5741,38.8,75919,19.2,944,27.3,4004,21.78929037875489,4122,22.43143230300392,2652,14.431867653461037,1914,10.415759686547672,1102,5.996952546800174,771,4.195690030474532,753,4.097736177622986,1702,9.262080975185023,1326,7.215933826730518,18376,538,0,98948,998,489,4.4903581267217625,1116,10.24793388429752,1761,16.170798898071624,1290,11.84573002754821,903,8.292011019283747,650,5.968778696051423,635,5.831037649219467,650,5.968778696051423,2651,24.343434343434343,7915,3951,10890,2022,2.544132264680348
"Duluth, MN-WI Metro Area",0.5,3.4,1.3,84.6,0.9,9.3,20260,20260,"Duluth, MN-WI Metro Area",20260,26931,39451,30.80476550217449,2762,26.668640382220225,5.265736978581783,37.2608571370235,195908,7543,24,1848,2369,2257,8,2,13,126,99,262,927,831,44703,33,233684,14635,41.6,71067,19.1,959,30.4,11396,22.315344246886504,11168,21.86888070807551,7853,15.37753583457351,4802,9.403148742852666,3031,5.935223623404089,1903,3.726404010339156,2278,4.460719041278296,4867,9.530430014882118,3630,7.108169499490876,51068,1421,96,280710,3501,1391,4.300909034691732,2643,8.172036361387669,3330,10.296209263496385,3764,11.638117617958072,3480,10.760002473563787,2940,9.090346917321131,2006,6.202461195968091,2755,8.518335291571331,7435,22.988683445674354,31466,14600,32342,6071,2.5979527909484603
"Dumas, TX Micro Area",0.0,4.1,0.2,94.0,0.3,1.4,20300,20300,"Dumas, TX Micro Area",20300,910,1132,12.04559948979592,32,34.94100765306122,29.80707908163265,23.206313775510203,12544,353,10,369,239,399,95,97,102,67,964,133,381,237,4030,0,15300,333,30.6,61325,20.3,894,21.6,432,19.51219512195122,530,23.938572719060524,236,10.659439927732612,290,13.098464317976513,148,6.684733514001806,223,10.07226738934056,35,1.5808491418247517,114,5.149051490514905,174,7.8590785907859075,2214,646,0,21234,14,196,7.08092485549133,639,23.085260115606932,306,11.054913294797688,410,14.8121387283237,146,5.27456647398844,328,11.84971098265896,100,3.6127167630057806,139,5.021676300578035,282,10.1878612716763,1235,766,2768,219,1.431372549019608
"Duncan, OK Micro Area",0.4,1.2,0.1,92.4,1.1,4.8,20340,20340,"Duncan, OK Micro Area",20340,1598,3893,19.490428955313007,150,40.76900109478154,11.694257373187805,28.046312576717646,30143,1721,5,564,946,594,67,92,19,26,174,75,249,361,10568,6,34487,1690,40.9,60236,18.3,865,26.2,1294,21.445144182963208,1430,23.69903878024528,586,9.71163407358303,594,9.84421610871727,326,5.402717931720251,136,2.253894597282068,350,5.800464037122969,752,12.462711302618496,533,8.833278090818695,6034,332,15,43314,142,265,6.030951297223487,566,12.881201638598087,570,12.97223486572599,379,8.625398270368684,364,8.284023668639055,243,5.530268548020027,186,4.233045061447428,364,8.284023668639055,795,18.09285389167046,4284,2572,4394,996,2.888044770493229
"Durango, CO Micro Area",2.2,4.4,0.4,74.2,0.8,17.9,20420,20420,"Durango, CO Micro Area",20420,3387,12097,47.259687171076784,955,21.01192078917093,3.595819156487896,28.13257288326439,40853,1355,0,344,403,262,0,20,21,5,88,18,138,65,7229,0,47197,5069,42.3,85296,22.4,1409,30.9,1404,14.40443213296399,1953,20.036934441366576,1748,17.93372319688109,1008,10.341643582640812,729,7.479224376731302,653,6.699497281214732,549,5.632502308402586,636,6.525084641428132,997,10.228788345131836,9747,105,0,56088,1186,345,5.120213713268032,590,8.75630750964678,639,9.48352626892253,736,10.923122588305135,666,9.884238646482636,538,7.98456515286435,340,5.046007717423568,693,10.284951024042744,1602,23.775601068566345,6005,2101,6738,939,1.9895332330444733
"Durant, OK Micro Area",0.3,2.1,0.0,88.9,1.0,7.7,20460,20460,"Durant, OK Micro Area",20460,1803,5226,24.38776482546136,274,34.34551980433885,12.355874598989931,28.910840771209863,31483,1890,3,679,907,431,18,33,47,77,177,198,388,626,8923,0,37321,1945,36.8,54280,18.7,914,28.3,1212,22.03235775313579,1378,25.049990910743503,676,12.288674786402472,497,9.034720959825489,399,7.253226686057081,221,4.017451372477732,188,3.4175604435557174,493,8.962006907834938,411,7.471368842028722,5501,306,0,47237,233,249,3.7477423239012646,768,11.55930162552679,779,11.724864539434074,689,10.370258880192656,698,10.505719446116798,562,8.458759783263096,349,5.252859723058399,668,10.054184226369657,1127,16.962673088500903,4522,2777,6644,1041,2.7893143270544734
"Durham-Chapel Hill, NC Metro Area",0.7,2.5,2.2,72.5,1.5,20.6,20500,20500,"Durham-Chapel Hill, NC Metro Area",20500,30721,107279,52.33692116987199,22990,16.96780765596043,8.87124289694277,21.824028277224805,407395,10945,205,5343,4406,4474,930,1177,365,1300,3384,908,3325,3969,58181,83,489448,63329,37.6,81017,18.8,1374,29.6,21582,21.827339293660746,21121,21.36109874994943,14495,14.659775880901332,8000,8.090942190218051,5318,5.378453820947449,3710,3.752174440713621,4264,4.312472187386221,11816,11.95032161495206,8241,8.33468182369837,98876,6238,34,594291,19620,2739,2.954405721127398,7328,7.904302710632193,10679,11.51883851621741,12996,14.018056499368994,10541,11.369985654035746,8848,9.543841482488215,5182,5.589532839314414,6997,7.547271570181967,21555,23.2501698864188,42181,16008,92709,12176,2.487700429872019
"Dyersburg, TN Micro Area",0.1,0.2,0.0,94.2,1.0,4.5,20540,20540,"Dyersburg, TN Micro Area",20540,1865,3337,21.64277442798387,321,40.63410933194905,10.84135287305834,26.881763367008745,25043,2748,0,521,713,258,0,14,73,14,33,170,339,359,7428,0,28837,1293,40.0,54973,17.3,760,25.4,1577,34.53032625355814,649,14.210641559010291,826,18.08627107510401,309,6.765929494197503,87,1.9049704401138603,104,2.2772060433545,170,3.722356032406394,411,8.999343113641341,433,9.481059776658638,4567,198,23,36681,469,290,5.179496338631898,755,13.484550812645116,689,12.305768887301303,721,12.877299517771029,360,6.429719592784426,331,5.911769958921236,327,5.84032863011252,400,7.1441328808715845,1094,19.539203429183782,3001,1866,5599,636,2.205499878628152
"Eagle Pass, TX Metro Area",0.0,1.0,0.1,92.8,1.6,4.4,20580,20580,"Eagle Pass, TX Metro Area",20580,2198,3794,15.327175673244168,45,28.354225394350145,32.27373598032748,24.04486295207821,33346,2328,146,767,1017,1405,173,401,117,254,1713,510,797,1681,7127,6,41645,845,30.2,51270,20.0,789,29.4,841,15.357925493060629,1493,27.26442658875091,597,10.902118334550767,617,11.26734842951059,302,5.514974433893353,143,2.6113951789627463,394,7.1950328707085465,384,7.012417823228634,674,12.308254200146092,5476,1755,20,57770,427,362,6.315422191207258,800,13.956734124214934,418,7.292393579902303,502,8.757850662944872,441,7.693649685973482,564,9.839497557571528,411,7.170272156315423,431,7.519190509420795,1018,17.759944173063502,3710,2110,5732,1847,4.435106255252731
"Easton, MD Micro Area",1.2,2.7,0.6,79.9,1.2,14.3,20660,20660,"Easton, MD Micro Area",20660,2112,6614,41.3258505787443,658,23.535601543318137,8.032269379165205,27.10627849877236,28510,759,0,366,385,523,0,25,11,18,80,33,271,316,5951,0,31549,3199,51.1,84378,22.7,1248,30.3,1293,17.671176711767117,1033,14.117807844745114,1250,17.083504168375015,721,9.853765204318709,422,5.767391007243406,282,3.854038540385404,627,8.569085690856909,649,8.869755364220309,1013,13.844471778051116,7317,253,9,37707,1311,120,2.710639259091936,401,9.058052857465553,455,10.277840524056923,605,13.66613959792184,424,9.577592048791509,219,4.946916647842783,259,5.850463067540095,392,8.854754913033656,1161,26.22543483171448,3535,2081,4427,663,2.1014929157818
"East Stroudsburg, PA Micro Area",0.1,1.3,3.3,84.1,1.4,9.9,20700,20700,"East Stroudsburg, PA Micro Area",20700,10025,20846,27.879709043534906,1141,35.46428601254353,9.684073390511346,26.971931553410226,119743,5978,0,1603,2005,3773,18,0,154,76,292,279,932,981,36488,31,139505,10163,43.9,82374,22.1,1347,32.2,5023,16.647885456714835,6248,20.707941137478457,4524,14.994034203897652,3361,11.13946705554819,2240,7.424101816253479,1381,4.577091342966989,1845,6.11494100490521,1858,6.158027310088824,3498,11.593530425560122,30172,1432,20,167784,1234,398,3.210195192773028,1303,10.509759638651396,1462,11.792224552347152,828,6.67849653169866,1205,9.719309566059042,1107,8.928859493466689,726,5.855783190837232,1145,9.235360542022908,3176,25.617035005646077,13840,8432,12398,5359,3.841439374932798
"Eau Claire, WI Metro Area",0.6,2.6,0.5,84.1,1.0,11.2,20740,20740,"Eau Claire, WI Metro Area",20740,17405,24425,30.923705181002703,1522,29.277284225612338,5.030778661279322,34.76823193210564,115827,3588,0,652,1220,1426,0,81,0,77,79,28,950,479,30323,19,141243,7903,38.2,72513,19.3,974,24.9,6058,21.679072430575435,6770,24.22702547953049,3968,14.19982822788434,3096,11.079301460062982,1620,5.797308903521328,1203,4.305038648726024,1186,4.244202691096478,1980,7.085599770970512,1969,7.046235327798454,27944,807,9,172886,1968,954,4.1801770221715895,3129,13.71045482429235,3670,16.080974498291123,3194,13.995267724125842,2327,10.196301814039083,1663,7.286828498816932,1257,5.507843309087723,1705,7.470861449478574,3917,17.1632635176584,15167,7699,22822,2882,2.040455102199755
"Edwards, CO Micro Area",0.5,2.9,4.5,79.5,1.2,11.3,20780,20780,"Edwards, CO Micro Area",20780,4280,13541,50.26926834155749,483,17.726623750720137,6.833153821105628,25.17095408661674,39923,955,177,363,134,663,0,0,0,0,616,89,279,140,6122,0,45352,4735,39.3,103174,24.5,2032,36.6,1434,15.004708590561892,1648,17.243904991105996,976,10.21240975201423,963,10.076383802448468,854,8.935858533012452,649,6.790833943706184,608,6.36182902584493,809,8.464999476823271,1600,16.74165533117087,9557,267,0,55374,1310,197,2.90517622769503,646,9.526618492847664,384,5.662881580887775,532,7.845450523521605,748,11.030821412770978,457,6.739418964754461,559,8.243621884677776,754,11.119303937472347,1999,29.47942781300693,3629,2140,6781,1414,3.117833833127536
"Effingham, IL Micro Area",0.1,2.6,0.2,86.5,0.6,10.1,20820,20820,"Effingham, IL Micro Area",20820,4720,5154,24.269931515699703,142,33.26980230003876,6.673988887453159,35.78627729680837,30956,1257,32,440,344,227,5,0,9,33,260,26,327,217,9042,0,35231,1641,40.0,74219,18.0,740,21.6,1663,22.80268750856986,1868,25.61360208419032,932,12.779377485259838,691,9.474838886603592,418,5.731523378582202,256,3.510215274921157,205,2.810914575620458,853,11.696146990264635,390,5.347593582887701,7293,146,0,44883,576,355,9.423944783647464,596,15.821608707194054,592,15.71542341385718,487,12.928059463764267,341,9.052296256968411,217,5.760552163525352,165,4.380143350146005,233,6.185293336872843,415,11.016724183700555,3913,2445,3767,519,1.4731344554511652
"El Campo, TX Micro Area",0.3,2.0,0.1,90.1,1.9,5.6,20900,20900,"El Campo, TX Micro Area",20900,3036,3900,19.225469577199217,77,31.343824787874397,16.056276742330844,33.374428892595546,27578,1459,111,441,467,583,85,151,39,224,598,115,312,785,7185,9,32507,1081,38.4,66100,21.7,986,27.1,1027,22.873051224944323,698,15.5456570155902,687,15.30066815144766,315,7.015590200445435,246,5.478841870824054,165,3.6748329621380846,565,12.583518930957686,291,6.481069042316258,496,11.046770601336304,4490,508,0,41651,244,217,4.782896186907648,589,12.982146793035046,587,12.938064800528984,504,11.10866211152744,375,8.265373594886489,238,5.245757108221292,199,4.386158254353097,447,9.852325325104696,949,20.916905444126076,3932,2236,4537,1364,4.196019318915925
"El Centro, CA Metro Area",0.3,2.8,0.5,88.1,1.9,6.5,20940,20940,"El Centro, CA Metro Area",20940,8600,12731,16.100269483279376,427,25.885768027346224,28.152863938073104,29.861098551301296,110582,4588,179,2950,3657,3188,502,1200,543,563,4405,733,2455,5734,24037,103,133703,3439,33.0,56393,23.7,1012,31.2,2203,12.980202686778222,3108,18.312514730143768,2609,15.372378034409614,1579,9.303558802733916,1182,6.964411972660852,1107,6.522507659674758,1173,6.911383455102523,1179,6.9467358001414095,2686,15.826066462408672,16972,4920,0,179319,1207,968,4.585070102311482,1874,8.87646835922698,1853,8.77699886320576,2270,10.75217885562713,2490,11.794240242516103,1935,9.165403561955284,1368,6.4797271693823415,1697,8.038082607048125,5409,25.620500189465705,18373,6048,21112,8809,6.588483429691181
"El Dorado, AR Micro Area",0.0,1.6,0.1,91.8,0.4,6.1,20980,20980,"El Dorado, AR Micro Area",20980,2025,3278,18.91933145081279,67,40.09005571243227,12.043043577806609,28.94756925894833,26206,1526,0,766,667,611,0,0,0,33,82,145,260,387,8980,0,30434,1326,41.5,50221,19.4,825,27.9,1077,21.788387618854944,869,17.580416750960957,424,8.577786769168522,398,8.051790410681772,576,11.652842403398743,87,1.7600647380133525,233,4.7137365972081735,605,12.239530649403196,635,12.846449524580214,4943,175,30,38368,287,240,5.862237420615535,404,9.86809965803615,491,11.993160723009282,385,9.40400586223742,391,9.550561797752808,320,7.816316560820713,158,3.859306301905227,341,8.329262335124572,758,18.514899853444064,4084,1477,4094,741,2.434776894262995
"Elizabeth City, NC Micro Area",0.0,2.5,0.0,87.2,1.9,8.5,21020,21020,"Elizabeth City, NC Micro Area",21020,2970,4978,26.85548967783413,261,28.352025144653187,10.00071433673834,34.79177084077434,27998,1827,0,470,612,348,1,35,0,0,70,61,241,515,6111,0,32906,1789,39.0,63912,21.6,1146,31.2,1083,17.261715014344915,1496,23.844437360535544,902,14.376793114440549,831,13.245138667516738,320,5.100414408670704,279,4.4469238125597705,399,6.359579215811284,268,4.271597067261715,685,10.918074593560728,6274,447,0,40830,491,428,7.961309523809524,322,5.989583333333334,338,6.2872023809523805,538,10.007440476190476,815,15.15997023809524,398,7.403273809523809,399,7.421875,741,13.783482142857142,1090,20.27529761904762,4912,1859,5376,1239,3.765270771287911
"Elizabethtown, KY Metro Area",0.2,2.3,0.2,87.9,1.6,7.8,21060,21060,"Elizabethtown, KY Metro Area",21060,8920,11977,23.33643527734913,381,31.3795012545204,8.375248842660762,36.90881462546971,84893,4991,11,1760,1043,1062,12,105,27,93,188,325,661,1068,21648,0,99203,6368,37.8,67630,18.7,935,23.7,4265,21.985669364400227,4054,20.897984432187226,3064,15.79462858910253,1312,6.763235218310222,958,4.938398886540544,771,3.974431671735657,1080,5.5672972833651215,2370,12.21712459405124,1440,7.423063044486828,19399,743,12,126480,1085,1300,7.288221113415933,2220,12.446039132141056,2717,15.2323821270393,2699,15.131468296238156,1611,9.03178785670236,1357,7.607781577619555,695,3.8963951337108256,859,4.815832258787913,3006,16.852609743790996,13641,8772,17837,3542,3.570456538612744
"Elk City, OK Micro Area",0.0,4.0,1.2,88.9,1.8,4.0,21120,21120,"Elk City, OK Micro Area",21120,1265,1299,13.2888389612106,81,41.96788475517082,15.687570210797594,29.055706072820985,15133,1542,0,524,536,214,0,19,0,50,35,97,276,446,4809,0,17607,576,37.1,52323,23.4,821,28.7,355,15.190415062045355,424,18.14291827128797,372,15.917843388960208,258,11.0397946084724,173,7.40265297389816,138,5.905006418485238,97,4.150620453572957,130,5.562687205819426,374,16.003423192126657,2337,170,7,22202,55,223,8.09437386569873,71,2.577132486388385,331,12.014519056261342,162,5.88021778584392,250,9.074410163339383,176,6.388384754990925,96,3.4845735027223235,163,5.916515426497278,473,17.16878402903811,1870,1262,2755,507,2.879536547963878
"Elkhart-Goshen, IN Metro Area",1.3,2.1,0.3,90.7,0.8,4.8,21140,21140,"Elkhart-Goshen, IN Metro Area",21140,8859,16723,19.731802230903902,863,36.91159718346471,17.79906574209283,25.55753484353856,130799,8323,253,2598,3065,2994,23,84,113,182,993,120,7531,2592,39957,25,156106,6708,35.5,65617,18.6,1023,30.2,6943,21.242160012238028,6838,20.920911733210957,4281,13.097751262046812,2688,8.223955943093161,2193,6.709499770536944,1392,4.258834327673244,1198,3.665289888327979,4242,12.978430472693898,2528,7.734434756004284,32685,2701,7,206868,1515,811,3.930406125811767,1562,7.570030047494426,2460,11.9220703692934,2335,11.316274110691092,2099,10.172530774449935,1846,8.946399147038868,1315,6.372976640496268,1452,7.036929339924397,4789,23.20926625957158,15462,9108,20634,3492,2.236941565346624
"Elkins, WV Micro Area",0.1,2.3,0.0,85.1,5.5,7.0,21180,21180,"Elkins, WV Micro Area",21180,966,2675,18.96196824152127,139,49.18153303273868,12.22799451088022,19.62850421485983,20404,1693,0,569,561,238,3,57,0,41,39,184,320,312,8342,0,23241,930,44.2,55057,17.4,807,27.9,719,23.193548387096776,638,20.580645161290324,395,12.741935483870966,306,9.870967741935484,193,6.225806451612903,89,2.870967741935484,55,1.7741935483870968,513,16.548387096774196,173,5.580645161290323,3100,171,0,27782,125,181,7.617845117845118,126,5.303030303030303,161,6.776094276094276,298,12.542087542087543,270,11.363636363636363,173,7.281144781144781,153,6.4393939393939394,74,3.114478114478114,409,17.213804713804713,1996,1043,2376,816,3.5110365302697817
"Elko, NV Micro Area",0.1,3.7,10.5,78.8,1.1,5.8,21220,21220,"Elko, NV Micro Area",21220,3858,3995,17.55600476282779,304,32.990889707307616,12.530113809431509,36.92299172043308,36113,1921,0,619,660,986,4,0,100,63,511,47,191,245,9993,0,42507,1703,35.7,83305,19.9,1122,22.9,1433,18.30841957327201,1443,18.436182445381373,1111,14.194455091350452,622,7.946850645202503,552,7.052510540436948,677,8.649546441804013,146,1.8653379327967292,1048,13.389548997061452,746,9.53111025935863,7827,1091,8,55512,338,396,6.748466257668712,977,16.64962508520791,825,14.059304703476483,725,12.355146557600545,371,6.322426721199727,295,5.027266530334015,338,5.760054533060668,466,7.941376959781868,845,14.40013633265167,5628,3848,5868,1182,2.7807184698990755
"Ellensburg, WA Micro Area",0.9,5.8,0.4,78.3,1.3,13.2,21260,21260,"Ellensburg, WA Micro Area",21260,2528,6588,35.254133078289385,521,27.15193332422462,6.940838912419729,30.653094685066268,29276,1521,8,315,479,538,9,13,18,0,88,16,55,329,6428,0,37765,2639,37.9,69928,23.7,1253,32.6,1195,16.16831281288053,1358,18.3736977404952,1002,13.557028818833716,690,9.335678527939386,620,8.388580706264376,387,5.236097956974699,428,5.7908266810986335,386,5.222567988093627,1314,17.77837910972805,7391,148,16,44736,573,298,4.0379403794037945,431,5.84010840108401,942,12.764227642276424,601,8.143631436314363,668,9.051490514905147,686,9.29539295392954,375,5.08130081300813,431,5.84010840108401,2166,29.34959349593496,4170,2276,7380,1183,3.132530120481928
"Elmira, NY Metro Area",0.3,2.5,1.5,87.1,1.6,7.1,21300,21300,"Elmira, NY Metro Area",21300,7936,8778,26.88530760281941,573,32.94155888592349,9.11517142270581,31.05796208855129,58452,3742,0,1172,1036,1270,15,9,20,92,101,67,457,496,15513,0,67351,5618,41.9,63469,18.3,1020,31.4,3242,24.926956789174227,2816,21.651545440565894,1770,13.6091034906966,975,7.496540058434569,645,4.9592495771182525,402,3.0908811317853297,432,3.321543902814086,1351,10.387513455328309,1310,10.072274334922342,13006,591,2,82805,746,294,2.7914925939992403,746,7.083175085453855,1066,10.121534371439422,1432,13.596657804785416,1200,11.39384732244588,794,7.538928978351691,580,5.507026205848842,683,6.484998101025447,3114,29.56703380174705,6189,4029,10532,2475,3.674778399726805
"El Paso, TX Metro Area",0.1,1.5,0.9,87.7,2.0,7.8,21340,21340,"El Paso, TX Metro Area",21340,50279,93069,25.309089440950476,4736,24.8937892154074,19.43579363083976,30.361327712802368,544907,34299,608,7431,7896,15460,1767,3988,2429,3545,18861,3027,8099,12333,101349,184,666359,33461,33.3,58800,22.7,1045,31.2,16181,16.214239190340194,18753,18.79152262137381,14497,14.526779898792524,10236,10.25702690515557,7488,7.503381932962573,4720,4.729695876546921,7199,7.213788265945189,6589,6.602535197154166,13157,13.18402725587454,99795,20127,152,869606,6645,4408,4.086589718629768,7566,7.014323459880406,12469,11.55982014555231,12533,11.619153571594122,10756,9.97172391415195,9681,8.975107773605897,7456,6.912344133871043,10252,9.504473184072683,24847,23.03527557595142,80492,34670,107865,24736,3.7121131402142087
"Emporia, KS Micro Area",0.3,4.5,0.2,87.7,0.7,6.6,21380,21380,"Emporia, KS Micro Area",21380,1606,3428,27.851247420746574,272,33.29581691990246,10.52804351903958,28.324892140311388,21324,1032,34,241,407,141,5,147,49,124,171,59,275,217,6068,7,27894,1987,34.0,58788,20.4,796,25.9,984,21.564760026298487,820,17.97063335524874,876,19.19789612097304,552,12.097304404996711,248,5.435020819636204,143,3.133903133903134,197,4.317335086565856,397,8.700416392724085,331,7.253999561691869,4563,368,0,34724,252,433,7.3452078032230705,713,12.094995759117896,774,13.129770992366414,700,11.874469889737066,520,8.821034775233247,354,6.005089058524173,167,2.8329092451229854,522,8.854961832061068,1241,21.051738761662424,2647,1787,5895,446,1.598910159891016
"Enid, OK Metro Area",0.4,1.2,0.1,93.5,0.6,4.2,21420,21420,"Enid, OK Metro Area",21420,3332,6251,22.30116097730029,180,36.76510631977622,12.47617397331485,28.457558729608635,40397,2369,3,677,1064,1238,16,108,14,74,165,91,319,554,12483,0,47878,2178,35.7,67302,19.0,915,24.6,1523,19.664299548095546,1921,24.8030987734022,1215,15.687540348612009,553,7.140090380890897,489,6.313750806972241,226,2.918011620400258,299,3.8605551969012266,757,9.774047772756616,657,8.482892188508716,7745,717,0,62322,400,246,2.9043683589138136,1286,15.182998819362457,1615,19.067296340023614,739,8.724911452184179,481,5.678866587957497,624,7.367178276269186,622,7.343565525383708,560,6.6115702479338845,1475,17.414403778040143,5637,2527,8470,1250,2.610802456242951
"Enterprise, AL Micro Area",0.3,0.4,0.1,93.8,1.5,4.1,21460,21460,"Enterprise, AL Micro Area",21460,4721,4497,21.528831562974204,366,29.08085844352916,13.97680468241925,35.413505311077394,36904,1932,24,1047,1191,674,8,57,10,116,264,250,351,568,8800,0,42821,2525,38.8,64672,19.2,970,25.8,1896,23.646794711898227,1541,19.219256672486903,1041,12.98328760289349,674,8.406086305811924,390,4.864055874282864,470,5.86181092541781,263,3.280119730606136,819,10.214517335994014,905,11.28710401596408,8018,596,2,54231,557,278,4.331567466500467,791,12.324711748208165,723,11.265191648488626,833,12.979121221564348,741,11.545652851355564,379,5.905266438142723,234,3.645995637270177,292,4.549703957619196,1216,18.94671237145528,5563,2785,6418,999,2.332967469232386
"Erie, PA Metro Area",0.4,3.2,1.1,85.7,1.5,8.2,21500,21500,"Erie, PA Metro Area",21500,18630,34597,29.627087009455565,2489,37.51870464626095,7.418034765166183,25.4361735791173,186451,8641,1,2625,3010,2629,134,17,151,92,300,545,756,1526,61313,0,219857,15198,40.1,61476,18.9,876,29.9,9048,22.241341166637987,8844,21.739878567390186,4887,12.012979031980532,3833,9.422088935866867,2869,7.052432339421351,1614,3.967454094048819,1727,4.245225043632162,4319,10.616749834074875,3392,8.338044787492933,40681,2030,15,269544,2956,1519,4.356804818585975,3273,9.387638032410726,4009,11.498637602179835,3687,10.57507529040585,3726,10.686935321956115,2576,7.388498494191883,2049,5.8769539652947085,2782,7.979348917252259,8713,24.990678330704142,17883,10913,34865,7185,3.2680333125622565
"Escanaba, MI Micro Area",0.6,2.3,0.5,90.3,0.7,5.5,21540,21540,"Escanaba, MI Micro Area",21540,4017,3905,20.01762049851327,105,35.11618516207188,7.565801549135494,37.30039279027936,27241,954,0,431,390,608,0,1,5,9,16,50,134,246,8612,11,30755,1225,47.8,54829,19.6,698,26.3,1312,20.878421387651176,1207,19.207511139401657,806,12.826225334182052,571,9.08656906429026,402,6.397199236155315,288,4.583068109484405,282,4.487587523870147,701,11.155315085932529,681,10.837046467218332,6284,160,0,36829,218,141,4.149499705709241,347,10.211889346674514,351,10.32960565038258,581,17.098293113596235,441,12.978222483814008,151,4.4437904649794,221,6.503825779870512,175,5.150088287227781,662,19.48204826368452,3824,2320,3398,808,2.6272150869777278
"Española, NM Micro Area",0.0,2.5,0.7,86.1,1.3,9.3,21580,21580,"Española, NM Micro Area",21580,2305,3019,18.82830168359838,236,33.47453063861866,13.612377499371792,34.084790178411176,27857,1343,0,620,947,309,30,13,92,56,252,150,547,535,7982,0,32168,1910,42.4,53901,19.2,760,22.4,807,21.57177225340818,568,15.183106121357923,459,12.269446672012831,241,6.442127773322641,166,4.437316225608126,245,6.549051055867415,130,3.475006682705159,573,15.316760224538896,517,13.819834268912055,3741,241,0,40165,80,360,10.965580261955528,376,11.452939384709108,398,12.12305817849528,188,5.726469692354554,251,7.64544623819677,103,3.137374352726165,183,5.57416996649406,125,3.807493146512337,464,14.133414559853794,5638,1552,3283,853,2.651703556329271
"Eufaula, AL-GA Micro Area",0.1,1.3,0.2,92.3,0.5,5.5,21640,21640,"Eufaula, AL-GA Micro Area",21640,1659,1259,11.258657501432069,100,38.5564755506952,21.824714888298704,28.360152059574023,19203,1519,33,1058,780,639,49,92,21,43,125,167,458,403,5885,0,22159,610,41.7,43740,19.0,647,24.9,460,16.112084063047284,786,27.530647985989493,316,11.06830122591944,147,5.148861646234676,205,7.180385288966725,174,6.094570928196147,115,4.028021015761821,312,10.928196147110333,289,10.12259194395797,2855,239,84,26849,193,211,6.696286893049826,211,6.696286893049826,405,12.853062519834973,428,13.582989527134243,245,7.775309425579182,231,7.3310060298318,165,5.236432878451285,166,5.268168835290385,425,13.487781656616946,2611,1176,3151,755,3.407193465409089
"Eugene-Springfield, OR Metro Area",2.8,4.1,1.9,76.3,1.1,13.9,21660,21660,"Eugene-Springfield, OR Metro Area",21660,26542,52544,33.43287608613383,5566,22.811901666248264,6.857209230872992,36.89801301674491,266887,12053,49,2866,3802,4539,196,46,103,227,1101,411,1052,1471,48829,0,322492,24968,40.2,69311,23.2,1287,32.0,8402,14.166484007486217,10489,17.685342865332412,10265,17.307659882985718,6653,11.217521792645298,4982,8.400074187728675,3449,5.815306277293496,3483,5.872633158542548,4087,6.891028343084524,7341,12.377548095567285,59309,2370,68,382628,6150,1824,2.815423085234464,4212,6.5014046244559,6964,10.749235946037723,7198,11.11042509184083,8271,12.766647115117465,5427,8.376809804587412,3836,5.921032321797919,6051,9.33998086006236,17585,27.14320995276757,47777,24157,64786,13241,4.105838284360543
"Eureka-Arcata, CA Micro Area",1.0,5.3,0.8,79.5,1.5,11.9,21700,21700,"Eureka-Arcata, CA Micro Area",21700,9089,19521,32.085138242686774,1371,23.23760628910637,8.481736991282956,36.1955184769239,93495,2998,0,1097,1776,2043,43,254,32,83,453,28,475,634,18728,0,112770,6898,39.6,61135,25.7,1249,36.6,2082,12.257152949487814,2667,15.70116566584246,2517,14.81808548216178,2101,12.369009772754032,1421,8.365712940068292,974,5.734133992699871,1405,8.271517720475687,870,5.121865065347934,2822,16.613681855645826,16986,998,14,135418,2208,584,2.433434726446935,1346,5.608567023625985,2330,9.70873786407767,2252,9.383724321846744,2364,9.850410433768074,1652,6.883620150839619,1720,7.166965290220426,2752,11.467144464352682,7169,29.87207800325013,16714,8038,23999,5702,5.056309302119358
"Evanston, WY-UT Micro Area",0.0,3.0,1.0,87.9,0.7,7.5,21740,21740,"Evanston, WY-UT Micro Area",21740,1860,2330,21.65588097938488,105,34.25845620121422,5.297217959837214,38.78844485956368,14989,1008,0,116,175,100,3,4,22,2,50,40,113,61,4127,0,17438,668,36.8,81526,17.8,876,20.5,905,25.651927437641724,1077,30.52721088435374,526,14.909297052154194,145,4.109977324263038,174,4.931972789115646,23,0.6519274376417233,218,6.179138321995465,265,7.511337868480726,195,5.5272108843537415,3528,108,0,23193,143,53,2.7676240208877285,348,18.172323759791123,419,21.879895561357703,315,16.449086161879894,201,10.49608355091384,123,6.422976501305483,11,0.5744125326370757,103,5.3785900783289815,136,7.101827676240209,2427,1527,1915,381,2.184883587567381
"Evansville, IN Metro Area",0.3,2.3,0.7,89.1,1.0,6.7,21780,21780,"Evansville, IN Metro Area",21780,21219,34757,28.932854296562425,1418,31.925760041244423,7.454606969662795,31.686778692530357,186207,9500,0,2572,3144,3084,2,22,60,116,455,196,1225,1557,49948,4,216908,14736,39.9,67671,18.4,963,27.8,11716,23.833353675902195,11051,22.480572846739086,7151,14.546970991496805,3801,7.732210423532283,2887,5.872899629765247,1589,3.232434191789739,1740,3.5396069815696327,5372,10.92802799137475,3700,7.526750478050369,49158,1425,19,269721,2964,1696,5.050324578643321,3044,9.064379727234828,5061,15.07057352152939,3684,10.970162587100232,4038,12.024298731463285,2304,6.860818295515454,1769,5.267702936096718,2503,7.453397653504854,7343,21.86588053123697,25261,12523,33582,5337,2.4604901617275527
"Fairbanks-College, AK Metro Area",0.8,5.5,0.9,84.9,1.5,6.4,21820,21820,"Fairbanks-College, AK Metro Area",21820,6200,12151,33.70856274609113,1367,25.562435669122813,5.11869557403565,35.610306010750406,61207,3055,8,361,799,721,0,70,33,99,24,112,232,230,12591,0,74701,6173,32.4,84722,22.1,1424,29.1,2379,18.38769516153965,2158,16.67954861647859,2268,17.529757304065544,1492,11.531921471633948,928,7.172669655279024,491,3.795022414592673,971,7.505023960426651,916,7.079919616633173,1249,9.653733189055496,12938,444,0,95555,941,666,4.805888295569346,951,6.8624621157454175,1908,13.76822052244191,1633,11.783807187184298,1696,12.238418242170589,1119,8.074758262375523,692,4.993505556357339,1604,11.574541780920768,2797,20.183287631692885,10658,4938,13858,2118,2.8353034095929104
"Fairmont, MN Micro Area",0.1,4.1,0.1,86.6,1.3,7.8,21860,21860,"Fairmont, MN Micro Area",21860,1940,2182,23.78920418177939,164,34.0871915226513,5.32679041319963,36.79681388236968,14061,552,12,75,195,187,0,6,0,0,93,9,72,23,4241,8,15855,750,44.5,62969,17.2,735,29.4,1055,30.65969195001453,609,17.698343504795115,523,15.199070037779716,298,8.660273176402209,116,3.371113048532404,132,3.836094158674804,92,2.6736413833188024,398,11.566405114792213,218,6.335367625690207,3441,51,18,19864,249,201,8.23433019254404,178,7.292093404342482,228,9.34043424825891,165,6.759524784924212,313,12.822613682916836,264,10.815239655878738,203,8.316263826300696,200,8.19336337566571,340,13.928717738631708,1921,1313,2441,449,2.831914222642699
"Fairmont, WV Micro Area",0.0,2.8,0.5,86.1,1.3,9.3,21900,21900,"Fairmont, WV Micro Area",21900,3519,6327,25.839272802396447,406,38.52391281892367,7.7703749612643325,27.86643941741556,38724,2114,0,541,562,413,0,3,18,0,29,114,365,576,12804,0,46040,2972,40.4,67537,15.8,901,27.3,2643,29.73337833277084,1916,21.554730565867928,886,9.967375407807404,600,6.749915626054674,207,2.328720890988863,319,3.588705141185735,188,2.114973562830465,1484,16.694791315108564,627,7.053661829227134,8889,388,0,56042,301,214,3.853078862081383,750,13.503781058696434,455,8.192293842275838,736,13.2517104789341,388,6.9859560676989565,572,10.29888368743248,292,5.257472092185813,262,4.717320849837955,993,17.87900612171408,4969,2303,5554,1448,3.1450912250217207
"Fallon, NV Micro Area",1.0,4.1,2.4,86.6,0.9,5.1,21980,21980,"Fallon, NV Micro Area",21980,2272,2378,18.608322995376117,55,33.20175933235593,7.979023344987031,40.210894327280926,17734,1274,0,290,304,353,1,39,28,41,39,19,74,121,4614,1,20527,648,39.8,73268,19.8,1203,27.0,712,19.98877035373385,860,24.143739472206622,659,18.50084222346996,204,5.727119595732734,284,7.973048848961257,88,2.470522178551376,81,2.27400336889388,238,6.681639528354857,433,12.156092083099384,3562,105,0,25614,219,250,8.043758043758045,266,8.558558558558559,527,16.956241956241957,270,8.687258687258687,251,8.075933075933076,422,13.577863577863578,203,6.531531531531531,149,4.794079794079794,491,15.797940797940798,3132,1727,3108,753,3.668339260486189
"Fargo, ND-MN Metro Area",0.3,2.8,0.8,85.3,1.5,9.3,22020,22020,"Fargo, ND-MN Metro Area",22020,21545,45246,42.21712308155281,3595,19.13243555020564,4.379827465141941,34.27061390309961,159504,5182,0,1078,1120,1699,5,53,2,42,41,36,820,366,25335,44,201587,15401,33.0,75523,19.5,940,26.7,7865,20.068383047128165,9041,23.06907198081192,6910,17.631599091628182,4158,10.609578729810416,2137,5.452782526600495,1301,3.319639713199459,1794,4.5775815876094,3470,8.854073639355974,2440,6.225919216146565,39191,1677,3,254914,3096,1905,3.980608897339992,6361,13.291681467705876,6818,14.246609691372214,5992,12.520634389953402,6099,12.744217146916856,3559,7.436738617130201,2776,5.800614330192031,3814,7.96957602858516,8880,18.55527926949036,22723,10395,47857,4862,2.41186187601383
"Faribault-Northfield, MN Micro Area",0.6,6.7,0.4,78.3,1.3,12.8,22060,22060,"Faribault-Northfield, MN Micro Area",22060,4828,7825,29.698951665275068,783,32.952964096855,7.022914927173208,30.32516931069673,43116,2305,0,539,404,667,18,74,0,0,81,152,144,190,11903,0,54548,3430,37.1,82792,21.3,1046,28.9,2055,18.598968232419224,2209,19.992759525748937,1854,16.779799076839534,1211,10.96026789754729,850,7.69300389175491,495,4.480043442845506,504,4.56149877816997,757,6.851298760068785,1039,9.403565933568649,11049,759,0,67389,767,266,4.723850115432428,462,8.20458177943527,564,10.01598295151838,706,12.537737524418398,817,14.508968211685314,506,8.985970520333867,298,5.292132836085953,507,9.003729355354288,1142,20.28058959332268,5152,3095,5631,1624,2.977194397594779
"Farmington, MO Micro Area",0.0,1.6,0.2,89.4,2.3,6.5,22100,22100,"Farmington, MO Micro Area",22100,4273,4620,15.983763335741912,343,36.83427551324011,13.280486249840608,33.90147490117737,47054,3299,0,1425,1387,807,6,10,15,19,62,251,575,955,14033,0,54594,1990,39.2,54813,18.6,786,27.5,2369,23.450801821421503,1645,16.283904177390614,1673,16.561077014452582,980,9.701049297168876,379,3.751732330231637,352,3.48445852306474,249,2.4648584438725005,1461,14.462482676697682,946,9.364482280736487,10102,737,0,66864,568,548,7.362622598414617,943,12.66962246406019,874,11.742576917909444,641,8.612118769313447,930,12.494961708988312,564,7.577589681580007,529,7.107349187155716,642,8.625554212011286,1255,16.8614805857853,7221,4458,7443,1407,2.5772062864050995
"Farmington, NM Metro Area",0.1,2.5,0.2,91.4,0.3,5.6,22140,22140,"Farmington, NM Metro Area",22140,10022,7897,16.6460820639495,499,30.352932370223435,13.554649001334882,39.446336564492185,80157,3530,51,1963,2605,1451,109,162,85,241,344,251,1111,1625,20800,0,94414,4173,38.0,53020,22.0,917,28.6,2044,16.001252544230468,2489,19.484891185219976,1668,13.057773602630345,1149,8.994833255049318,859,6.724596837325818,506,3.961171128855488,962,7.530922185689683,1107,8.666040394551434,1851,14.490371066228278,12774,863,4,121178,774,654,5.342264335892828,1247,10.186244077765071,1040,8.495343898055873,1332,10.8805750694331,1441,11.770952458748573,989,8.078745303055056,510,4.165985950008168,1082,8.8384250939389,2349,19.188041169743503,16205,5392,12242,3887,4.116974177558412
"Fayetteville, NC Metro Area",0.1,4.5,0.5,87.1,1.4,6.5,22180,22180,"Fayetteville, NC Metro Area",22180,29207,41582,26.362121416843756,2003,26.80636932765024,7.926447285993293,38.90506196951272,244233,8967,81,3231,3906,3229,76,200,168,208,880,564,1460,2639,56503,46,300680,17829,32.1,58909,21.6,1150,30.2,9493,17.450688431772644,10552,19.397415393665323,7378,13.562749315244766,5781,10.627033585176198,3445,6.33283700068016,2423,4.454125994963142,3324,6.110406441294876,4559,8.380668762293425,6969,12.810897259140791,54399,2549,122,389851,2971,1998,3.0886240319065066,4971,7.684459490794417,7452,11.519732875759402,8415,13.00839400825488,6768,10.46236609006168,5065,7.829770130934162,4374,6.7615823401196495,6115,9.452920898452597,14503,22.41957674411415,46768,19044,64689,11985,3.985965145669815
"Fayetteville, TN Micro Area",0.0,1.0,0.5,91.4,0.8,6.3,22190,22190,"Fayetteville, TN Micro Area",22190,1981,2850,19.277011540472078,127,43.28280188186095,13.024247054565926,24.41593952310105,24869,1694,0,785,764,459,104,5,16,45,66,133,290,371,9070,0,28574,1585,43.0,63115,19.0,782,22.6,1181,21.10058960157227,1238,22.118992317312845,850,15.186707164552438,438,7.825620868322315,356,6.360550294800786,210,3.7520100053600154,135,2.412006432017152,572,10.21976058602823,483,8.629623012328032,5597,201,0,35617,232,251,7.490301402566398,396,11.817367949865712,586,17.487317218740674,351,10.474485228290064,104,3.1035511787526118,146,4.35690838555655,332,9.907490301402566,220,6.565204416592062,450,13.428827215756492,2833,1258,3351,643,2.250297473227409
"Fayetteville-Springdale-Rogers, AR Metro Area",0.3,1.3,0.3,85.0,0.7,12.4,22220,22220,"Fayetteville-Springdale-Rogers, AR Metro Area",22220,24994,78933,34.96679236709328,5000,28.989141367262288,11.001327197009788,25.04273906863465,360911,16216,120,4741,4244,5623,612,1302,912,945,4137,1924,3917,5165,88409,55,439825,35320,34.6,77979,17.7,1094,25.0,20426,24.84431254257079,19155,23.29838474262917,10985,13.361146248905325,6580,8.00330835847037,4442,5.4028412960980825,2234,2.717232655444196,3198,3.889753819207941,10193,12.39783010606208,4861,5.912474457526516,82216,5999,9,563436,6946,4140,5.23573452043707,10654,13.473796033994336,11571,14.633498583569404,10194,12.892047753945771,8416,10.64346418454067,6259,7.915570619182517,4342,5.49119789558883,5012,6.338526912181303,12481,15.784348441926346,45991,19397,79072,10578,2.405047462058773
"Fergus Falls, MN Micro Area",0.5,3.1,0.7,83.4,1.3,10.9,22260,22260,"Fergus Falls, MN Micro Area",22260,7026,8019,27.369371873262928,419,28.108208263850287,6.033444506207152,38.48897535667964,43176,1173,29,357,556,494,3,33,8,0,34,13,380,215,10963,1,48652,2562,46.3,70912,20.6,805,28.0,2001,18.3292113217917,2204,20.18869652835028,1766,16.176605294494824,1058,9.69130713565998,833,7.630301364843821,439,4.021251259503527,659,6.036456902079325,1024,9.37986626362554,902,8.262343134560776,10917,482,0,60281,817,325,6.194015627977892,553,10.539355822374691,500,9.52925481227368,483,9.205260148656375,643,12.254621688583953,456,8.690680388793597,253,4.821802935010482,321,6.117781589479702,965,18.391461787688204,6710,2882,5247,1526,3.1365617035270903
"Findlay, OH Micro Area",0.4,2.1,0.1,88.2,0.8,8.5,22300,22300,"Findlay, OH Micro Area",22300,5034,9485,29.73230613594801,529,35.720399984436405,5.0931870355239095,29.454106844091672,51402,2153,6,377,784,466,26,0,0,2,41,18,197,359,16208,0,60454,4685,39.6,69699,17.9,926,25.9,3180,24.525682554372978,3131,24.14777109362949,2029,15.648619466296468,858,6.6173068024062935,834,6.432207311429893,415,3.20067869813358,418,3.2238161345056304,1478,11.399043652629954,610,4.704612062316828,12966,331,11,74885,584,381,3.911302740991685,996,10.224822913458578,1467,15.060055435786882,1511,15.511754439995892,1358,13.941073811723642,644,6.61123087978647,535,5.492249255723232,520,5.338260958833796,1795,18.42726619443589,6254,3852,9741,1262,2.0875376319184835
"Fitzgerald, GA Micro Area",0.0,0.6,0.7,92.4,2.5,3.8,22340,22340,"Fitzgerald, GA Micro Area",22340,1108,917,12.107975888879183,19,48.76386826242683,15.724644011531405,23.403511837162576,11447,720,0,422,279,290,0,0,0,0,121,79,167,305,4862,0,13461,374,38.5,39081,19.2,692,23.8,355,19.430760810071156,489,26.76518883415435,270,14.77832512315271,156,8.538587848932677,147,8.045977011494253,0,0.0,17,0.9304871373836892,148,8.10071154898741,239,13.081554460864805,1827,137,0,17138,76,94,3.265022577283779,327,11.358110455019103,255,8.857242097950676,542,18.825981243487323,171,5.939562348037513,219,7.606807919416464,40,1.3893713094824591,24,0.8336227856894755,509,17.679749913164294,1275,296,2879,360,2.674392689993314
"Flagstaff, AZ Metro Area",1.5,7.4,1.9,76.7,0.9,11.6,22380,22380,"Flagstaff, AZ Metro Area",22380,7509,20482,39.61938901319695,2474,21.41536143202886,8.02548061555322,30.93976893922097,87596,2240,66,1192,1376,1045,28,62,75,195,432,210,628,772,16519,21,119360,9806,32.4,69748,20.4,1406,31.3,3038,18.90949831943234,2919,18.1688036848002,1949,12.131208763849122,1699,10.575127598655545,1148,7.145524710568902,661,4.114278600771816,941,5.857089505788622,1859,11.571019544379435,1750,10.892568156355036,16066,920,8,144643,1943,1525,6.907641436789419,1679,7.605199981881597,2000,9.05920188431399,2397,10.85745345835032,2155,9.761290030348327,1944,8.8055442315532,1570,7.111473479186484,1702,7.709380803551206,5544,25.112107623318387,15066,4527,22077,4867,4.077580428954423
"Flint, MI Metro Area",0.1,1.0,1.1,87.9,0.7,9.2,22420,22420,"Flint, MI Metro Area",22420,31060,41695,22.83822920976417,1638,31.55486282510379,9.10861284293724,36.4982951221948,280372,12557,21,5512,5984,5428,19,119,280,300,315,489,1349,2536,75914,45,324212,17155,40.6,60673,19.7,936,31.1,14117,21.06794812482278,13823,20.629187995284077,9953,14.853672004417447,6144,9.16919127852314,3949,5.89341412091274,3270,4.88008715507335,3128,4.668168997268942,6308,9.413941826973302,5885,8.782664497739043,67007,3137,4,404087,3544,2102,4.333127190270048,3833,7.901463615749329,5520,11.379097093382809,5429,11.19150690579262,4634,9.552669552669553,3521,7.258297258297258,3098,6.386312100597815,4023,8.293135435992578,12428,25.619459905174192,49237,22034,48510,15690,4.839426054556895
"Florence, SC Metro Area",0.1,0.9,0.1,90.1,1.8,7.1,22500,22500,"Florence, SC Metro Area",22500,15112,18913,22.39133476183113,1489,34.39366159329048,12.65325056882193,30.561753076056466,135807,5503,44,3627,4047,3480,51,390,142,309,486,467,961,1412,41206,31,158874,8722,39.9,53874,18.3,898,31.5,6359,24.755713006579203,4230,16.467473819441743,3055,11.89317553626348,1858,7.233230817144859,1413,5.500836999260327,1008,3.924163973994628,1366,5.317865067933196,3574,13.913652820492857,2624,10.21528399579554,25687,1721,16,199675,1285,1660,6.3873177113394135,2038,7.841779214282966,2542,9.781061218207704,2101,8.084189464773559,2259,8.692138981876948,1238,4.763553811227827,1572,6.048712917003347,2624,10.096579322020856,5911,22.744237946823656,17190,9203,25989,4867,3.063433916185153
"Florence-Muscle Shoals, AL Metro Area",0.0,1.1,0.1,91.3,1.0,6.6,22520,22520,"Florence-Muscle Shoals, AL Metro Area",22520,9331,15955,24.448347165963234,1285,33.971617143019,11.374859549235666,30.205176141782097,105909,5819,57,2167,2565,1906,0,80,63,68,199,651,1014,2133,30160,17,125065,7079,41.3,58049,18.3,813,27.0,5544,25.760884717252917,4212,19.571581246224618,2726,12.666697644161518,1919,8.916871892570049,993,4.614097857906232,675,3.136471353561637,614,2.8530272756842154,2388,11.096138655266948,2405,11.175131267134429,21521,1119,8,152685,1574,932,4.7687269750307,2221,11.364101514531312,2155,11.02640196479738,2101,10.750102333196889,1925,9.849570200573066,1480,7.57265656979124,831,4.251944330740892,1202,6.150225133033156,3537,18.09762586983217,15947,6712,19544,2660,2.126894015112142
"Fond du Lac, WI Metro Area",0.4,2.3,0.1,87.9,1.0,8.2,22540,22540,"Fond du Lac, WI Metro Area",22540,9485,10972,22.61084081408895,513,37.26444185568423,6.989652573151512,33.13506475707531,72965,2998,3,794,1066,1304,11,103,16,2,76,19,486,599,24192,2,84618,4183,41.9,73154,18.6,926,24.8,4036,22.809992087713347,4339,24.522436984288458,2627,14.846840736972986,1894,10.704193511924949,979,5.532949022267435,567,3.204476093591048,673,3.803549225726235,1656,9.35910478128179,895,5.05821182321691,17694,617,2,104053,830,642,5.032925682031985,1756,13.76607086861085,1752,13.734713076199435,1998,15.663217309501412,1093,8.56851677641894,977,7.659140796487927,705,5.52681091251176,1184,9.281906553778612,2006,15.72593289432424,9486,5206,12756,1690,1.9972109952965087
"Forest City, NC Micro Area",0.1,1.3,0.1,90.2,1.5,6.7,22580,22580,"Forest City, NC Micro Area",22580,5508,6265,20.684160203973228,327,31.08467013704451,13.402740890258151,34.82842876872411,47065,2951,0,1343,951,849,0,107,112,0,115,347,664,1102,11679,0,53207,2784,45.3,49771,19.5,748,27.1,2015,21.50709787597396,1609,17.173657807663574,1282,13.683424058063828,1048,11.185825595047495,412,4.397481054541573,345,3.682356708293308,346,3.6930302059985056,1171,12.49866581278685,1036,11.057743622585122,9369,718,0,64850,359,301,4.368650217706822,639,9.274310595065312,848,12.307692307692308,832,12.075471698113208,507,7.358490566037735,409,5.936139332365747,292,4.238026124818578,433,6.284470246734397,1408,20.43541364296081,7365,3519,6890,1575,2.960136824102092
"Forrest City, AR Micro Area",0.0,1.5,0.1,94.2,1.2,3.0,22620,22620,"Forrest City, AR Micro Area",22620,1088,1179,12.903425633401474,75,44.18013999876108,14.315802515021993,28.60063185281546,16143,1707,5,487,496,218,0,22,15,60,120,78,147,414,5425,0,18392,753,39.7,41784,19.9,791,31.9,373,19.147843942505133,324,16.632443531827516,395,20.277207392197123,61,3.1314168377823406,93,4.774127310061601,32,1.642710472279261,95,4.876796714579055,242,12.42299794661191,254,13.03901437371663,1948,249,0,22740,76,73,2.069160997732426,245,6.944444444444445,280,7.936507936507936,350,9.92063492063492,424,12.01814058956916,431,12.21655328798186,147,4.166666666666666,302,8.560090702947845,819,23.214285714285715,2569,960,3528,635,3.4525880817746843
"Fort Collins-Loveland, CO Metro Area",2.4,2.8,0.9,74.0,1.0,18.9,22660,22660,"Fort Collins-Loveland, CO Metro Area",22660,21492,75554,51.73804084344712,7527,16.816442379075426,3.357546275978327,28.087970501499125,243809,7105,0,958,1527,1835,10,47,161,43,686,110,640,994,33895,0,304418,36357,36.6,91364,21.5,1677,32.4,11259,16.80146839372053,13750,20.51871306631648,9792,14.612308243299706,7042,10.508565630036411,4358,6.503312839491435,3815,5.693010207127082,3731,5.567659523667403,5461,8.149286694920313,7647,11.411389004954335,67012,1163,12,363561,6704,1194,2.2078402366863905,2806,5.188609467455621,5711,10.560281065088756,6848,12.662721893491124,6799,12.572115384615383,4782,8.842455621301776,3671,6.788091715976331,4878,9.019970414201184,14569,26.939718934911244,33646,13343,54080,9240,3.0353001465090763
"Fort Dodge, IA Micro Area",0.2,3.0,0.2,90.6,1.9,4.0,22700,22700,"Fort Dodge, IA Micro Area",22700,3499,3809,20.51137507549829,167,32.583048117576006,7.678679283269579,39.22689752365613,24835,1193,5,253,603,354,0,0,4,17,22,12,101,239,6899,40,30119,810,39.8,68054,17.1,762,25.4,1679,29.31726907630522,1338,23.363017286537456,627,10.948140387637508,398,6.949537279552994,211,3.6843024270997033,157,2.741400384145277,180,3.1430068098480883,616,10.756067749257902,516,9.009952854897852,5727,257,0,36848,308,371,7.929044667664032,450,9.617439623851247,763,16.306903184441122,511,10.92113699508442,589,12.588159863218635,332,7.095533233596922,137,2.9279760632613807,404,8.634323573413122,737,15.751228895063049,4014,2229,4679,690,2.290912712905475
"Fort Leonard Wood, MO Micro Area",0.3,18.5,0.2,72.3,0.9,7.8,22780,22780,"Fort Leonard Wood, MO Micro Area",22780,3761,5264,27.896543520375214,386,30.904394521292865,5.947727967916256,35.25133399041566,29423,1611,0,365,298,268,2,0,0,38,4,9,253,377,7482,4,43065,2147,27.5,66435,19.0,1072,23.3,1127,19.50839536091397,1444,24.995672494374244,926,16.02908083780509,374,6.473948416132941,253,4.379435693266402,328,5.677687380993595,260,4.500605850787606,610,10.559113726847844,455,7.87606023887831,5777,132,0,53850,411,269,4.032378953680108,717,10.748013791035827,1343,20.131914255733776,1070,16.03957427672013,578,8.664368160695547,414,6.205966122020687,286,4.2872133113476245,422,6.325888172687753,969,14.525558387048418,4576,2035,6671,1008,2.340647857889237
"Fort Madison, IA Micro Area",0.7,1.8,0.2,90.6,1.1,5.6,22800,22800,"Fort Madison, IA Micro Area",22800,3444,3714,21.03933294028468,142,37.58106628484798,5.836772509054156,35.54282826581319,23746,1424,0,186,320,283,0,0,0,8,16,11,244,135,7500,0,26845,974,43.7,59803,19.4,814,28.6,1409,25.147242548634654,1031,18.40085668391933,837,14.938425843298234,559,9.976798143851507,274,4.890237372835981,269,4.80099946457255,305,5.443512404069248,486,8.673924683205424,417,7.442441549170087,5603,183,0,33175,166,135,3.851640513552068,340,9.700427960057064,472,13.46647646219686,422,12.039942938659058,270,7.703281027104136,472,13.46647646219686,184,5.249643366619115,191,5.449358059914408,636,18.145506419400856,3090,1906,3505,615,2.2909294095734776
"Fort Morgan, CO Micro Area",0.8,3.1,0.0,88.8,0.4,6.9,22820,22820,"Fort Morgan, CO Micro Area",22820,1814,2166,17.56522652107722,91,32.437398288624074,15.397133707806184,34.60024148249252,19049,971,0,273,259,249,93,111,50,42,514,103,148,412,5208,0,22338,880,36.9,75407,25.1,1092,27.0,514,12.191650853889945,836,19.8292220113852,594,14.089184060721063,553,13.116698292220114,209,4.9573055028463004,212,5.028462998102467,640,15.180265654648956,148,3.510436432637571,510,12.096774193548388,4216,679,0,29186,209,170,4.415584415584416,491,12.753246753246753,594,15.428571428571429,250,6.493506493506493,494,12.831168831168831,244,6.337662337662338,266,6.909090909090909,192,4.987012987012987,700,18.181818181818183,3584,1193,3850,612,2.73972602739726
"Fort Payne, AL Micro Area",0.0,1.1,0.1,94.5,0.6,3.8,22840,22840,"Fort Payne, AL Micro Area",22840,5478,4115,13.880406074612084,156,33.647655992076594,21.054803565533177,31.417134367778143,48464,3047,63,1510,1487,833,6,112,172,205,931,407,1015,1364,13260,39,56499,2061,39.6,51149,19.3,683,26.9,1816,22.274009567030543,1698,20.82668956212437,1161,14.24015699742426,803,9.849135287624188,357,4.378756286029682,184,2.256837973751993,709,8.69618545320741,759,9.309456641726973,616,7.555501042561021,8153,2052,8,71946,395,149,2.470978441127695,680,11.276948590381426,845,14.013266998341626,420,6.965174129353234,547,9.071310116086236,517,8.57379767827529,271,4.494195688225539,325,5.389718076285241,841,13.9469320066335,6363,3385,6030,1359,2.40535230712048
"Fort Smith, AR-OK Metro Area",0.1,1.3,0.2,91.1,1.2,6.1,22900,22900,"Fort Smith, AR-OK Metro Area",22900,13004,21392,21.414177947711067,1753,33.269608349695154,14.554484861010645,30.761728841583132,154832,10006,25,3380,4423,3601,19,276,151,304,1210,947,2038,2680,41506,11,180565,7980,38.7,56717,18.9,841,25.9,6521,20.86920344353058,6867,21.976509744935512,4451,14.244567478477936,3236,10.356194194642686,1601,5.123691874419944,618,1.9777898678273116,1249,3.997183729638045,3714,11.885941050340833,2887,9.239286971549268,31247,3470,0,228916,2031,1398,4.587216170101064,3298,10.821630135188345,4507,14.788686179288622,4306,14.129150807192543,2488,8.163801023756397,2130,6.9891061819136375,1624,5.328783304895655,2634,8.642866517915737,5511,18.08308176926106,22664,11961,30476,5702,3.157865588569213
"Fort Wayne, IN Metro Area",0.3,1.2,0.7,88.9,0.7,8.1,23060,23060,"Fort Wayne, IN Metro Area",23060,31583,59385,29.6757735960664,2787,29.70198864686646,9.337935531140456,31.284302225926687,297539,12103,23,3082,4891,4489,272,415,513,446,1014,623,3155,2855,76272,225,350330,21782,36.8,69378,17.8,963,27.2,20013,24.53565780278789,18385,22.53975259602535,11916,14.608849166942514,7095,8.69837066460701,4337,5.317101278703397,1959,2.4017065725109417,2640,3.236603037993306,10230,12.54183677222406,4644,5.693478980470043,81567,5758,23,451440,4343,2044,3.852097546266632,6020,11.345218800648295,7392,13.930873318005352,7008,13.20719158719988,5468,10.30492631261543,4102,7.730579322302213,2932,5.525611548754288,4020,7.5760431193697935,10817,20.38558667219479,40183,21317,53062,10340,2.9515028687237748
"Frankfort, IN Micro Area",0.1,1.5,0.1,91.9,0.8,5.7,23140,23140,"Frankfort, IN Micro Area",23140,1991,2375,16.712843390467246,54,43.63935196055412,13.64639586757455,26.001408781404084,21295,922,0,609,260,250,40,26,9,67,429,78,232,592,8371,0,25171,1014,36.5,63690,17.8,915,25.6,1327,24.52411753834781,1164,21.511735353908705,745,13.76824986139346,635,11.735353908704491,253,4.675660691184624,65,1.2012566993162077,221,4.084272777675106,713,13.17686194788394,256,4.7311033080761415,5411,306,8,32967,116,93,2.859778597785978,486,14.944649446494465,396,12.177121771217712,481,14.790897908979089,409,12.576875768757686,348,10.70110701107011,129,3.966789667896679,238,7.318573185731856,433,13.314883148831488,2064,1482,3252,513,2.038059671844583
"Frankfort, KY Micro Area",0.0,1.3,0.8,85.1,0.8,12.0,23180,23180,"Frankfort, KY Micro Area",23180,4380,9588,29.90459998110891,518,31.523566638330024,7.768017379805421,30.80381600075565,52935,3640,22,585,841,477,0,15,10,9,106,154,759,586,13047,0,61201,4676,41.2,68277,18.9,922,27.9,3198,24.0,2778,20.84803001876173,2098,15.74484052532833,1035,7.76735459662289,872,6.544090056285179,472,3.5422138836772983,552,4.142589118198874,1269,9.5234521575985,1026,7.6998123827392115,13325,548,0,75661,1048,612,6.042654028436019,1298,12.815955766192731,1249,12.33214849921011,1040,10.268562401263823,1035,10.219194312796208,760,7.50394944707741,757,7.47432859399684,712,7.03001579778831,2128,21.011058451816748,7364,4562,10128,1750,2.8594304014640284
"Franklin, KY Micro Area",0.0,1.6,0.3,92.2,0.7,5.2,23190,23190,"Franklin, KY Micro Area",23190,1477,1401,16.75263511998206,30,40.45002616431188,10.839500635419002,31.95783808028706,13377,970,0,422,267,177,6,0,0,16,20,77,67,221,4441,0,15621,779,39.0,57392,18.8,1011,28.1,664,21.82057180414065,639,20.99901413079198,474,15.576733486690769,252,8.281301347354585,206,6.7696352283930326,92,3.023332237923102,102,3.35195530726257,366,12.027604337824515,244,8.01840289188301,3043,177,0,19786,31,95,3.665123456790124,307,11.844135802469136,425,16.396604938271604,159,6.13425925925926,265,10.223765432098766,289,11.149691358024691,106,4.089506172839506,63,2.430555555555556,589,22.72376543209877,1675,1123,2592,370,2.3686063632289867
"Fredericksburg, TX Micro Area",0.1,3.4,0.3,85.0,0.3,10.9,23240,23240,"Fredericksburg, TX Micro Area",23240,1623,4526,35.33549783549784,358,24.69500196772924,10.719205037386857,29.25029515938607,20328,634,0,177,353,273,36,128,13,99,201,166,278,281,4386,0,22641,1844,50.5,67799,24.5,1331,29.8,369,11.161524500907442,501,15.15426497277677,487,14.7307924984876,237,7.168784029038113,463,14.004839685420448,226,6.836055656382335,237,7.168784029038113,339,10.254083484573504,436,13.188142770719905,3306,174,0,27202,455,146,4.467564259485924,191,5.844553243574051,236,7.221542227662178,344,10.526315789473683,473,14.473684210526317,250,7.649938800489596,357,10.924112607099143,268,8.200734394124847,469,14.351285189718482,2728,1595,3268,487,2.150965063380593
"Freeport, IL Micro Area",0.1,2.6,0.7,85.2,1.1,10.2,23300,23300,"Freeport, IL Micro Area",23300,3755,4425,21.73220824709441,209,31.96624741283235,8.524120362999522,37.77742397707372,31405,1648,5,367,624,579,22,0,13,12,54,79,177,346,8391,26,35822,1903,45.2,61943,18.9,764,27.4,1701,23.783557046979865,1265,17.687360178970916,867,12.12248322147651,774,10.822147651006713,245,3.425615212527964,233,3.2578299776286355,365,5.103467561521253,872,12.192393736017896,809,11.31152125279642,7152,373,0,44042,288,325,5.757307351638618,613,10.859167404782994,796,14.100974313551816,605,10.717449069973428,507,8.981399468556244,612,10.841452612931798,302,5.349867139061116,422,7.475642161204606,973,17.236492471213463,4999,3110,5645,1007,2.81112165708224
"Fremont, NE Micro Area",0.8,1.3,0.0,93.1,1.2,3.6,23340,23340,"Fremont, NE Micro Area",23340,2580,3459,21.54630762953896,103,35.94451244390045,10.795593635250915,31.71358629130967,24510,1163,9,244,369,292,19,4,48,66,332,59,366,378,7647,9,28904,1367,38.9,71294,18.8,985,25.5,1265,23.04609218436874,1190,21.67972308252869,896,16.32355620331572,427,7.779194753142649,286,5.210420841683367,125,2.277281836400073,308,5.61122244488978,570,10.384405173984332,406,7.396611404627437,5489,451,0,37146,352,196,3.9684146588378217,1033,20.91516501316056,754,15.266248228386312,277,5.608422757643248,779,15.772423567523791,297,6.013363028953229,255,5.162988459202268,273,5.527434703381251,806,16.319092933792266,2876,2317,4939,587,2.030860780514808
"Fremont, OH Micro Area",0.3,2.0,0.1,92.9,1.3,3.4,23380,23380,"Fremont, OH Micro Area",23380,4764,5627,19.10533010151432,76,42.712808082747365,6.700424776212532,31.48143703952579,41669,1864,17,384,503,869,0,27,27,10,125,57,189,365,15934,23,47721,1946,42.5,62500,17.8,786,26.3,2434,23.603568657874323,2091,20.27734678044996,1372,13.30488750969744,885,8.582234290147401,569,5.517843289371606,325,3.15166795965865,301,2.9189294026377035,1504,14.584949573312644,696,6.749418153607448,10312,196,0,58770,312,413,6.5712012728719165,586,9.32378679395386,1055,16.785998408910103,600,9.54653937947494,746,11.86953062848051,456,7.255369928400955,320,5.0914876690533015,322,5.123309466984885,1201,19.10898965791567,4733,3621,6285,1124,2.355357180277027
"Fresno, CA Metro Area",0.4,1.6,0.8,86.0,1.9,9.3,23420,23420,"Fresno, CA Metro Area",23420,65887,110576,22.932285600231857,6319,23.136527934992426,22.163984448053544,31.76720201672217,731484,23210,1782,18047,14934,24165,2961,6557,4206,3701,23088,3650,9247,13685,146030,604,881835,37963,33.4,71897,23.0,1301,32.7,21869,15.724722090397918,24314,17.48277895221249,19958,14.350633475703583,14990,10.778434502495074,11175,8.03529056473532,7073,5.08578167018997,8208,5.901893955735795,10667,7.670017400808203,19755,14.20466801846499,139074,35378,121,1170942,12888,6025,3.789904072967448,11482,7.222519264035225,16936,10.65324736593804,16927,10.647586098443153,15272,9.606541909105204,13703,8.619594275829533,10372,6.524296272998899,13988,8.798867746501022,43375,27.284164176757358,114864,51621,158975,46936,5.32253766294148
"Gadsden, AL Metro Area",0.0,0.8,0.1,94.3,0.9,3.8,23460,23460,"Gadsden, AL Metro Area",23460,7763,7698,17.476918836984982,554,33.96858205870194,14.22213035689679,34.33236874741629,72570,5024,0,1903,2031,1680,26,141,127,83,115,281,885,1332,19627,19,83351,3220,41.8,53070,19.1,807,30.0,2618,19.448777951118046,2844,21.12770225094718,1654,12.287348636802616,1072,7.963747121313423,569,4.2270262239060985,651,4.83619344773791,864,6.418542455983954,1738,12.911373597801054,1375,10.214694302057795,13461,1698,0,103208,1211,449,4.368129195447028,1006,9.786944255277753,1158,11.26568732366962,1060,10.312287187469598,812,7.899601128514447,832,8.094172584881798,349,3.3952719136102734,928,9.02811557544508,2388,23.2318318902617,11777,5375,10279,2911,3.4924595985651044
"Gaffney, SC Micro Area",0.0,1.2,0.0,92.2,1.4,5.3,23500,23500,"Gaffney, SC Micro Area",23500,3913,4261,18.403807146200656,190,36.91423519009726,14.49264055754928,30.189317106152807,38454,3087,6,969,1085,1155,34,6,43,92,196,330,337,745,11108,0,44741,2275,40.3,49047,19.5,813,29.0,1550,21.140207310420077,1224,16.693944353518823,1048,14.293507910529188,511,6.969448990725587,354,4.828150572831424,403,5.49645390070922,427,5.823786142935079,983,13.406983087834153,762,10.39279869067103,7332,575,0,56299,351,180,3.082719643774619,531,9.094022949135129,766,13.118684706285322,395,6.76485699606097,678,11.611577324884395,534,9.145401609864704,269,4.606953245418736,490,8.39184791916424,979,16.76656961808529,5232,2464,5839,1598,3.5716680449699383
"Gainesville, FL Metro Area",1.6,2.9,2.5,80.3,1.5,11.2,23540,23540,"Gainesville, FL Metro Area",23540,24252,44226,40.94287105338098,10528,24.220781010297724,7.267658163312173,27.56868977300912,217718,9457,10,2785,3849,2954,33,41,147,131,508,517,1299,1824,43276,33,287957,25749,34.3,58946,19.9,1219,37.1,8944,20.02642126239896,9225,20.655605561899645,5880,13.165849398804324,4520,10.120686952822371,2901,6.4956001880835625,1741,3.898255748863662,2182,4.885694453773986,4250,9.516132643693604,4995,11.184254718882244,44661,1647,45,344521,8637,1323,2.3394811762833547,3351,5.925624657388905,4872,8.615232268218069,5752,10.171349755088327,4745,8.390656221817475,3869,6.841611996251172,3655,6.463192516489541,5340,9.442803840780888,18060,31.93577478736008,23357,12413,56551,7069,2.454880416173248
"Gainesville, GA Metro Area",0.0,1.0,0.7,85.5,1.9,10.9,23580,23580,"Gainesville, GA Metro Area",23580,10516,23186,26.731725572324056,1950,27.706889479024984,18.662694043223876,26.89869090542709,138951,6244,103,2465,2557,3773,202,497,575,1487,3690,1012,1234,2763,32255,0,163982,8670,38.2,77430,20.1,1247,30.5,5533,18.33941000994365,6242,20.689426582698044,4649,15.409347033476964,2776,9.201193238316208,1949,6.460059661915811,1555,5.154126615843553,1608,5.3297978123964205,3181,10.543586344050382,2537,8.409015578389129,30170,5556,18,208395,3338,1180,5.31962852763502,1898,8.556487241907854,2365,10.66179785411595,2546,11.47777477233793,2258,10.179424758813452,1558,7.023712920385898,1772,7.988459110990894,1878,8.466324046524209,5374,24.22685059958525,17743,9117,22182,4083,2.489907428864144
"Gainesville, TX Micro Area",0.2,1.1,0.4,89.4,1.9,7.1,23620,23620,"Gainesville, TX Micro Area",23620,2618,4507,23.59448928472029,325,31.22042861118842,11.609379348733649,33.57570275535764,28744,1551,72,540,222,684,0,68,36,55,282,24,237,579,7423,0,33670,1704,40.3,72472,20.6,1088,27.9,1007,18.372559751870096,948,17.296113847837987,896,16.347381864623244,663,12.096332785987958,342,6.239737274220033,263,4.798394453566868,241,4.397007845283707,680,12.406495165115857,435,7.936507936507936,5481,531,7,42473,246,188,4.154696132596685,226,4.994475138121548,666,14.718232044198896,734,16.22099447513812,356,7.867403314917127,288,6.364640883977901,446,9.85635359116022,257,5.679558011049723,882,19.49171270718232,4697,2336,4525,924,2.7442827442827444
"Galesburg, IL Micro Area",0.2,3.6,0.5,89.3,0.6,5.7,23660,23660,"Galesburg, IL Micro Area",23660,4506,4527,20.29594023281404,311,34.907627265882894,10.682226211849192,34.11420628945387,34534,2640,0,976,671,552,13,56,12,62,159,74,293,399,9415,0,40398,1882,42.4,53291,18.5,725,32.2,1570,21.5333973391853,1501,20.587025099437664,1063,14.57961870799616,587,8.051021807708134,416,5.70566451789878,232,3.1820052119050883,189,2.5922370045261283,960,13.166918118227953,630,8.640790015087093,7291,422,0,49294,289,312,4.972111553784861,506,8.063745019920319,654,10.422310756972111,717,11.426294820717132,506,8.063745019920319,552,8.796812749003983,425,6.772908366533864,404,6.438247011952192,1809,28.828685258964143,4128,3147,6275,983,2.4332887766721125
"Gallipolis, OH Micro Area",0.0,1.9,0.5,90.6,0.6,6.4,23680,23680,"Gallipolis, OH Micro Area",23680,1960,2024,17.901265695123797,161,41.85366345620493,13.14608441329232,27.09898643537895,19831,1043,0,477,719,271,0,6,11,35,87,30,394,342,7257,0,23061,1178,41.3,56455,17.6,798,25.9,812,21.999458141425087,1023,27.71606610674614,338,9.157409916011922,278,7.531834191276077,217,5.879165537794635,22,0.5960444324031428,225,6.095908967759415,491,13.302628014088322,284,7.694391763749661,3691,235,0,29162,187,140,5.237560793116349,225,8.417508417508419,282,10.549943883277216,363,13.580246913580249,309,11.560044893378226,70,2.6187803965581744,139,5.200149644594089,161,6.0231949120838015,448,16.760194537972314,1883,1531,2673,452,1.9600190798317505
"Gallup, NM Micro Area",0.0,2.1,1.1,86.5,0.7,9.6,23700,23700,"Gallup, NM Micro Area",23700,3338,3323,12.461770311599665,242,36.59190638712823,19.11927662780905,31.82704667346305,45122,1516,32,1589,2104,487,23,157,65,375,541,393,916,1233,14995,5,54026,1692,34.1,44496,18.9,810,22.9,509,17.89103690685413,657,23.093145869947275,327,11.493848857644991,207,7.275922671353251,68,2.390158172231986,174,6.115992970123023,147,5.166959578207382,329,11.56414762741652,282,9.91212653778559,2845,706,1,71172,366,660,10.031919744642044,965,14.667882656938744,836,12.707098343213255,569,8.648730810153518,393,5.973552211582307,387,5.88235294117647,285,4.331965344277246,378,5.745554035567715,1098,16.689466484268127,9108,1915,6579,2431,4.499685336689742
"Garden City, KS Micro Area",0.1,0.8,0.3,95.3,0.4,3.1,23780,23780,"Garden City, KS Micro Area",23780,2066,2958,19.735205260351872,147,22.91629642793673,28.851963746223564,28.496534565487824,22508,1426,47,594,609,635,89,94,125,439,1019,326,546,769,3732,2,28051,1166,32.1,72437,21.2,991,19.5,842,18.946894689468945,942,21.1971197119712,514,11.566156615661566,533,11.993699369936994,302,6.795679567956796,213,4.792979297929794,221,4.972997299729974,312,7.020702070207021,558,12.556255625562557,4444,1197,3,38001,171,695,14.63465992840598,893,18.80395872815329,757,15.940197936407666,412,8.675510633817646,332,6.9909454622025695,284,5.980206359233523,293,6.169719941040219,210,4.421983575489577,676,14.2345757001474,2909,1439,4749,1066,3.800221025988378
"Gardnerville Ranchos, NV-CA Micro Area",0.7,1.6,0.2,82.3,3.0,12.3,23820,23820,"Gardnerville Ranchos, NV-CA Micro Area",23820,4311,8392,32.34457336532991,607,24.00979688775637,6.184903886593602,37.46072586032013,40421,1683,0,341,483,614,0,4,12,17,321,68,153,191,8022,0,44541,3230,53.9,88659,23.0,1544,31.3,1225,12.16243050039714,1684,16.719618745035742,1935,19.211675933280382,1045,10.375297855440827,718,7.128673550436855,563,5.589753772835584,565,5.609610802223988,927,9.20373312152502,1354,13.443208895949166,10072,289,7,51319,845,223,4.791577137945853,397,8.530296519123334,431,9.260850880962613,561,12.054146970348087,431,9.260850880962613,261,5.608079071766222,138,2.965191233347658,473,10.163300386764076,1311,28.16931671680275,7274,3557,4654,738,1.6569003839159424
"Gettysburg, PA Metro Area",0.4,4.0,0.2,84.8,0.7,9.8,23900,23900,"Gettysburg, PA Metro Area",23900,6562,10664,24.765906849166992,842,40.605872258779335,9.277250064181382,25.35097082787229,74009,3675,23,1369,1200,1149,18,0,37,36,216,160,852,803,26377,2,87064,5871,43.8,81071,21.4,1084,27.4,3503,17.35533095521205,4195,20.7837891399128,3706,18.36107808164883,2016,9.988109393579071,1496,7.411811335711454,782,3.8743559254855326,1533,7.59512485136742,1357,6.723147047166073,1570,7.778438367023385,20184,955,46,105183,952,495,5.848989719957462,737,8.70849580527,1260,14.888337468982629,779,9.204773720902754,1168,13.801252510929933,744,8.791208791208792,409,4.832801606995155,594,7.018787663948954,1492,17.62968214581118,7565,4635,8463,1685,1.9353578976385188
"Gillette, WY Micro Area",0.5,1.8,0.8,90.6,0.9,5.4,23940,23940,"Gillette, WY Micro Area",23940,3731,4340,22.21320258466734,225,32.74669610676364,8.120920868915803,36.91918043965322,30797,1462,0,352,473,526,0,10,13,0,247,26,147,187,8623,0,35673,2081,35.8,95253,19.3,952,30.8,1921,20.83062242463674,2215,24.01865105183257,1559,16.905226631967036,1010,10.952071134244198,666,7.221860767729344,218,2.363912383430926,302,3.274777705486879,785,8.51225330730861,529,5.7362828019952286,9222,520,0,47018,195,326,8.44559585492228,282,7.305699481865285,566,14.66321243523316,219,5.673575129533679,322,8.341968911917098,234,6.062176165803109,375,9.71502590673575,420,10.88082901554404,761,19.71502590673575,4697,2942,3860,852,2.388360945252712
"Glasgow, KY Micro Area",0.0,1.5,0.3,90.0,1.4,6.6,23980,23980,"Glasgow, KY Micro Area",23980,3356,3921,16.91798455314454,181,42.84400777596806,13.894288866705196,26.34371880418221,38066,3338,0,813,759,734,0,79,34,16,246,244,1126,627,12971,0,43588,1861,40.4,49004,18.4,760,28.2,1916,24.81543841471312,1835,23.766351508871907,923,11.954410050511592,788,10.20593187410957,248,3.212019168501489,183,2.370159305789405,279,3.613521564564176,675,8.742390882010103,848,10.983033285843804,7721,601,10,55042,477,301,4.117083846259062,692,9.465189440569006,929,12.706880043769662,757,10.354260703050198,858,11.735740664751743,482,6.592805361783614,324,4.431678292983176,495,6.770619614279852,1624,22.21310354260703,3723,2949,7311,1176,2.6979902725520786
"Glens Falls, NY Metro Area",0.2,2.6,0.5,87.1,1.4,8.3,24020,24020,"Glens Falls, NY Metro Area",24020,11421,14913,28.21788453007161,752,33.68929167458859,8.866214589010712,29.226609206329083,94674,6045,6,1572,1466,1527,48,17,37,23,164,423,567,1258,25850,13,106504,9104,45.8,74953,19.7,1053,28.7,4682,20.28244671634032,5222,22.621729336336852,3734,16.17570611679085,1804,7.814936752729162,1630,7.061167908508057,832,3.604228036735401,1377,5.965170680991163,1906,8.256801247617398,1865,8.079189048691735,23084,1271,2,126443,1946,580,4.068177035842043,1271,8.9149189871642,2003,14.049238970330364,1864,13.074279301395803,1205,8.451988496878727,1432,10.04418881952725,644,4.517079329452199,972,6.81770358420425,3270,22.93610156414393,10661,5588,14257,2874,2.6984901975512656
"Gloversville, NY Micro Area",0.1,2.9,0.3,89.3,1.0,6.4,24100,24100,"Gloversville, NY Micro Area",24100,5801,5111,21.15566037735849,228,35.86477987421384,11.5041928721174,31.475366876310275,38160,2206,0,700,1118,665,0,7,9,9,231,81,328,696,11480,6,43403,2388,44.1,62615,19.0,883,26.9,1674,20.83644510828977,1966,24.470998257406023,1074,13.368185212845408,547,6.80856360468011,465,5.78790141896938,316,3.933283544934031,295,3.6718944485934775,756,9.410007468259897,924,11.501120238984315,8034,540,0,52787,346,252,3.619649525998277,820,11.778224648089628,1115,16.01551278368285,768,11.031312841137604,647,9.293306521114625,613,8.80494110887676,294,4.222924446997989,495,7.110025854639472,1401,20.12352772191899,3846,2364,6962,956,2.20261272262286
"Goldsboro, NC Metro Area",0.2,0.7,0.4,94.0,0.7,4.0,24140,24140,"Goldsboro, NC Metro Area",24140,9386,11536,21.33420052541638,438,30.407835335526816,13.591960619277168,34.66600351977963,78414,3191,118,1629,1561,1239,139,320,229,171,1112,307,1291,1707,20653,0,92966,4268,37.4,58082,19.6,932,28.0,3107,19.11882345701803,3162,19.457264168358872,2430,14.952925973786227,1703,10.47935511660821,978,6.018091194388037,530,3.261337763829918,624,3.8397637068488097,2077,12.780751953725924,1604,9.870161836194695,16251,821,14,117606,487,844,4.677973617115619,1870,10.364704578206409,2051,11.367919299412485,2128,11.794701252632748,1955,10.835827513579426,1585,8.78505708901452,715,3.96297527990245,1554,8.613235783172597,3433,19.02782396630085,12445,5352,18042,2856,3.072090871931674
"Granbury, TX Micro Area",0.0,0.8,0.0,85.6,0.8,12.8,24180,24180,"Granbury, TX Micro Area",24180,3428,10532,32.40689152702181,597,27.902541464878077,7.740110573008185,31.95045643509193,46666,2690,28,512,653,965,0,20,0,16,169,147,171,404,10331,7,52677,3499,46.3,86802,21.3,1414,30.4,2273,19.68135769330678,2114,18.304615118192054,1733,15.005628192917136,934,8.087280284007273,756,6.546021300545501,748,6.476751233873062,493,4.268767858689064,933,8.078621525673219,1550,13.421075417785088,11549,520,0,64198,495,129,2.763496143958869,515,11.032562125107113,386,8.269065981148243,553,11.846615252784918,470,10.068551842330765,373,7.990574121679519,184,3.941730934018852,485,10.389888603256212,1065,22.81491002570694,7143,4339,4668,1848,3.5081724471780853
"Grand Forks, ND-MN Metro Area",0.3,4.0,0.9,87.8,1.4,5.6,24220,24220,"Grand Forks, ND-MN Metro Area",24220,8845,14371,34.21459468744632,1634,23.502037884348116,5.093930071677312,37.18943735652825,64037,1807,6,366,612,691,37,8,9,2,30,121,523,363,13243,4,83059,4776,33.1,68653,19.9,947,28.4,2989,20.271278399457444,3250,22.041369955917254,2355,15.971515768056967,1748,11.854866056290268,830,5.629026788741946,570,3.8657171922685656,837,5.676500508646999,1184,8.02984062394032,930,6.3072227873855535,14745,488,2,103669,1129,699,3.8084341288002617,2062,11.234608259779884,2224,12.117249645853764,2528,13.773564345646724,1777,9.681813228723984,1355,7.382586902037704,1358,7.398932112890923,1548,8.434128800261522,3920,21.35774218154081,10276,4694,18354,1666,2.005803103817768
"Grand Island, NE Metro Area",0.1,1.3,0.3,92.7,1.4,4.2,24260,24260,"Grand Island, NE Metro Area",24260,4559,6780,20.893756142567742,292,32.98433519866819,13.524680586477324,32.59722807228674,49857,1942,9,662,936,889,35,53,79,69,649,169,745,675,14503,4,58204,2845,37.0,67397,20.4,896,27.5,1912,17.736549165120593,2098,19.461966604823747,1832,16.994434137291282,1102,10.222634508348794,833,7.727272727272727,309,2.8664192949907235,383,3.5528756957328387,1205,11.178107606679037,1043,9.675324675324676,10780,1769,0,76619,500,435,4.247632067180939,1298,12.674543501611172,1413,13.797480714773949,1101,10.75090323210624,995,9.715848061712723,1210,11.815252416756175,481,4.6968069524460505,1045,10.20408163265306,1493,14.57865442827849,7255,4438,10241,1205,2.0703044464297986
"Grand Junction, CO Metro Area",1.3,2.4,0.8,80.7,1.8,13.1,24300,24300,"Grand Junction, CO Metro Area",24300,9321,23024,30.62717675963174,1582,28.467291233564623,7.648694619185183,33.256837387618454,111117,5632,0,1369,2249,1503,13,41,12,39,551,161,552,1105,26000,10,128624,7399,40.8,71485,22.1,1154,29.6,5212,16.81290322580645,5931,19.13225806451613,4339,13.996774193548386,3148,10.15483870967742,2614,8.43225806451613,1612,5.2,1673,5.396774193548387,2562,8.264516129032257,3897,12.570967741935483,31000,879,15,157316,2027,863,4.755869062052243,1581,8.712663947977516,1950,10.746169954810975,2044,11.264190455196738,2103,11.589330982034609,1289,7.103493882949411,1307,7.202689297916896,1609,8.866967926815828,4038,22.252838091039347,19433,8200,18146,4022,3.126943649707675
"Grand Rapids, MN Micro Area",0.6,2.2,1.3,86.8,1.1,8.0,24330,24330,"Grand Rapids, MN Micro Area",24330,4840,5399,25.14602185031625,236,30.6086009139606,5.347577399146567,38.89779983657658,33043,1213,3,332,495,436,1,0,15,16,59,4,99,156,8901,0,37134,2285,46.9,66380,19.9,944,33.5,1708,20.68547898752573,1764,21.363691413346253,1175,14.230350006055469,795,9.628194259416253,541,6.552016470873198,330,3.9966089378708975,324,3.923943320818699,680,8.235436599249121,928,11.23894877073998,8257,136,15,45141,389,158,4.727707959305805,239,7.151406343506881,277,8.288450029922203,258,7.719928186714542,339,10.143626570915618,363,10.861759425493716,287,8.587672052663075,161,4.817474566128067,966,28.904847396768403,5010,3003,3342,1184,3.1884526310120105
"Grand Rapids-Wyoming-Kentwood, MI Metro Area",0.4,2.1,1.1,84.5,0.7,11.2,24340,24340,"Grand Rapids-Wyoming-Kentwood, MI Metro Area",24340,72844,177335,35.38194200933523,10230,26.807760141093475,7.525980991862189,30.284316857709104,769986,29140,330,8665,9375,11833,269,529,355,920,3058,1273,5154,5269,177276,137,916942,71509,36.6,80296,18.5,1138,29.1,48000,23.734059859276805,43779,21.64694597040165,29785,14.72747860226166,18289,9.043171265964864,11022,5.449933495186436,7092,3.506707344208148,7630,3.772726598464208,22510,11.13028515484002,13588,6.718716778496941,202241,10675,107,1154320,13362,3520,3.1391574216102454,10079,8.988513537616381,14705,13.114008489993935,14485,12.917811151143296,12297,10.966539435665108,9916,8.84314914564977,7436,6.631470053151643,9091,8.107409124959869,24303,21.67356330039596,102588,57753,112132,25124,2.739977010541561
"Grants Pass, OR Metro Area",0.4,2.1,0.5,84.4,1.4,11.2,24420,24420,"Grants Pass, OR Metro Area",24420,6366,8115,19.713916153085293,623,31.355093966369928,9.763372137259378,39.1676177432854,65715,4760,19,952,1519,1915,5,0,75,78,165,68,245,871,15845,43,73240,3513,47.5,59097,24.9,1157,33.4,2157,14.148901279107903,2305,15.119711380780585,1810,11.872745162348313,1170,7.6746474253853725,1407,9.22925549360446,890,5.837979665464086,1262,8.278123975073795,1302,8.54050508363398,2793,18.320760905214826,15245,461,0,88069,704,437,4.248080101098474,649,6.308933605521531,1167,11.344415281423156,763,7.417128414503743,1006,9.779333138913191,1180,11.470788373675513,745,7.242150286769709,1023,9.944590259550887,2692,26.168951103334305,12704,6669,10287,2821,3.851720371381759
"Great Bend, KS Micro Area",0.2,2.8,0.1,87.9,0.6,8.5,24460,24460,"Great Bend, KS Micro Area",24460,2108,2794,21.672295330150227,51,28.199604052637707,9.747292418772563,40.380808198439496,17174,932,71,344,211,193,0,0,85,0,77,55,156,305,3911,1,19874,723,38.8,56733,19.6,742,24.9,596,19.32555123216602,708,22.957198443579767,606,19.64980544747082,264,8.560311284046692,156,5.058365758754864,73,2.3670557717250325,138,4.474708171206226,294,9.53307392996109,248,8.041504539559014,3084,148,28,25275,154,325,9.417560127499277,322,9.330628803245435,331,9.591422776006954,629,18.22660098522168,273,7.910750507099391,295,8.54824688496088,217,6.288032454361055,299,8.664155317299334,500,14.488554042306578,2881,1946,3451,411,2.0680285800543423
"Great Falls, MT Metro Area",0.7,2.3,0.7,88.2,1.1,7.0,24500,24500,"Great Falls, MT Metro Area",24500,6181,10618,28.73687833419377,566,31.526415419032865,6.102219927723283,33.63448631905008,58110,3404,0,569,600,699,4,2,0,75,48,18,681,395,14916,0,67902,4354,38.3,66203,21.1,902,27.5,2755,19.0,3114,21.47586206896552,2321,16.006896551724136,1759,12.13103448275862,1074,7.406896551724137,557,3.841379310344827,706,4.868965517241379,858,5.9172413793103456,1304,8.993103448275862,14500,451,4,84601,1161,536,5.144447643727805,906,8.695652173913043,1465,14.060850369517228,1288,12.362030905077264,1244,11.939725501487668,925,8.878011325463095,557,5.346002495441021,860,8.254151070160285,1830,17.56406564929456,8889,4475,10419,1195,1.7598892521575211
"Greeley, CO Metro Area",0.2,1.6,0.4,83.5,1.1,13.2,24540,24540,"Greeley, CO Metro Area",24540,22460,45440,31.9562243502052,2929,24.45336502881748,11.542687986364962,32.04772263461236,222955,10088,121,2754,2639,4805,182,316,326,1038,2525,646,3065,2136,44432,259,262606,19700,35.2,93287,22.8,1469,33.1,10078,15.04897861665273,12418,18.543184804682834,12565,18.76269262931549,7626,11.387528371759648,4558,6.806235814120177,4357,6.506092462071438,3843,5.738561701110979,3659,5.463803607693227,7529,11.242683072512245,66968,4890,33,340711,3179,865,2.9476912591582893,1926,6.56329868802181,2646,9.016868291020618,3672,12.51320497529392,3001,10.226614414721418,2635,8.97938319986369,2190,7.462940875788039,2970,10.12097461237008,7549,25.724995740330552,32463,16529,29345,8676,3.303808747705688
"Green Bay, WI Metro Area",0.2,1.7,0.4,86.4,0.9,10.4,24580,24580,"Green Bay, WI Metro Area",24580,29322,47295,29.88583149845605,1857,31.26365082248282,6.715872390007044,32.134645289054085,225719,7933,78,1610,2618,3662,26,45,93,230,767,137,1255,1514,62635,135,263533,15376,39.2,77459,18.6,959,25.3,13598,23.316586361220185,14609,25.05015518098733,8492,14.561292203227078,5389,9.240556250964522,2847,4.88177094943329,1919,3.290522814177198,2498,4.283338191669953,4945,8.479226324182514,3874,6.642775081877261,58319,2888,101,329375,2930,2383,5.568017197065283,5851,13.67119958876583,6559,15.325482499182206,5232,12.22487032104304,4241,9.90934155801673,3735,8.727043319781298,2158,5.042291695873638,2994,6.995654002523483,7481,17.47978877517641,27339,15873,42798,4709,1.7868729912382888
"Greencastle, IN Micro Area",0.0,5.1,0.0,85.0,0.5,9.5,24600,24600,"Greencastle, IN Micro Area",24600,2401,3470,19.88246430543504,185,38.56590676027452,9.178038968210146,32.3735899660803,25354,966,0,420,466,440,4,0,9,41,111,57,310,224,8812,0,30927,1134,38.4,76182,18.0,883,27.6,1864,27.191830780452225,1182,17.24288840262582,1004,14.646243617797229,765,11.159737417943107,369,5.38293216630197,247,3.603209336250911,170,2.4799416484318018,813,11.859956236323852,356,5.193289569657185,6855,245,0,37091,252,266,7.195022991614823,335,9.06140113605626,539,14.5793886935353,308,8.331079253448742,513,13.876115769542874,389,10.5220449012713,351,9.494184473897754,508,13.740870976467406,230,6.221260481471464,3738,2069,3697,366,1.183431952662722
"Greeneville, TN Micro Area",0.1,1.2,0.1,91.0,1.1,6.6,24620,24620,"Greeneville, TN Micro Area",24620,3893,5717,17.67961183966952,442,42.90418753288256,13.305013737602058,26.111186889845868,51319,3926,0,1241,896,1075,23,44,31,174,281,175,1155,1162,18092,0,58902,2318,44.6,54071,19.2,713,24.1,2066,19.430076177936613,2536,23.85027743816421,1251,11.76525909903132,1381,12.987867958243204,500,4.702341766199568,342,3.216401768080504,504,4.739960500329164,1080,10.157058214991066,928,8.727546318066397,10633,571,0,70919,596,562,8.303782505910165,708,10.46099290780142,781,11.539598108747043,599,8.85047281323877,500,7.387706855791961,281,4.151891252955083,367,5.4225768321513,388,5.732860520094563,887,13.10579196217494,6101,3406,6768,1674,2.8420087603137416
"Greenfield, MA Micro Area",0.3,4.0,1.2,79.0,0.8,14.7,24640,24640,"Greenfield, MA Micro Area",24640,5528,11576,40.30131826741996,1655,27.168494516450647,6.078062109966397,26.452125106162995,54162,1899,10,541,694,763,29,19,23,39,63,89,236,389,12816,11,60515,7259,47.3,72584,23.1,1169,33.8,1923,15.068171133051244,2408,18.868515906597715,1991,15.60100297758972,1532,12.004388026955022,902,7.067857702554459,531,4.160789844851904,828,6.488011283497884,798,6.252938410907381,1816,14.229744554145118,12762,351,35,70922,1338,477,4.843623070674249,545,5.534118602761982,1046,10.62144597887896,968,9.82940698619009,953,9.677091795288383,750,7.615759545085296,542,5.503655564581641,1118,11.35255889520715,2710,27.518277822908203,5502,3297,9848,2366,3.909774436090226
"Greensboro-High Point, NC Metro Area",0.1,1.6,1.1,85.4,1.6,10.3,24660,24660,"Greensboro-High Point, NC Metro Area",24660,50680,105077,31.41604436144931,7315,26.49509976196944,11.673185753120707,30.415670123460544,526403,23288,307,11052,9059,9072,367,758,936,1094,3358,2246,5162,9406,116183,106,628128,44825,38.9,63083,18.9,1045,29.6,28675,23.480425472679183,25257,20.681607887130188,16190,13.257126012299077,10191,8.344865422565775,7002,5.733563702169125,4850,3.971405877680699,5537,4.533953473137738,12498,10.233944465825438,11078,9.071182332566346,122123,8423,102,779894,8158,4684,4.1537342816097045,10663,9.4558643562776,13561,12.025787914797013,13128,11.641806927620028,10798,9.575581292233474,10113,8.968128691272192,7614,6.7520351879112495,10083,8.941524927726443,23342,20.699501622829576,75437,33992,112766,18534,2.9506724744001223
"Greensburg, IN Micro Area",0.0,2.8,0.0,87.1,1.0,9.0,24700,24700,"Greensburg, IN Micro Area",24700,1835,2638,20.07640772936161,77,44.02856984663086,9.456840706494656,26.438181717512872,18061,1020,0,377,355,213,0,3,0,56,53,111,252,92,6932,0,20761,848,40.4,74228,16.4,828,21.9,1399,28.49867590140558,1130,23.01894479527399,627,12.772458749236096,350,7.129761662253005,138,2.8111631696883275,133,2.7093094316561417,172,3.5037685883071905,743,15.135465471582808,213,4.338969240171115,4909,196,0,26411,63,160,6.132617861249521,439,16.826370256803372,399,15.293215791490994,422,16.17477960904561,146,5.596013798390188,116,4.446147949405903,86,3.2962821004216174,95,3.641241855116903,457,17.516289766193943,1638,1302,2609,362,1.7436539665719375
"Greenville, MS Micro Area",0.1,1.8,0.8,93.3,0.8,3.2,24740,24740,"Greenville, MS Micro Area",24740,2545,3747,20.53457050860368,236,32.500086556105664,20.79077658138005,26.17456635391061,28883,1632,0,1231,1340,595,33,0,33,39,244,433,775,596,7755,0,34061,1514,38.3,40117,24.3,786,31.9,746,19.81934112646121,587,15.595111583421891,357,9.484590860786398,417,11.07863974495218,144,3.825717321997875,247,6.562167906482465,161,4.277364505844846,245,6.5090329436769405,860,22.8480340063762,3764,686,0,43674,434,403,5.409395973154362,532,7.140939597315437,760,10.201342281879194,669,8.979865771812081,630,8.456375838926174,655,8.791946308724832,445,5.973154362416108,400,5.369127516778524,1989,26.69798657718121,3632,1383,7450,1588,4.662223657555562
"Greenville, NC Metro Area",0.1,2.2,0.7,85.0,1.0,11.0,24780,24780,"Greenville, NC Metro Area",24780,13578,20921,33.86605783866058,1822,24.658473795967453,9.086382171110737,32.38908619426123,106434,4427,44,1504,1587,1320,0,119,68,155,525,344,866,1774,21818,50,139582,10105,33.6,58851,19.4,971,28.8,5373,22.475529155860453,4793,20.04935999330712,3919,16.393374048356062,2153,9.006107253409185,1320,5.521626369948967,1079,4.513511252405254,927,3.8776876098050703,2349,9.825985108341005,1961,8.202961599598426,23906,1261,54,172279,3197,2071,5.749583564686286,3251,9.025541365907827,4812,13.359244863964465,4215,11.701832315380344,3206,8.900610771793447,2955,8.203775680177678,1900,5.274847307051638,2583,7.171016102165464,8524,23.664630760688507,14750,6145,36020,6614,4.738433322348154
"Greenville, OH Micro Area",0.1,2.0,0.2,91.0,1.3,5.6,24820,24820,"Greenville, OH Micro Area",24820,3024,3919,16.48317524841915,126,45.42400632339657,9.307249322493224,28.785569105691057,35424,1350,0,746,855,520,7,5,58,47,1,49,238,469,14741,8,40816,1508,42.0,64654,17.5,747,24.0,2204,26.91744015632633,1732,21.152906692721054,1036,12.65266243282853,813,9.929164631167565,338,4.127992183683439,224,2.7357107962872496,351,4.28676111382511,1002,12.237420615534928,478,5.83781143136297,8188,294,0,51655,286,378,6.328478151682572,914,15.30219320274569,873,14.61577096936213,668,11.183659802444334,606,10.145655449522852,502,8.404486857525532,205,3.4321111669177964,467,7.818516658295664,785,13.14247446844132,4358,2815,5973,669,1.6390631125049002
"Greenville-Anderson-Greer, SC Metro Area",0.2,1.4,0.3,86.3,1.5,10.3,24860,24860,"Greenville-Anderson-Greer, SC Metro Area",24860,64979,134905,33.704246201791975,10768,26.51063498246981,11.02547721075185,28.759641604986363,641750,32688,298,13657,14085,11805,141,777,609,741,3518,2502,4479,9443,137444,141,758340,58217,38.8,69016,18.7,1100,29.8,33228,21.41752178621152,33426,21.545145155468468,21498,13.85680400144382,14212,9.160521837776518,8190,5.278966637446501,5424,3.4961068426751924,6190,3.989841695457123,19518,12.580570308874336,12805,8.25362244108699,155144,8428,132,945301,12407,4534,4.1049134020805225,9577,8.670656297248604,13047,11.812264039908376,13162,11.916380723022462,11241,10.177179433786316,9544,8.64077933600717,7388,6.688817868233548,8690,7.867599793577358,25177,22.79431070228966,77060,42526,110453,20538,2.708283883218609
"Greenwood, MS Micro Area",0.0,1.8,0.1,91.2,2.0,4.9,24900,24900,"Greenwood, MS Micro Area",24900,2246,2714,19.535469200471027,185,30.547772769724286,18.033053153043408,31.883704876761275,24627,1387,13,855,1180,327,12,48,113,62,232,135,468,645,6136,14,29059,1578,37.3,37718,20.3,685,30.3,780,22.52382327461738,500,14.438348252959862,432,12.47473289055732,330,9.529309846953508,93,2.6855327750505342,141,4.071614207334681,252,7.27692751949177,417,12.041582442968526,505,14.58273173548946,3463,332,5,37260,334,221,4.069981583793739,503,9.263351749539597,549,10.11049723756906,353,6.500920810313075,548,10.09208103130755,600,11.049723756906078,117,2.154696132596685,385,7.0902394106814,1145,21.086556169429095,4043,1563,5430,1421,4.890051274992257
"Greenwood, SC Micro Area",0.1,1.1,0.0,93.4,1.5,3.9,24940,24940,"Greenwood, SC Micro Area",24940,8460,9862,23.88176537817231,504,34.09265260751804,11.846946284032375,30.17863573027727,63873,3315,0,1523,1725,1204,0,40,45,241,287,227,465,1020,18461,0,75430,4124,40.5,51044,20.0,860,29.0,2525,20.85398083911464,2069,17.08787578460522,1619,13.371324743970929,1149,9.489593657086225,690,5.698711595639247,615,5.079286422200198,572,4.72414932276181,1441,11.901222332342252,1406,11.61215725140403,12108,772,18,93681,764,473,4.078289360234523,823,7.096051043283325,1089,9.389549922400414,1405,12.114157613381618,1306,11.26056216589067,939,8.09622348680807,756,6.518365235385411,601,5.1819279186066565,2265,19.52922917744439,7144,3672,11598,1796,2.381015511069866
"Grenada, MS Micro Area",0.0,1.4,0.0,94.0,1.9,2.7,24980,24980,"Grenada, MS Micro Area",24980,2045,2777,22.69739930522956,71,30.96422871091916,16.496103652239228,29.84226833161205,21302,1836,17,685,951,429,0,4,0,0,96,158,341,476,4760,0,24732,1683,39.7,46918,21.1,809,27.0,748,18.6626746506986,624,15.568862275449105,564,14.071856287425147,473,11.801397205588822,204,5.089820359281437,205,5.114770459081837,183,4.565868263473054,443,11.052894211576849,432,10.778443113772456,4008,357,0,31050,304,262,6.208530805687204,444,10.52132701421801,596,14.123222748815165,384,9.09952606635071,273,6.469194312796208,430,10.18957345971564,110,2.6066350710900474,327,7.748815165876777,764,18.1042654028436,3090,1222,4220,601,2.4300501374737182
"Guayama, PR Metro Area",0.0,3.5,0.4,93.0,0.7,2.5,25020,25020,"Guayama, PR Metro Area",25020,5813,7968,23.34570379834114,557,32.58502159761514,20.202388919308063,23.86688568473566,49311,989,195,826,1260,379,291,599,508,575,1293,766,1062,1377,15079,0,57115,2764,43.2,20430,23.5,463,27.3,713,11.31925702492459,1218,19.33640260358787,853,13.54183203683124,745,11.827274170503255,365,5.794570566756628,157,2.492459120495317,518,8.223527544054612,511,8.11239879345928,1004,15.93903794253056,6299,831,0,67171,223,373,4.948262138498275,734,9.737330856991244,442,5.863624303528788,680,9.020960466967365,521,6.911647651897054,377,5.0013266118333775,197,2.613425311753781,399,5.293181215176439,1221,16.19793048553993,4772,1184,7538,1671,2.9256762671802505
"Gulfport-Biloxi, MS Metro Area",0.1,2.1,0.1,90.2,1.3,6.3,25060,25060,"Gulfport-Biloxi, MS Metro Area",25060,35028,44950,24.70625551152148,2670,28.567893230718827,10.95856032959334,35.767290928166354,286899,18851,14,5559,5125,5795,82,602,120,424,973,1157,3070,4258,63110,13,333693,19183,39.5,61266,20.6,1067,29.8,12267,20.04018819839247,11501,18.78879958178135,8054,13.1575508070313,6497,10.613931908776058,3927,6.415408743383651,2957,4.830752140103248,3108,5.077435796902567,5678,9.275958962294975,6819,11.139972554401098,61212,4248,0,418452,4079,1515,2.8293958352787376,5417,10.11672425063031,5475,10.22504435521524,6949,12.977869082080492,4939,9.224017181809693,4152,7.754225417872817,3069,5.731627602950788,5131,9.582594079746007,11565,21.59865533663274,45036,22552,53545,14101,4.225740426080259
"Guymon, OK Micro Area",0.0,2.4,1.2,92.9,0.5,3.1,25100,25100,"Guymon, OK Micro Area",25100,514,2052,24.417042131056835,151,28.96213738044424,25.001976128369297,21.61884436012964,12651,523,0,200,228,321,228,140,94,156,680,205,186,364,3141,0,15598,839,33.4,59275,19.5,939,26.5,629,27.980427046263344,474,21.08540925266904,247,10.987544483985763,187,8.31850533807829,83,3.692170818505338,28,1.2455516014234875,104,4.6263345195729535,68,3.0249110320284696,428,19.03914590747331,2248,361,0,20880,47,39,1.8562589243217515,170,8.09138505473584,410,19.51451689671585,218,10.376011423131844,167,7.948595906711089,248,11.803902903379344,18,0.8567348881485007,107,5.092812946216087,397,18.89576392194193,1171,1050,2101,252,1.6155917425310935
"Hagerstown-Martinsburg, MD-WV Metro Area",0.1,1.2,0.7,86.6,1.2,10.2,25180,25180,"Hagerstown-Martinsburg, MD-WV Metro Area",25180,17628,29831,23.49456020564668,1449,37.0617943437606,10.582394847365627,28.861250603227084,209291,12443,17,5135,3747,3720,60,268,103,137,682,491,1917,3297,65124,11,240061,15667,40.4,75473,19.2,1130,29.1,12591,22.991801033544547,11423,20.85897412486533,7861,14.35458247356792,5033,9.190511841937074,2943,5.374066431714844,2214,4.042875664225845,2783,5.081898362032759,5106,9.323813523729523,4452,8.129576538904004,54763,2533,30,298525,2225,1397,4.153658609104154,2795,8.310290488508311,4145,12.324205393512324,3922,11.66116611661166,4085,12.145809175512143,3523,10.474831266910476,2275,6.764189932506764,2142,6.368744982606368,6913,20.554217583920558,26165,16611,33633,7099,2.957165053882138
"Hailey, ID Micro Area",2.2,3.1,1.0,80.0,1.6,12.1,25200,25200,"Hailey, ID Micro Area",25200,1391,6307,39.57045526327664,136,24.27920407887019,10.359608356269458,25.79073230158372,22163,887,32,283,159,353,0,56,8,0,372,69,130,181,4494,0,25313,1804,43.7,81389,24.7,1166,26.6,871,17.426970788315327,668,13.365346138455385,517,10.344137655062024,651,13.025210084033615,474,9.483793517406964,387,7.743097238895558,467,9.343737494998,476,9.523809523809524,487,9.74389755902361,4998,640,13,31010,523,90,3.088538091969801,229,7.858613589567605,257,8.81949210706932,512,17.57035003431709,453,15.54564172958133,335,11.496225120109816,45,1.5442690459849004,245,8.407687028140014,299,10.260809883321894,3233,1092,2914,515,2.034527713032829
"Hammond, LA Metro Area",0.2,1.5,0.2,90.3,1.6,6.3,25220,25220,"Hammond, LA Metro Area",25220,6208,12994,22.228370732588736,698,34.9580458277338,16.130052287434076,26.68353115224339,88549,6174,21,2935,2994,1713,0,190,61,413,544,659,1871,1387,24781,3,105974,4912,35.7,57256,19.5,974,33.5,3916,20.01328767823376,4006,20.47324577094087,2765,14.130934737057292,2226,11.37629682628916,947,4.83978126437369,1034,5.284407420657229,634,3.240149230847856,2183,11.156539070884651,1755,8.969182807788624,19567,1490,2,135218,1079,910,6.365862189576775,741,5.183630640083946,1404,9.82161594963274,1376,9.62574326687653,1107,7.743966421825814,885,6.190975865687303,710,4.966771598461,1205,8.429520811472543,3993,27.93284365162644,13357,4063,14295,3279,3.094155170136071
"Hanford-Corcoran, CA Metro Area",0.4,1.9,0.5,91.0,1.5,4.8,25260,25260,"Hanford-Corcoran, CA Metro Area",25260,9080,8991,13.919095714061436,528,28.08833533936889,25.764822858339,32.227746088230674,95545,3668,192,2393,3774,3576,739,901,424,1236,4205,481,1461,2098,23169,95,115997,3015,32.3,68750,23.0,1228,29.8,2621,16.102475886219818,3153,19.3708914419119,2291,14.075075259568717,1850,11.365730785771335,1255,7.710266019536769,954,5.8610309025004605,1141,7.009891257602751,958,5.885605455550777,1997,12.268845610370462,16277,3029,13,152830,765,575,2.909919028340081,1908,9.65587044534413,1864,9.433198380566802,2983,15.096153846153843,2014,10.192307692307692,1761,8.911943319838056,1259,6.371457489878543,1625,8.223684210526317,4514,22.844129554655872,15195,6517,19760,5787,4.988922127296395
"Hannibal, MO Micro Area",0.0,3.7,0.2,89.0,1.3,5.8,25300,25300,"Hannibal, MO Micro Area",25300,1854,3905,23.435926133184108,82,41.16396194739787,9.431076291736616,25.969035627681404,26805,1228,0,525,476,410,10,0,40,29,14,44,361,339,9806,0,31084,1928,40.9,63425,18.0,802,24.1,1184,24.168197591345173,1090,22.249438660951213,756,15.43172075933864,305,6.225760359256992,269,5.490916513574199,91,1.857521943253725,154,3.143498673198612,585,11.941212492345375,407,8.307817922024903,4899,280,0,38887,367,334,8.45997973657548,457,11.57548125633232,502,12.715298885511652,566,14.336372847011145,376,9.523809523809524,206,5.217831813576495,152,3.850050658561297,216,5.47112462006079,696,17.62917933130699,3079,2028,3948,662,2.129713035645348
"Harrisburg-Carlisle, PA Metro Area",0.3,3.0,0.8,79.7,1.3,14.9,25420,25420,"Harrisburg-Carlisle, PA Metro Area",25420,37819,91964,35.36842307341585,5600,32.57255436478036,7.778087070037099,24.28093549176669,416722,16417,302,5709,5560,5877,290,134,66,220,1142,572,4065,3489,119320,58,483944,39367,40.1,79281,19.5,1151,26.9,20905,20.32314826516824,23013,22.372476011782663,15910,15.467174785880248,9980,9.702225289948768,6617,6.43282813062034,3720,3.61646072931958,4996,4.856945646150705,9554,9.28808220642991,7708,7.4934621778482065,102863,4879,50,597894,10457,3744,4.827479498684821,7669,9.888338748775078,11161,14.390891742740733,10443,13.465109082469445,9011,11.618701325493836,5607,7.229614730001548,4383,5.651400278508432,6139,7.915570684408685,14784,19.06235494352468,38580,24785,77556,11920,2.4630949035425584
"Harrison, AR Micro Area",0.0,2.3,0.0,86.2,0.6,10.9,25460,25460,"Harrison, AR Micro Area",25460,3325,3353,15.972069323435978,132,36.10857735979618,10.143742333218004,37.77561098354984,31793,2044,0,494,840,573,11,12,1,10,90,151,432,363,9436,4,36269,1290,42.7,53775,19.3,704,25.0,1286,20.267927501970053,1401,22.080378250591018,787,12.40346729708432,375,5.91016548463357,570,8.983451536643026,467,7.360126083530338,338,5.327029156816391,673,10.606776989755714,433,6.824271079590229,6345,244,0,45071,303,497,9.262020126723815,362,6.746179649645918,706,13.15691390234812,615,11.461051062243758,363,6.764815505031681,468,8.721580320536711,269,5.013045098770034,315,5.870294446515096,765,14.256429370108089,5791,2894,5366,794,2.1891973861975798
"Harrisonburg, VA Metro Area",0.8,4.0,0.6,85.7,0.7,8.3,25500,25500,"Harrisonburg, VA Metro Area",25500,6328,14673,30.99053298015133,2033,32.14272987515887,14.153016498984403,22.713720645705397,84187,4369,63,2021,1720,1147,166,279,113,95,773,405,1781,1651,22691,8,111826,7799,34.8,72145,19.1,1122,27.1,3744,21.2100611828688,3872,21.935191479719013,2844,16.11148878314072,1834,10.389757534556992,1040,5.891683661907999,611,3.461364151370949,638,3.614321323362792,1902,10.774983004758669,1132,6.412871062769092,17652,1693,0,136231,1585,855,4.655848399041603,1796,9.78000435634938,2741,14.925942060553258,2091,11.386408189936834,2248,12.2413417556088,1368,7.449357438466565,714,3.8880418209540406,1133,6.169679808320627,3943,21.471357002831624,7789,5005,18364,3077,2.7515962298571
"Hartford-West Hartford-East Hartford, CT Metro Area",0.2,1.9,2.4,79.1,1.2,15.2,25540,25540,"Hartford-West Hartford-East Hartford, CT Metro Area",25540,66563,187435,42.127596199790254,15618,25.000961842766635,8.17988321367182,24.69155874377129,805745,25131,320,8448,9306,11884,165,885,1182,1555,2827,2169,6121,8612,176313,151,944999,111493,41.0,92823,20.9,1357,30.0,36036,17.858788896983395,43422,21.519156717860277,31565,15.64304227809082,20998,10.406228473161764,14560,7.215672281609452,8463,4.194109513685493,10312,5.110440423623397,15273,7.5690221673778275,20344,10.082117918754305,201783,12080,204,1144012,24895,6033,3.945741960379074,12956,8.473567518427197,17729,11.595236070870312,17913,11.715576949489533,16773,10.969986723261762,12410,8.116469041654948,9779,6.39572528270296,11918,7.794687996651383,37259,24.368373893877656,87685,44703,152899,31384,3.321061715409223
"Hastings, NE Micro Area",0.1,3.2,0.1,90.8,1.0,4.8,25580,25580,"Hastings, NE Micro Area",25580,3864,4631,27.276090414709035,351,27.634937664163367,7.59498353742,37.4939883837076,27031,791,0,355,334,375,8,70,1,30,122,4,200,241,6679,2,31904,1799,39.4,67077,18.4,832,28.5,1391,23.87982832618026,1420,24.377682403433475,800,13.733905579399142,524,8.995708154506438,234,4.017167381974248,216,3.708154506437769,239,4.103004291845493,556,9.545064377682404,443,7.605150214592276,5825,311,0,40503,592,259,5.394709435534264,531,11.06019579254322,574,11.955842532805669,645,13.43470110393668,316,6.581962091230993,403,8.394084565715476,206,4.290772755675901,413,8.602374505311392,1116,23.2451572589044,4089,2182,4801,428,1.3415245737211634
"Hattiesburg, MS Metro Area",0.4,1.2,0.3,89.7,4.5,3.8,25620,25620,"Hattiesburg, MS Metro Area",25620,10801,17169,29.698413339254717,1347,28.50841778028988,9.08999152166014,32.703177358795266,99076,4679,0,1316,1778,1454,0,50,14,52,517,396,839,1592,23566,21,122671,9072,35.3,59008,18.7,987,30.7,4993,24.455110936964296,4132,20.238036930009308,2280,11.167164617720529,1967,9.634128422393104,1215,5.950923250232649,1007,4.932164372826566,795,3.893813978547289,2166,10.6088063868345,1810,8.865161385120244,20417,977,0,154567,1836,968,4.470925130478961,1894,8.74786384000739,2652,12.248856865733684,1715,7.921112188813449,1840,8.498452727356703,1716,7.925730913121795,1264,5.838067525749388,2128,9.828645328160365,4425,20.437855064431204,15615,5985,21651,4369,3.5615589666669383
"Hays, KS Micro Area",0.0,7.0,0.0,86.2,0.8,6.0,25700,25700,"Hays, KS Micro Area",25700,1633,4306,39.54658492857556,571,27.58082239315251,4.719218090336013,28.15337458793592,17291,665,0,96,89,308,0,0,8,43,0,0,31,127,4104,0,23508,1609,32.5,59889,21.7,899,31.1,771,17.439493327301516,875,19.791902284551007,835,18.887129608685814,411,9.296539244514817,384,8.685817688305814,350,7.916760913820403,259,5.8584030762270976,280,6.3334087310563225,255,5.767925808640579,4421,114,0,28870,352,266,5.81039755351682,507,11.07470511140236,489,10.681520314547836,474,10.35386631716907,315,6.8807339449541285,495,10.812581913499344,260,5.679335954565312,374,8.169506334643948,1149,25.09829619921363,2086,1149,4578,539,2.29283648119789
"Heber, UT Micro Area",0.2,1.4,1.3,74.2,1.3,21.6,25720,25720,"Heber, UT Micro Area",25720,3373,17204,53.59506559624045,1312,16.228705698061486,4.713138829058155,25.463089876639906,51070,794,0,183,227,495,143,27,46,38,160,179,211,264,7494,8,60597,7019,38.6,125583,21.8,1941,26.4,2558,17.79849707765099,2440,16.97745616476482,2097,14.590871138324522,1906,13.261898135263012,662,4.60617868076816,657,4.5713888115780685,769,5.350681881436126,1415,9.845532980795992,1798,12.510436960757026,14372,426,0,78517,1836,329,6.126629422718808,458,8.528864059590315,565,10.521415270018622,888,16.53631284916201,399,7.430167597765363,454,8.45437616387337,348,6.4804469273743015,354,6.592178770949721,903,16.81564245810056,7070,2561,5370,925,1.5264782084921695
"Helena, MT Metro Area",0.7,4.2,0.2,81.0,1.3,12.6,25740,25740,"Helena, MT Metro Area",25740,7073,17471,40.03927789107939,981,24.1559030138228,5.592567414457285,30.21225168064053,66195,2929,2,606,788,1034,0,12,28,63,52,65,393,342,13061,0,75146,6510,42.4,74040,21.7,1049,26.5,2880,17.249640632486823,3417,20.46597987541926,2355,14.105174892189746,1579,9.45735505510302,1531,9.169861044561571,927,5.552228078581696,1185,7.097508385241974,1239,7.420939147101102,1563,9.361523718255867,16696,317,0,92391,1542,862,8.10759969902182,885,8.32392776523702,1387,13.045522949586156,1422,13.374717832957112,1118,10.515425131677954,943,8.869450714823175,471,4.430022573363432,1027,9.659518434913467,1667,15.6790820165538,8727,4199,10632,1633,2.173103026109174
"Hemlock Farms, PA Micro Area",0.2,1.0,2.3,82.3,1.5,12.7,25770,25770,"Hemlock Farms, PA Micro Area",25770,4770,7591,28.8707182320442,502,33.533701657458565,6.793370165745856,30.80220994475138,45250,2098,0,638,505,823,112,69,22,11,38,32,64,293,13076,0,51038,4428,49.4,79318,22.1,1383,31.4,2370,18.04339550818424,2100,15.987818804720211,2244,17.084126379901026,1235,9.40236010658546,652,4.9638370765131326,507,3.859916254282451,664,5.055196041111534,1067,8.123334602207843,2156,16.41416063951275,13135,457,10,59691,543,115,3.4596871239470515,231,6.949458483754513,359,10.800240673886885,530,15.944645006016849,239,7.190132370637786,184,5.535499398315283,174,5.234657039711191,271,8.152827918170878,947,28.48977135980746,5543,3625,3324,2111,4.136133861044712
"Henderson, KY Micro Area",0.3,1.6,0.1,92.5,1.1,4.3,25775,25775,"Henderson, KY Micro Area",25775,3928,4602,17.621942030441552,155,39.78751193047672,11.435675892901994,31.154870146179736,39814,2988,20,725,816,714,36,50,23,0,224,151,550,793,12853,0,45823,1891,40.8,58404,18.6,791,26.5,1550,19.367737098588027,1868,23.341247032362865,893,11.158315631638136,438,5.472947644633262,501,6.260152442833937,415,5.1855554167187305,247,3.0863426215169314,1106,13.819817568411846,952,11.895539172810196,8003,447,4,57366,368,598,7.556229466767754,895,11.309072529694213,947,11.966135961587062,920,11.62496841041193,797,10.070760677280768,525,6.633813495072024,439,5.547131665403083,571,7.21506191559262,1522,19.23174121809452,5100,3376,7914,916,1.9989961373109573
"Henderson, NC Micro Area",0.0,1.4,0.1,88.8,0.6,9.2,25780,25780,"Henderson, NC Micro Area",25780,2498,3682,18.47496073983598,107,35.808759378816966,14.56290350724132,31.15337637410574,28655,2030,0,716,460,464,0,40,28,40,406,157,609,756,8231,48,33372,1235,39.9,46943,19.9,860,30.8,910,20.972574325881546,817,18.82922332334639,603,13.897211339018206,397,9.14957363447799,293,6.752707997234387,97,2.235538142429131,219,5.0472459091956665,455,10.486287162940773,537,12.376123530767458,4339,449,0,42361,270,271,3.952165670118128,509,7.423071313985707,645,9.406445967624324,1006,14.671138982062129,439,6.402216712848184,758,11.05439696660347,337,4.914685722619221,469,6.839725827621408,1548,22.57547032229838,4354,2075,6857,1338,4.009349154980223
"Hereford, TX Micro Area",0.0,0.6,0.0,92.2,4.0,3.3,25820,25820,"Hereford, TX Micro Area",25820,363,886,11.820967592162688,82,40.97873525861269,28.59132695700622,18.608970192218404,10769,1090,44,242,306,366,196,53,29,21,426,232,225,525,3323,12,13280,267,31.4,54114,21.1,919,21.9,271,18.018617021276597,242,16.090425531914892,258,17.154255319148938,204,13.563829787234042,66,4.388297872340425,42,2.792553191489361,66,4.388297872340425,179,11.90159574468085,165,10.970744680851062,1504,402,0,18487,38,199,9.77886977886978,369,18.13267813267813,240,11.793611793611792,333,16.363636363636363,136,6.683046683046682,107,5.257985257985258,40,1.9656019656019657,66,3.2432432432432434,384,18.86977886977887,1110,531,2035,280,2.108433734939759
"Hermiston-Pendleton, OR Micro Area",0.3,2.5,0.8,89.6,1.2,5.4,25840,25840,"Hermiston-Pendleton, OR Micro Area",25840,6065,6622,16.963962481487577,202,31.88744446272832,16.631561625802206,34.5170314299819,60770,4208,9,1341,1426,1319,287,602,148,296,1026,226,328,1252,15170,4,71816,2970,36.6,69037,18.8,958,25.6,2928,22.96290487020626,2768,21.708101325386245,1597,12.524507881734769,1108,8.689514547878598,805,6.313230334875695,559,4.383969884714924,441,3.458552270410164,1337,10.485452121402243,1193,9.35612893106423,12751,1804,39,92336,515,585,5.560307955517536,1336,12.698412698412698,1417,13.468301492253588,1358,12.907518296739854,947,9.001045527991636,1134,10.778443113772456,582,5.531793555745652,556,5.28466875772265,1692,16.08212147134303,9217,5694,10521,2114,2.9436337306449816
"Hermitage, PA Micro Area",0.1,2.8,0.2,87.7,1.4,7.8,25850,25850,"Hermitage, PA Micro Area",25850,7685,12771,25.07590868090405,824,40.468537598617765,8.694878863720097,25.760674856758097,78713,3209,4,1327,1452,942,0,0,17,15,62,154,1313,923,28645,37,91593,5493,45.2,60614,17.1,808,27.7,4703,28.44957957776299,3639,22.013187344988204,2017,12.20131873449882,1143,6.914282257576675,805,4.869638860323029,579,3.5025104349404157,516,3.1214082632629605,1986,12.013792269070231,1062,6.424293751134233,16531,595,3,109852,650,768,6.060127830821432,1300,10.258028880296694,1333,10.518424998027305,1462,11.53633709461059,1424,11.236487019648072,899,7.093821510297483,765,6.036455456482285,897,7.078039927404718,2435,19.214077171940342,7818,4774,12673,2658,2.901968491041892
"Hickory-Lenoir-Morganton, NC Metro Area",0.1,0.7,0.1,91.6,0.9,6.6,25860,25860,"Hickory-Lenoir-Morganton, NC Metro Area",25860,30705,38585,21.390502676241454,1720,31.580792015086,14.32941579839616,32.69928951027639,262495,15493,26,7368,6173,5046,231,359,604,760,1517,937,3880,5869,67405,57,301829,12911,43.4,60255,18.3,823,25.0,13604,22.66086985491313,12694,21.14503689637366,8467,14.103909516432628,5029,8.377059284060435,3284,5.470324654773208,1996,3.3248380057634965,2069,3.446437792547432,7934,13.216064497859511,4677,7.790715106691319,60033,4743,44,366972,2933,2179,5.749492071030898,5187,13.686376949259872,4424,11.673131217182512,4839,12.768146916805192,3726,9.83139396817858,3012,7.947439246418112,1606,4.237578827937413,2583,6.815483258133461,5620,14.82888730573366,35113,20016,37899,8115,2.6886084504802388
"Hillsdale, MI Micro Area",0.5,4.6,0.2,85.8,1.0,7.9,25880,25880,"Hillsdale, MI Micro Area",25880,2663,3838,20.63033611578379,422,40.57828419081474,9.505824102580378,29.28555559082109,31507,1546,3,631,502,492,0,0,20,23,10,120,671,250,11239,3,37039,2019,42.8,60869,19.2,801,27.2,1584,19.0224570673712,1622,19.478803890957128,1104,13.258076137864776,551,6.617028941995917,577,6.929266242344181,462,5.5482166446499335,354,4.251230935510988,1203,14.446979704575478,839,10.075657499699773,8327,267,3,45658,221,165,4.867256637168142,482,14.218289085545724,330,9.734513274336283,278,8.200589970501476,491,14.48377581120944,279,8.230088495575222,113,3.333333333333333,282,8.31858407079646,518,15.280235988200593,4129,2435,3390,947,2.5567644914819514
"Hilo-Kailua, HI Micro Area",0.3,1.9,0.8,84.4,1.8,10.9,25900,25900,"Hilo-Kailua, HI Micro Area",25900,17168,28088,30.90440360516416,2458,29.642460822258908,6.911251251793109,32.54188432078383,147788,4945,26,1420,1829,2065,81,95,112,271,1032,169,621,1188,38863,3,165882,11263,44.1,77215,24.6,1411,30.2,3838,12.87789819816797,4799,16.102405798074017,3867,12.975203838539745,3041,10.203670771398851,2336,7.838137100291917,1757,5.895379659765795,1805,6.056437271415629,2581,8.660201993087945,5540,18.58873267791833,29803,1283,19,203684,3864,600,3.0573248407643314,2013,10.257324840764332,2006,10.221656050955415,1935,9.859872611464969,1967,10.022929936305731,1581,8.056050955414012,1101,5.610191082802548,1375,7.006369426751593,4561,23.24076433121019,22195,8730,19625,5842,3.5217805427954807
"Hilton Head Island-Bluffton-Port Royal, SC Metro Area",0.4,1.9,0.7,85.4,0.9,10.7,25940,25940,"Hilton Head Island-Bluffton-Port Royal, SC Metro Area",25940,13624,40056,42.15508459837511,2752,23.142189868071256,6.367860071057666,28.33486546249596,160996,4086,137,1504,1735,1825,116,64,93,114,708,388,782,1291,33172,24,187687,20274,46.8,81015,22.1,1448,29.9,6280,15.791988332034098,7660,19.262202328563884,5051,12.701486156863732,3525,8.864133578092389,3000,7.543943470716926,2319,5.831468302864184,2302,5.788719289863455,3651,9.1809792038625,5594,14.066939925063496,39767,1466,5,222781,4786,893,4.039809997738068,1597,7.224609816783534,2225,10.065596019000226,2322,10.504410766794845,2895,13.096584483148613,1683,7.613662067405564,1617,7.3150870843700515,2200,9.952499434517078,4317,19.5295182085501,21363,10631,22105,3168,1.6879165845263655
"Hinesville, GA Metro Area",0.3,2.3,0.3,90.1,1.1,5.9,25980,25980,"Hinesville, GA Metro Area",25980,5436,6095,18.32027236648603,345,34.69650879348899,9.345474324623783,37.6377445154012,49639,2837,0,1049,927,675,0,10,1,138,124,35,269,840,14386,0,63089,2151,29.4,60329,20.6,1174,29.6,2087,20.772369861650244,1917,19.08032248432368,1157,11.51587538568727,1252,12.46143127301682,742,7.385289141037125,336,3.344281875186623,571,5.683288543843934,810,8.062108091967751,1038,10.331442221558676,10047,571,0,84338,503,394,2.8427128427128427,995,7.178932178932179,1266,9.134199134199134,1890,13.636363636363637,1987,14.336219336219337,1389,10.02164502164502,1643,11.854256854256857,1013,7.308802308802309,2183,15.75036075036075,8994,4253,13860,2440,3.867552188178605
"Hobbs, NM Micro Area",0.0,0.9,0.2,94.4,0.8,3.7,26020,26020,"Hobbs, NM Micro Area",26020,3319,3669,15.277333211395124,146,32.61237367963785,24.41812611459143,27.6921669943756,43738,2777,4,1141,1394,685,103,554,165,305,1708,262,1200,1537,11487,27,53738,2610,32.5,68750,18.9,1119,28.4,1493,21.32247929163096,1361,19.43730362753499,958,13.68180519851471,389,5.555555555555555,284,4.0559840045701225,363,5.184233076263925,401,5.726935161382462,935,13.353327620679806,795,11.353898886032562,7002,1569,26,73154,257,454,6.056563500533619,582,7.764140875133404,958,12.780149413020276,650,8.67129135538954,649,8.65795090715048,587,7.830843116328709,464,6.189967982924227,419,5.589647812166489,1414,18.86339381003202,5851,2942,7496,2333,4.341434366742343
"Holland, MI Micro Area",0.1,1.7,0.3,87.9,1.0,9.0,26090,26090,"Holland, MI Micro Area",26090,6868,14721,26.066276709465868,593,36.32367248399534,7.947680074948653,29.662370731590137,83257,3980,0,1339,1594,1179,17,102,2,13,215,52,607,556,26262,43,95964,5486,40.8,80255,19.3,1065,28.7,4723,20.994843527738265,4985,22.15949502133713,3895,17.31418918918919,1871,8.31703413940256,1381,6.138869132290185,785,3.4895092460881934,1069,4.751955903271693,2187,9.721728307254624,1560,6.934566145092461,22496,884,14,120913,902,233,3.714331260959668,541,8.624262713215368,647,10.314044316913758,605,9.64450820978798,816,13.008130081300814,497,7.922843934321697,407,6.488123704766459,574,9.15032679738562,938,14.952973059142357,11724,6104,6273,1791,1.866324871826935
"Homosassa Springs, FL Metro Area",0.4,0.9,0.2,84.8,1.7,12.1,26140,26140,"Homosassa Springs, FL Metro Area",26140,12515,16064,20.40040387467264,1005,37.96895213454075,9.11321111917458,32.51743287161203,126772,8542,4,2244,2431,2278,16,71,80,30,247,214,962,1394,39592,12,138141,6890,56.9,55355,22.2,1069,33.0,4206,15.797776442307692,4733,17.777193509615387,3486,13.093449519230768,2253,8.462289663461538,1894,7.113882211538461,1434,5.386117788461538,1701,6.388972355769231,2734,10.268930288461538,3989,14.982722355769232,26624,1523,47,158693,1903,224,2.118804388951949,653,6.176693151721529,1077,10.187287173666288,1138,10.764283011729097,1053,9.960272417707152,847,8.011729095724556,707,6.687476352629587,675,6.384790011350738,2916,27.582292849035188,16903,11805,10572,3748,2.7131698771545016
"Hood River, OR Micro Area",1.0,5.9,0.8,73.0,1.1,18.2,26220,26220,"Hood River, OR Micro Area",26220,1165,3834,39.38177679266758,268,19.38537111364045,15.77906907086803,25.453783022823934,16693,533,12,97,151,223,41,144,70,211,636,120,116,409,2703,71,19228,1657,40.2,82095,19.8,1381,29.0,820,22.97562342392827,805,22.55533762958812,493,13.813393107312974,255,7.144858503782572,359,10.058840011207622,167,4.6791818436536845,119,3.3342673017652,191,5.351639114597926,360,10.086859064163631,3569,333,0,23958,815,114,3.959708232025009,96,3.334491142757902,382,13.268496005557484,292,10.142410559221952,345,11.983327544286212,228,7.919416464050018,101,3.5081625564432097,164,5.696422368878083,596,20.701632511288643,1700,1384,2879,465,2.418348242146869
"Hot Springs, AR Metro Area",0.0,1.6,0.2,90.7,1.2,6.2,26300,26300,"Hot Springs, AR Metro Area",26300,7323,12092,26.246503208820144,774,30.899292414020078,9.105369974219736,33.74883440294005,72924,3838,44,1377,1408,1016,4,116,49,65,97,271,557,955,18695,12,82810,5292,45.3,55409,20.0,942,26.8,2695,17.94393767894001,3313,22.058725614221984,2197,14.628137692256471,1142,7.603701977495173,920,6.125574272588056,520,3.4622811105932487,892,5.939143751248419,1513,10.073906385245357,1791,11.924895132831749,15019,669,0,100062,982,528,3.921277385815076,1301,9.662086891942073,2222,16.50204233197178,1667,12.380245079836612,702,5.2135165243223165,1139,8.458967694021537,757,5.621982918678055,842,6.2532491645005575,2785,20.68325287783141,11441,5847,13465,2656,3.2073421084410096
"Houghton, MI Micro Area",1.0,10.3,2.0,75.2,1.5,10.0,26340,26340,"Houghton, MI Micro Area",26340,2006,4895,37.12295012320503,1059,28.81723171042569,5.25533180389158,28.804486362477693,23538,616,0,240,273,188,0,0,54,27,37,11,148,119,6167,0,32745,2543,33.7,56403,17.9,764,32.3,1406,25.689749680248493,1043,19.05718984103782,719,13.137219075461356,474,8.660697971861868,365,6.669102868627809,207,3.782203544673853,178,3.252329618125343,712,13.009318472501372,361,6.596016809793531,5473,140,0,39534,241,239,5.69861707200763,290,6.914639961850262,218,5.197901764425369,483,11.516452074391989,455,10.848831664282308,364,8.679065331425846,271,6.461611826418694,361,8.60753457319981,1017,24.248927038626608,3010,1764,4194,1060,3.2371354405252712
"Houma-Bayou Cane-Thibodaux, LA Metro Area",0.0,1.8,0.4,91.5,2.5,3.8,26380,26380,"Houma-Bayou Cane-Thibodaux, LA Metro Area",26380,9280,17294,19.035488660514137,1238,39.27334129086727,16.93353518297476,24.757634865643837,137396,10884,15,3675,4421,2778,9,191,358,333,1279,1593,2307,3325,43076,17,160357,6491,38.2,64269,19.7,983,28.9,5376,18.86779208928509,6109,21.44035377110168,3951,13.866563717404276,2631,9.233846909767312,1781,6.250658056364722,894,3.137612746990489,1695,5.948829537079282,3020,10.599094514442143,2871,10.076159056610395,28493,2965,0,204032,1131,1381,7.212618164725544,1709,8.925680263226615,2039,10.649187862328304,1922,10.03812607719225,1261,6.585888128688568,832,4.345328249856374,1264,6.601556379589492,1060,5.536115318326631,4581,23.9254191257116,14979,9757,19147,4713,2.9390672062959524
"Houston-Pasadena-The Woodlands, TX Metro Area",0.2,1.2,1.6,83.2,1.9,11.9,26420,26420,"Houston-Pasadena-The Woodlands, TX Metro Area",26420,354830,1043551,35.36221711771222,79355,22.698059191265056,14.937155400541208,27.00256829048152,4718703,187225,6648,59170,68436,103016,13299,22439,13816,24246,93766,20183,43690,80961,883829,2418,5597389,437986,35.3,80458,21.5,1378,31.2,160681,17.13925182106084,186395,19.882069710710255,146216,15.596323425098374,100644,10.73532564695793,60418,6.444566044055327,43746,4.666225068079783,52192,5.567128851854341,76455,8.15517390344351,106550,11.365296964383049,937503,151506,1246,7274714,107746,29902,2.962996727048963,75115,7.44316430848381,114944,11.38982997103592,126953,12.579804812020836,110151,10.914890391317316,88583,8.777711827709796,69959,6.932254967146627,94195,9.333806324138088,245292,24.30604618993025,637781,281560,1009181,221170,3.9513065824083338
"Hudson, NY Micro Area",0.7,3.3,2.9,74.8,2.6,15.7,26460,26460,"Hudson, NY Micro Area",26460,5806,8836,38.09222327740846,844,28.04051915163026,8.483697372586262,25.38356019837501,47385,2487,0,639,1001,695,35,39,26,116,135,62,186,285,10800,0,52669,6438,49.5,83619,21.0,1199,31.8,1600,15.16300227445034,2202,20.868081880212284,1697,16.082259287338893,1058,10.026535253980288,777,7.363532979529946,469,4.444655041698256,490,4.643669446550417,1113,10.54776345716452,1134,10.74677786201668,10552,781,20,61245,1932,421,6.547433903576982,574,8.926905132192847,582,9.05132192846034,557,8.662519440124417,473,7.356143079315708,437,6.796267496111976,325,5.05443234836703,417,6.485225505443235,1734,26.96734059097978,3627,2595,6430,1629,3.09290094742638
"Huntingdon, PA Micro Area",0.0,5.0,0.1,86.8,1.6,6.6,26500,26500,"Huntingdon, PA Micro Area",26500,2890,3807,18.189814960258868,332,50.08953535861267,9.299110929596932,22.421538751531525,31831,2171,0,628,645,412,0,0,7,0,20,39,462,351,13773,0,36954,1428,43.5,65429,18.8,795,24.3,1400,22.70147559591373,1191,19.31246959623804,845,13.701962056105074,538,8.72385276471542,376,6.096967731473974,306,4.961893951678287,276,4.475433760337279,755,12.24258148208205,441,7.150964812712826,6167,396,0,43844,223,172,5.004364271166716,607,17.660750654640676,338,9.834157695664825,403,11.72534186790806,334,9.717777131219089,172,5.004364271166716,184,5.3535059645039285,153,4.451556590049462,561,16.322374163514695,2573,1674,3437,976,2.64112139416572
"Huntington, IN Micro Area",0.4,3.0,0.1,89.4,0.8,6.4,26540,26540,"Huntington, IN Micro Area",26540,2449,3839,23.1142113974935,127,42.87459604319382,6.963821234334358,27.047371324978325,25374,1716,0,278,398,489,10,0,0,0,42,1,88,230,9163,13,29764,1537,40.8,62734,18.0,866,26.7,2213,28.606514994829368,1607,20.77300930713547,1146,14.813857290589452,710,9.177869700103413,459,5.93329886246122,170,2.19751809720786,214,2.766287487073422,677,8.75129265770424,540,6.980351602895553,7736,218,0,36757,362,147,4.0518191841234845,414,11.411245865490628,494,13.616317530319735,357,9.840132304299887,549,15.132304299889746,285,7.855567805953694,235,6.477398015435501,263,7.249173098125689,462,12.734288864388091,2696,1718,3628,592,1.9889799758097029
"Huntington-Ashland, WV-KY-OH Metro Area",0.2,2.4,0.3,90.1,1.0,6.0,26580,26580,"Huntington-Ashland, WV-KY-OH Metro Area",26580,25780,34460,22.99453123799868,3121,36.23515676605681,11.04620796657296,29.72410402937155,260388,14210,89,6579,5507,3500,97,282,148,289,859,853,3559,4023,80142,59,303472,18243,41.8,58483,18.0,856,29.8,12863,24.571625054919867,11352,21.685227989073336,6640,12.684100937935778,4454,8.5082809604768,2259,4.315268677529657,1551,2.962807312460601,2197,4.196832795277847,6433,12.28867791170796,4391,8.387934822059638,52349,2892,27,372801,4051,1525,3.7686889904856047,3268,8.076115161250463,4680,11.565550475719755,4326,10.690720375633262,3282,8.110712961818855,3074,7.596688496231311,2201,5.439268503645126,2472,6.108983071790436,9059,22.38724823921908,33613,18005,40465,7926,2.611773079559234
"Huntsville, AL Metro Area",0.0,0.8,0.2,85.2,1.1,12.7,26620,26620,"Huntsville, AL Metro Area",26620,27791,88161,42.368441461081765,6578,20.73599825364136,8.500860253968801,28.394700031308076,348153,13783,19,4972,5920,5220,147,257,50,281,1465,941,2471,4022,58410,0,406971,46991,38.8,83529,17.4,1091,27.0,22675,24.95680024654127,19013,20.92629076460812,11852,13.044674598544969,6697,7.370923539187954,4544,5.001265725260574,2518,2.7713880053270525,3285,3.615571722597048,13437,14.789174196814775,6298,6.931771905301738,90857,3706,125,504712,5777,2689,4.501623865805069,7656,12.816821240834368,7183,12.024977399805806,8074,13.516590216627048,5471,9.158937958281715,5072,8.490976663206883,3286,5.5010546757290655,4301,7.200254461445743,11814,19.777681052666825,50092,20974,59734,9733,2.3915708981721058
"Huntsville, TX Micro Area",1.0,3.7,0.1,86.6,1.3,7.2,26660,26660,"Huntsville, TX Micro Area",26660,3841,7528,21.432115729608,753,34.66162830642391,15.237222794763158,28.669033169204933,52398,5463,10,874,1325,1045,447,103,203,254,752,474,672,1161,12699,76,68123,2663,37.1,49862,22.3,986,36.3,1105,16.614043001052472,1588,23.87610885581116,752,11.306570440535255,720,10.825439783491204,755,11.351676439633138,253,3.803939257254548,403,6.059239212148549,281,4.224928582168095,770,11.577206435122536,6651,583,5,78292,286,234,2.1680718984527005,530,4.910590197350135,1121,10.3863615306217,907,8.40359492263504,1219,11.294357453905308,704,6.522746224404708,934,8.653757064764198,1073,9.941628833503197,3206,29.70443806170666,7915,3266,10793,2434,3.5729489306108078
"Huron, SD Micro Area",0.2,3.7,0.2,87.5,3.0,5.4,26700,26700,"Huron, SD Micro Area",26700,1452,2303,26.387992253066493,162,31.06843124596514,14.937056165267917,27.60652033570045,12392,710,0,264,83,150,31,5,37,0,46,88,370,157,3140,0,14283,686,36.9,63082,19.8,834,27.1,425,16.402933230412966,580,22.385179467387108,315,12.157468159011966,132,5.0945580856812045,432,16.67309918950212,96,3.7051331532226937,120,4.631416441528367,317,12.234658433037438,172,6.63836356619066,2591,620,0,19279,119,109,4.8922800718132855,263,11.804308797127469,282,12.657091561938955,264,11.8491921005386,289,12.971274685816876,249,11.175942549371634,94,4.21903052064632,77,3.456014362657092,456,20.46678635547576,1228,741,2228,237,1.6593152699012812
"Hutchinson, KS Micro Area",0.6,1.2,0.1,91.0,1.3,5.8,26740,26740,"Hutchinson, KS Micro Area",26740,5180,5990,20.54897891807763,187,30.906003867377255,8.814790359854738,39.73022685469038,42406,2570,0,811,651,644,2,2,15,2,152,126,625,558,10536,0,49675,2043,40.7,60498,19.7,857,27.1,1802,18.89879391714735,2069,21.699003670686945,1637,17.16832721552176,963,10.099632931305717,646,6.775039328788673,302,3.167278447823807,322,3.377031987414788,967,10.141583639223912,690,7.236497115888831,9535,150,0,61693,494,281,3.6007175807278315,1131,14.492567913890312,945,12.109174782162992,832,10.661199384930804,798,10.225525371604306,544,6.970784213223988,278,3.562275756022552,740,9.482316760635571,1498,19.19528446950282,6999,4669,7804,1192,2.3995973829894317
"Hutchinson, MN Micro Area",0.8,2.9,0.5,87.1,1.2,7.7,26780,26780,"Hutchinson, MN Micro Area",26780,4238,3350,19.592391304347824,108,34.91459627329193,6.510093167701863,38.982919254658384,25760,894,6,365,337,282,0,0,28,0,85,29,217,194,8100,0,29577,1230,41.5,78468,20.4,906,24.6,1343,19.323741007194243,1491,21.453237410071942,1176,16.92086330935252,831,11.9568345323741,381,5.482014388489208,298,4.287769784172662,409,5.884892086330935,519,7.467625899280575,454,6.532374100719425,6950,134,0,36771,359,117,3.517739025856885,482,14.491882140709562,463,13.92062537582682,542,16.29585087191822,313,9.410703547805172,297,8.929645219482863,148,4.449789536981359,165,4.960914010823812,602,18.09981960312688,3967,1837,3326,662,2.2382256483078065
"Idaho Falls, ID Metro Area",0.5,1.5,2.3,85.7,1.2,8.9,26820,26820,"Idaho Falls, ID Metro Area",26820,11919,21112,30.924588298639684,1224,24.92355206079262,7.791086322676338,36.36077331789136,98433,4786,22,1222,1351,1433,184,130,67,83,701,187,464,708,19747,58,117997,6830,33.2,77300,19.8,1052,26.4,5232,20.036764705882355,5225,20.00995710784314,4085,15.644148284313724,2054,7.866115196078431,1766,6.763174019607843,1253,4.798560049019608,1283,4.9134497549019605,2793,10.69623161764706,2361,9.041819852941178,26112,978,81,161944,1274,490,3.4287313693933243,1479,10.349170806801483,2168,15.170386956825974,1986,13.896858162479884,1731,12.112518368203764,899,6.29067245119306,1215,8.501854313903856,1051,7.354278916800784,2202,15.408298929396125,16324,7548,14291,2747,2.3280252887785284
"Indiana, PA Micro Area",0.3,6.4,0.4,84.3,1.2,7.4,26860,26860,"Indiana, PA Micro Area",26860,5236,8416,26.918557685246387,925,40.12264081662627,7.633840052875082,25.32496144525226,54468,2202,8,812,855,650,0,0,0,0,63,101,802,438,19652,0,70190,4643,39.5,58739,18.1,786,28.5,2530,23.337330504566,2125,19.60151277557421,1303,12.019186421916798,899,8.292592934231159,606,5.589890231528457,394,3.634351074624112,384,3.5421086615625867,1539,14.196107370168804,1026,9.464071580112536,10841,429,0,83213,678,577,6.186340731210464,1056,11.321968478610486,919,9.853114613487724,862,9.24198563310818,999,10.710839498230944,719,7.708802401629677,501,5.371502090704407,717,7.687359279511097,1887,20.23158571888067,5816,2742,9327,2603,3.708505485111839
"Indianapolis-Carmel-Greenwood, IN Metro Area",0.3,1.3,0.7,82.9,0.9,14.0,26900,26900,"Indianapolis-Carmel-Greenwood, IN Metro Area",26900,114546,338705,37.849838421332365,20921,26.73103759937017,8.887253048962457,26.53187093033501,1407364,59514,78,20712,23714,23856,605,712,908,1113,5355,2516,9419,12645,316689,367,1647954,138999,36.7,77065,17.9,1142,29.1,95511,24.860226136931534,84219,21.92107071464268,51032,13.282941862402131,30398,7.912189738464101,20111,5.234622272197234,12298,3.201003664834249,14287,3.718713559886723,46699,12.15512035648842,27976,7.281775778777277,384192,22663,413,2106327,34060,10324,3.729526259130548,23820,8.604931760217905,36068,13.029499526764878,36426,13.158826376897457,30506,11.020237123308457,24963,9.01783843536186,17954,6.485849908604209,21817,7.881351646207977,60939,22.014103129131776,167806,91048,276818,45535,2.7631232425176915
"Iowa City, IA Metro Area",1.7,7.3,3.7,74.2,1.1,12.1,26980,26980,"Iowa City, IA Metro Area",26980,9662,30716,50.349929828148674,5011,18.65177102599612,4.1814987963901,26.816800349465115,107593,2773,0,616,496,935,22,11,110,33,329,72,838,361,17295,61,145663,13758,31.9,74142,19.6,1077,32.4,5758,20.90473424339239,6509,23.631280859715364,4245,15.41170490851002,3076,11.16758640720302,1767,6.415190241068835,851,3.089602091199535,1261,4.578129538193436,2017,7.322828928260239,1946,7.06505954109788,27544,545,70,177420,4688,1004,3.569650856858423,2394,8.511697361871578,3001,10.669842850032,3273,11.636919576192843,2566,9.123231174002704,2498,8.88146199246249,1606,5.710019199317357,2571,9.141008319704188,7965,28.318993102467463,13294,5897,28126,3561,2.444683962296533
"Iron Mountain, MI-WI Micro Area",0.1,2.4,0.4,88.0,1.0,8.2,27020,27020,"Iron Mountain, MI-WI Micro Area",27020,2838,3882,24.1279325191108,149,33.67454529478956,4.898515068974607,37.29900711712503,22762,712,0,236,330,265,0,0,0,8,23,14,112,60,6953,0,25450,1263,48.6,61960,18.1,752,27.3,1302,22.5181598062954,1192,20.61570390868212,685,11.847111726046352,595,10.290556900726394,318,5.499827049463853,138,2.3867173988239365,182,3.14769975786925,834,14.424074714631615,493,8.52646143203044,5782,67,0,30557,198,235,9.923986486486488,240,10.135135135135137,235,9.923986486486488,216,9.12162162162162,294,12.41554054054054,221,9.33277027027027,58,2.449324324324324,185,7.8125,443,18.70777027027027,3738,1914,2368,615,2.4165029469548136
"Ithaca, NY Metro Area",1.5,10.4,5.4,62.4,1.4,19.0,27060,27060,"Ithaca, NY Metro Area",27060,4824,15474,59.24992684592125,7150,16.323113437591445,4.121013102708327,20.30594661377898,61514,2202,0,367,461,390,12,60,28,13,124,47,135,219,7839,14,89666,11738,32.8,73012,19.5,1374,36.1,2481,20.014520813165536,2886,23.281703775411422,2115,17.061955469506294,1152,9.293320425943854,722,5.824459503065505,457,3.686673120361407,516,4.162633107454018,1108,8.93836721523072,908,7.324943530171023,12396,583,82,102879,2085,522,2.612874161577736,1266,6.336970667734508,1848,9.250175192711984,1673,8.374211632796076,2054,10.281309440384424,1510,7.558314145560116,1290,6.457102813094403,1599,8.003804184603064,6545,32.761037140854945,5025,2642,19978,2778,3.0981642986193205
"Jackson, MI Metro Area",0.2,2.0,0.3,87.8,0.7,9.0,27100,27100,"Jackson, MI Metro Area",27100,11929,17268,22.98902741810609,777,35.69248293598882,7.21182511502078,34.1066645308843,112371,7188,0,1981,1787,1540,9,93,39,86,65,145,522,1037,32920,0,130009,6906,41.2,65004,19.6,958,29.0,5811,21.461811198109025,5241,19.35662579406116,4269,15.76673068400059,2965,10.9506574087753,1397,5.15955089378047,1118,4.129118038114936,920,3.3978431082877827,2930,10.821391638351308,2370,8.75313931156744,27076,800,0,160187,882,942,6.086057630184778,1230,7.9467631476935,2056,13.283369944437265,1496,9.665331438170304,1824,11.78446827755524,883,5.704871430417366,891,5.756557694792609,1299,8.392557177929966,3755,24.260240341129343,16315,10082,15478,4282,3.2936181341291757
"Jackson, MS Metro Area",0.1,1.2,0.4,90.8,0.8,6.8,27140,27140,"Jackson, MS Metro Area",27140,40748,78591,31.55218256754989,7450,24.255728240917875,11.950725746693337,32.241363444838896,412954,19772,126,9060,10472,6922,85,432,760,853,1667,1690,4781,6116,80393,25,489203,34879,38.1,60489,19.7,1034,31.9,18769,20.961347315754796,17129,19.129784121240547,13013,14.533007225740164,7682,8.579310036742944,5909,6.599211534380898,3607,4.028322221105415,4642,5.184217285936052,9733,10.869880836711673,8529,9.525245418299995,89541,6206,156,615908,9376,2056,2.6719342932889747,5710,7.420595726984456,7303,9.49082497270884,7805,10.14321359879399,8128,10.562977595259136,7450,9.681863076363255,4761,6.187295316317513,6138,7.976815511774185,18399,23.91095285127619,67739,24655,76948,17171,3.509994828322802
"Jackson, TN Metro Area",0.0,1.2,0.3,88.5,2.6,7.3,27180,27180,"Jackson, TN Metro Area",27180,8262,17124,22.57599226349995,1239,37.67528007933191,11.008941230464108,28.73978642670404,122019,7533,55,2501,3198,2147,107,128,63,58,488,471,1451,1750,38438,0,143995,7481,38.9,58740,18.9,956,30.9,5114,20.072219169479556,5907,23.18470837585368,3541,13.898265169950546,1929,7.571237930763797,1454,5.706884370829735,710,2.7867179527435435,1290,5.063191773294607,2938,11.531517387550045,2498,9.80453724782165,25478,1016,0,180844,1703,709,2.871026523587771,2720,11.014375379631504,2383,9.649726665316866,2823,11.431463859080786,1927,7.803199028143348,2072,8.390362421542823,1311,5.3087669568738605,1911,7.738408584733751,6007,24.324762097590604,17499,9307,24695,5367,3.727212750442724
"Jackson, WY-ID Micro Area",2.5,7.3,1.9,73.3,0.6,14.3,27220,27220,"Jackson, WY-ID Micro Area",27220,1140,10197,57.06071496122564,570,16.25118214488368,4.304898808397957,22.38320408549272,26435,406,0,103,54,30,27,73,36,0,265,19,116,162,3890,0,29352,3516,40.0,106679,23.6,1577,23.6,790,14.200970699262989,870,15.639043681466836,666,11.971957576847023,586,10.533884594643178,678,12.1876685241776,264,4.745640841272695,328,5.896099227035772,611,10.98328240158188,705,12.6730181556714,5563,253,0,35459,801,594,13.10101455668284,536,11.821790913101012,674,14.865460961623292,403,8.888398764887516,435,9.594177326863695,333,7.344508160564622,235,5.183061314512571,268,5.910895456550507,709,15.637406263784737,3465,1312,4534,479,1.6319160534205506
"Jacksonville, FL Metro Area",0.4,1.1,0.8,80.4,1.8,15.6,27260,27260,"Jacksonville, FL Metro Area",27260,115146,263239,35.12201463529974,14731,26.382016746747546,7.943406218999016,30.552562398953697,1146133,51609,173,13402,17555,20630,408,1078,585,1561,2702,2520,5613,9709,250764,147,1319993,101523,39.1,77013,21.0,1416,31.9,47646,17.270865428183054,56488,20.47594019030358,43174,15.649841413683736,28448,10.31191662890802,17749,6.4337109198006335,11804,4.278749433620299,14613,5.2969642048029,24441,8.85944721341187,29683,10.7595831445401,275875,14746,213,1645707,23052,6965,3.212045748016971,14127,6.514941892639735,24603,11.346153846153848,25186,11.61501567976388,22559,10.403523335178011,21749,10.029976019184652,14331,6.60902047592695,20430,9.42169341449917,53770,24.7970854085962,151055,83972,216840,34959,2.648423135577234
"Jacksonville, IL Micro Area",0.1,1.4,1.0,88.2,0.3,8.9,27300,27300,"Jacksonville, IL Micro Area",27300,1956,4327,23.125448570241375,173,40.22589052997393,9.91198579684962,26.736675102935063,26473,1487,20,585,606,554,0,0,9,6,55,19,210,263,9162,25,30965,1211,42.0,66168,17.6,704,23.4,1440,23.727137913989125,1130,18.619212390838687,808,13.313560718405007,392,6.459054209919262,301,4.959630911188005,263,4.333498105124402,161,2.65282583621684,996,16.411270390509145,569,9.375514911847093,6069,270,2,37468,411,256,6.174626145682586,505,12.180414857694164,671,16.184273999035213,702,16.931982633863964,406,9.792571152918477,365,8.803666184273998,325,7.838880849011096,153,3.690303907380608,446,10.75735648818138,3248,1874,4146,912,2.945260778298078
"Jacksonville, NC Metro Area",0.1,7.5,0.1,79.1,2.3,10.9,27340,27340,"Jacksonville, NC Metro Area",27340,12800,20233,26.05734703624432,921,29.848053349371163,6.773035218368033,37.32156439601649,113066,4525,54,1552,1570,1228,59,9,53,119,253,258,398,1187,29223,34,162454,7349,27.1,64568,21.2,1198,29.8,5908,18.633697092033053,6336,19.98359931874093,4647,14.65653188670914,3589,11.319624045921907,2325,7.332996909102378,1829,5.768624235160537,1567,4.942282217876742,2415,7.616854853970858,2893,9.124455938939002,31706,872,12,208537,959,606,2.140737600678253,2230,7.877631764872121,2745,9.69690546841882,4286,15.140596297866328,3456,12.208562950402712,2622,9.262399321746503,1408,4.973858979793698,2704,9.552070086194716,6280,22.1845414723753,20376,9022,28308,4258,2.621049650978123
"Jacksonville, TX Micro Area",0.0,1.4,0.1,87.1,0.8,10.6,27380,27380,"Jacksonville, TX Micro Area",27380,2439,4065,18.45805388869279,238,33.27156136016002,19.30521237792681,28.965172373220376,33996,2430,115,867,1165,843,14,143,83,157,594,253,456,969,8881,24,39536,1752,38.2,59830,23.0,880,26.5,736,15.088150881508817,945,19.37269372693727,745,15.272652726527266,641,13.140631406314062,422,8.651086510865108,391,8.015580155801558,139,2.849528495284953,307,6.293562935629356,552,11.31611316113161,4878,849,31,51143,220,280,5.679513184584178,572,11.602434077079108,312,6.328600405679513,514,10.425963488843813,348,7.0588235294117645,239,4.847870182555781,177,3.5902636916835697,326,6.612576064908722,795,16.12576064908722,4589,2819,4930,1328,3.358963982193444
"Jamestown, ND Micro Area",0.0,3.4,0.1,89.8,0.8,5.8,27420,27420,"Jamestown, ND Micro Area",27420,1673,2617,24.4258872651357,120,37.38972321368442,7.232810290255236,30.951579230924644,14849,889,0,133,250,144,0,0,1,19,70,14,271,95,4663,0,17649,785,40.6,60172,18.1,742,26.5,755,25.77671560259474,641,21.88460225332878,267,9.115739160122908,279,9.525435302150903,214,7.306247866165927,28,0.9559576647319904,62,2.116763400477979,306,10.447251621713896,377,12.871287128712872,2929,69,8,21525,105,172,5.088757396449704,357,10.562130177514794,577,17.071005917159763,423,12.514792899408285,184,5.44378698224852,353,10.44378698224852,99,2.9289940828402368,224,6.627218934911243,780,23.07692307692308,1946,977,3380,402,2.2777494475607685
"Jamestown-Dunkirk, NY Micro Area",0.4,3.9,0.5,86.6,1.6,7.0,27460,27460,"Jamestown-Dunkirk, NY Micro Area",27460,13091,12215,25.097427903351523,1021,32.98993527398421,10.026319653890903,31.88631716877337,88527,5245,5,1579,1505,1564,73,14,85,73,203,174,1678,746,23960,0,103384,7977,42.7,56507,17.9,797,30.6,4449,24.17146582636097,3431,18.64066065413452,2482,13.484733239161145,1345,7.307399760947517,893,4.851678800391176,698,3.7922416603281537,642,3.4879930457459527,2707,14.707160708464633,1683,9.14375747039009,18406,1143,34,126329,1005,696,4.197322397780726,1717,10.354601374984924,1984,11.964781087926667,1519,9.160535520443856,1511,9.112290435411891,1520,9.16656615607285,937,5.650705584368593,1226,7.393559281148233,4132,24.91858641900857,9037,6100,16582,3155,3.051729474580206
"Janesville-Beloit, WI Metro Area",0.2,1.8,0.5,88.5,1.0,8.2,27500,27500,"Janesville-Beloit, WI Metro Area",27500,13165,20000,25.73415559940188,987,33.26107537537272,7.385353164456163,33.61941586076924,113021,4669,2,836,1901,2314,12,107,64,59,394,96,676,749,32923,7,131411,7144,40.1,74390,19.6,1019,26.7,6184,20.9904619666678,6521,22.13434710294966,4873,16.54051118427752,3110,10.55632870574658,1625,5.515766606700383,1153,3.913648552323411,1201,4.07657581209056,2498,8.47900614371542,2108,7.155222158107328,29461,1095,35,163944,954,935,4.77869774097925,2003,10.237146069712768,2711,13.855667995502404,2895,14.79607482367372,1944,9.935602575896963,1740,8.892977614228764,1044,5.335786568537258,1401,7.160380251456608,3733,19.07901461719309,16340,8492,19566,3382,2.5736049493573594
"Jasper, IN Micro Area",0.1,1.4,0.0,92.7,0.9,4.8,27540,27540,"Jasper, IN Micro Area",27540,3263,5247,24.31095406360424,214,37.42217735150597,10.765606595995289,27.5012619888945,29715,1206,18,605,358,516,0,119,165,0,65,48,429,363,9914,62,34190,1537,40.1,71918,17.4,801,22.8,2033,25.99411839918169,1352,17.286791970336274,1261,16.123257895409797,640,8.183096790691726,246,3.145377828922133,200,2.557217747091165,225,2.87686996547756,1222,15.624600434727018,621,7.940161104718067,7821,444,7,43563,226,509,12.055897678825202,630,14.921837991473236,469,11.108479393652296,631,14.945523448602556,472,11.179535765040264,162,3.837044054950261,290,6.868782567503552,81,1.9185220274751305,668,15.821885362387494,3236,1673,4222,480,1.4039192746417082
"Jefferson, GA Micro Area",0.1,0.4,0.5,86.3,1.5,11.1,27600,27600,"Jefferson, GA Micro Area",27600,4572,10096,27.308711981736504,356,31.592900802710066,12.429118491788792,28.669268723764635,54316,3498,8,1078,852,1402,0,108,38,27,284,159,442,908,13662,0,62598,3560,38.1,85012,19.8,1048,25.8,3067,20.909462776111265,2958,20.166348513771474,2313,15.769020998091085,1268,8.644668666484865,777,5.297245704935915,537,3.66103081538042,759,5.1745295882192535,1392,9.490046359421871,1498,10.212707935642214,14668,1429,16,80640,821,253,4.640498899486427,580,10.638297872340424,953,17.47982391782832,530,9.721203228173149,526,9.647835656639764,417,7.648569332355098,152,2.7879677182685256,441,8.088774761555392,944,17.31474688187821,7017,3983,5452,1368,2.185373334611329
"Jefferson City, MO Metro Area",0.1,1.7,0.5,88.5,1.4,7.8,27620,27620,"Jefferson City, MO Metro Area",27620,9037,20742,30.724827939032984,980,33.247101750050675,8.116065137021343,27.912005173895,103597,6349,15,1522,1862,1538,5,50,42,53,97,114,1554,918,28094,0,120904,8573,39.5,72425,17.9,804,22.7,6081,25.593434343434343,5723,24.086700336700336,3367,14.17087542087542,1842,7.752525252525253,1293,5.441919191919191,637,2.6809764309764312,998,4.2003367003367,2488,10.471380471380472,1260,5.303030303030303,23760,621,17,150147,1535,1093,6.779555886366456,2242,13.906463217963031,3079,19.098126783277507,1838,11.400570648802878,1594,9.88711078030021,907,5.625852871852128,877,5.439771740478848,748,4.639622875573751,2467,15.302071703262625,12860,7019,16122,2626,2.1719711506649904
"Jesup, GA Micro Area",0.1,0.9,1.0,91.4,2.0,4.6,27700,27700,"Jesup, GA Micro Area",27700,1711,1733,14.01081502411458,59,44.258781117552495,13.70390217761972,28.026501680713206,20527,2050,0,627,540,328,9,0,44,42,40,115,299,466,7035,15,23998,717,38.9,49562,19.8,839,24.2,537,14.908384230982788,918,25.485841199333706,596,16.54636313159356,142,3.942254303164909,270,7.495835646862854,163,4.525263742365353,225,6.246529705719045,377,10.466407551360357,365,10.133259300388673,3602,288,0,30519,367,199,5.285524568393094,371,9.853917662682605,654,17.37051792828685,424,11.261620185922974,193,5.126162018592297,202,5.365205843293492,214,5.683930942895087,141,3.745019920318725,766,20.345285524568396,2375,1667,3765,824,3.433619468289024
"Johnson City, TN Metro Area",0.0,1.4,0.3,87.8,1.3,9.3,27740,27740,"Johnson City, TN Metro Area",27740,12268,25034,28.671678520241212,2437,32.51372400551664,9.846804943346225,28.967792530895917,147916,8793,103,3467,2637,1700,27,86,174,221,450,346,2199,1860,39300,0,175310,11482,42.1,56096,18.7,888,28.6,7036,23.07339148684987,6373,20.899193283924703,3609,11.835115104610743,3008,9.864235587328654,1704,5.587984521545223,1043,3.4203449858988657,1241,4.069653046500951,3451,11.316980389584836,2938,9.63468223257034,30494,1253,42,208934,3457,1531,5.392743923916872,2686,9.461077844311378,3254,11.461782317717509,2721,9.584360690383935,3056,10.764353645649877,2069,7.287777386403663,1451,5.110954561465305,2316,8.157802042972879,5705,20.095103909827404,20606,9974,28390,5460,3.1144829159774114
"Johnstown, PA Metro Area",0.1,2.7,0.9,86.2,0.9,9.2,27780,27780,"Johnstown, PA Metro Area",27780,10330,14657,22.991992107555543,660,44.17459934299598,7.118942916216245,25.71446563323223,95281,3783,9,1291,1641,1168,10,0,17,48,105,201,521,625,38307,0,110158,5314,45.7,56292,16.8,733,27.9,5045,26.451004037120533,3732,19.56692706967965,2172,11.387825722225136,1524,7.990352854820951,1029,5.3950610811094215,502,2.631992869501389,698,3.6596235516174698,3130,16.41063283175169,1206,6.323074503224453,19073,1090,57,132355,1276,802,5.953087885985748,1266,9.397268408551067,1418,10.525534441805226,1408,10.451306413301662,1743,12.937945368171022,955,7.088776722090261,550,4.082541567695961,883,6.554334916864608,2756,20.457244655581945,8777,5394,13472,2828,2.567221627117413
"Jonesboro, AR Metro Area",0.0,1.6,0.1,92.3,0.6,5.4,27860,27860,"Jonesboro, AR Metro Area",27860,6736,13276,24.957839549370743,906,34.77462801289479,11.148714536464489,29.118817901269978,87167,6108,0,1270,1938,1186,16,141,98,172,603,664,1271,1248,24204,2,104633,5931,35.2,55478,17.2,907,30.6,4627,26.64248286981056,3700,21.304773420855646,2257,12.995911786721944,1336,7.692750618990038,602,3.466344216041919,541,3.1151033569413253,717,4.128519606149594,2386,13.73869983301664,1128,6.495076869925722,17367,1091,18,134837,1642,631,3.009060562708631,2126,10.138292799237004,2215,10.56270863137816,2475,11.802575107296136,1596,7.610872675250357,1896,9.041487839771102,1256,5.989508822126848,1793,8.550309966618979,4580,21.84072484501669,11406,7240,20970,3789,3.62122848432139
"Joplin, MO-KS Metro Area",0.1,1.3,0.1,89.9,1.1,7.5,27900,27900,"Joplin, MO-KS Metro Area",27900,10386,21893,24.008900426478768,1100,34.43426664194326,10.853328388651956,30.70350454292601,134825,7914,22,2819,2932,2490,0,237,234,147,504,115,1642,1829,38512,2,158407,7577,38.2,60146,18.1,872,28.7,7028,23.21694030590334,6476,21.393412837369095,4429,14.631165141554622,2405,7.944897756929074,1580,5.219517029500182,885,2.9235902348782665,1320,4.360609163886227,4052,13.38574873641439,1918,6.336097254798322,30271,1625,35,202258,1800,1307,5.220899576575857,2246,8.971798354238237,3417,13.649436765998244,2422,9.67484221458816,2557,10.214108812015658,2298,9.17951585843253,1451,5.796117280498522,1914,7.645601981305425,4926,19.67723895502117,19544,11466,25034,4164,2.6286717127399672
"Juneau, AK Micro Area",0.5,6.3,2.4,76.9,1.5,12.4,27940,27940,"Juneau, AK Micro Area",27940,2134,5864,40.45768189361516,398,21.325006550790462,5.349812210673422,32.86749934492095,22898,1072,0,246,311,306,2,0,0,0,77,23,40,50,3811,3,26279,2286,39.8,100513,23.1,1462,24.8,699,13.528159473582347,893,17.282755951228953,969,18.753628798142056,627,12.134700987033096,223,4.315850590284498,290,5.612541126378943,403,7.799496806657635,391,7.567253725566092,672,13.00561254112638,5167,167,0,31969,716,104,2.2241231822070144,743,15.889649272882805,594,12.70316509837468,812,17.365269461077844,474,10.136869118905048,345,7.378100940975192,270,5.774165953806673,264,5.645851154833191,832,17.792985457656115,4149,1243,4676,692,2.6332813272955597
"Kahului-Wailuku, HI Metro Area",0.6,2.3,1.3,84.3,2.1,9.4,27980,27980,"Kahului-Wailuku, HI Metro Area",27980,11943,23737,30.074562251494186,1310,30.10986793991308,7.215810223518631,32.5997595850741,118961,3520,39,889,1181,2100,49,197,120,279,1358,329,608,576,32299,0,133557,8021,42.9,95049,27.1,1863,32.6,2646,11.491357595761311,3638,15.799530964996093,2509,10.896378007469815,2422,10.518544254321204,2082,9.041952575349605,1456,6.3232867193607225,1908,8.286285069052376,1673,7.265699643880829,4614,20.038217666985148,23026,859,0,164675,2709,836,4.299305734121883,1439,7.4003599897145795,1816,9.33916173823605,1584,8.146052969915145,2036,10.470557984057598,1681,8.644895860118282,1199,6.166109539727437,1739,8.943173052198508,4852,24.952429930573413,18547,8291,19445,4760,3.5640213541783656
"Kalamazoo-Portage, MI Metro Area",0.2,2.5,1.1,84.4,0.6,11.3,28020,28020,"Kalamazoo-Portage, MI Metro Area",28020,15303,40744,40.84325522291881,3677,22.502062669003355,5.670683601630864,30.98399850644697,166047,5077,19,1089,2729,1955,93,50,35,97,406,337,465,661,32287,7,211114,19318,34.9,70525,18.3,1049,29.9,10438,24.91288366986491,9074,21.65735834646045,6165,14.71430617213232,3621,8.64241729915509,2178,5.198338822855506,1465,3.496586949257721,1154,2.754308081531338,4375,10.442025872356677,3287,7.845243209699746,41898,1454,19,261437,4080,1723,4.498342166409942,2873,7.500717959428766,4744,12.385452836592432,4682,12.223585619925332,4064,10.610134976372608,2890,7.545100905934261,2713,7.0829961099652765,3360,8.772158838733258,9026,23.564733832859044,24420,11725,38303,7887,3.735896245630322
"Kalispell, MT Micro Area",0.6,2.9,0.1,80.2,1.5,14.7,28060,28060,"Kalispell, MT Micro Area",28060,7952,18815,36.03414533656075,1306,27.37163310501107,4.377607251377659,32.21661430705052,77668,3701,0,850,764,875,3,14,25,28,21,76,301,245,17558,0,87796,6193,42.1,71327,22.5,1094,30.7,3026,15.808170515097691,3677,19.20906906279386,2696,14.084212725942953,2151,11.23707031658134,1381,7.21450214188695,1103,5.762198307386898,1074,5.610698986521784,1504,7.857068226935534,2481,12.961028105736078,19142,198,0,108445,1673,370,3.271730480148554,867,7.666460341321072,1336,11.813599787779644,1321,11.68096206561146,1107,9.788663896012023,1519,13.431779998231496,892,7.88752321160138,467,4.129454416836148,2574,22.760633124060483,11498,5572,11309,1668,1.8998587634971984
"Kankakee, IL Metro Area",0.2,2.9,1.1,86.9,1.6,7.2,28100,28100,"Kankakee, IL Metro Area",28100,7210,8936,20.382697824694315,505,35.802022115143586,9.03963457092722,34.77564548923488,71806,3297,12,852,1044,1453,37,57,77,47,421,158,608,529,22411,24,85590,4411,39.0,68325,19.6,1075,29.5,3102,18.718320057929034,3929,23.708665218440743,2212,13.347815592565771,1659,10.01086169442433,1093,6.595462225440501,610,3.6809075549119,742,4.477431812696113,1498,9.039343470914796,1643,9.914313299541396,16572,1160,12,106833,784,643,5.03484456972829,1230,9.631195677707307,1250,9.787800485474904,1802,14.110093179860622,1025,8.025996398089422,1125,8.809020436927414,614,4.807767598465273,1155,9.043927648578812,2843,22.26137342416412,11536,6225,12771,2667,3.116018226428321
"Kansas City, MO-KS Metro Area",0.1,1.1,0.6,81.9,1.1,15.2,28140,28140,"Kansas City, MO-KS Metro Area",28140,118664,365123,39.1779749286295,20045,24.91242791964281,6.90595129368833,29.003645858039363,1496767,49929,388,14698,17399,19441,804,1002,1167,1779,5123,2322,8624,11811,322952,378,1737360,164068,37.8,81927,19.5,1201,27.9,79443,21.061631578528765,84815,22.48583616344948,61842,16.395320167659527,36299,9.623455366350914,22395,5.93727879361494,14332,3.7996463349001695,15385,4.078813763776104,33033,8.757585639182064,28727,7.615994994604884,377193,18083,347,2202006,37167,10786,3.5528296479780237,28741,9.467075552803296,41864,13.789695937599848,41901,13.80188346745106,35062,11.549166801168685,26623,8.769421816996005,18166,5.983747764247058,23985,7.900483877874363,60296,19.861062159696168,208945,106508,303589,47777,2.74997697656214
"Kapaa, HI Micro Area",0.2,2.6,1.0,87.4,0.9,7.9,28180,28180,"Kapaa, HI Micro Area",28180,6194,11014,30.235888160373804,591,29.614138216896524,7.282010701635391,32.86796292109428,53076,1340,0,633,630,565,46,179,31,194,476,115,440,168,14378,30,59420,3362,42.7,93612,26.6,1810,29.9,1183,11.901408450704224,1736,17.464788732394364,999,10.050301810865191,916,9.21529175050302,769,7.736418511066398,479,4.818913480885312,978,9.839034205231387,716,7.203219315895372,2096,21.08651911468813,9940,358,0,73610,1081,580,7.555034518692197,489,6.369675654552559,923,12.022925621987754,871,11.345577699622249,547,7.125179106421779,688,8.961834049759021,411,5.353653771004298,835,10.876644522599973,1452,18.9136381398984,7459,3792,7677,1448,2.436889936048469
"Kearney, NE Micro Area",0.2,1.8,0.2,92.2,0.8,4.8,28260,28260,"Kearney, NE Micro Area",28260,3855,8393,34.415927481022166,768,24.39729722214498,6.462197258293245,34.72457803853961,35963,1400,0,361,372,551,37,2,29,45,194,18,211,235,7374,39,45352,2614,35.5,75141,19.9,901,24.9,1637,19.511323003575683,2136,25.458879618593567,1370,16.328963051251492,977,11.64481525625745,559,6.662693682955901,362,4.314660309892729,237,2.8247914183551845,457,5.446960667461263,645,7.68772348033373,8390,217,13,57020,602,596,8.010752688172044,730,9.811827956989246,1120,15.053763440860216,1035,13.911290322580644,781,10.49731182795699,393,5.282258064516129,347,4.663978494623656,493,6.626344086021506,1416,19.032258064516128,5717,2916,7440,842,1.8565884635738223
"Keene, NH Micro Area",0.5,2.7,0.1,84.6,0.7,11.3,28300,28300,"Keene, NH Micro Area",28300,5093,11867,35.31541315956196,794,31.360304099918544,6.011403746945425,27.31287899357408,55245,2260,8,723,589,553,66,0,16,0,19,59,391,528,15065,0,64767,5895,43.5,81001,22.5,1220,28.4,2000,15.308075009567546,2617,20.03061615001913,2207,16.89246077305779,1609,12.31534634519709,1118,8.55721393034826,495,3.788748564867968,859,6.574818216609262,794,6.0773057787983165,1338,10.24110218140069,13065,347,22,76945,954,356,3.9263262380059554,655,7.223999117679497,1161,12.804676298665491,1189,13.113488474688433,1248,13.764199845593913,802,8.845263041799933,539,5.944634388441601,743,8.194551670894452,1702,18.77136869968016,6341,3655,9067,1325,2.045794926428582
"Kendallville, IN Micro Area",0.5,1.5,0.2,91.4,1.5,4.9,28340,28340,"Kendallville, IN Micro Area",28340,2531,3788,17.77791683614405,167,39.43869090453991,17.368042301555022,25.41534995776102,31961,2494,0,616,793,771,8,32,40,29,237,172,1760,464,10111,25,37142,1547,39.5,70908,18.0,776,26.4,2211,25.51939058171745,1882,21.722068328716528,1077,12.430747922437671,720,8.310249307479225,714,8.240997229916898,165,1.9044321329639888,366,4.224376731301939,942,10.87257617728532,522,6.024930747922438,8664,604,0,47417,180,267,6.251463357527511,426,9.974244907515804,512,11.987824865371108,636,14.891126199953172,396,9.271833294310468,673,15.757433856239755,196,4.589089206274878,217,5.080777335518614,573,13.416061812221963,3786,1806,4271,742,1.997738409347908
"Kennett, MO Micro Area",0.8,1.4,0.1,93.3,0.8,3.6,28380,28380,"Kennett, MO Micro Area",28380,1963,1140,12.637602179836511,99,41.06811989100817,20.01089918256131,26.283378746594003,18350,1593,8,662,951,236,3,28,0,28,83,151,557,677,5943,0,21415,956,39.5,47368,17.3,632,27.7,804,25.645933014354068,684,21.818181818181817,427,13.620414673046252,217,6.921850079744816,99,3.1578947368421053,68,2.1690590111642742,106,3.381180223285486,444,14.162679425837322,278,8.86762360446571,3135,283,5,27795,124,181,4.242850445382091,456,10.68917018284107,397,9.306141584622598,485,11.36896390060947,576,13.502109704641349,268,6.282231598687295,288,6.751054852320674,400,9.376465072667605,608,14.252226910454755,1757,1103,4266,536,2.502918515059537
"Kennewick-Richland, WA Metro Area",0.2,1.1,0.8,86.8,0.9,10.2,28420,28420,"Kennewick-Richland, WA Metro Area",28420,20115,34766,29.28266518188567,3354,24.107069207291925,14.038398086282273,32.57186752454013,193968,10365,241,3085,2653,3731,580,718,648,662,3825,715,2008,2481,36395,114,231742,16099,34.4,85881,19.8,1238,29.0,9123,19.485678891048504,10376,22.161942800999597,6989,14.927700292616244,5103,10.899421175163928,3321,7.093274098122556,1954,4.173519297721011,2133,4.555842713428309,4320,9.227023217069991,3301,7.05055639804353,46819,5710,59,307900,2580,1512,4.599099647159022,3489,10.612604939773696,3496,10.6338970677698,4088,12.434602749726244,3654,11.114490813967636,2910,8.851441781238593,2006,6.101715537169972,3210,9.763961552500303,6583,20.023725514052803,26570,16494,32876,7508,3.239809788471663
"Kenosha, WI Metro Area",0.2,1.6,0.7,86.8,1.4,9.3,28450,28450,"Kenosha, WI Metro Area",28450,11801,22620,30.761603228724518,1272,27.95386542342217,8.543246816505462,32.74128453134785,114968,5925,149,1159,1425,2634,85,125,41,135,1144,93,753,535,26213,18,135879,9847,39.2,79412,20.1,1175,28.6,5831,19.476268412438625,6683,22.3220548448512,5144,17.18160259193694,2816,9.405791776612444,1912,6.386318848324928,997,3.3301045459100167,1367,4.565950766558669,2278,7.608804569290892,2833,9.46257390026387,29939,1515,11,168413,1627,1031,4.710343567251462,2380,10.873538011695906,2684,12.262426900584796,2382,10.882675438596491,2506,11.449195906432749,1459,6.665752923976608,1399,6.391630116959064,1797,8.209978070175438,4974,22.724780701754383,15862,9979,21888,4399,3.2374391922224923
"Kerrville, TX Micro Area",1.1,2.7,0.1,85.0,1.2,9.8,28500,28500,"Kerrville, TX Micro Area",28500,3333,7637,31.213207064243665,680,29.06066035321218,9.682620936780138,30.043511645764013,39070,1618,0,526,383,340,21,40,72,138,566,77,132,833,9736,0,44669,3111,48.6,67927,23.2,1079,28.2,1257,19.308755760368665,1013,15.560675883256527,839,12.887864823348693,745,11.443932411674346,296,4.546850998463902,383,5.883256528417818,661,10.153609831029184,438,6.728110599078341,860,13.210445468509985,6510,653,2,53166,767,351,5.3230209281164695,703,10.661207158022444,649,9.842280861389142,951,14.422202001819835,699,10.600545950864422,725,10.994843797391567,482,7.309675462541705,457,6.930542917804064,1174,17.80406430087959,5370,3035,6594,712,1.5939465848798944
"Ketchikan, AK Micro Area",0.0,6.9,2.9,82.2,3.3,4.7,28540,28540,"Ketchikan, AK Micro Area",28540,741,1817,26.97045568352529,96,29.33400100150225,5.077616424636956,38.617926890335504,9985,485,0,83,112,119,0,0,14,6,12,0,41,64,2444,0,11357,647,40.8,89155,21.3,1388,29.8,427,18.7609841827768,504,22.14411247803164,293,12.873462214411246,168,7.381370826010544,223,9.797891036906854,115,5.052724077328647,149,6.5465729349736375,130,5.711775043936731,267,11.731107205623902,2276,56,0,13870,133,57,3.104575163398693,163,8.877995642701524,196,10.675381263616558,276,15.032679738562091,178,9.694989106753813,148,8.061002178649238,162,8.823529411764707,122,6.64488017429194,422,22.98474945533769,2168,947,1836,248,2.183675266355552
"Key West-Key Largo, FL Micro Area",5.5,4.8,0.3,73.5,4.6,11.2,28580,28580,"Key West-Key Largo, FL Micro Area",28580,5482,14615,37.80058605559776,992,27.653141909176888,6.742740197522442,27.80353183770291,64499,1994,126,687,411,1051,3,82,7,39,87,194,323,596,15842,30,70601,6827,48.9,82430,30.4,1959,35.6,801,7.740626207962892,1228,11.867027444916893,1404,13.5678391959799,1045,10.098569771936608,915,8.842288364901432,681,6.580981832238114,1043,10.079242365674526,581,5.614611519134132,2581,24.94201778121376,10348,645,68,81840,1947,355,2.800126202871116,547,4.31456065625493,849,6.696639848556554,1304,10.285533995898406,1395,11.003312825366775,1281,10.104117368670137,988,7.793027291370878,1081,8.526581479728664,3899,30.754062154914024,8996,3455,12678,1382,1.95747935581649
"Kill Devil Hills, NC Micro Area",1.0,2.1,0.0,81.8,0.8,14.3,28620,28620,"Kill Devil Hills, NC Micro Area",28620,2506,8376,42.80952882152756,286,22.34150791144792,4.771427569027821,30.077535697996705,28503,920,0,161,283,471,0,0,2,24,53,12,217,95,5448,0,31686,2936,48.5,81214,23.2,1307,31.9,1020,13.303769401330376,1531,19.96869701317334,1273,16.603625929307423,771,10.05608451806443,613,7.995304551976002,318,4.147645754532412,575,7.499673927220556,467,6.091039520020869,1089,14.203730272596845,7667,42,0,37534,604,251,6.854178044784271,364,9.9399235390497,309,8.43801201529219,408,11.141452758055708,295,8.055707263790278,180,4.915346805024576,386,10.540688148552704,317,8.656471873293283,882,24.085199344620424,4285,1782,3662,1185,3.739822003408445
"Killeen-Temple, TX Metro Area",0.1,2.9,0.3,86.6,1.3,8.8,28660,28660,"Killeen-Temple, TX Metro Area",28660,31720,51171,25.3905940463298,2289,27.020325417998365,9.09129929475158,38.49778124092026,302872,17022,109,4251,4353,4860,395,424,455,477,1523,549,1960,3722,64815,42,370377,19537,32.6,67203,21.2,1160,29.7,10585,17.382664958780833,12135,19.928071731205044,9438,15.499063947186912,6049,9.9336552041252,4225,6.938286202253095,3449,5.663940618123296,2898,4.759089565474431,5205,8.547640161592275,6396,10.503497881564686,60894,4373,42,485850,3904,2464,3.377285561555964,5409,7.413854546451383,9153,12.5455741659585,9852,13.503659639792758,8183,11.216042106417392,7069,9.68913621535678,5234,7.173990515090874,6603,9.05041256613394,15151,20.76674250938896,58021,26858,72958,14413,3.8914403432178566
"Kingsland, GA Micro Area",0.5,3.9,0.8,84.0,0.6,10.3,28680,28680,"Kingsland, GA Micro Area",28680,3704,5189,22.43317718379719,265,31.8875723339763,7.517222375310002,38.16202810691651,36290,2462,23,658,555,834,23,7,11,90,77,0,92,62,9110,0,44081,2242,34.6,72399,19.9,1167,32.8,1865,21.37290854916342,1706,19.55076782030713,1213,13.900985560394224,1119,12.823745129498052,600,6.8760027504011,382,4.377721751088701,370,4.240201696080678,790,9.053403621361449,641,7.345862938345175,8726,280,16,56036,445,183,2.4034672970843185,368,4.833201996322564,1174,15.418965064355136,897,11.78092986603625,717,9.41686367218282,420,5.516154452324665,769,10.099816128184925,571,7.499343314946152,2043,26.832151300236408,7162,2983,7614,1067,2.420543998548127
"Kingsport-Bristol, TN-VA Metro Area",0.0,1.4,0.1,88.4,1.3,8.8,28700,28700,"Kingsport-Bristol, TN-VA Metro Area",28700,21630,35740,23.762780109741172,2489,35.251391502296144,11.28290151804238,29.702926869920304,227991,16438,65,4936,4549,3405,257,125,214,474,1128,1346,3671,3386,63932,76,258666,13241,45.6,55948,18.7,820,26.2,11190,23.501491158062755,8958,18.813794262191795,6476,13.601041710421304,3722,7.817028605032133,2518,5.288360566220019,1809,3.799302726088966,2186,4.59108665518545,5778,12.13508631914983,4723,9.919351451253831,47614,2084,8,309580,2707,2295,6.902878455198966,3811,11.462688362859808,3816,11.477727313742593,3519,10.58441363130508,3409,10.25355671188378,2377,7.149517249676663,1710,5.143321201912954,2186,6.575029325954221,5389,16.2089812614672,31008,15082,33247,8056,3.114441016600558
"Kingston, NY Metro Area",0.4,3.0,2.1,77.7,1.4,15.4,28740,28740,"Kingston, NY Metro Area",28740,12934,27094,37.050437372045415,2308,27.96947701470315,8.252372975991067,26.72771263726037,134325,6316,36,2118,2297,1655,16,49,127,132,372,423,916,1552,31254,8,154561,16985,44.2,81804,22.4,1335,34.2,4289,14.904781762579928,5953,20.68737837086461,3925,13.639838754517651,2631,9.14303586321935,2496,8.673894912427023,1473,5.1188490408673895,1662,5.775646371976647,2211,7.68348623853211,4026,13.990825688073391,28776,1384,0,182109,3381,865,3.94221128429496,1445,6.585543706134354,2066,9.415732385379636,1883,8.581715431592379,2329,10.614346914593018,1554,7.082307902652447,1536,7.000273448181569,1645,7.497037644699662,6490,29.577978306444265,15582,7386,21942,4619,2.988464101552138
"Kingsville, TX Micro Area",0.8,3.8,0.1,88.0,1.6,5.7,28780,28780,"Kingsville, TX Micro Area",28780,1031,2602,23.72529815060206,236,32.822492366192314,16.172149565016998,27.280059918188627,17357,1427,9,283,336,265,41,39,45,118,377,51,490,274,4270,0,24077,1143,29.3,57612,21.7,1022,30.2,579,19.287141905396403,601,20.019986675549635,477,15.889407061958693,284,9.460359760159893,228,7.59493670886076,128,4.263824117255163,101,3.3644237175216523,144,4.796802131912059,432,14.390406395736177,3002,479,0,30629,137,377,6.937799043062201,468,8.61244019138756,383,7.048214942951785,760,13.986013986013988,510,9.38535149061465,431,7.931542142068458,279,5.13433934486566,270,4.968715495031285,1558,28.671328671328677,2383,1321,5434,1093,4.539602109897412
"Kinston, NC Micro Area",0.0,1.2,0.5,94.7,0.7,2.9,28820,28820,"Kinston, NC Micro Area",28820,4640,3919,15.811685758473354,149,32.69286219822276,17.52077380796351,33.97467823534038,38149,2451,30,1259,1003,1231,2,201,26,72,417,53,356,1086,10021,0,44119,1754,42.2,44795,21.6,814,27.7,1309,20.260021668472373,965,14.935768456895218,778,12.04147964711345,497,7.6923076923076925,333,5.154000928648816,379,5.865965020894599,332,5.138523448382603,692,10.71041634421916,1139,17.62885002321622,6461,948,0,54917,210,721,7.717833440376792,729,7.803468208092486,1085,11.614215371440803,910,9.74095482766003,1169,12.513380432455577,576,6.165703275529865,635,6.7972596874330975,686,7.343181331620638,1623,17.37315350032113,5332,2989,9342,1768,4.007343774790907
"Kirksville, MO Micro Area",0.1,3.8,0.1,87.2,1.3,7.5,28860,28860,"Kirksville, MO Micro Area",28860,1256,2463,31.209464328609176,767,36.446072543838575,7.1102570261830405,25.234206101369207,16652,785,0,156,221,222,4,0,20,3,26,48,217,103,5284,2,24068,1598,31.1,56468,17.1,767,25.6,855,26.693724633156418,638,19.918826100530755,409,12.769278801123946,319,9.959413050265375,107,3.3406181704651887,78,2.435216984077427,83,2.591320636902904,482,15.048392132375898,231,7.211988760536997,3203,162,0,29268,369,220,5.827814569536424,445,11.788079470198676,357,9.456953642384104,407,10.781456953642383,300,7.947019867549669,275,7.28476821192053,121,3.205298013245033,194,5.139072847682119,608,16.105960264900663,1880,1066,3775,630,2.61758351337876
"Kiryas Joel-Poughkeepsie-Newburgh, NY Metro Area",0.2,3.4,4.1,78.1,1.7,12.6,28880,28880,"Kiryas Joel-Poughkeepsie-Newburgh, NY Metro Area",28880,48132,91391,35.607814268571865,7551,26.692509978468635,9.365080040509604,28.334595712449897,470012,21796,171,5823,6774,10535,164,759,325,886,2798,963,2943,4532,103662,137,561897,58736,39.3,96912,23.8,1568,32.3,14410,12.832729248114276,20576,18.323819362192875,18667,16.62377216339689,12497,11.12911987603637,9501,8.461052087878814,6000,5.343259922878948,6868,6.116251525055437,6758,6.018291759802655,16652,14.829327372630042,112291,7088,119,700984,9683,2222,2.803714732751224,4978,6.281229495785595,8841,11.155554433957503,9333,11.776358956240852,8685,10.958713975672538,7009,8.84394084691869,4776,6.026346338262757,7231,9.124059960631907,21392,26.992378741230503,56242,28802,79252,18105,3.22212078014298
"Klamath Falls, OR Micro Area",0.4,2.8,0.2,87.5,0.8,8.3,28900,28900,"Klamath Falls, OR Micro Area",28900,4653,6623,21.512216864540704,518,33.581182381782085,10.411686048867455,34.49491470480976,49358,3337,0,1105,1159,930,18,62,44,0,474,71,419,313,13238,8,56478,2893,41.3,59353,22.0,973,31.2,2236,19.83676366217175,1871,16.5986515259049,1609,14.274308019872253,1150,10.202271114265436,732,6.493967352732434,405,3.592973740241306,647,5.739886444286728,845,7.496451383960255,1703,15.108232789212206,11272,536,0,69812,584,308,3.4153914393435354,796,8.826790862719006,788,8.738079396762032,1138,12.619206032379685,894,9.91350632069195,642,7.119095143047238,533,5.910401419383455,732,8.117099135063206,2324,25.770680860501223,7916,4457,9018,2276,4.02988774390028
"Knoxville, TN Metro Area",0.1,1.3,0.3,85.8,0.8,11.6,28940,28940,"Knoxville, TN Metro Area",28940,55879,124553,31.86019295230111,11835,30.385078687824617,9.49505464280761,28.259673717066665,641713,34010,385,10904,10185,9875,264,1095,366,974,3074,1950,7806,7473,160975,62,752814,54987,40.5,69734,18.7,1080,28.8,34907,23.40097473335613,31249,20.948722589814235,22528,15.102333594781758,12041,8.072052504206638,7838,5.25444294726116,5867,3.933122833832767,5919,3.967982623735495,16210,10.866869121600333,12161,8.152498173212933,149169,6372,146,919553,13076,4200,3.7956151607714137,9909,8.954940625734272,12655,11.436549966562438,13730,12.408046704140837,12286,11.103078063151807,9399,8.49404449906917,5948,5.375314041968659,9210,8.323241816834456,22480,20.31557828908128,83544,41923,110654,17675,2.347857505306756
"Kokomo, IN Metro Area",0.1,1.5,0.2,91.0,1.0,6.2,29020,29020,"Kokomo, IN Metro Area",29020,5544,7730,19.97961087880568,302,38.18467705705498,7.932750457891282,33.902961606248056,57874,3487,0,821,721,953,0,0,20,96,78,278,477,454,18612,0,66572,2973,41.0,62496,17.5,915,30.0,4363,26.82117169730128,2890,17.76602938464376,2323,14.280445072846868,1528,9.393250138316835,776,4.7703940493022685,480,2.9507592057539807,665,4.08803098297166,2297,14.120612282535197,900,5.5326735107887135,16267,693,0,83610,558,344,3.481076705120421,1081,10.939081157660391,990,10.018214936247723,1080,10.92896174863388,928,9.390811576603928,836,8.459825946164743,890,9.006274033596439,620,6.2740335964379685,2060,20.845982594616476,9186,4891,9882,2259,3.393318512287448
"Laconia, NH Micro Area",0.2,1.4,0.3,85.8,0.9,11.5,29060,29060,"Laconia, NH Micro Area",29060,5752,9486,32.57467120088499,451,29.526365386979148,6.192895480804688,31.706067931331177,48814,2290,0,826,597,635,0,0,0,0,16,77,295,442,12123,0,54485,5284,48.3,87983,21.7,1184,30.4,2075,17.109168865435358,2529,20.85257255936676,2058,16.968997361477573,1246,10.273746701846964,829,6.835422163588391,704,5.804749340369393,587,4.840039577836412,737,6.076846965699208,1352,11.147757255936677,12128,135,0,64300,680,139,2.4977538185085355,290,5.211141060197664,629,11.302785265049415,662,11.895777178796047,688,12.362982929020664,354,6.361185983827493,296,5.318957771787961,656,11.787960467205751,1160,20.844564240790657,6546,3179,5565,854,1.5674038726254933
"La Crosse-Onalaska, WI-MN Metro Area",0.8,3.7,0.8,83.0,1.1,10.6,29100,29100,"La Crosse-Onalaska, WI-MN Metro Area",29100,15913,23432,33.041993793845414,1632,27.294632298677858,4.876010278387823,34.7873636290889,112469,3215,18,421,1055,1389,32,78,2,36,116,67,1485,195,27483,0,138531,9769,38.8,71009,20.0,998,27.6,5497,19.902965349940256,6249,22.625728665049422,4718,17.0824432455918,2848,10.311741916796407,1548,5.604837249719396,1361,4.927767116839857,1024,3.707592599297585,2016,7.29932292986712,2323,8.410876570476846,27619,578,12,169945,2329,1131,5.015743491950862,2135,9.4682691028427,3351,14.860969444321256,2600,11.530444809082445,2589,11.481662157967094,1677,7.437136901858175,946,4.195307995919997,1888,8.372876845979867,4793,21.25593152689698,16024,7188,22549,2605,1.8804455320469788
"Lafayette, LA Metro Area",0.3,1.8,0.4,88.7,1.1,7.7,29180,29180,"Lafayette, LA Metro Area",29180,20148,52645,26.981929887965308,2543,34.76797976147452,13.040477050957715,25.209613299602456,276700,14112,19,6132,7478,4605,46,261,422,502,1703,1736,4144,5040,82091,18,320614,14619,37.2,60910,18.7,954,30.6,12632,21.887237065530027,12868,22.2961499809405,7640,13.23768929549156,4787,8.294347991821741,3570,6.185674186505874,1820,3.153480957826524,2620,4.539626433794227,6477,11.222580309803512,4982,8.632220951588868,57714,3947,30,410883,4852,2465,4.886994448850119,4026,7.981760507533703,5191,10.291435368754955,5182,10.273592386994448,4491,8.90364789849326,2685,5.323156225218081,3548,7.034099920697859,4536,8.992862807295797,11209,22.222442505947654,35480,14127,50440,10686,3.3329798449225545
"Lafayette-West Lafayette, IN Metro Area",0.7,5.3,2.1,82.1,0.6,9.2,29200,29200,"Lafayette-West Lafayette, IN Metro Area",29200,11167,26641,35.3505760280766,4577,30.38300144960708,8.39703974975204,25.869382772564283,131070,5678,6,1938,2040,1721,41,28,20,158,615,295,1377,1277,34145,10,183354,12819,30.8,59895,17.6,1071,32.9,9064,27.204514076475174,7189,21.576925385677413,3746,11.243171859055163,3097,9.295275826880363,1958,5.876703283510415,1007,3.022390299537788,1224,3.6736898973527823,3808,11.429257458430875,2164,6.494987694339397,33318,1462,18,225019,2297,700,1.8835938971557733,2449,6.589887791620698,4163,11.202001991227831,3677,9.894249656916823,3664,9.85926862739822,3569,9.603638027069936,2261,6.084008287813147,3234,8.702203804859671,9776,26.305734197992624,13130,9610,37163,3444,1.878333715108479
"La Grande, OR Micro Area",0.9,5.6,0.3,84.3,2.0,6.8,29260,29260,"La Grande, OR Micro Area",29260,1610,3003,24.91315984283355,254,32.96509310403736,6.451796594726952,35.66995045840214,17561,939,0,100,248,227,0,35,3,12,43,35,80,183,4850,0,20999,912,40.1,64212,20.6,982,26.9,839,21.89457202505219,717,18.710855949895617,687,17.927974947807932,299,7.802713987473904,253,6.602296450939457,272,7.09812108559499,229,5.975991649269311,278,7.254697286012527,249,6.497912317327765,3832,167,0,26192,206,212,5.513654096228868,370,9.62288686605982,636,16.540962288686607,378,9.830949284785437,523,13.602080624187256,289,7.516254876462939,71,1.846553966189857,342,8.894668400520157,777,20.208062418725618,3137,1517,3845,688,3.2763464926901285
"LaGrange, GA-AL Micro Area",0.1,1.7,0.2,91.0,1.4,5.7,29300,29300,"LaGrange, GA-AL Micro Area",29300,7136,8312,19.75787742017126,609,36.69099140900718,13.571237749750424,29.97989342107113,71121,4422,1,1778,2004,1532,0,67,69,91,419,275,761,1466,21673,0,82269,3904,38.7,53959,20.4,1000,31.3,2696,19.624399475906245,2462,17.921094773620613,2140,15.577231037996796,1148,8.356383753093608,801,5.830543019362352,627,4.563983112534576,945,6.878730528461202,1511,10.998689765613626,1389,10.110642014849324,13738,1188,1,104271,1227,456,3.055481104261592,1558,10.43956043956044,1380,9.246850710265344,1749,11.719378182792816,1239,8.302063789868667,1219,8.168051460734388,1120,7.5046904315197,1384,9.2736531760922,3313,22.19914232109354,10361,3825,14924,2589,3.1469933997009805
"Lake Charles, LA Metro Area",0.2,1.6,0.2,92.1,1.1,4.8,29340,29340,"Lake Charles, LA Metro Area",29340,15013,24925,23.224118690887803,1922,35.61824268700949,11.50260078419894,29.65503783790376,163989,9809,0,4005,3973,2740,91,28,129,160,621,614,1728,2551,48601,60,190185,9116,37.3,67010,18.5,1070,30.4,7831,23.27883472057075,7068,21.010701545778836,5025,14.937574316290132,2609,7.755648038049941,1537,4.568965517241379,1028,3.0558858501783592,1215,3.611771700356718,3982,11.837098692033294,3215,9.557074910820452,33640,2134,29,245973,2122,1821,7.523549826474962,1920,7.932573128408528,2874,11.874070401586517,1698,7.015369360436291,2170,8.965460254503387,1704,7.040158651462567,1027,4.243100313997687,1913,7.903652288877872,6091,25.165261940175174,23363,10255,24204,6046,3.179009911402056
"Lake City, FL Micro Area",0.2,0.4,0.1,90.5,1.7,7.1,29380,29380,"Lake City, FL Micro Area",29380,5039,5548,16.345140633865608,250,35.513090702764046,14.511226392153684,33.63054227121667,49348,4006,0,1543,2205,996,0,0,142,28,286,171,584,591,13519,0,56731,2003,40.7,55070,20.4,915,29.3,1722,18.70722433460076,1909,20.738728951656707,1403,15.241716458446495,971,10.548614883215643,499,5.420966865833786,343,3.7262357414448655,651,7.072243346007605,794,8.625746876697447,810,8.799565453557848,9205,615,0,70755,265,402,5.165767154973015,663,8.519660755589822,930,11.95065535851966,855,10.986892829606786,680,8.738113595476742,716,9.200719609354922,533,6.849139038807504,595,7.645849396042148,1495,19.21099974299666,7197,4360,7782,1892,3.33503728120428
"Lake Havasu City-Kingman, AZ Metro Area",0.3,1.1,0.4,87.5,2.7,8.0,29420,29420,"Lake Havasu City-Kingman, AZ Metro Area",29420,16059,15551,14.88545563987867,1100,34.66781545434159,11.833890023251149,38.61283888252859,169454,11497,125,3234,4347,4554,180,232,61,83,441,472,1325,2078,47249,61,186194,6814,53.2,55799,22.3,1047,29.7,5609,15.074715115029026,7255,19.49849494732316,5299,14.241560954633412,3658,9.831219092668244,2307,6.200279509782843,1754,4.714039991399699,2010,5.402064072242529,3221,8.656740485917007,5936,15.953558374543109,37208,2804,56,217420,1759,882,3.4517845961177205,1806,7.067939887288666,2984,11.678146524733876,3239,12.6761114589856,2605,10.194896681277395,2107,8.245929868503445,1810,7.083594239198497,2204,8.625547902316843,5090,19.92016280525986,31308,18064,25552,5662,3.040914315176644
"Lakeland-Winter Haven, FL Metro Area",0.4,0.9,0.3,85.7,1.8,10.8,29460,29460,"Lakeland-Winter Haven, FL Metro Area",29460,52012,80742,22.640908487686502,4173,33.24663014010276,12.481278556126414,31.631182816084326,527470,28459,388,8350,9451,12423,480,1306,588,1248,5407,2078,4285,7940,146907,41,612466,29006,39.6,63644,23.0,1272,32.1,16724,15.659176029962548,18853,17.652621722846444,16099,15.073970037453185,11341,10.618913857677905,8407,7.871722846441948,5555,5.201310861423221,6787,6.354868913857678,7828,7.329588014981274,14429,13.510299625468164,106800,11602,248,760961,5503,2121,2.5571161613117126,5918,7.134848393513773,8580,10.344203990596178,9330,11.248417626137805,8947,10.786665862921213,6928,8.352522756043161,5792,6.982940502742781,7497,9.038519500874074,20409,24.60546145035867,75887,38946,82945,15310,2.4997305972902986
"Lake of the Woods, VA Micro Area",0.0,1.3,0.2,84.7,0.6,13.1,29470,29470,"Lake of the Woods, VA Micro Area",29470,1968,4908,29.44913670677928,240,35.94065326257568,8.700201808804843,25.9100082218402,26758,1234,0,567,258,414,0,13,0,28,63,86,215,267,8383,0,30066,2325,42.0,94175,18.3,1145,26.9,1673,21.17721518987342,2082,26.354430379746837,1011,12.79746835443038,809,10.240506329113924,373,4.7215189873417724,228,2.8860759493670884,283,3.5822784810126582,867,10.974683544303796,541,6.848101265822786,7900,417,0,37208,407,103,3.163390663390663,329,10.104422604422604,506,15.54054054054054,356,10.933660933660931,238,7.309582309582309,226,6.941031941031942,259,7.954545454545454,164,5.036855036855037,586,17.997542997542997,3146,1819,3256,674,2.241734849996674
"Lancaster, PA Metro Area",0.7,3.5,0.8,83.3,1.4,10.3,29540,29540,"Lancaster, PA Metro Area",29540,30197,74352,30.975160116332663,4688,34.457193712950755,12.851686452754423,21.715959717962168,377538,18080,40,5881,5174,6361,13,563,335,226,540,1249,13990,7632,112009,120,440078,32133,39.1,83703,20.5,1289,28.4,16974,18.735719725818736,19115,21.09893263573849,14730,16.258816517103213,10064,11.108535602724151,5751,6.347892314315043,3541,3.908517942095213,4568,5.0421095621267815,7627,8.418601057430159,7995,8.824795523030565,90597,6288,108,555151,5770,2558,4.042543104129463,6219,9.82821562337026,8730,13.79648213410876,7692,12.156075667304076,7167,11.326390315596504,4860,7.680515827235805,3918,6.191823253314791,4916,7.769015598084612,14136,22.33987072712044,33219,18570,63277,9560,2.172342175705216
"Lansing-East Lansing, MI Metro Area",0.7,3.2,1.7,78.6,1.1,14.7,29620,29620,"Lansing-East Lansing, MI Metro Area",29620,31297,66735,37.25123894034924,8251,23.365701460782024,5.881074699670481,33.501984899198256,308328,9331,44,3028,3971,3644,61,184,158,132,251,302,1568,1498,62712,35,386458,31914,36.5,70886,18.9,1054,29.5,17987,22.055054870945987,19107,23.428361228618723,12023,14.742198516338668,7123,8.733983201520447,5100,6.253448592974066,2951,3.618417019189504,3125,3.83176997118509,7781,9.54080068665318,6041,7.407271166697321,81555,3218,39,470434,7956,2077,3.237017642291628,5484,8.546848700205722,8870,13.823951125241567,7799,12.154790848450844,6892,10.741225609375975,4845,7.550963156910417,3728,5.810111589053051,5274,8.219562371423228,15813,24.644660557321863,46252,25747,64164,13570,3.511377691754344
"Laramie, WY Micro Area",4.0,8.8,1.9,75.4,1.0,8.9,29660,29660,"Laramie, WY Micro Area",29660,1845,6101,55.509822263797936,1659,14.443405051449954,3.054256314312441,26.992516370439663,21380,668,9,73,107,146,0,1,0,0,0,25,84,67,2420,0,32458,3599,28.7,59881,20.8,936,32.8,834,17.31008717310087,1186,24.616023246160232,857,17.787463677874637,654,13.57409713574097,270,5.603985056039851,187,3.881278538812785,202,4.192611041926111,248,5.147364051473641,380,7.887090078870901,4818,141,0,37713,509,309,3.673760551658543,603,7.169183212459875,876,10.41493282606111,899,10.688384258708837,789,9.380573059089288,737,8.762335037450956,403,4.791344667697064,644,7.65664011413625,2518,29.936987278563787,2645,1281,8411,952,2.9330211350052373
"Laredo, TX Metro Area",0.1,1.5,0.8,90.7,1.6,5.4,29700,29700,"Laredo, TX Metro Area",29700,11298,22416,20.9415563109472,679,22.16214087908338,30.211436746157784,26.68486606381164,152386,5736,208,2661,3970,7510,503,1211,849,1063,7004,1742,4461,8672,28036,41,192502,7314,29.8,62506,23.9,997,31.4,3927,14.356743318831573,4653,17.01093115928783,4503,16.46254524183819,3191,11.665996417212003,2418,8.839980989288195,1157,4.229883376594889,2305,8.4268635981428,1494,5.461923737798413,3545,12.960187182393156,27353,6119,24,267731,1503,1342,4.670912951167728,2356,8.200201872541854,3189,11.099509240889631,2863,9.964846333228916,2491,8.670077616511781,2602,9.056419894887055,1468,5.109463645539661,2495,8.683999860777556,7119,24.7781142320142,21538,7828,28731,6638,3.4482758620689653
"Lares, PR Micro Area",0.0,3.4,0.3,95.1,0.1,1.1,29720,29720,"Lares, PR Micro Area",29720,2453,3280,21.298763082778308,112,23.18268315889629,30.851569933396767,24.66698382492864,21020,358,426,278,349,160,165,503,590,462,890,451,405,1039,4515,0,23991,1075,45.0,19323,30.4,493,30.9,232,13.45707656612529,202,11.7169373549884,160,9.280742459396752,193,11.194895591647333,221,12.819025522041764,160,9.280742459396752,230,13.34106728538283,33,1.91415313225058,244,14.153132250580049,1724,767,0,27944,10,141,3.8778877887788776,121,3.3278327832783274,290,7.975797579757976,273,7.508250825082509,277,7.618261826182618,161,4.427942794279428,94,2.585258525852585,221,6.078107810781078,687,18.894389438943897,2298,434,3636,1300,5.418698678671168
"Las Cruces, NM Metro Area",0.9,1.8,0.3,86.5,1.6,9.0,29740,29740,"Las Cruces, NM Metro Area",29740,12334,24324,31.39871767875166,2584,22.84071188434421,17.345464315018262,28.41510612188587,137719,5708,89,1978,2975,2437,505,1400,632,420,5703,848,879,3110,25748,58,176090,13927,34.0,55663,20.4,903,33.0,5893,20.434842915597475,5553,19.25584298495041,3266,11.325334627921492,3166,10.978569942437062,2150,7.45544073791525,1002,3.474582148553991,1495,5.184132047992232,2580,8.946528885498301,3480,12.067411054858171,28838,2828,26,221665,2407,576,1.9870291154960675,2664,9.190009659169313,2749,9.483234441838002,2453,8.462122257485856,3268,11.273630467779771,1844,6.361252932247827,2226,7.679039602594178,2752,9.493583551814543,7103,24.503242721125982,19026,7773,28988,6941,3.9417343403941167
"Las Vegas, NM Micro Area",0.3,4.0,0.0,81.1,1.9,12.6,29780,29780,"Las Vegas, NM Micro Area",29780,1847,3215,26.119016817593792,363,27.438551099611903,13.14359637774903,33.29883570504528,23190,1545,54,632,769,347,23,8,0,68,291,79,238,203,4818,0,26888,2233,47.8,47700,21.3,775,31.4,488,16.845012081463583,657,22.67863306869175,323,11.149464963755609,305,10.52813255091474,182,6.282361063168795,112,3.8660683465654127,183,6.316879530548844,218,7.525025888850536,429,14.808422506040731,2897,336,0,31212,246,78,2.290748898678414,377,11.071953010279,293,8.604992657856094,282,8.28193832599119,352,10.337738619676946,241,7.077826725403819,83,2.437591776798825,302,8.869309838472834,893,26.226138032305435,4887,988,3405,714,2.655459684617673
"Las Vegas-Henderson-North Las Vegas, NV Metro Area",0.2,1.2,2.4,83.0,2.6,10.7,29820,29820,"Las Vegas-Henderson-North Las Vegas, NV Metro Area",29820,135109,286282,27.308581787539083,16083,27.61387889964943,13.1861100488714,31.89142926394009,1592547,63775,924,18916,26700,55706,1829,3747,2319,4017,20091,4806,11515,17538,375989,763,1836362,105096,38.3,73845,22.4,1518,33.2,52492,15.88053596657621,60826,18.401841817857285,48385,14.6380349909089,35027,10.596805861869711,22871,6.91922079729415,16070,4.861697267828997,19613,5.933569913747984,27636,8.360788157667837,44738,13.534698965036318,330543,40608,516,2293764,27441,9113,2.5038259383508765,24200,6.649027511038209,38520,10.583493377074044,40802,11.21048018617277,38164,10.485681236829018,32071,8.811609971343241,24983,6.864159268936677,37415,10.279891087830356,97999,26.92553913447246,252642,120135,363963,86020,4.684261599837069
"Laurel, MS Micro Area",0.0,1.0,0.5,94.3,1.3,2.9,29860,29860,"Laurel, MS Micro Area",29860,5837,6373,18.59212346218243,331,34.820193637621024,12.406275023658733,34.18140787653782,54948,4026,0,1104,1421,1012,119,163,78,87,229,439,971,570,15107,0,65067,2803,38.5,49867,19.1,810,31.2,1956,23.08781869688385,1754,20.70349386213409,1245,14.695467422096318,608,7.176581680830972,329,3.883380547686497,422,4.981114258734656,290,3.4230406043437203,805,9.501888574126534,1019,12.027856468366384,8472,624,0,83050,709,516,6.85805422647528,604,8.027644869750134,433,5.75491759702286,640,8.506113769271664,654,8.692185007974482,635,8.43965975544923,356,4.731525784157363,378,5.023923444976076,1788,23.76395534290271,9348,3597,7524,1292,1.985645565340341
"Laurinburg, NC Micro Area",0.1,1.1,0.1,93.1,1.2,4.4,29900,29900,"Laurinburg, NC Micro Area",29900,2500,2174,14.811797993655148,170,36.067049644173885,17.64125868129984,31.47989368087113,23326,1462,0,1001,991,656,0,7,10,74,40,150,358,618,6951,0,27382,989,38.3,43500,20.1,766,30.5,828,24.111822947000583,579,16.860803727431566,377,10.978450786255095,285,8.299359347699475,259,7.542224810716366,123,3.5818287711124053,177,5.154338963308096,300,8.736167734420501,498,14.502038439138031,3434,207,3,34353,122,250,4.913522012578617,524,10.29874213836478,524,10.29874213836478,432,8.49056603773585,300,5.89622641509434,345,6.780660377358491,284,5.581761006289308,284,5.581761006289308,1180,23.19182389937107,3822,1021,5088,1476,5.390402454166972
"Lawrence, KS Metro Area",0.9,4.1,2.6,77.2,1.1,14.1,29940,29940,"Lawrence, KS Metro Area",29940,4148,20500,52.03068273319301,3044,19.450762124058823,4.113633474127336,24.40492166862083,70789,2485,0,550,475,530,0,1,0,39,60,102,234,254,11284,0,100285,10790,31.3,68756,19.5,1066,30.4,2914,18.18295270185948,4410,27.517783601647324,2970,18.53238487457881,1411,8.804442780481716,707,4.411581180581555,741,4.623736428304006,724,4.517658804442781,1127,7.032322475976538,1022,6.377137152127792,16026,667,0,119547,2498,1030,4.085032125009915,2035,8.070912984849686,3700,14.674387245181247,2768,10.978028079638296,2442,9.685095581819624,2138,8.479416197350679,1733,6.873165701594353,1775,7.039739827080194,6651,26.378202585865,9222,3906,25214,3261,3.2517325621977364
"Lawrenceburg, TN Micro Area",0.0,0.8,0.1,91.3,0.7,7.1,29980,29980,"Lawrenceburg, TN Micro Area",29980,2121,2862,15.499205508474576,138,42.22060381355932,14.453125,27.8270656779661,30208,2793,6,741,617,553,3,32,22,58,84,292,1065,435,9961,21,34790,1424,39.0,53233,21.9,736,27.5,1094,17.858308847535096,988,16.12797910545217,1043,17.02579170747633,678,11.067580803134184,542,8.847535096310805,189,3.085210577864838,362,5.909239307868104,571,9.320927195559907,624,10.186092066601372,6126,434,3,44901,258,310,7.77722027094832,449,11.264425489212243,400,10.035122930255897,247,6.196688409433016,340,8.529854490717511,171,4.290015052684396,246,6.171600602107376,379,9.50827897641746,604,15.153035624686405,3797,2488,3986,1144,3.288301235987353
"Lawton, OK Metro Area",0.3,1.9,0.4,85.2,1.8,10.4,30020,30020,"Lawton, OK Metro Area",30020,6242,12777,24.02014929902288,904,33.032712265582326,9.67409115737088,33.27304727802391,82385,4944,9,1126,1790,1857,24,33,66,11,146,328,773,835,22270,51,100126,5083,34.0,59060,19.3,933,27.1,3204,21.40566541956173,3242,21.659540352752536,2472,16.515232495991448,1589,10.615980758952432,668,4.462854088722609,654,4.36932121859968,446,2.9796900053447355,1422,9.50026723677178,1190,7.950293960448958,14968,884,37,127174,1025,888,4.3201167599124295,1933,9.40403794697154,2941,14.307954269034298,2761,13.432254925808806,2409,11.719776210167844,1617,7.866699099975675,1189,5.784480661639504,1196,5.818535636098273,4088,19.888105083921182,13983,7187,20555,3408,3.403711323732097
"Lebanon, MO Micro Area",0.4,1.7,0.2,91.7,2.1,3.9,30060,30060,"Lebanon, MO Micro Area",30060,1691,2523,15.656524568825253,61,42.79612756264237,14.159616010413275,27.387731858119103,24584,1759,17,526,968,558,0,0,0,6,127,157,424,273,8762,0,28391,1083,39.6,50825,19.4,796,27.2,1042,18.75787578757876,1277,22.98829882988299,753,13.555355535553556,618,11.125112511251126,345,6.210621062106211,232,4.176417641764176,243,4.374437443744374,615,11.071107110711072,411,7.398739873987399,5555,385,40,36245,182,223,5.160842397593149,495,11.455681555195556,381,8.817403378847489,530,12.265679240916455,708,16.385096042582738,291,6.734552186993752,272,6.294839157602407,396,9.164545244156445,579,13.399676000925712,3331,1711,4321,934,3.28977492867458
"Lebanon, PA Metro Area",0.2,3.1,0.6,84.8,1.2,10.1,30140,30140,"Lebanon, PA Metro Area",30140,7706,15036,23.952162284906898,922,41.622849068981175,11.954382600797295,22.47060604531463,99085,5190,8,2369,2465,1547,147,159,24,87,207,141,1924,1538,36052,9,114281,6624,41.3,76350,19.4,1087,28.8,4826,20.51434643995749,4798,20.395324123273117,3446,14.648246546227416,2425,10.30818278427205,1362,5.789585547290117,1104,4.69287991498406,1159,4.926673751328374,2689,11.430393198724762,1634,6.945802337938363,23525,1200,20,143592,1151,493,3.070885760558117,1458,9.081848760433536,1975,12.302229973838296,2182,13.59162825464059,1857,11.56721066400897,1377,8.577301607076118,847,5.275943690046094,1491,9.28740500809767,3342,20.81724180889498,8599,5960,16054,2969,2.597982166764379
"Lebanon-Claremont, NH-VT Micro Area",0.4,3.8,0.5,80.1,1.2,13.9,30150,30150,"Lebanon-Claremont, NH-VT Micro Area",30150,14412,35843,40.0879934460054,4837,29.506933276693875,6.273629274509209,24.131444002791515,164785,6280,25,1673,2259,1696,0,53,11,35,151,235,1035,1664,42343,0,189699,20155,46.0,79161,21.6,1182,29.0,5800,16.151939625163607,7188,20.017265866495865,5711,15.904090896432647,4050,11.278509565847,2551,7.104068617895236,1467,4.085326798295692,2020,5.625330697039739,3065,8.535464646745941,3879,10.802305828622352,35909,1446,55,222850,5224,855,3.692347555709104,2076,8.965278977370875,2731,11.79391950250475,2920,12.610122646398342,2593,11.197961651407844,1878,8.1102090171014,1568,6.771463119709795,1623,7.008982553117983,5104,22.04180342027984,17314,8039,23156,3474,1.8313222526212576
"Le Mars, IA Micro Area",0.1,2.2,0.4,88.0,0.7,8.6,30180,30180,"Le Mars, IA Micro Area",30180,2506,3203,23.87991291394523,62,36.31259310186777,5.809556548642146,33.99793743554486,17454,596,0,86,174,176,6,0,0,15,16,57,212,137,5742,0,20115,675,41.1,81600,16.9,865,17.7,1069,26.499752107089737,1021,25.309866137828458,599,14.848785324739714,253,6.271690629647993,166,4.115022310361924,112,2.7764005949429844,121,2.9995042141794745,554,13.733267228557263,138,3.4209221616261773,4034,135,0,25699,228,429,15.830258302583026,549,20.25830258302583,501,18.487084870848708,138,5.0922509225092245,150,5.535055350553505,217,8.007380073800737,92,3.394833948339483,70,2.5830258302583027,352,12.988929889298891,2239,1189,2710,256,1.2726820780512056
"Lewisburg, PA Micro Area",1.9,9.7,0.3,79.6,1.0,7.5,30260,30260,"Lewisburg, PA Micro Area",30260,2288,4218,26.424799396474864,744,41.327755297990535,13.315273300870995,18.9321720046636,29162,2542,0,653,825,549,31,0,4,30,40,42,721,646,9510,6,36066,2128,40.5,72894,18.4,944,29.1,1338,23.880064251293952,1334,23.808673924683205,744,13.278600749598429,507,9.048723897911833,296,5.282884169195074,142,2.5343565946814204,322,5.746921292164911,545,9.726932000713903,375,6.692843119757273,5603,261,75,42570,616,366,8.96399706098457,299,7.323046779328925,494,12.09894685280431,394,9.649767327945138,351,8.596620132255694,372,9.11094783247612,386,9.453832965956405,295,7.225079598334558,724,17.732059759980405,1945,1288,4083,411,1.1395774413575113
"Lewisburg, TN Micro Area",0.0,1.0,0.0,85.5,0.5,12.9,30280,30280,"Lewisburg, TN Micro Area",30280,2355,3576,20.991447313792243,69,37.1003902682056,9.482687038113427,32.42547537988873,24086,1190,21,305,535,359,0,10,0,1,76,100,459,199,7746,0,28056,1208,39.6,70829,21.7,924,26.0,1351,22.824801486737627,840,14.19158641662443,802,13.549586078729517,861,14.54637607704004,319,5.389423889170468,244,4.122317959114715,434,7.332319648589289,499,8.430478121304274,563,9.511741848285183,5919,219,0,35276,203,297,9.923154026060809,360,12.028065486134311,256,8.553291012362179,313,10.457734714333444,377,12.596057467423991,192,6.4149682592716335,238,7.951887738055463,125,4.17641162712997,441,14.734380220514534,3390,2065,2993,790,2.815796977473624
"Lewiston, ID-WA Metro Area",0.2,2.4,0.3,88.1,0.5,8.5,30300,30300,"Lewiston, ID-WA Metro Area",30300,5375,7800,25.893805693471805,860,29.492877739956203,7.414955662034125,37.19836090453786,46123,2463,81,436,658,805,0,1,7,22,40,66,474,401,11140,3,52964,2502,42.3,70694,21.0,956,29.0,1931,17.426225069939534,2306,20.810396173630537,1547,13.96083385975995,1307,11.794964353397708,849,7.661763378756429,269,2.427578738381013,396,3.5736846854976987,980,8.843967150979154,1442,13.013265950726469,11081,424,2,64901,781,390,5.349060485530106,624,8.55849677684817,1031,14.140721437388562,641,8.791660951858455,829,11.370182416678096,623,8.544781237141681,373,5.115896310519819,559,7.666986695926485,1615,22.150596625977236,7679,4103,7291,1193,2.252473378143645
"Lewiston-Auburn, ME Metro Area",0.1,3.1,0.4,83.3,1.1,12.1,30340,30340,"Lewiston-Auburn, ME Metro Area",30340,9958,12348,23.440359341207788,522,36.36154230065393,7.534903958128048,32.663194400010234,78143,5793,34,957,832,1105,8,64,24,59,162,145,1177,590,22621,0,91454,4654,40.8,67298,20.4,966,28.7,4044,19.465703971119133,4511,21.713598074608907,2833,13.636582430806255,2477,11.922984356197352,1252,6.026474127557161,1024,4.929001203369435,869,4.182912154031287,1596,7.68231046931408,2113,10.170878459687124,20775,723,8,112323,793,634,4.165024306924189,1285,8.44172907633688,1856,12.192878728156616,1936,12.718433845749574,2023,13.289975036131915,1378,9.052686900538694,958,6.293522533175667,1287,8.454867954276704,3045,20.003941663381948,9831,5735,15222,2493,2.725960592210291
"Lewistown, PA Micro Area",0.1,1.5,0.2,91.7,0.9,5.5,30380,30380,"Lewistown, PA Micro Area",30380,2713,2726,13.242164536988335,224,48.584511617833606,15.649268277590425,22.52405556758764,32321,1796,0,1021,1061,483,0,0,18,2,6,45,1174,943,13907,0,36616,1198,43.1,61415,18.3,792,25.1,1839,27.394607478027705,1368,20.378370326232684,787,11.72352152539848,412,6.137345449128557,450,6.703411291523908,401,5.973484284224639,420,6.256517205422315,612,9.116639356472517,420,6.256517205422315,6713,302,3,46074,132,414,7.839424351448589,905,17.136905889036168,541,10.24427191819731,525,9.941298996402196,579,10.963832607460708,424,8.028782427570535,118,2.23442529823897,369,6.98731300889983,910,17.231584927097142,3052,1515,5281,718,1.9608914135896875
"Lexington, NE Micro Area",0.4,1.6,0.7,93.1,2.3,2.0,30420,30420,"Lexington, NE Micro Area",30420,1657,2361,18.513024387349432,125,30.706699104017087,20.63727526256453,30.143001246068952,16853,987,0,188,368,407,31,331,109,128,406,238,209,184,4188,9,19791,534,36.8,66023,19.3,859,22.7,650,20.236612702366127,744,23.163138231631383,441,13.729763387297634,293,9.122042341220425,231,7.191780821917808,93,2.895392278953923,43,1.3387297633872977,320,9.9626400996264,394,12.266500622665006,3212,870,0,25949,100,456,13.763960156957442,427,12.888620585571989,437,13.190461817084216,228,6.881980078478721,282,8.511922728644732,147,4.437066103229701,94,2.837307576214911,194,5.855719891337157,619,18.683972230606702,2028,1395,3313,255,1.2884644535394876
"Lexington-Fayette, KY Metro Area",0.4,2.5,0.9,84.7,0.8,10.7,30460,30460,"Lexington-Fayette, KY Metro Area",30460,27893,80105,41.06946442169389,9585,23.50160903979857,8.074958205811216,27.353968332696333,342751,16283,143,4320,4826,4654,207,423,306,493,1519,518,3586,3280,64269,0,416124,39164,36.6,70717,18.4,1070,29.1,19430,22.829011526124702,19193,22.55055163257393,11535,13.552889755730751,7794,9.157453208163457,4761,5.593871532469363,3157,3.7092737718978745,3274,3.8467413142837,9755,11.461503213450673,5869,6.895700908225728,85111,3358,44,517378,11912,3662,4.243632233990776,7431,8.611259183720769,10004,11.59292650705727,10962,12.703084803114931,10005,11.594085336176327,7559,8.759589310960205,5063,5.86715182979118,6942,8.044591744501355,18960,21.971400097341647,46289,19574,86294,12697,3.051253953148581
"Lexington Park, MD Metro Area",0.1,1.7,1.3,80.2,0.9,15.8,30500,30500,"Lexington Park, MD Metro Area",30500,12016,27939,35.17458702502579,1891,28.634109118657,6.469116961295519,29.72218689502169,141534,4413,21,1959,1659,1675,87,37,0,60,451,119,820,1147,36114,14,164989,18064,38.5,123577,19.5,1694,28.0,9602,21.712192474674385,9726,21.99258321273517,6899,15.600126628075254,4558,10.30662083936324,2720,6.150506512301012,1466,3.3149421128798844,2054,4.644536903039074,3684,8.330318379160637,3379,7.640647612156296,44224,1107,0,208163,1890,523,3.327183663082893,1885,11.991856988358036,2171,13.811311152108912,1931,12.284496469241049,1454,9.24995228704116,998,6.3490043895922135,1065,6.775240155226159,1205,7.665882053565748,3527,22.43781411031236,17726,12325,15719,3725,2.2577262726606016
"Liberal, KS Micro Area",0.0,1.9,0.0,93.5,1.5,3.0,30580,30580,"Liberal, KS Micro Area",30580,1278,1211,12.662132236633978,35,27.92628914900348,28.052831382473904,31.35874723188865,12644,798,28,273,346,309,92,250,148,104,413,170,129,556,2733,0,15599,306,31.0,62269,23.9,924,24.0,225,11.18290258449304,363,18.041749502982107,344,17.09741550695825,332,16.50099403578529,198,9.840954274353876,100,4.970178926441352,26,1.2922465208747516,145,7.20675944333996,272,13.518886679920476,2012,729,0,21640,49,256,9.16249105225483,559,20.007158196134576,251,8.98353614889048,323,11.560486757337152,311,11.130994989262708,151,5.404438081603436,128,4.581245526127415,182,6.513958482462419,493,17.644953471725124,1893,794,2794,462,2.961728315917687
"Lima, OH Metro Area",0.3,1.4,0.5,92.0,1.2,4.6,30620,30620,"Lima, OH Metro Area",30620,7152,8513,19.93422014325391,603,40.74111971933928,7.6070749890366915,31.71758514837012,68410,3950,14,1122,1164,1270,0,48,49,7,61,64,248,500,23921,0,80304,3662,39.7,62001,17.5,898,26.9,4151,25.65195896675318,3637,22.475590161908293,1945,12.019527870473365,1330,8.219008775182301,822,5.079718205413422,443,2.7376096897787665,653,4.03534791743913,2096,12.952663453219628,1025,6.334198492151774,16182,655,2,101685,859,656,5.058605798889575,1554,11.983343615052435,1885,14.53578038247995,1298,10.00925354719309,1643,12.669648365206662,706,5.444170265268353,1034,7.973473164713141,749,5.775755706354103,2479,19.11628624305984,9019,5527,12968,2865,3.567692767483562
"Lincoln, IL Micro Area",0.0,2.9,0.5,88.5,0.8,7.3,30660,30660,"Lincoln, IL Micro Area",30660,1584,2638,19.86832703888945,91,40.37460447075635,8.502602837603348,31.25446565275084,19594,1308,0,428,344,304,0,0,16,1,90,27,174,225,6603,0,23152,977,40.5,64188,17.4,804,27.7,1170,26.151095216808223,1270,28.386231560125168,502,11.220384443451051,393,8.784085829235583,184,4.112650871703174,142,3.173893607510058,144,3.2185963343763966,457,10.214573088958428,188,4.202056325435851,4474,56,1,27870,187,195,5.710102489019034,390,11.420204978038068,439,12.855051244509516,320,9.370424597364568,321,9.399707174231333,315,9.224011713030746,86,2.518301610541728,307,8.989751098096633,663,19.41434846266472,3026,1514,3415,571,2.466309606081548
"Lincoln, NE Metro Area",0.8,3.0,0.8,84.7,0.7,9.9,30700,30700,"Lincoln, NE Metro Area",30700,25508,56071,40.5854966074072,5217,20.92153374147182,6.438688166318768,32.05428148480221,214143,7801,19,1544,1785,3540,63,158,75,64,602,97,758,1189,37001,31,272819,21020,34.4,73095,19.5,1043,28.1,10347,19.775620198004663,12229,23.37257750086006,8705,16.637360957149955,5095,9.737777607889608,3489,6.668323076335001,1830,3.497572722755246,1999,3.820572608080731,4768,9.11280149841367,3646,6.9683880585604525,52322,3792,71,341309,4603,2089,3.7137777777777776,5908,10.503111111111112,7327,13.025777777777778,7350,13.066666666666665,6966,12.384,4507,8.012444444444444,3474,6.176,4500,8.0,11828,21.027555555555555,28752,14382,56250,5862,2.148677328191951
"Little Rock-North Little Rock-Conway, AR Metro Area",0.1,1.2,0.5,88.1,1.0,9.1,30780,30780,"Little Rock-North Little Rock-Conway, AR Metro Area",30780,42602,102574,32.86406117918454,7177,29.12647437568633,7.852013367146209,30.157451077982923,506316,23905,93,6313,7227,6782,343,607,320,276,2506,1477,3491,4203,123567,160,596788,44437,37.4,65309,18.6,1007,28.4,26955,22.45407972010496,26458,22.040068307717934,16642,13.863134657836646,9652,8.040318214003083,5624,4.68490982548211,4195,3.4945228872506147,5418,4.513307509683869,13877,11.559831729768003,10588,8.820025823649464,120045,5769,189,753605,12208,4115,3.6919074107303063,10171,9.125246725282611,14440,12.955320294275976,13480,12.094024762246546,12193,10.939350439619592,9332,8.372510317602726,5479,4.915664812488785,8607,7.722052754351337,23122,20.74466176206711,77158,32932,111460,16127,2.70229964409472
"Lock Haven, PA Micro Area",0.1,4.3,0.4,86.3,1.3,7.5,30820,30820,"Lock Haven, PA Micro Area",30820,2189,3398,21.29003878913904,263,45.771184068460826,10.321110089175033,22.61766705322509,25007,950,0,550,468,402,0,0,0,0,14,12,540,345,10496,0,31114,1470,39.8,58842,18.7,815,28.4,1438,24.270042194092827,1300,21.9409282700422,599,10.109704641350213,562,9.485232067510548,354,5.974683544303797,141,2.3797468354430378,371,6.261603375527426,563,9.50210970464135,580,9.78902953586498,5925,240,10,37707,193,267,6.170556967876126,500,11.555350127108852,515,11.902010630922115,341,7.880748786688237,508,11.740235729142592,372,8.597180494568986,283,6.54032817194361,344,7.95008088745089,807,18.650335105153687,2268,1199,4327,1035,3.3264768271517644
"Logan, UT-ID Metro Area",1.3,3.8,1.9,79.2,1.0,12.7,30860,30860,"Logan, UT-ID Metro Area",30860,5677,19549,38.32381191537447,1784,22.63795592943688,6.002887814677632,33.03534434051102,79645,1751,12,557,696,1167,78,49,43,66,243,25,184,561,16279,18,111618,8018,26.4,77520,20.5,1120,27.8,3674,18.393912085711424,4101,20.531691198558125,3113,15.585260839090816,2287,11.449884850305397,1238,6.198057474717132,849,4.250525683388405,926,4.636026834885351,1898,9.50235305897667,1824,9.131871432862722,19974,1082,0,151746,1172,777,4.598993785143533,2003,11.855578573542468,1995,11.808227286179344,2262,13.388576501923646,2051,12.13968629772122,1349,7.984610831606985,1002,5.93074874223143,1554,9.197987570287069,3353,19.846108316069845,14044,6590,16895,1805,1.6171226863050765
"Logansport, IN Micro Area",0.3,1.2,0.2,94.0,0.9,3.4,30900,30900,"Logansport, IN Micro Area",30900,2468,2653,15.640483963894756,71,43.24563088150566,14.219320145957363,26.89456500864221,26035,1775,0,518,887,655,0,80,48,120,114,79,324,353,9484,0,30252,1145,41.1,56525,16.2,778,25.2,1594,25.487687879756955,1151,18.404221298369045,690,11.03293891909178,339,5.42053086024944,274,4.381196034537896,181,2.8941477454429165,161,2.574352414454749,1235,19.747361688519348,600,9.593859929645026,6254,518,6,37703,203,233,6.333242729002446,532,14.460451209567818,557,15.13998369122044,308,8.371840173960315,439,11.93259037782006,150,4.077194889915738,262,7.121500407719489,395,10.736613210111445,424,11.524870888828485,2707,1827,3679,640,2.1155626074309137
"Longview, TX Metro Area",0.2,1.1,0.1,91.9,0.9,5.8,30980,30980,"Longview, TX Metro Area",30980,17980,27182,20.81292747872396,877,30.67874484414974,13.01101655093197,35.49731112619433,191530,11217,54,3733,5048,3695,234,602,389,481,2564,992,1542,3015,47542,92,226381,10066,38.0,65210,19.1,1039,28.9,7537,21.795835743204165,7245,20.951417004048583,5322,15.3903990746096,2748,7.94679005205321,1731,5.0057836899942165,1453,4.201850780798149,1373,3.9705031810294966,3751,10.84731058415269,3337,9.650086755349912,34580,2452,27,288921,1738,1193,3.6853974236199054,2980,9.205770597139416,3924,12.121961014488276,4080,12.603873837694232,3221,9.950264125297334,2765,8.541595872849154,1878,5.801488987056316,2369,7.31827870624942,6942,21.44512063266504,33967,16041,32371,5859,2.5881147269426323
"Longview-Kelso, WA Metro Area",0.3,1.0,0.5,89.8,1.1,7.3,31020,31020,"Longview-Kelso, WA Metro Area",31020,9957,8973,17.006680600612924,378,31.421903650608435,10.055522074191853,41.51589367458679,77987,5175,17,1085,1522,1758,24,82,85,223,356,126,423,822,19330,33,89190,3368,41.1,72932,23.8,1169,29.8,2537,13.622207903780067,3863,20.742053264604813,2450,13.155068728522338,2466,13.2409793814433,1888,10.13745704467354,654,3.51159793814433,1541,8.274269759450172,1024,5.498281786941581,2122,11.393900343642612,18624,1237,49,111539,544,435,2.960593479888382,1134,7.71796093377799,1434,9.759749540597564,1814,12.34601510923569,2235,15.211325120805826,1292,8.793302933369631,1231,8.378139249982986,1179,8.024229224800926,3183,21.66337711835568,13855,8565,14693,2538,2.8456104944500504
"Los Alamos, NM Micro Area",1.1,2.1,1.7,79.8,1.1,14.2,31060,31060,"Los Alamos, NM Micro Area",31060,628,3523,68.24698367636621,2485,10.170333569907736,1.689141234918382,19.893541518807663,14090,207,0,16,1,58,11,0,0,0,43,0,25,51,1226,0,15807,3279,41.1,143188,16.3,1308,16.8,1120,27.55905511811024,944,23.228346456692915,497,12.229330708661418,424,10.433070866141732,107,2.6328740157480315,32,0.7874015748031495,5,0.1230314960629921,644,15.846456692913383,262,6.446850393700787,4064,33,0,19374,329,394,18.851674641148325,512,24.497607655502392,346,16.555023923444974,155,7.4162679425837315,185,8.851674641148326,100,4.784688995215311,93,4.449760765550239,171,8.181818181818182,108,5.167464114832536,1700,475,2090,228,1.4423989371797306
"Los Angeles-Long Beach-Anaheim, CA Metro Area",0.6,2.3,3.5,76.3,1.8,15.5,31080,31080,"Los Angeles-Long Beach-Anaheim, CA Metro Area",31080,651794,2175480,37.389010711305446,143872,19.549810597585022,17.81770204021105,25.24347665089849,9117096,182754,12696,93397,123784,274230,28651,59115,35872,53067,253271,39280,88896,171642,1599621,5837,10606148,834718,38.2,93525,26.2,1987,33.8,171804,11.55187565683794,228564,15.368343621973334,211166,14.198524917649417,167986,11.295158343749726,123927,8.33268896256755,90389,6.077637824182932,117052,7.870422978418398,88453,5.947463723046531,277918,18.686841859311112,1487239,381231,3488,13012469,254722,63319,2.7576808635179018,142220,6.193991888840885,231074,10.063777821136398,254567,11.08694932616058,244863,10.664318913494906,206418,8.989955123827576,154749,6.739657226875531,221593,9.65085954594233,665411,28.980103619360865,1186151,463527,2296096,455764,4.297168019906945
"Louisville/Jefferson County, KY-IN Metro Area",0.2,1.5,1.2,84.4,1.2,11.6,31140,31140,"Louisville/Jefferson County, KY-IN Metro Area",31140,84594,184127,32.14813248394174,12245,29.40593693003093,8.714757738362719,29.731172847664617,945775,49967,126,14568,15820,15377,347,438,440,410,2808,2111,6796,11233,228147,190,1091434,87275,39.3,71737,19.0,1064,28.1,52634,21.347772302326053,56223,22.80343128308085,35528,14.40976658352092,22516,9.132242298878548,13107,5.316055241224068,9844,3.992618279896981,10640,4.315467137149926,25237,10.235850013181642,19966,8.097990306422503,246555,11601,157,1361847,20402,7350,4.254604813781446,16802,9.725968718524609,23317,13.49722727114857,20811,12.046609629878324,19759,11.437651226599671,14247,8.246987045162484,10398,6.018963381455712,13670,7.912986095835698,34407,19.91676024867731,130375,66221,172754,30657,2.808873463718374
"Lubbock, TX Metro Area",0.4,2.0,0.5,89.6,1.0,6.4,31180,31180,"Lubbock, TX Metro Area",31180,16149,41033,31.34795800603105,4675,26.169446409292284,12.511168608763636,29.971426975913037,214888,10519,71,3948,3910,3639,392,674,240,535,2009,1422,1840,3625,45716,161,280331,17840,32.3,62288,20.7,1116,31.2,7679,18.428125749940005,8547,20.511159107271418,6974,16.73626109911207,4046,9.709623230141588,2747,6.592272618190545,1759,4.221262299016079,1615,3.875689944804416,3542,8.500119990400767,4483,10.758339332853373,41670,4350,69,354782,3815,1512,2.5419881979119383,4817,8.098384358030296,7511,12.627561742405138,6740,11.331349506565122,5635,9.47361342277366,5087,8.552310821943141,3084,5.184848943360064,4662,7.83779694356181,15818,26.59336594879037,31343,16913,59481,8569,3.056743635202671
"Ludington, MI Micro Area",0.2,2.1,0.4,87.3,0.8,9.2,31220,31220,"Ludington, MI Micro Area",31220,2795,3250,25.031511133933996,156,33.3737920731992,6.638345548760562,34.95635124410625,21421,903,0,265,330,287,4,10,0,13,60,9,131,197,6246,0,24015,1690,47.2,62296,19.3,840,28.1,1087,22.2517911975435,1094,22.39508700102354,727,14.882292732855682,492,10.07164790174002,309,6.325486182190379,186,3.8075742067553735,208,4.257932446264074,397,8.12691914022518,356,7.2876151484135105,4885,114,2,29177,266,55,2.016868353502017,342,12.54125412541254,257,9.424275760909424,354,12.981298129812982,331,12.13788045471214,285,10.45104510451045,145,5.317198386505318,267,9.79097909790979,396,14.521452145214525,3143,1550,2727,605,2.519258796585467
"Lufkin, TX Micro Area",0.1,1.2,0.1,92.0,1.2,5.4,31260,31260,"Lufkin, TX Micro Area",31260,5089,6400,18.01276079658306,259,34.069217654192954,15.121368182377443,32.796653366846535,56893,3770,0,941,1598,1279,22,64,138,165,528,453,793,1075,15613,0,67200,3142,37.8,58847,20.5,1056,30.7,1887,19.953473617426244,2152,22.75563074970921,1791,18.938352543089778,882,9.32642487046632,673,7.116421698212965,133,1.4063656550703183,414,4.377709633076028,470,4.969863593105636,953,10.077191498361003,9457,1528,19,86791,447,381,3.3165041782729805,930,8.095403899721449,1616,14.066852367688025,987,8.591573816155988,1089,9.479456824512535,1271,11.063718662952644,630,5.483983286908078,1048,9.122562674094707,2426,21.117688022284124,8992,4578,11488,2174,3.235119047619048
"Lumberton, NC Micro Area",0.1,1.2,0.4,93.4,1.2,3.8,31300,31300,"Lumberton, NC Micro Area",31300,7636,7205,14.559300409334964,217,34.913082770719264,21.117962894051352,29.409653925894425,75244,2870,101,3148,3377,1612,121,201,114,180,1037,528,1620,2746,23400,32,90302,3040,36.5,40318,20.6,784,29.9,1981,18.82900864936793,1875,17.821499857427998,1391,13.221176694230586,931,8.84896872920825,625,5.940499952476,494,4.695371162437031,534,5.075563159395495,1123,10.673890314608878,1360,12.926527896587778,10521,1030,43,116858,493,656,4.464103436543041,1271,8.649200408302143,1524,10.370874447090848,1021,6.947941476692752,1338,9.10513780197346,1199,8.15923783599864,737,5.015311330384485,1000,6.805035726437564,2820,19.190200748553927,11149,3344,14695,2861,3.168257624415849
"Lynchburg, VA Metro Area",0.0,2.2,0.7,85.2,1.5,10.4,31340,31340,"Lynchburg, VA Metro Area",31340,15496,34358,30.874793334800444,2521,30.25465666773879,9.06336228056811,29.807187716892656,177219,8600,37,2728,3231,2738,0,61,91,191,354,890,1682,1828,45017,41,217005,15393,40.0,67782,18.4,967,27.7,9354,22.00061152009784,9148,21.51609944257591,5982,14.0696662511466,3236,7.611073217771715,2378,5.593056894889104,1501,3.5303525648564102,2085,4.903920784627325,5642,13.26998612319778,3019,7.100689136110263,42517,2128,62,262716,2444,1901,6.468186457978904,3137,10.673698536917318,3883,13.21197686287853,2748,9.350119088125211,3148,10.711126233412726,2047,6.964954066008847,1479,5.032323919700579,1937,6.59067710105478,6430,21.878189860496768,25003,12325,29390,5384,2.481048823759821
"Macomb, IL Micro Area",0.7,5.4,0.5,86.0,0.9,6.5,31380,31380,"Macomb, IL Micro Area",31380,1707,2789,31.804317923569165,519,32.737276478679505,5.7293224089468335,29.72908318880449,16721,878,32,183,175,197,0,5,12,15,8,0,136,70,4596,0,22816,1827,35.1,50434,18.2,730,30.5,965,25.0844814140889,687,17.858071224330647,641,16.66233428645698,211,5.484793345463998,236,6.134650376917078,191,4.964907720301533,125,3.2492851572654016,504,13.1011177540941,269,6.992461658435143,3847,125,0,27102,183,249,5.587971274685817,462,10.368043087971277,435,9.762118491921006,570,12.791741472172353,304,6.822262118491921,240,5.385996409335727,135,3.0296229802513466,265,5.947037701974865,1424,31.95691202872532,2232,1032,4456,1222,5.3558906030855535
"Macon-Bibb County, GA Metro Area",0.1,1.6,0.6,88.3,1.4,8.0,31420,31420,"Macon-Bibb County, GA Metro Area",31420,13503,19853,24.157776441166227,2063,34.156826743486654,12.193485073918136,29.49191174142898,157945,10455,85,3603,3600,3555,76,165,232,102,466,526,1444,2956,43494,0,185205,11982,38.6,58127,18.9,1003,33.6,6522,21.68650661701137,6195,20.599188667952383,4100,13.633038505020949,2356,7.834009443373013,1462,4.861342023009909,996,3.311830817317284,1989,6.613686240606503,3598,11.963822570991557,2654,8.824898583494049,30074,2381,68,234040,4258,1061,3.191361366780966,2403,7.227937195452085,3188,9.589123503579378,3489,10.494495578415448,2963,8.912350357937797,2618,7.874631534620706,2360,7.098598327618361,2319,6.975275221079228,9607,28.89670937857186,23489,9589,33246,6631,3.580356901811506
"Madison, IN Micro Area",0.1,2.5,0.0,91.3,1.2,4.9,31500,31500,"Madison, IN Micro Area",31500,2799,2617,18.102742970331136,234,38.82788614735392,11.368040304870172,31.70133057744477,23223,1641,30,358,436,618,0,15,0,11,68,26,299,371,7376,0,27314,1224,41.6,59987,18.4,865,27.3,1260,24.442289039767218,1015,19.689621726479142,704,13.656644034917557,451,8.74878758486906,311,6.03297769156159,183,3.5499515033947624,115,2.230843840931134,606,11.755577109602328,484,9.38894277400582,5155,408,0,33074,129,285,7.339685809940767,256,6.592840587174866,462,11.89801699716714,442,11.382951326294105,674,17.357713108421326,444,11.434457893381406,177,4.558331187226371,264,6.79886685552408,499,12.850888488282257,2613,1950,3883,636,2.328476239291206
"Madison, WI Metro Area",1.6,4.8,2.6,73.3,1.0,16.7,31540,31540,"Madison, WI Metro Area",31540,44936,137961,49.2930751501985,17444,20.21560069640933,4.111026553315858,26.38029760007632,461223,10844,60,2238,3263,4510,148,79,190,195,980,230,1494,1427,82395,17,561741,58563,36.9,86827,20.0,1300,28.0,22891,19.042667354357825,29073,24.185377134823515,20779,17.285727358184495,12781,10.632315384039464,7588,6.31233934231214,5226,4.347428229167534,5069,4.216822367709573,8048,6.695006197539286,8493,7.065194785748155,120209,4100,30,683967,13383,3377,2.916486743242076,11371,9.820364452888851,15507,13.392348216599014,16546,14.289662319716728,13969,12.06408152690215,9369,8.091372311944037,6656,5.748337507556784,8837,7.631919854909751,24653,21.291130494861388,52990,23746,115790,10022,1.7840962294010942
"Madisonville, KY Micro Area",0.0,0.8,0.0,95.1,0.3,3.7,31580,31580,"Madisonville, KY Micro Area",31580,3179,2862,16.627388535031848,237,39.1624203821656,12.273885350318473,31.93630573248408,31400,2820,0,711,500,560,36,1,32,31,61,146,682,670,9477,0,36021,1627,41.3,57610,17.3,841,25.0,1882,27.976809870670436,1416,21.049502006838114,782,11.624795599821615,464,6.89757692879441,406,6.035379812695109,280,4.162330905306972,216,3.21094098409395,802,11.922104950200684,408,6.065110747733017,6727,419,5,45143,495,330,6.430241621200312,583,11.360093530787218,365,7.112236944660951,888,17.30319563522993,348,6.780982073265783,393,7.657833203429462,238,4.637568199532346,265,5.163678877630554,922,17.965705378020267,4487,2362,5132,1261,3.500735681963299
"Magnolia, AR Micro Area",0.4,3.6,0.6,90.1,1.2,4.0,31620,31620,"Magnolia, AR Micro Area",31620,1004,1905,20.381939514411474,101,40.593497089308535,11.53627715462161,27.488286241658383,14086,393,4,195,312,407,0,0,16,24,38,30,150,242,5325,0,18197,771,34.5,47363,19.9,631,26.1,532,20.105820105820104,438,16.55328798185941,372,14.058956916099774,270,10.20408163265306,80,3.0234315948601664,75,2.8344671201814062,181,6.8405139833711255,321,12.131519274376418,290,10.959939531368104,2646,207,0,22527,94,46,1.7829457364341086,393,15.232558139534882,184,7.131782945736434,277,10.736434108527131,334,12.945736434108529,210,8.13953488372093,25,0.9689922480620154,92,3.565891472868217,385,14.922480620155037,1716,1152,2580,300,1.64862339946145
"Malvern, AR Micro Area",0.0,1.9,0.3,93.2,1.9,2.6,31680,31680,"Malvern, AR Micro Area",31680,1974,2407,15.78442814271424,120,41.01783927975992,10.603534511503836,32.59419806602201,23992,1974,0,372,625,500,0,0,0,9,48,70,205,523,7867,0,27499,1190,43.0,52644,18.3,763,24.9,828,18.33887043189369,1088,24.09745293466224,472,10.454042081949058,368,8.150609080841638,196,4.341085271317829,107,2.3698781838316725,205,4.540420819490587,693,15.348837209302326,527,11.67220376522702,4515,166,26,33142,70,107,3.907962016070124,210,7.669831994156319,285,10.409057706355004,387,14.134404674945216,243,8.87509130752374,106,3.871439006574142,87,3.177501826150475,67,2.4470416362308254,471,17.20233747260774,3868,1978,2738,494,1.7964289610531294
"Manchester-Nashua, NH Metro Area",0.2,1.7,0.6,80.3,1.1,16.1,31700,31700,"Manchester-Nashua, NH Metro Area",31700,29314,77518,40.620348208137976,4451,25.594281779730483,7.014328338634053,26.771041673497493,304990,12557,40,3522,3112,3857,169,177,191,289,1015,1003,2269,2929,65503,75,350932,36892,41.0,100436,21.6,1532,29.6,12567,16.435830030996193,16094,21.04863917552739,13773,18.01310472005336,8634,11.292031231608272,5795,7.579027216489452,3988,5.215730895489204,4100,5.362210800277266,5092,6.659604242685814,6365,8.324505303357267,76461,2697,48,424732,5027,1781,3.270470279302936,4163,7.644563600639036,6654,12.218814844739889,6773,12.43733587968489,7581,13.921075343849276,5831,10.707530712305122,3717,6.825568797399784,4793,8.80143966799493,11383,20.902730594781204,34185,18150,54457,8238,2.3474633262284432
"Manhattan, KS Metro Area",0.6,9.5,0.3,79.9,1.0,8.7,31740,31740,"Manhattan, KS Metro Area",31740,7717,16364,38.96706462424864,2744,21.5312595218969,4.571895515359685,34.92978033849477,72202,2288,4,245,739,888,13,12,25,28,272,20,274,136,13258,0,105677,7695,27.1,64096,20.0,1083,29.2,2644,17.646666221717947,3782,25.241940866315154,2300,15.350730828272042,1596,10.652072348661818,1055,7.041313488620436,493,3.290395781886138,662,4.418340786224388,1052,7.021290796235734,1341,8.95014349596209,14983,634,11,133413,1332,806,3.297467577629587,2073,8.480955692836394,2974,12.167082600335474,3661,14.977703227918012,2400,9.818762017755594,1845,7.548173301149613,1232,5.040297835781205,2441,9.986499202225586,5614,22.967720819866628,11423,6080,24443,2764,2.615517094542805
"Manitowoc, WI Micro Area",0.3,3.4,0.5,87.8,0.7,7.3,31820,31820,"Manitowoc, WI Micro Area",31820,7185,9231,22.23185449600544,308,37.44348121706612,7.652558218595955,32.67210606833248,58830,1753,0,781,915,1040,38,2,0,74,127,53,469,271,20275,0,66872,2753,45.0,68611,18.0,777,22.9,3327,22.951158940397352,3503,24.16528697571744,1734,11.961920529801324,1074,7.408940397350994,870,6.001655629139073,417,2.876655629139073,553,3.814845474613687,1743,12.024006622516556,1190,8.20916114790287,14496,731,1,81314,787,686,8.262073949174997,1178,14.187643020594964,1449,17.451523545706372,864,10.405877393713116,888,10.69492954353848,528,6.359147296158015,319,3.8419848247621338,496,5.973744429724196,1207,14.536914368300613,7144,4892,8303,850,1.2710850580212945
"Mankato, MN Metro Area",0.4,4.0,1.3,82.9,1.1,10.2,31860,31860,"Mankato, MN Metro Area",31860,9127,14673,34.909728474624465,1509,25.028037087933782,5.027721177083827,35.034513260357926,63309,1808,15,525,506,675,36,11,52,10,225,41,334,293,14037,0,84762,4798,33.9,74722,19.6,1023,28.2,3149,19.565082323703013,3577,22.22429325877602,2714,16.86237962100031,1413,8.779123951537745,912,5.6663560111835976,788,4.895930413171793,618,3.839701770736253,1577,9.798073936004972,1279,7.946567256912084,16095,460,0,103736,1121,649,4.636045431816559,1136,8.114865347524823,1846,13.186656189727838,1909,13.636688334881065,1597,11.407957711265093,926,6.614758197014073,829,5.921851560825774,1175,8.39345667547682,3083,22.0230016429745,8543,4510,13999,1976,2.3312333356928816
"Mansfield, OH Metro Area",0.3,1.2,0.5,92.0,0.9,5.1,31900,31900,"Mansfield, OH Metro Area",31900,8326,9853,17.881391713167414,495,41.91001106888957,10.530279689158194,29.67831752878482,87633,5789,9,1441,2372,1721,7,0,32,87,155,290,1074,949,30938,24,101023,4436,40.9,57649,18.3,791,27.9,4493,23.52971982194292,4547,23.81251636554072,2701,14.145064152919613,1361,7.127520293270489,1034,5.41503011259492,979,5.1269965959675305,694,3.6344592825346953,1979,10.363969625556429,1180,6.1796281749149,19095,1056,11,125138,886,927,5.871548011147707,1835,11.622751456802636,1917,12.142133265771472,1615,10.229288066886244,1848,11.705092475297697,1536,9.728908031416266,855,5.41550544717507,1081,6.846972384089181,3088,19.55915885482645,9893,7789,15788,2727,2.6993852884986587
"Marietta, OH Micro Area",0.2,2.2,0.5,88.5,0.5,8.0,31930,31930,"Marietta, OH Micro Area",31930,5698,5646,20.702693816200476,338,37.04408276380376,7.057469644660514,35.19575377533526,42579,1164,24,733,738,485,13,0,13,17,10,116,104,420,14609,0,49037,2275,44.1,61355,18.0,828,30.0,2202,24.21909370875495,2073,22.8002639683238,1173,12.901451825780908,829,9.117905851297843,351,3.860536735591729,281,3.0906291245050594,459,5.048394192696876,1074,11.812582490101189,622,6.841179058512978,9092,324,8,59318,556,273,4.355456285896618,684,10.912571793235482,588,9.380982769623484,658,10.4977664326739,581,9.269304403318444,561,8.95022335673261,444,7.083599234205488,586,9.3490746649649,1193,19.03318442884493,6052,3236,6268,1304,2.659216509982258
"Marinette, WI-MI Micro Area",0.7,3.1,0.2,87.8,1.5,6.9,31940,31940,"Marinette, WI-MI Micro Area",31940,6591,6396,18.94941634241245,259,38.4046692607004,7.128814253532664,35.5171001433545,48830,1961,0,546,785,801,5,18,1,5,35,27,372,345,16792,0,54741,2365,49.3,60185,18.8,732,23.5,2603,22.247863247863247,2378,20.324786324786327,1761,15.05128205128205,1035,8.846153846153847,694,5.931623931623932,370,3.1623931623931623,527,4.504273504273504,1418,12.11965811965812,859,7.341880341880341,11700,533,8,65202,233,446,7.943009795191451,830,14.781834372217276,736,13.107747105966162,618,11.006233303650935,446,7.943009795191451,424,7.55120213713268,234,4.167408726625111,281,5.004452359750668,871,15.512021371326805,6778,3974,5615,1400,2.557498036206865
"Marion, IN Micro Area",0.5,5.9,0.2,85.4,0.8,7.2,31980,31980,"Marion, IN Micro Area",31980,4360,5323,20.381480124564938,409,37.28704891005678,11.236032240337058,31.09543872504122,43672,3191,0,621,1034,785,0,19,5,28,122,146,557,891,13093,6,53940,2946,39.3,54007,18.6,799,26.3,2861,25.16492215674202,2340,20.582285161403817,1675,14.73304600228692,718,6.315419122174333,625,5.497405224733925,456,4.010906851965872,382,3.360014073357375,1117,9.824962617644472,1128,9.921716949599787,11369,672,21,66377,223,410,5.427588032830288,860,11.384696849351338,1015,13.43658988615303,901,11.927455652634364,713,9.438707969287794,474,6.274821286735505,394,5.215779719353985,465,6.155679110405083,1518,20.09531374106433,5971,3249,7554,2143,3.9729328883945128
"Marion, NC Micro Area",0.0,1.3,0.0,92.6,0.8,5.3,32000,32000,"Marion, NC Micro Area",32000,4290,3985,17.55690161527166,116,35.01590797846305,13.879711209006365,33.54747919725894,32688,2427,33,1230,694,539,0,37,8,0,108,158,510,682,9019,0,36835,1390,44.3,55527,18.4,741,23.8,1225,18.396155578915756,1372,20.603694248385644,1129,16.95449767232317,472,7.0881513740801925,371,5.571407118185913,123,1.847124192821745,337,5.060819942934375,1156,17.359963958552335,455,6.832857786454423,6659,533,5,44679,248,382,7.97827903091061,511,10.67251461988304,496,10.35923141186299,862,18.00334168755221,444,9.273182957393484,208,4.344193817878028,127,2.6524644945697577,417,8.709273182957393,642,13.408521303258144,4119,2557,4788,914,2.481335686168047
"Marion, OH Micro Area",0.0,0.9,0.6,91.6,1.1,5.9,32020,32020,"Marion, OH Micro Area",32020,4238,4320,13.698391625133304,228,43.81352427797245,10.938690230047664,31.549393866846582,45947,3814,5,1014,1077,843,1,8,14,0,94,33,431,897,16317,0,52845,1442,40.5,57306,18.1,850,29.4,2340,23.867809057527538,2494,25.438596491228072,1385,14.126886984904122,790,8.057935536515707,399,4.069767441860465,253,2.580579355365157,476,4.855161158710731,998,10.17951856385149,654,6.670746634026928,9804,608,1,65145,304,308,3.9016974917658978,686,8.690144413478592,989,12.52850266024829,692,8.766151507474031,984,12.46516341525209,611,7.740055738535596,402,5.092475297694452,738,9.348872561439068,1664,21.07930073473524,6228,4030,7894,1686,3.190462673857508
"Marion-Herrin, IL Micro Area",0.2,0.8,0.3,89.1,0.9,8.6,32060,32060,"Marion-Herrin, IL Micro Area",32060,5535,7926,27.45726718161188,709,28.08394578501385,7.563865003851679,36.8949220295226,48031,2274,1,602,816,703,0,1,26,53,97,106,352,399,11215,4,54189,3914,41.4,65521,18.1,897,28.2,2762,24.029928658430485,2429,21.132764920828254,1792,15.590742996345918,1085,9.43970767356882,391,3.401774839046459,324,2.818862014964329,435,3.7845832608317385,1456,12.66747868453106,797,6.934052549156082,11494,473,0,66902,639,478,5.754183218971951,774,9.31744312026002,1162,13.988202720597087,1069,12.868664981341038,523,6.295895028289395,895,10.77404598531359,823,9.90730709040568,437,5.260623570482725,1470,17.69591910436981,8166,4020,8307,1361,2.511579840927125
"Marquette, MI Micro Area",0.8,5.0,0.4,86.5,0.5,6.7,32100,32100,"Marquette, MI Micro Area",32100,5013,10842,35.83194563211666,705,26.641613033889914,4.496151942031594,33.03028939196184,44438,1797,0,332,417,571,14,0,0,21,35,16,142,239,10042,4,55894,3579,39.2,64675,18.8,923,31.4,2524,23.100860333150283,2366,21.65476844224785,1459,13.3534687900421,1063,9.729086582463848,647,5.921654768442248,426,3.898956617243273,441,4.036243822075782,1105,10.113490755994874,859,7.861980596741717,10926,207,0,66430,797,175,2.1809571286141574,728,9.072781655034897,885,11.029411764705882,864,10.767696909272182,966,12.038883349950147,799,9.957627118644067,507,6.318544366899302,739,9.2098703888335,2025,25.23678963110668,6405,3260,8024,1606,2.873295881489963
"Marshall, MN Micro Area",0.6,4.1,0.1,82.6,2.2,10.4,32140,32140,"Marshall, MN Micro Area",32140,2282,3341,28.64901147180864,284,27.117402977788625,8.146204539907249,36.08738101049549,16388,439,1,138,156,241,0,0,0,55,98,16,77,161,4005,0,19686,1000,37.3,72761,17.6,742,26.8,873,23.28620965590824,814,21.712456655108028,498,13.283542277940786,246,6.561749799946652,205,5.4681248332888766,123,3.280874899973326,160,4.267804747932782,581,15.497465990930914,249,6.641771138970393,3749,391,1,25498,70,210,7.128309572301425,359,12.18601493550577,478,16.225390359809914,204,6.924643584521386,223,7.569585879158181,306,10.386965376782078,193,6.5512559402579775,125,4.243041412084183,568,19.280380176510523,2375,1257,2946,443,2.2503301838870264
"Marshall, MO Micro Area",0.1,4.3,0.0,89.0,1.2,5.3,32180,32180,"Marshall, MO Micro Area",32180,897,2482,26.033898305084747,116,34.8,12.4135593220339,26.752542372881354,14750,719,8,448,231,174,13,55,38,44,113,33,209,150,4414,3,18771,1010,35.4,56566,17.7,733,30.8,827,27.275725593667545,518,17.084432717678098,363,11.972295514511872,414,13.654353562005278,114,3.7598944591029024,94,3.100263852242744,58,1.912928759894459,405,13.357519788918207,228,7.519788918205805,3032,268,44,23177,232,183,7.827202737382379,225,9.62360992301112,286,12.23267750213858,114,4.875962360992301,211,9.02480752780154,339,14.499572284003422,236,10.09409751924722,200,8.554319931565441,352,15.055603079555176,1852,1197,2338,284,1.5129721378722498
"Marshalltown, IA Micro Area",0.2,2.9,0.0,89.4,0.5,7.0,32260,32260,"Marshalltown, IA Micro Area",32260,3098,3874,21.4471550846499,149,34.54620866483164,12.970853286075185,31.03578296444327,26521,1381,0,233,326,465,0,139,289,149,342,127,223,462,7781,42,31009,1458,38.7,72785,19.3,860,23.4,1352,21.36198451572128,1253,19.797756359614475,1093,17.269710854795388,567,8.958761257702639,283,4.471480486648759,327,5.166693000474008,185,2.923052614947069,722,11.407805340496129,528,8.342550165902987,6329,622,21,39971,207,377,9.093101784852871,873,21.05643994211288,407,9.816690786300049,361,8.707187650747708,553,13.338157260009648,250,6.02990834539315,162,3.907380607814761,304,7.332368547998071,525,12.662807525325617,3553,1580,4146,834,2.6895417459447257
"Martin, TN Micro Area",0.2,2.8,0.3,86.1,3.8,6.8,32280,32280,"Martin, TN Micro Area",32280,982,2779,21.61253669160117,353,45.39816305274122,12.039579585266546,20.949720670391063,21122,2228,0,524,458,318,3,0,8,24,56,112,352,423,7361,0,27451,1278,37.9,49502,17.2,760,26.4,1233,27.57155635062612,1017,22.741502683363148,597,13.349731663685152,321,7.177996422182469,251,5.612701252236136,120,2.683363148479428,146,3.264758497316637,483,10.800536672629695,175,3.913237924865832,4472,265,0,32959,155,80,1.794526693584567,677,15.186182144459398,350,7.851054284432481,696,15.612382234185734,433,9.71287572902647,246,5.518169582772544,426,9.55585464333782,247,5.540601166442351,696,15.612382234185734,2300,1143,4458,435,1.5846417252559104
"Martinsville, VA Micro Area",0.0,0.6,0.2,90.6,1.6,7.1,32300,32300,"Martinsville, VA Micro Area",32300,5999,4816,16.737297391760233,169,33.21901349993447,16.226134824588232,33.81755428371707,45778,3439,0,1442,1372,691,16,59,32,30,523,396,837,896,11768,69,52002,2393,45.6,47021,18.9,733,26.9,1982,22.259658580413294,1652,18.553459119496853,1037,11.646451033243489,575,6.457771787960468,665,7.468553459119496,276,3.0997304582210243,463,5.199910152740341,1155,12.971698113207546,1016,11.410601976639713,8904,1057,8,63949,284,483,6.583072100313479,668,9.104538639771024,1132,15.42864931170778,725,9.881422924901186,454,6.187815183317432,564,7.687065558130025,269,3.666348643859888,508,6.923810821861796,1549,21.112171187133704,6601,2881,7337,1121,2.1556863197569323
"Maryville, MO Micro Area",0.0,1.9,0.0,92.1,0.5,5.5,32340,32340,"Maryville, MO Micro Area",32340,928,1896,25.59661585122516,189,39.21302578018996,5.8185010775002,29.371857291084684,12529,742,1,122,162,74,2,17,26,1,4,0,183,105,4171,0,17865,1025,33.9,55970,18.1,754,27.6,553,22.146575891069283,668,26.75210252302763,266,10.65278334000801,209,8.370044052863436,108,4.325190228273929,109,4.365238285943131,122,4.885863035642771,274,10.973167801361637,165,6.607929515418502,2497,32,0,20959,97,136,4.296998420221168,314,9.921011058451818,354,11.18483412322275,498,15.734597156398102,320,10.110584518167457,306,9.66824644549763,159,5.023696682464455,175,5.529225908372828,669,21.13744075829384,2049,703,3165,301,1.684858662188637
"Mason City, IA Micro Area",0.3,2.2,0.5,87.5,1.2,8.3,32380,32380,"Mason City, IA Micro Area",32380,5396,5809,23.639545542931742,283,35.73710380843912,5.564043445651269,35.05930720297786,35999,1553,0,354,483,407,0,0,0,0,27,48,289,136,11312,0,40845,1882,44.0,66394,17.8,829,23.1,2364,26.39571237159446,1921,21.449307726663687,1293,14.437248771773111,565,6.308619919606967,295,3.29388119696293,342,3.8186690486824473,438,4.890576150066995,1044,11.656989727556946,692,7.726663689146942,8956,259,0,50165,536,445,7.287913527677695,839,13.740583033082215,948,15.525712414018995,887,14.526695054045202,738,12.086472322305928,310,5.0769734687192924,205,3.357353422862758,370,6.059613494923027,831,13.609564362921716,4624,2601,6106,722,1.7676582201003792
"Massena-Ogdensburg, NY Micro Area",0.2,6.7,0.3,84.2,1.5,7.1,32390,32390,"Massena-Ogdensburg, NY Micro Area",32390,9409,9016,24.640042703226623,1113,33.766452682296425,10.889322788633075,30.70418182584388,71189,4431,50,1199,1545,835,18,4,41,12,179,223,1667,1054,19607,5,88933,6381,39.0,61900,18.3,799,30.9,3258,22.493786246893123,3006,20.75393537696769,1834,12.662247997790663,1183,8.167633250483291,575,3.969897818282243,395,2.727147196906932,932,6.434686550676609,1987,13.71858602595968,1273,8.789008561170947,14484,875,45,107796,1031,554,4.658594012781702,1062,8.930373360242179,1081,9.090144635048771,956,8.039017827110664,1511,12.70602085435587,1002,8.425832492431887,449,3.7756474941136897,897,7.542885973763874,3172,26.673393878237476,7705,4744,11892,2708,3.044988924246343
"Mayagüez, PR Metro Area",0.1,2.7,0.7,92.1,0.4,4.1,32420,32420,"Mayagüez, PR Metro Area",32420,14538,30827,26.89925240299039,2064,29.09090909090909,23.231819799993527,20.778018706106995,154495,5686,702,2152,3377,1032,934,2053,2475,2087,5614,3255,3319,6303,39258,0,183011,7223,45.8,20400,23.3,483,33.0,1932,12.627450980392158,2741,17.915032679738562,2630,17.18954248366013,1359,8.882352941176471,1084,7.084967320261439,956,6.248366013071895,1015,6.633986928104576,1076,7.032679738562092,2181,14.254901960784313,15300,2575,14,211487,1444,493,1.7355488277124551,1258,4.428641836231782,1521,5.354502569879603,1545,5.438991762303739,2110,7.428008167288601,1256,4.421601070196438,934,3.2880377385059494,1507,5.30521720763219,4738,16.679574737731464,15654,1909,28406,12894,7.045478140658212
"Mayfield, KY Micro Area",0.0,1.4,0.1,89.7,1.5,7.4,32460,32460,"Mayfield, KY Micro Area",32460,2893,2482,17.430787157953954,220,41.63619560413067,11.299071804556595,29.633945433358782,24887,2102,0,707,475,310,0,8,18,0,104,107,370,318,8260,0,28655,1293,40.0,50576,18.5,713,29.3,1296,23.397725221159053,1365,24.643437443581877,633,11.428055605705,383,6.9146055244629,301,5.43419389781549,183,3.303845459469218,282,5.09117169164109,492,8.882469759884454,526,9.49629897093338,5539,372,23,36612,343,100,2.9922202274087373,357,10.682226211849192,323,9.664871334530222,234,7.001795332136446,425,12.716935966487132,233,6.971873129862358,219,6.552962298025135,172,5.146618791143029,704,21.06523040095751,2762,1720,3342,638,2.2264875239923225
"McAlester, OK Micro Area",0.1,1.6,0.2,90.1,0.6,7.5,32540,32540,"McAlester, OK Micro Area",32540,2868,3913,19.707885127800257,191,35.70512187900918,12.730681930326655,31.856311062863917,30399,1858,0,853,951,355,2,31,4,7,144,89,476,629,8996,2,34719,1621,40.3,54787,18.2,857,30.7,1500,25.680534155110426,1261,21.588769046396163,807,13.81612737544941,495,8.47457627118644,178,3.0474233864064373,155,2.653655196028077,258,4.417051874678993,608,10.409176510871426,550,9.416195856873824,5841,327,0,43629,266,178,3.5310454274945444,339,6.724856179329499,476,9.442570918468558,519,10.2955762745487,511,10.13687760365007,417,8.272168220591153,255,5.05852013489387,452,8.966474905772664,1017,20.174568537988492,4717,2099,5041,1057,3.044442524266252
"McAllen-Edinburg-Mission, TX Metro Area",0.1,1.2,0.2,86.2,3.7,8.6,32580,32580,"McAllen-Edinburg-Mission, TX Metro Area",32580,28369,70640,20.32666694303464,3173,25.16626494607864,30.65137956969507,23.855688541191657,506571,18862,1856,12239,13297,11412,3326,8468,5152,7926,23780,5558,15364,27596,108623,292,636603,24120,30.3,52281,21.6,925,29.7,12444,17.33775461866414,14027,19.543288656059296,9688,13.497924039345724,6765,9.425418675286314,4647,6.474489369409535,3293,4.588012372168195,4786,6.66815281299635,5949,8.288516733078831,9615,13.396215899908045,71774,18851,154,880921,5036,3901,4.554423079168272,7985,9.322498920061175,10014,11.691359321915169,8987,10.492335353110809,7764,9.064481103989351,6216,7.257188890056391,4743,5.537459283387622,5674,6.624403114893816,21196,24.746360314291387,68132,24345,85653,28197,4.429291096648932
"McComb, MS Micro Area",0.1,1.1,0.4,92.0,2.9,3.6,32620,32620,"McComb, MS Micro Area",32620,4628,3161,15.152377429360042,169,34.25717781635034,17.818626753549783,32.771818000739835,35143,1998,0,1180,1884,907,5,17,75,65,97,67,571,673,10041,7,41725,1756,38.9,41963,19.9,860,28.3,1411,24.31500947785628,1062,18.30087885576426,530,9.13320696191625,503,8.667930380837499,369,6.358779941409616,116,1.9989660520420476,362,6.238152679648458,377,6.496639669136653,922,15.8883336205411,5803,714,0,53794,239,219,3.5546177568576534,322,5.22642428177244,720,11.686414543093656,547,8.878428826489207,663,10.761240058432072,437,7.093004382405453,121,1.963966888492128,332,5.388735594870962,1133,18.38987177406265,4588,2301,6161,1270,3.043738765727981
"McMinnville, TN Micro Area",0.0,1.4,0.0,92.4,0.5,5.6,32660,32660,"McMinnville, TN Micro Area",32660,1821,2939,15.11876027564977,176,47.27323608633295,15.209710707664325,22.39829293035296,28587,2856,0,546,814,620,35,47,36,87,112,279,560,702,10658,0,33169,988,40.0,54088,18.7,775,28.4,1124,20.84956408829531,1164,21.59154145798553,690,12.799109627156373,442,8.19884993507698,378,7.0116861435726205,91,1.6879985160452606,211,3.9139306251159343,689,12.780560192914118,567,10.51752921535893,5391,508,2,41587,219,260,5.533092147265376,419,8.916790806554587,559,11.896148116620555,479,10.193658225154287,263,5.596935518195361,435,9.25728878484784,265,5.639497765482018,600,12.76867418599702,514,10.938497552670782,3083,1499,4699,720,2.1707015586843137
"McPherson, KS Micro Area",0.7,4.1,0.0,87.9,0.7,6.6,32700,32700,"McPherson, KS Micro Area",32700,2183,4304,33.085409075026206,465,24.145160485199423,7.672340637947387,35.09708980182699,20033,695,0,79,310,213,7,40,0,5,23,3,535,217,4142,6,24364,1617,39.1,77701,19.5,889,25.1,1102,20.835696729060317,1316,24.88183021365097,870,16.449234259784458,510,9.642654566080544,357,6.749858196256381,177,3.3465683494044245,204,3.8570618264322176,355,6.712043864624692,373,7.052372849309889,5289,99,0,30130,242,215,7.312925170068027,424,14.421768707482991,337,11.462585034013609,349,11.870748299319729,298,10.136054421768709,159,5.408163265306123,190,6.462585034013606,192,6.530612244897959,503,17.108843537414966,2948,1900,2940,330,1.3544573961582662
"Meadville, PA Micro Area",0.3,5.5,0.5,85.6,1.0,7.0,32740,32740,"Meadville, PA Micro Area",32740,4724,7699,21.224073444406663,542,46.81740904454267,8.974838490309418,22.98367902074124,58820,2903,27,1057,943,578,0,6,4,16,47,132,1389,559,24635,15,68165,3676,43.9,60254,18.7,800,26.7,2702,22.14391083428946,2584,21.176856253073268,1686,13.817406982461891,1131,9.268972299623012,508,4.163251925913785,422,3.4584494345189314,615,5.040157351253892,1483,12.15374528765776,1039,8.514997541386657,12202,501,5,83189,567,571,6.45124844650322,1082,12.224607388995594,1037,11.71619026098746,828,9.354875155349678,896,10.123149926561972,658,7.434188227318947,415,4.68873573607502,695,7.852220088125636,1478,16.698678115467178,5470,3325,8851,1836,2.693464387882344
"Medford, OR Metro Area",0.8,2.7,0.8,82.1,1.4,12.2,32780,32780,"Medford, OR Metro Area",32780,14181,30128,30.58352103737073,1810,26.020757370235327,8.706771034259617,34.68895055813432,160714,7036,14,2438,2906,3620,5,244,85,207,615,256,470,951,34783,46,182229,12902,42.7,71443,22.9,1310,32.1,4861,13.529460881182333,7099,19.75841242450388,6161,17.147707979626485,3736,10.398285507528737,3141,8.742241643240837,2042,5.683431211556124,2377,6.615825656155196,2322,6.462745971221019,3960,11.021737315260651,35929,2094,42,222563,4312,694,2.1853449633151745,2027,6.382844727146771,4150,13.067985011178637,3365,10.5960890512328,3065,9.651415435966872,2836,8.930314576313883,2185,6.880372831186825,3206,10.09541203514186,7444,23.4405013067985,27587,13982,31757,5673,3.1131159145909817
"Memphis, TN-MS-AR Metro Area",0.1,1.0,0.4,88.7,1.1,8.6,32820,32820,"Memphis, TN-MS-AR Metro Area",32820,67660,164482,30.737222680936554,12142,29.059190647927124,10.52513167101258,29.678455000123737,888958,37907,162,14286,18350,16981,640,969,966,1394,5815,3024,6338,10620,220417,245,1044799,79250,36.7,64743,19.9,1153,31.3,41206,20.72444524916008,40679,20.459392037338805,28055,14.110185688132455,18880,9.49564447663307,12341,6.206872271511054,7476,3.760033798056612,9417,4.736254451083348,17754,8.92932584947794,22013,11.071378276701472,198828,13520,254,1341606,17367,6173,3.0256985868963184,16483,8.079149490978782,21417,10.497551698616306,23804,11.667540768261778,22115,10.83967669677824,15946,7.815938711590586,13107,6.424401648866036,17056,8.360005685744955,52163,25.567716732265133,143714,52455,204019,43477,4.161278867992791
"Menomonie, WI Micro Area",0.2,5.5,0.2,84.5,0.7,8.8,32860,32860,"Menomonie, WI Micro Area",32860,3500,5181,29.23142280596169,530,33.40531737883669,5.551031967996602,31.81222784720501,28247,880,0,264,236,579,0,2,0,0,28,9,128,56,8556,5,37457,2262,35.8,71785,19.7,942,25.4,1586,21.90305206463196,1450,20.024858444966164,1241,17.138516779450352,615,8.493302030106339,539,7.443723242646043,280,3.866869216958983,263,3.6320950145007593,661,9.128573401463887,592,8.175666344427565,7241,259,2,45349,284,170,2.9234737747205504,636,10.937231298366294,1125,19.34651762682717,716,12.312983662940672,660,11.349957007738606,394,6.775580395528805,237,4.075666380051591,333,5.726569217540843,1140,19.604471195184868,3553,1933,5815,1051,2.805884080412206
"Merced, CA Metro Area",0.3,2.4,0.4,86.8,3.6,6.4,32900,32900,"Merced, CA Metro Area",32900,12841,17760,14.780215294542996,811,28.682807926011456,28.110749565562205,28.426227213883347,171486,5909,547,3777,3393,6542,1017,1934,1176,1488,8947,902,3722,5003,43278,141,212519,5378,31.8,65044,24.8,1284,30.0,4031,13.821835139212729,4602,15.77972843231381,4088,14.017281580030176,3197,10.962145110410097,2312,7.927581950349746,1870,6.412014812782883,2066,7.084076258400768,1929,6.6143190234535725,4856,16.650665203675764,29164,9581,36,285597,1397,1178,2.9816745975498637,3468,8.777969018932874,4272,10.812999898754684,4414,11.17242077553913,4619,11.69130302723499,3150,7.973068745570518,2421,6.127872835881341,3135,7.935101751543991,9166,23.200364483142653,23942,11964,39508,13441,6.324610975959796
"Meridian, MS Micro Area",0.0,1.6,0.1,90.7,3.3,4.2,32940,32940,"Meridian, MS Micro Area",32940,7656,7748,20.5140615872486,400,28.63055995994325,14.573979804723358,36.28139864808479,59915,3188,26,1643,1975,2038,0,24,59,73,159,255,516,766,13966,0,69372,3307,40.0,49156,20.2,893,31.1,1989,19.67359050445104,2083,20.60336300692384,1087,10.751730959446093,809,8.001978239366963,683,6.755687438180019,557,5.509396636993076,551,5.450049455984174,924,9.13946587537092,1379,13.63996043521266,10110,1198,0,87408,836,668,5.8107167710508,905,7.872303409881698,1071,9.316283924843423,1028,8.94224077940153,1062,9.237995824634655,695,6.0455810716771055,302,2.627000695894224,1043,9.072720946416144,3006,26.148225469728605,9463,4619,11496,2185,3.149685752176671
"Mexico, MO Micro Area",0.0,2.7,0.0,92.8,1.2,3.2,33020,33020,"Mexico, MO Micro Area",33020,1613,1765,16.12020266728787,83,41.4303185603634,11.554364917593617,30.895113854755117,17171,1012,0,322,255,424,0,0,0,0,45,13,503,238,6102,0,19850,758,40.3,56232,18.0,698,27.8,592,18.494220556076225,602,18.80662293033427,541,16.900968447360203,240,7.497656982193064,284,8.87222742892846,42,1.3120899718837862,55,1.718213058419244,629,19.65010934083099,175,5.467041549515776,3201,179,5,24688,162,153,6.24235006119951,188,7.670338637290902,321,13.096695226438188,270,11.015911872705018,160,6.527947776417789,190,7.751937984496124,124,5.059159526723786,163,6.650346797225621,473,19.29824561403509,2347,1345,2451,454,2.287153652392947
"Miami, OK Micro Area",0.1,1.9,0.1,93.1,0.8,4.1,33060,33060,"Miami, OK Micro Area",33060,2123,1973,14.968963060954511,89,35.3108781927343,12.765849191004374,36.95430955530681,19654,1354,10,507,573,304,43,23,16,38,64,76,296,313,5586,10,23497,690,37.3,48656,19.7,764,27.2,814,21.43233280674039,799,21.037388098999475,531,13.981042654028435,338,8.89942074776198,211,5.555555555555555,204,5.371248025276461,183,4.818325434439179,319,8.399157451290153,367,9.662980516061085,3798,236,0,30360,190,185,4.807692307692308,349,9.069646569646569,456,11.85031185031185,464,12.058212058212058,323,8.393970893970893,308,8.004158004158004,160,4.158004158004158,320,8.316008316008316,627,16.294178794178794,3734,1406,3848,441,1.876835340681789
"Miami-Fort Lauderdale-West Palm Beach, FL Metro Area",0.4,1.6,2.4,80.4,2.2,12.9,33100,33100,"Miami-Fort Lauderdale-West Palm Beach, FL Metro Area",33100,422492,967281,35.613802456862246,62396,25.69077523128177,13.14812732991744,25.54729498193856,4429878,133237,3650,48303,54559,144216,7346,15058,10004,16862,58580,19306,35140,57146,1004833,1153,5050923,399532,41.9,73481,26.4,1770,37.2,92206,11.518162410512076,121301,15.15264319629444,112525,14.056365369312966,88582,11.06546062781143,66511,8.30840184028771,50574,6.317588288714809,61675,7.704299792511684,47646,5.951829232493095,154512,19.301285278322904,800527,108617,2506,6138876,148439,17978,1.9616037185145585,41799,4.560745012247748,73997,8.073912023524406,92124,10.051773332096738,94060,10.263012891505136,83214,9.07959126891036,69994,7.637139318817887,101720,11.098805776354482,292970,31.96635006192069,491377,217845,916495,160940,3.1863483169313804
"Michigan City-La Porte, IN Metro Area",0.2,1.3,0.9,90.8,0.6,6.4,33140,33140,"Michigan City-La Porte, IN Metro Area",33140,7303,11407,21.70821651385416,513,39.28923240130332,9.50594832158824,29.49660276325428,79182,6771,20,1424,1722,1563,19,24,31,194,362,477,591,770,24339,49,90671,4347,40.8,70452,17.6,926,27.5,4943,24.87544663076845,3654,18.38860651200241,2601,13.089426802878569,1650,8.303557948769564,931,4.68521966685119,583,2.933923808565246,729,3.66866287554728,3053,15.364098434905138,1605,8.077097277439485,19871,281,0,112141,922,347,3.123031230312303,1431,12.879128791287911,1567,14.103141031410312,1150,10.35010350103501,977,8.79308793087931,1108,9.97209972099721,450,4.050040500405004,915,8.235082350823507,2009,18.08118081180812,11048,5005,11111,2301,2.537746357710845
"Middlesborough, KY Micro Area",0.4,4.4,0.0,91.5,0.3,3.4,33180,33180,"Middlesborough, KY Micro Area",33180,1521,1489,13.943108783622945,70,38.240895024994046,20.631992382766008,27.184003808617,16804,1334,7,743,452,236,0,22,14,116,92,6,770,666,5092,0,19395,534,41.2,32403,20.2,617,32.8,347,18.9410480349345,398,21.724890829694324,182,9.934497816593886,185,10.09825327510917,175,9.552401746724891,26,1.4192139737991267,125,6.823144104803494,157,8.569868995633188,223,12.172489082969433,1832,343,0,23878,250,185,4.987867349689943,283,7.630088972768941,228,6.147209490428687,272,7.333513076300889,296,7.98058775950391,366,9.86788891884605,296,7.98058775950391,224,6.03936370989485,784,21.137772984631976,2174,873,3709,838,4.320701211652487
"Midland, MI Metro Area",0.3,1.1,0.4,86.6,0.7,10.9,33220,33220,"Midland, MI Metro Area",33220,6585,13148,36.34928631402183,1335,27.445843828715365,4.965575146935349,31.239294710327453,59550,2144,2,399,784,701,0,24,4,7,4,39,289,381,14200,14,68032,6303,41.8,77538,17.4,974,30.3,3968,26.074385596004728,3285,21.586279405966614,2101,13.806019187803916,1016,6.676304376396374,744,4.888947299250887,502,3.298725193849389,474,3.114732553555001,2046,13.444605072939938,1054,6.926008673938757,15218,307,2,83641,860,316,4.197104529153938,776,10.306813653871696,1046,13.892947270553858,686,9.111435781644309,660,8.766104396334175,566,7.517598618674459,452,6.003453313853101,656,8.712976490901845,1886,25.049807411342805,7426,4592,7529,1931,2.838370178739417
"Midland, TX Metro Area",0.2,1.1,0.3,91.8,1.3,5.2,33260,33260,"Midland, TX Metro Area",33260,9124,23158,30.56219933752719,876,24.03404424307517,13.83250449019378,31.571251929203857,110797,6024,214,1452,1628,3161,260,276,162,124,1206,133,824,1192,20605,79,130804,8233,32.7,93442,20.0,1377,28.7,5158,19.73372101920576,5812,22.235825235289617,3321,12.705639299104751,2552,9.763562629122353,2261,8.650241028387788,955,3.653684291070472,1449,5.543652919121586,2050,7.842987221669599,2504,9.579921952712526,26138,4551,64,176726,1595,1915,8.706920069109756,1833,8.334091115758843,2181,9.916340820223695,2597,11.807765754296623,2309,10.498317723015369,1696,7.7111939619896335,901,4.096571792306992,1882,8.55687914885878,5126,23.306356278985177,17491,8365,21994,3449,2.636769517751751
"Milledgeville, GA Micro Area",0.0,0.7,0.2,90.8,1.7,6.6,33300,33300,"Milledgeville, GA Micro Area",33300,2090,3839,24.128393623990103,549,33.659654996724655,14.786374554188804,27.42557682509644,27478,2392,0,634,717,911,73,12,0,74,88,39,333,744,6857,0,36630,1731,36.4,55413,19.3,865,33.2,1249,25.43788187372709,1046,21.30346232179226,702,14.29735234215886,598,12.179226069246436,88,1.7922606924643585,132,2.6883910386965377,209,4.256619144602851,255,5.193482688391039,525,10.692464358452138,4910,429,9,43669,511,362,6.2945574682663885,531,9.233176838810644,505,8.781081551034603,461,8.015997217875153,410,7.129194922622152,553,9.615719005390366,341,5.929403581985741,487,8.46809250565119,1585,27.560424274039296,4001,1445,5751,956,2.60988260988261
"Milwaukee-Waukesha, WI Metro Area",0.3,2.2,2.2,80.9,0.9,13.5,33340,33340,"Milwaukee-Waukesha, WI Metro Area",33340,96193,271178,38.78867646689236,16548,25.624273383665525,7.319452420999527,28.26759772844259,1074329,32679,234,10218,15467,16575,614,1314,868,1244,4976,1776,5200,7384,242610,104,1251293,105078,38.5,76404,19.8,1105,28.7,51634,20.09957530625829,56968,22.175942325733484,41036,15.97409017832466,25658,9.987893698105422,15664,6.097527745230467,9631,3.749060885745316,11968,4.658785243546873,21357,8.313642751205764,21439,8.345562904111082,256891,12556,105,1566361,23914,10476,4.072319037197423,26171,10.173411752815364,34419,13.379643847012035,31421,12.214236012579253,26913,10.461848248195327,19959,7.758630742976649,15603,6.06532970001827,20762,8.070779672612915,58709,22.821857422186287,145812,61682,257249,31097,2.485189320167219
"Minden, LA Micro Area",0.1,1.3,0.5,90.1,1.2,6.9,33380,33380,"Minden, LA Micro Area",33380,2216,2218,12.798689363062415,96,43.88236234316311,13.757692000319668,29.561256293454807,25026,1887,0,859,698,309,0,0,9,56,82,218,448,409,9095,0,28896,756,41.2,37396,23.7,777,43.8,725,18.729010591578405,493,12.735727202273312,297,7.672436063032809,401,10.359080340997158,238,6.148282097649186,270,6.974941875484371,281,7.259106174115216,495,12.787393438388014,671,17.33402221648153,3871,348,7,36189,133,86,1.832126118449084,150,3.1955688112484024,160,3.408606731998296,380,8.095440988495954,171,3.6429484448231775,351,7.477631018321261,243,5.176821474222412,509,10.84363016616958,1415,30.144865786109925,3575,1607,4694,737,2.5505260243632337
"Mineral Wells, TX Micro Area",0.1,0.8,0.3,89.9,2.1,6.8,33420,33420,"Mineral Wells, TX Micro Area",33420,1549,2477,18.676514923123307,57,35.81549593005728,13.857903728268518,31.6500854185509,19902,1549,0,375,370,500,50,93,6,37,87,74,304,427,5579,0,22810,1097,41.1,64972,23.3,1024,30.9,469,15.990453460620524,532,18.138424821002385,406,13.842482100238662,283,9.648823729969315,151,5.148312308216843,205,6.989430617115581,360,12.274122059324924,194,6.614387998636209,324,11.04670985339243,2933,435,0,28920,86,94,2.7843601895734595,504,14.928909952606634,264,7.819905213270142,456,13.507109004739338,156,4.62085308056872,352,10.42654028436019,229,6.783175355450237,189,5.598341232227488,837,24.79265402843602,2758,1992,3376,1001,4.388426128890837
"Minneapolis-St. Paul-Bloomington, MN-WI Metro Area",0.5,2.0,2.6,74.8,1.1,19.0,33460,33460,"Minneapolis-St. Paul-Bloomington, MN-WI Metro Area",33460,265698,733550,44.86287002987295,46937,20.168225017301435,5.792603819507304,29.176301133318304,2524357,69707,692,14522,18851,33582,880,1320,1173,1987,7188,1931,8917,11209,439411,303,2929322,284199,37.8,98180,19.6,1396,29.1,147844,20.50282141921061,164299,22.78478028431918,114514,15.880658613129272,71662,9.937996729955026,45307,6.283118219475766,26899,3.73031975159862,30936,4.2901658736553365,60451,8.383269240636757,56921,7.893733245873268,721091,43129,542,3693351,67813,13903,3.2793961552069817,35117,8.28328812359948,54605,12.880056610449344,58621,13.827338129496402,51264,12.091991980186345,39262,9.260997759169712,26832,6.32904823682038,34325,8.096473640759523,94125,22.201910602665407,317069,153747,423950,80314,2.741726583830661
"Minot, ND Metro Area",0.4,1.9,0.1,90.2,1.2,6.2,33500,33500,"Minot, ND Metro Area",33500,5893,9992,28.76651716578508,382,29.259266708231934,5.289515496470305,36.68470062951268,49721,1889,9,404,385,473,2,10,4,0,23,66,499,192,12659,0,60179,3358,33.9,79195,19.7,993,23.5,2301,20.23746701846966,2623,23.06948109058927,2019,17.757255936675463,901,7.924362357080035,752,6.613896218117854,613,5.391380826737027,576,5.065963060686015,899,7.906772207563764,674,5.927880386983289,11370,551,12,76773,571,709,6.225305118974449,1610,14.136447449293176,1749,15.356923347089296,1760,15.453507770655897,817,7.173588550355606,625,5.487751339011327,636,5.5843357625779255,838,7.357976995346386,1836,16.120818333479672,8183,4164,11389,1335,2.2183818275478155
"Missoula, MT Metro Area",3.1,3.3,1.5,78.3,0.9,12.9,33540,33540,"Missoula, MT Metro Area",33540,7506,24184,45.08598507341041,2169,21.042765494195866,3.558163633611606,30.31308579878212,85887,2812,0,473,471,760,0,0,0,27,25,22,638,343,15261,0,104136,9196,37.3,70888,22.4,1118,29.2,3049,15.00935315545929,4148,20.419415181648123,3507,17.26395589248794,2653,13.059958649207443,1404,6.911489613074727,1018,5.01132224081914,1347,6.630894949296053,1285,6.325686718519248,1876,9.23501033769814,20314,297,0,124435,3174,668,3.14293779994354,1755,8.257269219911546,2693,12.670556130610708,2795,13.150465794673943,2624,12.34591135786205,1785,8.398419121106615,1498,7.0480850663404535,1645,7.739719582196293,4818,22.668674131928107,13895,4634,21254,3187,3.060420987938849
"Mitchell, SD Micro Area",0.4,3.5,0.7,84.4,1.3,9.8,33580,33580,"Mitchell, SD Micro Area",33580,2056,3084,23.998376529251463,76,34.81185133646431,8.355076245144083,32.83469588914014,17247,628,0,78,376,299,0,0,0,26,73,18,360,99,5376,6,19996,814,39.5,64723,18.2,745,25.2,907,24.951856946354884,775,21.32049518569464,507,13.947730398899589,275,7.565337001375516,240,6.602475928473177,149,4.099037138927097,124,3.4112792297111416,411,11.306740027510315,247,6.795048143053645,3635,106,0,25779,165,115,3.232152894884767,374,10.511523327712196,454,12.759977515458123,583,16.385609893198428,478,13.4345137717819,324,9.106239460370997,175,4.91849353569421,201,5.649241146711636,390,10.961214165261383,2696,911,3558,133,0.665133026605321
"Moberly, MO Micro Area",0.0,0.8,0.3,90.6,1.9,6.4,33620,33620,"Moberly, MO Micro Area",33620,1796,2204,17.095663339753692,84,43.524193077686334,10.249226638650558,29.13091694390941,17133,1494,0,429,270,196,0,1,0,7,9,32,260,304,5963,0,19786,578,40.1,55310,18.2,742,29.7,705,20.638173302107727,767,22.45316159250585,388,11.358313817330211,344,10.070257611241216,230,6.7330210772833725,128,3.747072599531616,133,3.89344262295082,488,14.285714285714285,193,5.649882903981265,3416,248,0,24524,63,108,3.938730853391685,298,10.86797957695113,156,5.689277899343545,329,11.99854121079504,416,15.171407731582786,243,8.86214442013129,172,6.272793581327499,429,15.645514223194748,410,14.952589350838805,1693,1502,2742,493,2.4916607702415847
"Mobile, AL Metro Area",0.1,1.0,0.4,90.2,0.9,7.5,33660,33660,"Mobile, AL Metro Area",33660,24417,45444,25.150224087237017,2407,33.81968827609831,10.991693071850648,30.03839456481402,280248,14010,72,5519,7828,5369,79,96,184,212,506,745,2382,5003,80769,0,327288,18428,38.4,58119,19.7,1021,32.2,12751,20.927293615624485,11980,19.661907106515677,8299,13.620548170031183,5988,9.82767109798129,3800,6.236665025439028,2885,4.7349417364188415,2735,4.488757590677827,6164,10.116527162317414,5985,9.82274741506647,60930,2798,11,413162,4204,2797,4.961067063977722,4481,7.947994820766597,4846,8.5953989960801,4591,8.143102928395326,5294,9.390021107149824,5659,10.037425282463328,3417,6.060767306976002,4600,8.159066319019495,13285,23.563738271342167,43919,15846,56379,10044,3.068856786683288
"Modesto, CA Metro Area",0.4,1.4,0.7,89.6,1.0,6.9,33700,33700,"Modesto, CA Metro Area",33700,28296,46297,19.136945701036627,2009,29.347533218940114,19.886835798459945,31.628685281563317,352585,12662,327,6119,7372,11860,834,1979,1388,1489,12625,1364,5367,5273,90813,121,421273,14337,34.8,79661,23.8,1528,31.4,11231,15.7354218623028,12307,17.24297363185474,9796,13.724885812760949,7581,10.621514837335724,5917,8.290133662117858,4086,5.724773727127525,4970,6.963319976462016,4560,6.388881105164346,10614,14.870961414520696,71374,13888,112,552250,4831,1986,2.886082571607109,5669,8.238268931742548,8478,12.320346446165695,7183,10.438434598113728,7398,10.750875561303824,5348,7.7717873076308255,4520,6.56852629590339,6060,8.806475520613837,17784,25.843953904058825,56559,26663,68813,20229,4.801874319028278
"Monroe, LA Metro Area",0.1,1.7,0.7,90.2,1.0,6.3,33740,33740,"Monroe, LA Metro Area",33740,8996,22943,23.8648751680366,1198,33.81197290012774,13.51515840584266,28.807993525993,149521,8728,11,3955,4563,3130,113,102,102,299,488,626,2278,2652,41828,0,176388,9168,38.0,49203,18.7,897,34.9,5519,21.717231338291427,4540,17.86487230944792,2781,10.94321803801204,1765,6.945264234840436,1541,6.063825601070318,1119,4.403258174949829,1061,4.175028528705781,3719,14.634242316924407,3072,12.088301263133042,25413,1842,47,224705,2374,1041,3.227506665839896,2339,7.251813728529795,2861,8.870217647423576,2495,7.735474669808395,2275,7.053388726979599,2538,7.868791467724934,1435,4.449060581633286,2801,8.684194208470267,9225,28.60110373907112,23787,10291,32254,7037,3.9895004195296737
"Monroe, MI Metro Area",0.1,1.3,0.2,89.3,0.9,8.2,33780,33780,"Monroe, MI Metro Area",33780,12860,16562,23.409284381735525,754,33.16639800039847,8.24473383927116,35.179583778594846,110422,4995,3,2015,2219,1858,15,2,9,72,200,219,750,896,31628,69,126493,7367,42.6,75272,18.6,1017,31.6,7527,24.257952238228757,6275,20.22301717747913,4405,14.196396919011248,2552,8.224564117438526,1422,4.582809629701247,1322,4.260530471494409,1264,4.073608559734442,3404,10.970382545360792,2729,8.79499822746463,31029,773,4,155001,1166,529,4.491806062664516,860,7.3023690243695345,1128,9.57799099940562,1204,10.223316634117348,1347,11.437547762588096,1083,9.1958902946421,837,7.107073108601511,1257,10.673346353061053,2570,21.822195805383373,15495,10491,11777,3786,2.9930509988695024
"Montgomery, AL Metro Area",0.1,1.1,0.3,90.7,0.8,7.1,33860,33860,"Montgomery, AL Metro Area",33860,21415,47143,30.436837252189942,3461,29.64999231596742,10.90517903795912,29.007991393883508,260280,12994,20,6645,5865,4004,38,115,181,353,865,1016,2190,3887,64179,121,305838,23824,37.9,62746,19.1,1063,29.4,13091,22.30533310615096,12001,20.448117226103253,8553,14.573181121144998,4640,7.905946498551712,3410,5.810189129323565,2378,4.051797580507753,2345,3.995569943772363,6351,10.821264269892657,5599,9.539955699437725,58690,3012,72,385159,4793,2090,3.979512176545631,4132,7.867628858127534,6310,12.014699442106666,6071,11.559626040099772,5845,11.129305584645556,3279,6.243454749709628,2742,5.220967649802929,4211,8.018050610255337,12826,24.421637883432663,39504,14583,52519,8843,2.891400022233993
"Monticello, IN Micro Area",0.0,1.6,0.3,91.6,0.3,6.2,33900,33900,"Monticello, IN Micro Area",33900,1600,2204,18.31723975506359,100,41.19759773904851,9.703250117757891,30.781912388130007,16984,1093,0,205,394,263,30,0,28,26,81,64,108,210,5904,0,19485,749,42.5,66143,18.6,853,27.5,1122,22.13891081294396,908,17.91633780584057,909,17.93606945540647,400,7.892659826361484,291,5.741910023677979,147,2.9005524861878453,138,2.722967640094712,735,14.502762430939226,371,7.320441988950275,5068,239,0,24709,58,65,3.1878371750858268,153,7.503678273663561,222,10.887690044139283,354,17.361451692005886,272,13.339872486512997,170,8.337420304070623,105,5.149583128984796,117,5.738106915154488,406,19.911721432074547,2001,1627,2039,560,2.874005645368232
"Monticello, NY Micro Area",0.6,2.8,1.2,82.4,1.3,11.8,33910,33910,"Monticello, NY Micro Area",33910,5728,9476,29.68562256774448,752,29.811158336471728,12.34554617026237,28.15767292552142,55761,2997,111,1286,1262,798,36,109,85,110,260,95,658,783,13626,12,63961,5180,41.7,69826,21.2,999,29.2,1613,16.043365824547443,1981,19.70360055699224,1393,13.85518201710762,1075,10.69226178635369,639,6.355679331609309,424,4.217226974338572,635,6.31589417147404,1100,10.940919037199125,1183,11.766461110005968,10054,1226,53,79147,1145,508,5.473548109039974,631,6.798836332291779,1111,11.970692813274432,1388,14.955284990841506,677,7.29447257838595,790,8.512013791617283,595,6.41094709621808,543,5.850662644111626,2171,23.391875875444452,6632,3341,9281,2297,3.591250918528478
"Montrose, CO Micro Area",0.5,2.9,0.1,84.7,1.2,10.5,33940,33940,"Montrose, CO Micro Area",33940,2304,5881,28.26628352490421,399,33.58876117496807,9.038952745849295,29.10600255427841,31320,1670,0,325,598,353,0,12,17,94,236,353,171,112,8850,0,35617,2106,45.7,66072,23.1,1120,29.9,818,12.1437054631829,1231,18.2749406175772,1205,17.88895486935867,683,10.1395486935867,483,7.170427553444181,341,5.062351543942993,448,6.65083135391924,514,7.630641330166271,910,13.509501187648455,6736,560,0,43272,467,151,3.397839783978398,508,11.431143114311432,354,7.965796579657966,520,11.7011701170117,562,12.646264626462647,390,8.775877587758776,271,6.098109810981098,299,6.728172817281728,1111,25.0,4537,2275,4444,838,2.352809051857259
"Morehead City, NC Micro Area",0.3,1.0,0.3,86.9,1.2,10.3,33980,33980,"Morehead City, NC Micro Area",33980,5896,10634,32.33756108691932,769,23.611401623913743,7.296202627925992,36.75483466124094,52589,2218,0,1066,565,727,0,11,8,15,18,55,342,605,10199,39,58516,4564,50.1,70235,22.3,1062,33.9,1942,15.233762158770004,2572,20.175713837464706,2117,16.606526513962976,1252,9.821148415437715,1032,8.095387511766551,536,4.204581110762472,807,6.330404769375589,851,6.67555695010982,1585,12.433322874176342,12748,350,36,68652,1039,372,4.500362932494556,835,10.101621098475684,566,6.847326397290105,932,11.275102830873458,456,5.516573917251392,496,6.000483909992741,860,10.404064843939029,1082,13.08976530365352,1490,18.02564722961529,8692,4741,8266,1369,2.3395310684257296
"Morgan City, LA Micro Area",0.5,1.3,0.0,92.2,0.7,5.2,34020,34020,"Morgan City, LA Micro Area",34020,2074,2907,13.121567913594854,52,46.021055186432456,19.41385273505051,21.44352416492218,32961,2429,0,1137,1298,636,6,158,77,145,554,315,498,1096,12740,0,37869,1248,39.7,51768,18.6,839,30.6,791,17.492260061919502,1045,23.10924369747899,696,15.391419725785052,258,5.705440070765149,217,4.798761609907121,137,3.0296329057938967,146,3.228659885006634,689,15.236620964175144,497,10.990712074303406,4522,479,0,48455,118,235,4.165928026945577,518,9.18276901258642,699,12.391419960999825,571,10.122318737812444,277,4.910476865803935,385,6.825031022868286,514,9.111859599361816,387,6.860485729480588,1105,19.58872540329729,3564,1430,5641,1123,2.9654862816551795
"Morgantown, WV Metro Area",0.1,4.4,1.1,82.4,1.1,10.8,34060,34060,"Morgantown, WV Metro Area",34060,5643,17428,39.48171728844602,3775,31.118766761877765,8.273553845147505,21.125962104528707,91726,5127,17,1476,1469,1263,23,67,17,139,237,272,719,1197,23417,0,119749,12078,35.0,62394,16.3,926,32.8,5799,30.26617954070981,4118,21.49269311064718,2120,11.064718162839249,1116,5.824634655532359,1008,5.260960334029228,376,1.962421711899791,635,3.3141962421711897,2708,14.133611691022963,1217,6.351774530271399,19160,693,0,140724,2934,911,4.276794516689357,1456,6.835359842260927,2094,9.83052438852636,2468,11.586310501854372,1789,8.398666729261537,1500,7.041922914417163,982,4.610112201305103,2095,9.83521900380264,5793,27.195906295479084,9284,4451,21301,3756,3.13656063933728
"Morristown, TN Metro Area",0.2,1.1,0.2,92.7,1.0,4.8,34100,34100,"Morristown, TN Metro Area",34100,7555,10387,20.5205252573051,845,37.64225718679759,12.007571276469893,29.829646279427426,84530,6026,0,1564,1830,1507,68,56,48,136,626,308,1334,1390,25793,14,97863,4773,42.0,58130,18.6,853,27.4,3848,22.801611756340364,3763,22.297937899976297,2696,15.975349608912063,1415,8.384688314766532,585,3.4664612467409337,520,3.081298885991941,884,5.2382081061863,1817,10.766769376629531,1289,7.638065892391562,16876,1269,0,120765,1341,1020,7.445255474452554,1411,10.299270072992702,1682,12.277372262773724,1494,10.905109489051094,1045,7.627737226277373,1134,8.277372262773723,1008,7.357664233576642,948,6.91970802919708,2486,18.145985401459853,10708,6952,13700,3316,3.3884103287248504
"Moscow, ID Micro Area",0.7,13.1,0.2,74.6,1.5,9.9,34140,34140,"Moscow, ID Micro Area",34140,2093,6424,44.89985633398123,950,21.482295275923267,3.0592411053832502,30.558607284712245,23666,1027,0,102,125,201,9,0,1,0,25,0,51,45,4057,0,33687,2575,30.7,65179,20.5,905,29.7,926,17.00955180014695,1180,21.675238795003672,920,16.899338721528288,688,12.637766348273328,423,7.770022042615723,179,3.2880235121234382,192,3.526818515797208,526,9.662013225569432,403,7.402645113886848,5444,165,0,40315,677,226,3.5753836418288247,575,9.096661920582186,992,15.693719348204398,767,12.134155987976586,525,8.305647840531561,373,5.900965037177662,340,5.378895744344249,719,11.374782471127986,1589,25.13842746400886,3590,1549,6321,1293,3.8382758927776295
"Moses Lake, WA Micro Area",0.2,1.8,1.5,86.2,1.1,9.2,34180,34180,"Moses Lake, WA Micro Area",34180,6551,7995,18.16451305876849,214,29.04386262078756,18.583942312345737,34.20768200809821,61989,3584,107,869,949,1305,146,415,107,136,1995,261,1578,2053,14420,0,75012,2468,33.5,71115,21.4,1059,25.6,2559,19.12127325711724,2477,18.50855563027722,2201,16.44623776432788,1330,9.9379810206979,848,6.336396921467534,627,4.685048195471867,955,7.13591870283195,1029,7.688859000224165,1343,10.035119181050586,13383,1563,36,100428,583,1023,8.630726398380157,1239,10.453049860794737,1527,12.882814477347509,1332,11.237661351556568,986,8.318569138614697,982,8.28482240782924,593,5.002952838943727,685,5.779127647009196,2108,17.78452712393487,9548,5106,11853,2973,3.963365861462166
"Moultrie, GA Micro Area",0.0,1.5,3.0,89.6,0.4,5.4,34220,34220,"Moultrie, GA Micro Area",34220,2655,2608,15.696479480209508,177,36.86932307896307,20.281111184777565,27.153086256049857,30166,1599,62,667,956,835,134,71,144,76,657,112,446,1264,9523,0,35525,1465,37.2,49691,19.0,779,28.2,692,15.079538025713662,981,21.377206363042056,707,15.406406624536936,336,7.321856613641316,137,2.9853998692525607,237,5.164523861407714,109,2.3752451514491177,810,17.650904336456744,552,12.028764436696449,4589,694,0,45907,485,301,4.896697576053359,503,8.182853424434684,910,14.803969415975274,401,6.523507401984709,735,11.957052220595411,495,8.052708638360176,347,5.64503009598178,445,7.239303725394501,1032,16.78867740361152,3711,1825,6147,862,2.426460239268121
"Mountain Home, AR Micro Area",0.0,1.7,0.0,90.7,1.5,6.1,34260,34260,"Mountain Home, AR Micro Area",34260,3651,4317,18.74863948751438,208,34.64875454799888,10.59800354510682,36.004602419379914,32157,2100,0,450,822,848,41,6,2,0,125,185,250,340,9042,0,35673,1240,51.9,48427,21.7,866,30.5,1156,17.271776482892573,1211,18.09353055431048,1030,15.389212610189752,729,10.891976692066338,538,8.038248916778725,261,3.899596593455849,439,6.559091588226505,638,9.532347228447632,691,10.324219333632154,6693,339,0,42150,264,201,4.161490683229814,300,6.211180124223603,499,10.331262939958592,554,11.469979296066253,415,8.592132505175984,370,7.6604554865424435,257,5.320910973084886,508,10.5175983436853,908,18.799171842650104,4894,3033,4830,882,2.47245816163485
"Mountain Home, ID Micro Area",0.0,3.4,0.1,91.7,1.6,3.2,34300,34300,"Mountain Home, ID Micro Area",34300,2275,2919,21.202771462596083,30,30.39948035076324,11.881563278120602,36.51618490852008,18474,1113,0,193,319,300,14,22,9,16,169,302,55,199,4503,0,22482,754,32.5,58976,22.1,1111,26.9,885,20.76002814919071,616,14.44991789819376,669,15.69317382125264,361,8.468214872155759,328,7.694112127609665,128,3.0025803424818203,465,10.907811400422238,317,7.436077879427633,421,9.875674407694111,4263,597,0,29046,214,211,5.61021005051848,320,8.50837543206594,433,11.512895506514225,428,11.379952140388196,489,13.001861207125764,261,6.939643711778783,334,8.880616857218824,286,7.604360542408933,399,10.60888061685722,3008,1463,3761,720,3.202562049639712
"Mount Airy, NC Micro Area",0.1,0.9,0.1,93.0,0.4,5.5,34340,34340,"Mount Airy, NC Micro Area",34340,5800,6590,19.401277904867083,263,28.52212668612448,17.35031947621677,34.72627593279167,50708,2928,9,1626,1280,955,11,71,123,78,623,432,1052,1582,11535,14,58145,2675,43.7,56095,17.8,741,27.7,2729,25.61479256617233,2237,20.996808710343533,1193,11.197672235779988,754,7.077154120518116,543,5.096677304298855,288,2.703210061948564,423,3.970339778486953,1270,11.920405481509292,1062,9.968087103435328,10654,942,0,71407,310,573,7.316138917262513,628,8.018386108273749,992,12.665985699693566,751,9.588866189989783,848,10.827374872318693,761,9.716547497446374,234,2.987742594484168,736,9.397344228804902,1288,16.44535240040858,7208,4601,7832,1666,2.865250666437355
"Mount Pleasant, MI Micro Area",0.7,6.6,0.5,85.3,0.5,6.4,34380,34380,"Mount Pleasant, MI Micro Area",34380,3410,6201,30.804002094760342,1118,30.43466277114743,8.048289738430583,30.71304539566164,36281,1366,0,623,457,425,9,17,5,0,52,68,476,334,9676,0,54460,3325,29.8,53759,19.2,863,32.6,1964,22.984201287302515,1877,21.966062024575773,1231,14.406085430076068,715,8.36746635459333,436,5.102399063779988,258,3.019309537741369,308,3.604447045055588,691,8.086600351082504,994,11.63253364540667,8545,430,24,64475,532,266,2.753908272077855,924,9.566207681954657,729,7.547365151672015,1320,13.666010974220937,787,8.14784139144839,750,7.764778962625531,469,4.855575111295165,799,8.272077854850398,2794,28.926389895434312,4750,2983,9659,2306,4.2343004039662135
"Mount Pleasant, TX Micro Area",0.1,1.4,0.0,92.2,1.8,4.4,34420,34420,"Mount Pleasant, TX Micro Area",34420,2839,4252,16.427762587344986,178,35.42961305824841,19.001850470903417,29.14077388350319,36207,1896,0,773,761,879,36,267,93,147,1167,185,758,844,10932,0,42769,1299,37.6,56163,21.4,811,28.4,1181,20.94714437743881,944,16.74352607307556,690,12.238382405108194,654,11.599858105711244,431,7.644554806669032,266,4.717985101099681,194,3.4409365023057825,489,8.673288400141894,754,13.373536715147216,5638,941,29,55950,219,371,6.456665506439261,481,8.3710407239819,830,14.444831186912635,439,7.640097459101984,627,10.91193873999304,523,9.101983988861818,331,5.7605290636964845,490,8.527671423599026,1013,17.629655412460842,5249,2463,5746,1213,2.83616638219271
"Mount Sterling, KY Micro Area",0.0,0.8,0.0,91.8,0.7,6.5,34460,34460,"Mount Sterling, KY Micro Area",34460,2328,3328,17.75925925925926,159,40.50617283950617,16.89506172839506,24.839506172839503,32400,3013,3,1052,710,698,9,16,46,142,193,286,1542,411,10111,0,37406,1893,40.7,55186,19.6,737,22.3,1858,26.783912354043533,1058,15.251549661236846,1122,16.174138676661382,657,9.470952861467492,301,4.339051463168516,428,6.169814040651579,297,4.281389649704483,616,8.879919273461152,578,8.332132045552832,6937,366,0,47286,374,275,4.880212954747116,830,14.729370008873111,731,12.972493345164152,779,13.824312333629104,568,10.07985803016859,110,1.9520851818988465,179,3.176574977817214,182,3.229813664596273,736,13.06122448979592,3520,2200,5635,849,2.2696893546489867
"Mount Vernon, IL Micro Area",0.0,1.1,0.3,92.6,1.3,4.8,34500,34500,"Mount Vernon, IL Micro Area",34500,3438,2996,18.37319092949462,149,32.71031653896757,8.62162371333488,40.29486881820293,25842,1578,0,480,561,333,0,15,12,20,7,31,390,236,6875,0,29538,1319,41.1,61102,19.2,862,24.8,995,19.279209455531877,1276,24.72389071885293,826,16.004650261577215,487,9.436155783762835,279,5.405929083510948,180,3.487696182910289,157,3.042046115093974,518,10.03681457081961,432,8.370470838984694,5161,143,0,36808,284,234,5.615550755939525,468,11.23110151187905,499,11.97504199664027,599,14.37485001199904,231,5.543556515478762,305,7.319414446844252,149,3.575713942884569,334,8.015358771298295,735,17.63858891288697,4063,2912,4167,1129,3.822195138465706
"Mount Vernon, OH Micro Area",0.1,3.7,0.4,83.1,1.3,11.4,34540,34540,"Mount Vernon, OH Micro Area",34540,3960,6539,24.34529115570868,410,38.04659455031681,8.906931360975257,28.70118293299925,41507,1637,0,272,528,709,24,5,8,220,41,39,1027,280,14155,0,50018,2640,39.4,73988,18.8,925,29.1,2328,21.52964024784981,2862,26.46814020160917,1793,16.581892166836216,1110,10.26542125219643,523,4.836770553962823,275,2.5432349949135302,352,3.255340793489318,921,8.517525201146768,640,5.918801442707852,10813,544,0,62888,516,195,3.335043612108773,626,10.706345134256884,801,13.699332991277576,561,9.594663930220626,396,6.772703950743972,527,9.013169146570892,359,6.139900803831024,474,8.106721395587481,1069,18.28288010945784,4646,3307,5847,746,1.4914630732936145
"Mount Vernon-Anacortes, WA Metro Area",0.3,2.1,0.6,85.4,0.8,10.8,34580,34580,"Mount Vernon-Anacortes, WA Metro Area",34580,10337,16796,29.134936253957388,863,25.52087789851972,9.166167536579104,36.17801831094378,93496,3864,114,1003,1374,1643,93,161,93,52,598,250,502,862,19997,54,106270,7675,41.9,85474,23.4,1439,31.4,3275,14.16828898983344,4360,18.862210685701925,3732,16.145360155743024,2739,11.849448410123296,2259,9.772874756651523,1320,5.710577547047372,1276,5.520224962145793,1336,5.779796668829764,2745,11.875405580791696,23115,1771,0,130407,1906,400,2.644802962179318,1089,7.200476064533193,1786,11.809045226130651,1541,10.189103411795822,1671,11.0486643745041,1578,10.433747685797409,858,5.673102353874636,1521,10.056863263686855,3421,22.619677334038617,16590,6898,15124,2972,2.7966500423449703
"Muncie, IN Metro Area",0.6,3.7,1.1,88.0,0.7,6.0,34620,34620,"Muncie, IN Metro Area",34620,7136,10543,25.690477886190443,1182,34.15426251691475,9.053486218930276,31.10177337796453,70205,4090,0,1548,1679,1233,15,2,38,8,50,108,550,493,19888,54,94038,5549,35.7,56932,17.0,874,31.2,4895,28.13865256380777,3744,21.52218900896758,1852,10.646125546102551,1401,8.053575534605656,791,4.547022303977926,489,2.8109910324212466,447,2.5695562198206483,2245,12.905265578293864,1421,8.168544492986895,17396,578,0,112109,762,648,4.190377651319193,1210,7.824624935333678,1471,9.512415933781687,1686,10.902741852043455,1812,11.717537506466632,1114,7.203828246249354,855,5.528970512157269,899,5.813502327987584,4512,29.17744438696327,9620,5079,15464,3465,3.684680661009379
"Murray, KY Micro Area",0.3,7.4,0.1,86.1,0.9,5.3,34660,34660,"Murray, KY Micro Area",34660,1703,4131,32.32249786142002,412,31.42429426860565,8.618477331052182,27.634730538922152,23380,1412,0,422,365,387,0,9,78,0,11,132,167,195,5935,0,31760,2634,35.4,51854,19.3,828,28.8,895,18.7316868982838,1154,24.152365006278774,562,11.762243616575974,443,9.271661783172876,306,6.40435328589368,184,3.8509836751778974,233,4.876517371285057,502,10.50648807032231,499,10.443700293009629,4778,249,0,37882,380,223,4.070828769623951,409,7.4662285505659,702,12.814895947426066,573,10.460021905805036,605,11.04417670682731,491,8.963125228185469,232,4.235122307411464,376,6.863818912011683,1134,20.700985761226725,3277,1481,5478,800,2.518891687657431
"Murrells Inlet, SC Micro Area",0.1,1.7,0.3,86.3,2.1,9.6,34680,34680,"Murrells Inlet, SC Micro Area",34680,4819,9951,32.49164119710365,681,27.39430986031056,8.08598797973375,32.028060962852045,48751,1352,26,923,926,718,27,42,17,90,248,151,184,376,12003,0,54327,4152,51.6,66734,20.6,1166,29.3,1836,17.296278850682995,1836,17.296278850682995,1408,13.264248704663212,908,8.553933113518605,753,7.093735280263777,256,2.4116815826660387,826,7.781441356570891,1440,13.565708902496468,1271,11.973622232689593,10615,214,0,64200,1056,92,2.047174009790832,298,6.631063640409435,364,8.09968847352025,661,14.708500222518914,603,13.41789052069426,524,11.659991099243436,172,3.8273253226524258,492,10.947930574098798,650,14.463729417000446,7151,3644,4494,1414,2.602757376626723
"Muscatine, IA Micro Area",0.0,2.4,0.4,90.7,0.6,5.9,34700,34700,"Muscatine, IA Micro Area",34700,3507,4632,22.714201572948063,256,35.155735717007936,9.517375186224578,32.612687523819424,28863,2007,0,522,478,468,49,19,8,25,130,144,118,388,8140,0,33709,1419,39.1,69512,18.7,966,26.2,1886,25.197060788243157,1570,20.975283901135604,1185,15.831663326653306,414,5.531062124248496,502,6.706746826987307,348,4.649298597194389,279,3.72745490981964,689,9.205076820307282,609,8.13627254509018,7485,398,0,42735,249,158,3.66079703429101,460,10.658016682113068,587,13.600556070435587,654,15.15291936978684,530,12.27988878591288,222,5.143651529193698,217,5.0278035217794255,401,9.291010194624652,749,17.354031510658015,3553,2353,4316,815,2.417751935684832
"Muskegon-Norton Shores, MI Metro Area",0.2,1.2,0.1,91.7,0.8,6.0,34740,34740,"Muskegon-Norton Shores, MI Metro Area",34740,14745,18266,21.445691835036943,684,34.695121448986484,7.506033325371265,36.35315339060531,121409,7519,0,2067,2214,1546,0,51,87,81,262,179,745,691,34604,15,140401,5785,39.9,63495,19.8,960,29.8,6412,21.177092278221814,6721,22.197635246713784,5262,17.378955016843914,2440,8.058656450227888,1791,5.915185943589405,1219,4.026025497060572,1465,4.838496598190105,2303,7.606182706915912,2612,8.626725675407886,30278,1171,4,175378,1302,622,4.264070747926236,1211,8.30191266195928,1663,11.40056214437513,1857,12.730513470898746,1262,8.651539041612395,999,6.848563789675739,677,4.64111880441489,1400,9.597586892438471,3428,23.50037704805649,17680,11711,14587,5691,4.053389933120134
"Muskogee, OK Micro Area",0.1,1.2,0.5,90.0,1.4,6.7,34780,34780,"Muskogee, OK Micro Area",34780,4843,5849,19.029117441098737,354,34.13449592265468,13.015880187038334,33.820506449208246,44269,3302,32,831,1488,1001,24,37,12,72,315,125,583,697,11809,15,51994,1982,38.2,51999,19.5,824,28.7,1635,19.235294117647054,1925,22.647058823529413,1271,14.952941176470588,652,7.670588235294118,500,5.88235294117647,426,5.011764705882353,460,5.411764705882352,825,9.705882352941178,725,8.529411764705882,8500,476,54,66471,239,408,4.7064251932172105,1113,12.838851078555772,994,11.466143730534087,710,8.190102664667204,891,10.278002076364055,755,8.709193678624985,477,5.502364747952474,666,7.682547006575152,1770,20.41757988233937,6527,3602,8669,1627,3.129207216217256
"Myrtle Beach-Conway-North Myrtle Beach, SC Metro Area",0.2,0.9,0.5,86.3,2.1,9.9,34820,34820,"Myrtle Beach-Conway-North Myrtle Beach, SC Metro Area",34820,29264,47837,26.596009839938446,3106,31.406887234449897,8.621866770701258,33.3752361549104,276831,11367,31,3949,3799,4861,81,456,316,325,1115,712,1818,3182,75577,0,312808,18841,48.2,64623,22.2,1181,31.0,10681,16.861098394556965,11129,17.568314205881887,9229,14.568961434637789,7033,11.102341073768292,4198,6.626991017727754,2724,4.300124709931015,4171,6.584368636241653,5578,8.805468293683996,8314,13.124536284275498,63347,3080,143,368937,3842,1386,3.816499614494989,2876,7.919374380438374,4207,11.584425597532768,3910,10.766604251569555,3347,9.21632338363256,2905,7.99922898997687,2448,6.740830487939201,2979,8.202995924661307,8529,23.48551602599405,41470,21659,36316,8826,2.8215390910718394
"Nacogdoches, TX Micro Area",0.2,4.0,0.3,85.9,2.7,6.8,34860,34860,"Nacogdoches, TX Micro Area",34860,2055,6125,26.50526149220666,793,29.12677690745576,14.848221114539651,29.51974048579793,37917,1894,3,654,878,570,129,97,119,105,620,240,573,706,9150,0,51186,2558,31.8,51528,18.8,923,34.6,1309,23.640960809102403,1015,18.331226295828067,917,16.561314791403287,449,8.109084341701282,265,4.785985190536392,145,2.618746613689724,181,3.268918186743724,674,12.172656673288785,557,10.059599060863285,5537,936,0,64897,574,270,2.561426809600607,967,9.173702684754767,849,8.054264301299687,811,7.693767194763305,1147,10.88132055782184,792,7.513518641495115,634,6.014609619580685,1034,9.809316004174178,3050,28.934636182525374,6959,2179,10541,2222,4.341030750595866
"Nantucket, MA Micro Area",2.7,5.9,0.8,77.5,1.2,11.8,34880,34880,"Nantucket, MA Micro Area",34880,530,3878,58.38277511961722,469,16.038277511961724,4.009569377990431,21.56937799043062,10450,199,0,16,37,34,13,89,0,0,2,0,132,0,1477,0,11791,1437,40.8,119750,35.9,2070,28.6,199,7.217990569459558,218,7.907145447950671,217,7.870874138556402,271,9.829524845846937,178,6.456293072179905,875,31.73739571998549,138,5.00544069640914,127,4.60645629307218,528,19.1512513601741,2757,96,0,14299,317,262,22.072451558550966,45,3.7910699241786014,58,4.886267902274642,69,5.812973883740522,135,11.373209772535803,103,8.677337826453243,71,5.981465880370682,178,14.995787700084245,143,12.047177759056444,1239,485,1187,455,3.858875413450937
"Napa, CA Metro Area",0.8,3.4,1.2,80.8,1.2,12.5,34900,34900,"Napa, CA Metro Area",34900,8272,23885,38.51712542289727,1394,17.450453304986866,15.29278289399716,28.73963837811871,97837,2482,144,556,899,3241,161,720,116,258,2676,296,907,1058,14591,65,113023,9006,42.8,108970,25.5,2141,31.6,2182,10.913273982194658,3045,15.229568870661195,2917,14.589376813043916,2124,10.623186956086826,1721,8.607582274682404,1335,6.677003100930278,1463,7.317195158547564,1506,7.532259677903371,3462,17.315194558367512,19994,3832,33,136070,3399,318,1.798846023305804,990,5.600181015952031,2041,11.545423690462725,2358,13.338612965267563,2174,12.297771241090622,1635,9.248783799072294,1295,7.325489308745333,1845,10.43670098427424,4127,23.34540106346872,12971,6875,17678,3643,3.223237748068977
"Naples-Marco Island, FL Metro Area",0.5,1.0,0.6,81.8,1.9,14.3,34940,34940,"Naples-Marco Island, FL Metro Area",34940,26707,69373,39.54141631831966,5087,25.376898671888814,10.018382046312082,25.063302963479444,299749,10256,171,2740,2898,4936,668,849,581,1529,3375,1311,2584,2979,65811,10,331756,33054,53.1,86173,24.8,1752,36.5,7403,12.884866417196069,8687,15.11965886345836,7710,13.41919763293012,5893,10.25672265251066,4327,7.531111304499173,3240,5.639195892437559,4585,7.980158384822905,4988,8.681576886258812,10011,17.424071012096423,57455,5345,54,387681,11011,1132,2.929454997153357,2416,6.252264375549919,2780,7.194244604316546,3708,9.595776616117178,3760,9.730345220226695,3417,8.842710004658144,2904,7.51513896796232,3839,9.93478598416231,12239,31.672791263392163,32332,16088,38642,6842,2.062359083181616
"Nashville-Davidson--Murfreesboro--Franklin, TN Metro Area",0.1,1.1,0.7,80.5,1.2,16.3,34980,34980,"Nashville-Davidson--Murfreesboro--Franklin, TN Metro Area",34980,101233,356216,39.87239164520184,25891,25.655427206510144,8.531244105870444,25.940937042417577,1389094,57033,414,15749,18579,23689,258,1626,1241,1676,6689,2861,10388,14741,299345,326,1628460,138564,36.8,82499,20.3,1434,29.8,67601,19.098269880552824,74225,20.96964663073081,55752,15.750754313998032,35010,9.890836356239618,23902,6.752664112734628,14926,4.216813009232577,16396,4.632109480060119,31438,8.881694183589293,32886,9.29077533308472,353964,19905,365,2043713,33194,9651,3.4805595727109124,22083,7.964065593635383,32764,11.8160868138328,35107,12.661071901270542,32591,11.753695682750116,26090,9.40915959507074,19856,7.160915021836896,23779,8.575715063671412,59573,21.48454827739169,170776,88335,277283,39960,2.453852105670388
"Natchez, MS-LA Micro Area",0.0,1.3,0.3,93.9,1.3,3.3,35020,35020,"Natchez, MS-LA Micro Area",35020,2819,4300,18.75133689839572,297,36.69251336898396,16.77005347593583,27.786096256684488,37400,2785,38,1233,1650,501,1,49,100,120,225,278,713,705,10938,0,43969,2076,40.5,38706,23.2,721,29.7,768,16.942422236929186,647,14.273108316788,622,13.721597176262962,498,10.986101919258768,233,5.14008382969336,112,2.470769909552173,332,7.324067946172513,379,8.360908890359585,793,17.493933377454223,4533,659,0,54550,340,308,4.864181933038535,361,5.701200252684776,505,7.97536323436513,564,8.907138344914719,738,11.655085281111813,465,7.343651295009476,198,3.1269740998104867,406,6.411876184459886,1322,20.87807959570436,6104,1469,6332,1719,3.9095726534603927
"Natchitoches, LA Micro Area",0.4,2.4,0.2,92.3,1.2,3.5,35060,35060,"Natchitoches, LA Micro Area",35060,1441,3336,25.613559322033897,362,36.06779661016949,12.668926553672316,25.64971751412429,22125,1511,32,583,662,546,3,14,12,4,52,21,230,349,6469,2,29519,1767,33.3,46798,17.6,767,35.0,921,23.99687337154768,795,20.713913496612815,437,11.386138613861387,278,7.243355914538823,177,4.611776967170401,127,3.3090151120375197,132,3.4392912975508074,572,14.903595622720168,385,10.03126628452319,3838,293,0,37047,202,347,6.518880330640616,268,5.034754837497651,413,7.75878264136765,441,8.28480180349427,499,9.37441292504227,202,3.794852526770618,272,5.109900432087168,478,8.979898553447304,1425,26.7706180725155,2802,1432,5323,973,3.2961821199905144
"New Bern, NC Micro Area",0.1,1.6,0.2,89.1,2.1,6.8,35100,35100,"New Bern, NC Micro Area",35100,10121,13080,25.293353767680195,700,28.060179931443543,8.856183534752038,37.79028276612422,85477,4816,49,1746,1486,891,85,99,87,102,241,304,581,831,19169,0,99962,6859,41.4,63380,19.8,1068,28.7,3827,19.50063694267516,3920,19.97452229299363,2560,13.044585987261144,1693,8.626751592356689,989,5.039490445859872,749,3.81656050955414,1322,6.736305732484077,2193,11.17452229299363,2274,11.587261146496814,19625,1068,0,122634,981,607,4.247725682295311,1389,9.720083974807556,1782,12.470258922323303,1431,10.013995801259622,1561,10.92372288313506,1235,8.642407277816655,1126,7.87963610916725,1015,7.102869139258222,2606,18.23652904128761,14681,7500,14290,2293,2.293871671235069
"Newberry, SC Micro Area",0.2,1.8,0.0,91.9,2.0,4.1,35140,35140,"Newberry, SC Micro Area",35140,3151,3652,23.480164368831367,207,32.512769307577095,13.729405891163257,30.277660432428284,26039,1014,0,656,678,511,22,12,0,108,468,163,379,186,7452,51,30783,2015,42.0,59670,17.4,854,29.3,1239,23.528294720850734,804,15.267755412077475,653,12.400303835928598,392,7.443980250664641,205,3.892897835169009,213,4.044815799468287,254,4.823395366502089,1009,19.160653247246486,495,9.39992404101785,5266,330,11,38121,240,201,4.965415019762846,352,8.695652173913043,531,13.117588932806324,382,9.436758893280633,267,6.595849802371541,251,6.200592885375494,292,7.213438735177865,173,4.273715415019764,940,23.221343873517785,3201,1532,4048,644,2.092063801448852
"New Castle, IN Micro Area",0.4,1.4,0.3,89.5,0.4,8.1,35220,35220,"New Castle, IN Micro Area",35220,3092,3765,16.69668124517623,122,42.94085698767973,9.367407026269902,30.99505474087414,34983,2851,0,883,541,430,0,23,3,13,120,130,409,338,12171,0,40103,1684,42.1,60144,18.3,807,24.9,1838,22.61040718415549,1917,23.58223643744618,1260,15.500061508180588,483,5.941690244802559,273,3.358346660105794,256,3.149218846106532,570,7.011932587034075,972,11.95719030631074,560,6.88891622585804,8129,326,61,48896,270,417,9.387663214768123,622,14.002701485817198,508,11.436289959477714,519,11.683926159387664,520,11.706438541197658,330,7.429085997298514,240,5.40297163439892,387,8.712291760468258,567,12.764520486267449,4729,3022,4442,896,2.234246814452784
"New Haven, CT Metro Area",0.5,4.1,3.1,78.4,1.1,12.7,35300,35300,"New Haven, CT Metro Area",35300,27918,84323,41.07148705674876,11687,27.950872331044906,8.33331233860301,22.644328273603325,396925,11478,100,4318,5095,4673,471,744,441,1124,2246,995,2979,4037,99466,34,468461,52400,40.2,86266,22.4,1463,31.6,13576,15.1232608138667,17805,19.834241219129098,14785,16.470050908442783,10208,11.371408838240372,6416,7.147233454756097,4902,5.46068241820673,4307,4.797870088783434,6182,6.886564404192984,11183,12.45752988225334,89769,5759,61,566803,14613,3437,3.826073404504013,6426,7.1534325566897845,9073,10.100076810900468,10816,12.040386948826129,10363,11.53610668922755,7107,7.911522748271754,5693,6.337455889392303,8219,9.14940276741882,23572,26.24038472242321,41666,20297,89831,18081,3.859659608804148
"New Iberia, LA Micro Area",0.0,1.8,0.3,89.6,2.3,6.0,35340,35340,"New Iberia, LA Micro Area",35340,3921,4781,14.654319086689693,170,42.1922087063637,16.816612041090163,26.336860165856447,45461,2942,4,1426,1348,1212,24,14,78,26,412,314,743,1305,16239,0,53108,1440,37.8,57811,18.5,891,30.2,2062,25.62127236580517,1442,17.917495029821072,1138,14.140159045725644,393,4.883200795228628,584,7.256461232604374,136,1.6898608349900597,592,7.3558648111332,942,11.704771371769382,753,9.356361829025843,8048,739,0,69194,271,532,6.184608230644036,675,7.847012322715647,995,11.567077423854917,718,8.346896070681236,556,6.463613113229481,604,7.021622878400372,379,4.405952104161822,529,6.149732620320856,2015,23.42478493373634,5111,2941,8602,1849,3.481584695337802
"New Orleans-Metairie, LA Metro Area",0.9,3.1,2.1,82.7,1.7,9.6,35380,35380,"New Orleans-Metairie, LA Metro Area",35380,46585,135786,33.04942465183893,11402,26.20313521800578,12.511133791725554,28.23630633842973,692711,28520,206,12946,17210,13867,366,1036,826,2230,5922,3064,6549,9559,152992,186,797039,60387,38.9,62271,22.3,1182,33.3,22645,17.443248781013857,23234,17.896950416342502,18304,14.099413808243655,13054,10.055383951748944,8487,6.537463122299165,6549,5.044638386701689,7802,6.00981351245176,10156,7.823079470963866,18640,14.35823171905932,129821,12523,176,988763,21362,5529,3.508582669670337,11864,7.5286353396579635,16082,10.205286036107497,15827,10.043468604245328,14260,9.049084620998192,12154,7.71266300726592,8422,5.344417298600755,12428,7.886537424247233,46437,29.46790620934734,107495,41516,157585,33580,4.213093713105632
"New Philadelphia-Dover, OH Micro Area",1.0,1.9,0.0,88.2,1.8,7.1,35420,35420,"New Philadelphia-Dover, OH Micro Area",35420,5270,8645,19.59183673469388,189,45.09187583079209,11.075142700758464,24.24114473375557,63945,2428,0,1089,1482,645,2,0,108,1,109,35,2449,747,26406,16,73584,3217,41.2,64494,17.7,876,28.0,3432,24.01343408900084,3512,24.57318779736916,1714,11.992723201791213,1185,8.29135180520571,692,4.841869577385951,479,3.3515253288553035,522,3.6523929471032734,1772,12.398544640358242,927,6.486146095717885,14292,386,13,92585,477,733,6.138000334952269,1354,11.338134315859987,1689,14.143359571261096,927,7.762518841065148,1116,9.345168313515323,830,6.950259588008708,804,6.732540612962652,1089,9.119075531736726,2219,18.581477139507623,6448,3783,11942,2367,3.216731898238748
"Newport, OR Micro Area",0.2,3.5,0.5,81.5,0.6,13.5,35440,35440,"Newport, OR Micro Area",35440,3656,6725,28.81086000303352,586,23.87127761767531,8.246119621821123,39.07174275747005,39558,1994,0,506,431,967,1,15,20,85,270,78,133,357,7449,15,43557,3379,52.5,61314,26.4,1150,31.6,935,10.757017947537966,1046,12.03405430280718,1382,15.899677864703175,1560,17.9475379659457,701,8.06488725264611,450,5.177174413253566,816,9.387942936033134,511,5.878969167050161,1251,14.392544868844915,8692,372,12,50632,707,176,2.692366528988833,576,8.811381367599816,380,5.813064096680434,590,9.0255468869512,985,15.068074040079546,620,9.484472999847023,340,5.201162612819337,388,5.935444393452654,1760,26.923665289888326,7872,3928,6537,1693,3.886860894919301
"Newport, TN Micro Area",0.0,1.3,0.0,91.8,2.0,4.9,35460,35460,"Newport, TN Micro Area",35460,1575,1996,11.645464497376468,204,47.3859046468612,16.3451738326224,24.62345702313993,26491,1886,0,756,580,516,0,185,99,41,22,70,1026,616,10667,0,29930,703,45.4,48416,20.4,787,24.8,1018,22.197993894461405,1016,22.15438290449193,713,15.547317924116877,279,6.083733100741387,310,6.759703445268207,169,3.68512865242041,276,6.018316615787178,195,4.25207152202355,602,13.126907980811165,4586,419,0,36503,182,411,9.424443934877322,458,10.502178399449669,433,9.928915386379272,538,12.336620041274935,158,3.623022242604907,290,6.649850951616602,354,8.117404265076818,273,6.260032102728733,729,16.71634946113277,3116,1832,4361,694,2.3187437353825597
"New Ulm, MN Micro Area",0.2,4.1,0.6,87.0,0.4,7.6,35580,35580,"New Ulm, MN Micro Area",35580,2195,2950,24.193094124936632,42,35.1320903509266,7.125556244015097,33.54925928012167,17753,464,24,178,332,236,15,0,0,34,11,6,250,56,5773,0,20732,1087,42.4,68690,19.3,931,28.0,969,21.231375985977213,1020,22.348816827344432,747,16.367221735319895,452,9.903593339176162,214,4.688869412795793,147,3.220858895705521,233,5.105170902716915,436,9.55302366345311,338,7.405784399649431,4564,123,0,25826,216,132,5.864060417592181,362,16.081741448245225,230,10.217681030653043,182,8.085295424255886,184,8.174144824522434,283,12.572190137716571,68,3.020879609062639,112,4.975566414926699,481,21.36828076410484,2687,1074,2251,351,1.6930349218599268
"New York-Newark-Jersey City, NY-NJ Metro Area",0.8,5.4,25.1,51.6,2.2,14.9,35620,35620,"New York-Newark-Jersey City, NY-NJ Metro Area",35620,946630,3465456,43.49715290429639,249280,23.217902828190542,12.432012404085958,20.852931863427106,13911545,427693,8719,150389,169210,338310,15744,35817,36155,64203,159490,49944,152091,149455,2802276,5417,16025582,1856167,39.4,97334,24.3,1780,31.0,307790,13.171431016775076,389648,16.67442656624444,343090,14.68204382060938,249721,10.686451557685723,183249,7.84187778158165,128308,5.490756590208832,163158,6.982112290311537,168697,7.219145840465593,392450,16.794334132146524,2336800,388841,5700,19756722,480223,176221,4.9326722884592025,300068,8.39932305601135,397767,11.134054727663283,399705,11.188302058543451,363997,10.18878519008679,304433,8.521505511786339,219554,6.145623572788553,290019,8.118037489440246,943440,26.40820528667951,1337779,616556,3572526,681021,4.249586692077704
"Niles, MI Metro Area",0.2,2.7,0.3,85.6,1.0,10.2,35660,35660,"Niles, MI Metro Area",35660,11916,19480,30.24921252547712,1577,27.91550861589772,7.677413377802483,34.15786548082268,107940,4611,15,1806,1933,1292,11,12,61,14,133,197,654,733,25521,9,124265,9612,42.6,63152,19.7,923,29.4,4971,19.08253358925144,5133,19.704414587332053,3423,13.140115163147792,2281,8.756238003838773,1581,6.069097888675624,1106,4.245681381957773,1296,4.975047984644913,3128,12.007677543186182,3022,11.600767754318618,26050,1417,0,153411,1982,739,4.261822376009227,1515,8.737024221453288,1908,11.003460207612456,2308,13.310265282583622,1797,10.36332179930796,1442,8.31603229527105,900,5.190311418685121,1312,7.566320645905421,4186,24.14071510957324,15643,9311,17340,4847,3.900535146662375
"Nogales, AZ Micro Area",0.5,1.3,0.7,89.5,1.7,6.3,35700,35700,"Nogales, AZ Micro Area",35700,2794,4808,24.069518545733363,296,26.37295933037283,22.293217469090447,27.26430465480336,31301,1767,10,654,688,1215,56,131,160,297,700,253,712,1278,6488,0,37272,2025,37.9,53614,22.0,781,27.8,1561,21.979724021402426,1004,14.136862855533652,1040,14.643762320473105,714,10.053506054632498,511,7.1951562940016895,611,8.603210363277949,378,5.322444381864264,547,7.702055758941144,695,9.78597578147001,7102,822,2,48209,405,286,5.377961639714178,534,10.041368935690109,733,13.783377209477246,539,10.13538924407672,429,8.066942459571267,370,6.957502820609252,319,5.998495675065814,460,8.649868371568258,1002,18.841669800676947,4291,1449,5318,2210,5.929383987980253
"Norfolk, NE Micro Area",0.2,2.3,0.2,89.8,1.0,6.5,35740,35740,"Norfolk, NE Micro Area",35740,5359,5102,23.26405070370025,354,31.074657470407303,7.092925715350919,38.568366110541525,32187,1157,62,260,310,374,53,87,19,15,94,16,420,120,8845,0,37652,1756,38.2,66629,19.1,850,24.7,1299,18.706797235023043,1674,24.107142857142858,970,13.968894009216587,549,7.90610599078341,554,7.978110599078341,194,2.793778801843318,242,3.4850230414746544,790,11.376728110599078,623,8.971774193548388,6944,439,14,48682,276,324,5.657412257726559,756,13.200628601361968,777,13.56731272917758,712,12.432338047843547,633,11.05290728129911,416,7.263837960537803,185,3.230312554566091,439,7.6654443862406145,811,14.160991793259996,4562,2493,5727,572,1.5191756082014236
"North Platte, NE Micro Area",0.7,2.6,0.9,91.2,0.8,3.9,35820,35820,"North Platte, NE Micro Area",35820,3572,3358,20.55802103879027,155,29.32692307692308,6.451347797501644,43.66370808678501,24336,1192,0,182,314,447,21,37,54,0,35,41,218,119,5945,0,27914,1269,42.4,64652,18.8,866,26.4,1291,25.32862468118501,1248,24.48499117127722,853,16.73533451049637,391,7.671179124975476,236,4.630174612517167,164,3.2175789680204043,225,4.414361389052384,290,5.689621345889739,359,7.04335883853247,5097,102,0,34934,221,288,5.439093484419264,507,9.575070821529746,758,14.315391879131257,746,14.08876298394712,463,8.744098205854579,503,9.499527856468369,427,8.064211520302173,452,8.53635505193579,713,13.465533522190745,4483,2571,5295,534,1.9130185569964893
"North Port-Bradenton-Sarasota, FL Metro Area",0.5,1.2,0.5,81.1,1.6,15.1,35840,35840,"North Port-Bradenton-Sarasota, FL Metro Area",35840,62963,148724,37.17864917303552,11852,26.96433641719708,7.180778695312686,28.676235714454723,676208,25701,216,6248,6925,13536,106,778,691,841,2243,870,4271,4297,156634,71,745072,72094,53.6,78278,23.1,1637,33.9,20713,14.804199752703465,24803,17.727444912195438,20684,14.78347258653592,15706,11.225547304396304,10770,7.697640676706238,7271,5.196800869111519,8663,6.191704845153774,11120,7.947796130452496,19419,13.87933930371016,139913,7325,139,865031,18735,3576,3.9177019654243086,4992,5.469006770525208,7548,8.269243410241241,10192,11.165888823155631,9878,10.821884791516029,7920,8.676789587852495,6351,6.957864983895353,9801,10.73752711496746,24514,26.8564166611889,85131,45817,91278,16672,2.23763609422982
"North Wilkesboro, NC Micro Area",0.0,1.1,0.2,90.3,0.3,8.1,35900,35900,"North Wilkesboro, NC Micro Area",35900,5598,5515,16.667715082510327,313,32.36459709379128,18.125013105198047,32.84267471850035,47691,2424,12,1819,1450,943,0,237,119,68,339,210,896,1745,13011,0,54290,1793,45.3,50438,19.0,715,26.9,2024,22.71604938271605,1812,20.336700336700336,1267,14.219977553310889,828,9.292929292929292,545,6.11672278338945,317,3.557800224466892,304,3.4118967452300786,967,10.85297418630752,789,8.855218855218855,8910,797,9,65983,328,386,5.487631504122832,550,7.819164060278647,1000,14.21666192777936,666,9.46829684390105,563,8.003980665339778,562,7.989764003411999,487,6.923514358828547,411,5.843048052317315,1011,14.37304520898493,5959,4106,7034,1484,2.733468410388653
"Norwalk, OH Micro Area",0.2,1.7,0.3,91.8,1.0,4.9,35940,35940,"Norwalk, OH Micro Area",35940,3630,4369,16.94463980709334,281,44.78549181151411,9.346428212599216,28.92344016879333,39812,2137,42,518,791,871,0,27,3,28,40,62,456,322,15693,0,46264,1664,40.4,65972,17.9,824,23.7,2667,25.69859317787628,2467,23.771439583734825,1221,11.765272692233571,778,7.496627481210252,610,5.877818462131431,365,3.517055309308152,506,4.8756985931778765,1066,10.271728656773943,665,6.407785700520331,10378,513,48,58412,432,457,7.382875605815832,900,14.539579967689823,856,13.82875605815832,814,13.150242326332794,483,7.802907915993538,350,5.654281098546042,187,3.021001615508885,480,7.754442649434572,1116,18.029079159935375,4280,3605,6190,1178,2.546256268372817
"Norwich-New London-Willimantic, CT Metro Area",0.2,2.8,1.3,83.9,1.2,10.6,35980,35980,"Norwich-New London-Willimantic, CT Metro Area",35980,17070,37885,34.63708122805949,2901,29.170978673322374,7.357297944441063,28.834642154177065,197124,8565,29,2290,2230,2966,44,191,70,305,709,420,1167,1372,48938,15,230958,23458,41.0,84185,21.3,1316,29.9,8445,18.400697243708464,9631,20.984856738206776,8249,17.97363547227367,5172,11.26920143806515,3080,6.710970693975378,1761,3.837019283146312,2329,5.074626865671641,2632,5.7348295021244144,4470,9.73962305262011,45895,2683,12,279025,4034,1151,2.9026075553538107,3029,7.638573662177839,4625,11.66338830887174,4939,12.455237807030816,4963,12.515761335552533,3749,9.454279517829224,2510,6.329752357895798,3596,9.068442023503303,8676,21.879255560599184,25610,14160,39654,7242,3.135635050528668
"Oak Harbor, WA Micro Area",0.4,3.3,1.9,79.6,1.0,13.8,36020,36020,"Oak Harbor, WA Micro Area",36020,7361,13735,35.73504594037127,1028,21.8919932495781,4.115882242640165,38.25707856741046,63996,1984,0,193,483,982,28,46,25,35,152,76,70,173,12026,0,73254,6729,44.5,88358,24.6,1631,31.7,1813,10.97590507325342,2762,16.721152681922753,2815,17.042014771764137,2198,13.306695725874803,1637,9.910400774912215,704,4.262017193364814,1082,6.550429834120354,1070,6.477781813778908,2393,14.487226056423296,16518,362,9,86747,1377,238,2.642095914742451,713,7.915186500888099,788,8.74777975133215,1199,13.31039076376554,868,9.63587921847247,1156,12.83303730017762,691,7.670959147424511,836,9.280639431616342,1907,21.17007104795737,11287,5835,9008,1626,2.21967401097551
"Ocala, FL Metro Area",0.3,0.6,0.1,87.7,1.1,10.1,36100,36100,"Ocala, FL Metro Area",36100,30762,41315,22.375784121369552,2124,34.77906430486086,10.385290297620694,32.45986127614889,289496,16561,43,5495,5313,6146,63,196,190,721,1386,649,2475,2737,84123,31,323504,16993,48.2,58535,21.5,1174,31.5,10304,16.944024205748864,11211,18.435506150101958,9370,15.408143129645463,5240,8.61672038413471,4344,7.143326974939157,2695,4.431691113596001,3754,6.173123725580478,5830,9.58692363349339,7571,12.449845425245018,60812,4372,248,387697,4345,1619,4.344792421436814,2003,5.375305262592921,3923,10.527869468373453,3989,10.70498886294716,4013,10.769395915519416,3220,8.641279553444434,2068,5.549741029976116,3143,8.434640259775113,9010,24.17948098650136,40436,22772,37263,8159,2.522070824472032
"Ocean Pines, MD Micro Area",1.0,2.4,0.6,83.6,1.0,11.5,36180,36180,"Ocean Pines, MD Micro Area",36180,3381,8061,32.67351169908184,583,30.2028828117287,6.303682495804126,30.81992299338533,40516,1407,0,510,475,522,0,48,73,45,51,8,68,362,10830,0,45221,4034,50.7,81455,22.5,1180,31.4,1551,14.124396685183498,2005,18.2588106729806,1445,13.159092978781532,1332,12.130042801202077,797,7.2579910754940355,561,5.108824332938712,647,5.891995264547855,1178,10.727620435297332,1403,12.7766141517166,10981,392,0,53279,560,263,4.746435661432955,642,11.586356253383864,412,7.435480960115502,526,9.49287132286591,450,8.12127774769897,563,10.160620826565602,308,5.558563436202851,473,8.536365277025808,1270,22.920050532394875,6018,3088,5541,1724,3.812388049799872
"Odessa, TX Metro Area",0.1,1.0,0.2,93.7,1.3,3.6,36220,36220,"Odessa, TX Metro Area",36220,7940,11234,16.647462500892228,446,30.470383097614945,22.374042765807747,30.508111635685083,98069,6611,135,2767,3909,3660,306,662,576,273,2266,673,1489,1748,23271,0,118656,3989,31.3,71031,21.6,1284,30.8,3126,16.528313858192778,3404,17.99820229471792,2864,15.143023317294984,1762,9.316343255961508,1576,8.332892719293609,918,4.8538042616189925,1074,5.6786337439856185,1968,10.40554116216359,2174,11.494739068365671,18913,3478,0,163206,657,1536,6.917360954739923,2269,10.218419274938077,2335,10.515649628462056,2245,10.110335510020263,1129,5.08444044134204,2328,10.484125197027696,1314,5.917586129250169,1702,7.664940328754785,4883,21.99054267056969,14044,7935,22205,4469,3.7663497842502696
"Ogden, UT Metro Area",0.3,1.1,1.2,81.3,0.8,15.3,36260,36260,"Ogden, UT Metro Area",36260,41687,90696,34.15778618952788,4156,24.321359257739065,5.51045641345272,36.01039813928034,394686,12073,46,1907,3563,6314,205,149,99,370,1399,793,1124,2145,83920,123,478497,34336,32.8,98361,20.0,1393,27.7,21317,18.57803961897458,25779,22.4667299966011,19048,16.60057694151277,12070,10.519160210208902,8115,7.072326852182704,4992,4.350592192987808,5090,4.436000453186686,9948,8.669809923045415,7997,6.96948833480038,114743,3467,45,645510,5628,2033,4.084872109144246,4236,8.511322309067895,7168,14.402539733569087,6910,13.884144748739176,6119,12.294801985171492,4669,9.381341799111896,3231,6.491993007695554,4348,8.73636199240491,8668,17.416464063975567,66379,34062,49769,9018,1.8846513144283037
"Oil City, PA Micro Area",0.0,2.3,0.4,88.2,0.6,8.5,36340,36340,"Oil City, PA Micro Area",36340,3746,4710,19.652744181046067,148,46.37424071386336,8.466376390904692,25.50663871418589,37206,1851,0,531,746,511,13,13,25,4,8,105,401,385,15403,2,41718,2181,47.6,61626,17.0,774,25.7,1838,25.742296918767504,1318,18.4593837535014,882,12.352941176470589,598,8.375350140056021,386,5.406162464985995,201,2.8151260504201683,253,3.5434173669467786,1205,16.876750700280112,440,6.162464985994398,7140,400,6,50096,273,262,5.040400153905348,717,13.79376683339746,518,9.96537129665256,625,12.023855328972685,319,6.136975759907657,429,8.253174297806849,306,5.886879569065025,277,5.328972681800693,886,17.045017314351675,3797,1947,5198,1455,3.487703149719545
"Okeechobee, FL Micro Area",0.9,2.0,0.8,86.7,2.7,6.8,36380,36380,"Okeechobee, FL Micro Area",36380,2489,3270,16.10202016677715,12,35.22207878301525,20.01325843480688,28.66264261540072,28661,2622,7,1073,805,995,27,127,30,241,326,128,364,946,7473,0,32774,1117,40.7,52288,20.3,974,28.0,1099,21.22441096948629,962,18.57860177674778,597,11.529548088064889,342,6.60486674391657,368,7.106991116261105,137,2.645809192738509,233,4.499806875241406,473,9.134801081498647,938,18.11510235612205,5178,667,0,40249,216,44,1.1387163561076603,307,7.945134575569359,319,8.255693581780537,760,19.66873706004141,270,6.987577639751552,220,5.693581780538302,401,10.377846790890269,103,2.665631469979296,761,19.694616977225675,3345,2381,3864,965,2.9444071520107404
"Oklahoma City, OK Metro Area",0.2,1.6,0.3,87.1,1.3,9.5,36420,36420,"Oklahoma City, OK Metro Area",36420,75936,201396,33.420249031450375,14092,26.17896597810824,10.108760933191222,30.292024057250167,945744,41647,478,13449,15711,18220,878,1683,1069,1706,6926,2030,7078,11445,205939,62,1134459,79389,35.8,70499,19.5,1081,28.9,43883,20.419625324560503,48381,22.51263343043005,33358,15.522135259136553,19807,9.21658771742064,12754,5.934687723935116,8506,3.958009548360679,9615,4.474049119149768,19025,8.852707695457548,18492,8.604692284068385,214906,14781,87,1445122,21193,8314,4.091233422729621,18759,9.231109908225278,25743,12.66786408483626,24747,12.17774278473538,21059,10.36291612331767,16560,8.149004748665206,12021,5.915409787663313,16140,7.9423270919961615,44999,22.14354255345324,138277,72272,203215,34094,3.005309138540926
"Olean, NY Micro Area",0.3,4.9,0.4,85.4,1.4,7.6,36460,36460,"Olean, NY Micro Area",36460,6411,6055,20.673885518831376,470,40.117542566660994,10.779144698301112,28.42942721620651,52917,4165,8,1156,963,839,1,18,48,39,37,195,1074,494,17064,0,61619,4003,42.5,58248,18.4,759,28.9,2382,22.97453703703704,2372,22.878086419753085,1256,12.114197530864198,857,8.265817901234568,489,4.716435185185185,485,4.677854938271605,433,4.176311728395062,1137,10.966435185185183,892,8.603395061728394,10368,807,25,76479,412,402,4.969097651421508,783,9.678615574783684,1036,12.80593325092707,875,10.815822002472189,678,8.380716934487022,727,8.986402966625464,433,5.352286773794809,696,8.603213844252164,1620,20.024721878862795,5140,3493,8090,1797,2.916308281536539
"Olympia-Lacey-Tumwater, WA Metro Area",0.5,2.2,1.4,77.4,1.4,17.3,36500,36500,"Olympia-Lacey-Tumwater, WA Metro Area",36500,23677,48591,37.175424490375065,2892,22.119850541550395,5.529489665610368,35.17523530246417,211430,9992,35,1262,2044,3205,0,235,43,199,328,228,544,1165,36776,61,241254,22162,39.8,93985,22.6,1634,31.9,8606,16.0040168110983,10250,19.06125636924908,9479,17.627477963328005,6911,12.851935879793208,4339,8.068955257187488,2338,4.3478260869565215,3043,5.658868598207312,2931,5.450589504221371,5667,10.538550228735076,53774,2334,8,296640,4955,944,2.498676548438327,2365,6.259925886712546,4149,10.98200105876125,5045,13.353626257278982,3947,10.44732662784542,4243,11.230809952355743,2486,6.580201164637374,3096,8.194812069878243,9854,26.082583377448387,33185,17509,37780,7504,3.1104147496000065
"Omaha, NE-IA Metro Area",0.1,1.5,0.7,83.6,1.1,13.0,36540,36540,"Omaha, NE-IA Metro Area",36540,60395,159712,39.092540494060245,9591,22.53149018764818,7.306845124044702,31.069124194246868,641946,20674,268,4919,7635,8238,385,599,677,666,3403,1136,3444,3770,123966,176,753796,65286,36.5,83023,19.5,1152,28.5,35865,20.93414194241287,39812,23.237977387741285,28040,16.366745854321955,17147,10.008580284024912,9960,5.813580196470993,6079,3.548268475336061,7074,4.12904280219235,14041,8.195630475767993,12777,7.457842788183723,171323,11348,242,972840,16364,4603,3.555648251143246,12749,9.848133728834508,17510,13.525831170436287,16252,12.554072426152516,14357,11.090254603880856,11309,8.735786676554195,8357,6.455475219379557,10922,8.436843406253862,26486,20.45946112965023,92448,46604,129456,17597,2.3344512308369905
"Oneonta, NY Micro Area",0.2,7.2,0.8,81.6,0.7,9.5,36580,36580,"Oneonta, NY Micro Area",36580,4415,7281,33.85222929936306,626,30.698089171974523,7.880254777070064,27.56942675159236,39250,2074,2,599,630,550,0,21,9,20,71,18,277,358,9975,0,51643,4489,40.4,67086,19.8,942,26.8,1940,23.05133079847909,1576,18.726235741444867,1124,13.35551330798479,752,8.935361216730039,490,5.822243346007604,368,4.372623574144487,479,5.691539923954372,734,8.72148288973384,904,10.741444866920151,8416,526,12,59738,891,214,3.68901913463196,595,10.256852266850542,1024,17.652128943285643,653,11.25667988277883,621,10.705050853301156,485,8.36062747802103,337,5.809343216686778,498,8.584726771246338,1000,17.238407171177382,4253,2153,5801,1491,2.887128942935151
"Ontario, OR-ID Micro Area",0.3,3.6,0.1,88.1,1.1,6.8,36620,36620,"Ontario, OR-ID Micro Area",36620,3876,4577,17.371297095197008,139,32.53849975161451,14.869140063272935,35.221063089915546,38247,2738,7,797,973,1024,27,252,148,117,686,68,464,640,9707,10,44666,1672,37.6,59225,21.5,837,26.4,1431,17.838444278234856,1421,17.713787085514834,1171,14.597357267514337,872,10.87010720518574,472,5.883819496384941,408,5.086013462976814,327,4.076290201944652,792,9.87284966342558,1089,13.575168287210172,8022,474,0,57891,256,453,7.435981615233092,720,11.818778726198293,653,10.718975705843729,667,10.948785292186471,869,14.264609323703215,379,6.221273801707157,376,6.172028890347998,300,4.924491135915956,1039,17.055154300722258,5997,3598,6092,1012,2.265705458290422
"Opelousas, LA Micro Area",0.2,2.3,0.4,89.4,1.9,5.9,36660,36660,"Opelousas, LA Micro Area",36660,4127,4986,14.329862151633204,311,39.91609229847168,19.41863949655379,26.335406053341327,53392,3095,8,2112,2028,1020,27,46,243,136,503,628,940,1741,18217,15,62847,1862,37.5,45637,20.6,742,30.1,1415,16.411505451171422,1517,17.59452563210392,1389,16.109951287404314,500,5.799118533982835,492,5.706332637439109,521,6.042681512410113,545,6.321039202041289,1191,13.81350034794711,1007,11.679424727441427,8622,909,12,82128,492,410,4.325350775398248,1089,11.48855364489925,1047,11.045468931321867,709,7.479691950627703,829,8.745648275134508,697,7.353096318177023,461,4.86338221331364,654,6.899461968562084,2290,24.15866652600485,7142,2792,9479,1834,2.9181981637946124
"Orangeburg, SC Micro Area",0.1,1.1,0.1,90.8,1.4,6.6,36700,36700,"Orangeburg, SC Micro Area",36700,7292,5842,19.362033562274306,511,33.392338738228425,16.685548396233095,30.56007930326418,56492,2355,84,2312,2187,1516,32,45,244,169,214,520,492,1009,16509,12,67452,3815,40.8,43214,21.2,804,33.8,1611,21.31234290250033,1046,13.837809234025665,907,11.998941658949596,530,7.011509458923138,621,8.215372403757112,249,3.2940865193808704,337,4.458261674824712,860,11.377166291837543,1326,17.54200291043789,7559,582,8,83531,770,397,3.5414808206958077,575,5.129348795718109,803,7.163247100802854,881,7.8590544157002675,920,8.206958073148975,706,6.297948260481713,457,4.07671721677074,707,6.306868867082962,2784,24.83496877787689,6810,3162,11210,3326,4.930913835023424
"Orlando-Kissimmee-Sanford, FL Metro Area",0.3,1.2,1.1,80.0,1.8,15.6,36740,36740,"Orlando-Kissimmee-Sanford, FL Metro Area",36740,210827,439223,35.8283338044377,23870,25.13807592508488,9.346340048423176,29.68725022205425,1889178,72962,907,22389,25934,41786,1120,2854,3195,4539,7965,6090,11319,15234,401941,204,2206727,174211,38.3,75611,22.5,1659,34.4,65705,16.159417616605797,76965,18.92869000627144,59583,14.653779466558452,43363,10.66464996741309,31845,7.83192533293983,21097,5.188573677155962,24918,6.128306341535397,29712,7.30733758807688,51360,12.631423617515772,406605,32342,691,2721022,39557,7153,1.9756666804767231,19655,5.428733203518803,33628,9.288091588294597,41361,11.42395492397564,40190,11.10052340114071,33911,9.366256507989116,27046,7.47013575285523,41221,11.385286765822872,99920,27.59801687588902,231579,118439,362055,73671,3.3384736761729026
"Oshkosh-Neenah, WI Metro Area",0.7,2.2,0.6,85.4,0.7,10.4,36780,36780,"Oshkosh-Neenah, WI Metro Area",36780,14056,24993,31.042219748223005,1261,31.73760383660187,5.486854500299734,31.7333219148754,116770,5254,0,950,1433,1834,3,12,50,158,116,22,539,531,31806,3,140333,8419,38.4,72873,18.0,924,25.7,7643,26.392485928381504,6822,23.55744328188128,4393,15.169722711419592,2140,7.389757933630305,1359,4.692841603646534,1100,3.798473704202493,1248,4.309541075313375,2667,9.209572153734593,1515,5.231534238060707,28959,754,2,171357,1575,1177,4.781248730552058,3373,13.701913311938904,3510,14.2584392899216,3340,13.567859609213146,2715,11.028963724255595,2162,8.782548645245155,1341,5.4474550107649184,1973,8.014786529633993,4004,16.265182597392048,15272,7727,24617,2047,1.4586732985113977
"Oskaloosa, IA Micro Area",0.0,3.7,0.1,89.6,0.3,6.3,36820,36820,"Oskaloosa, IA Micro Area",36820,1925,2490,22.99958965941732,97,38.72931199562304,5.9704554780467785,32.300642866912874,14622,1035,0,151,131,219,0,0,11,2,0,5,181,77,4628,0,17389,633,39.1,69019,16.7,821,21.9,852,27.18570516911296,770,24.569240587109125,320,10.21059349074665,201,6.413529036375238,147,4.690491384811742,92,2.935545628589662,78,2.488832163369496,446,14.231014677728144,221,7.051691129546906,3134,79,17,22045,143,323,11.293706293706292,398,13.916083916083917,357,12.482517482517483,268,9.37062937062937,219,7.657342657342657,151,5.27972027972028,157,5.489510489510489,180,6.293706293706294,305,10.664335664335663,1583,1215,2860,383,2.202541836793375
"Othello, WA Micro Area",0.1,3.1,0.5,89.5,2.1,4.7,36830,36830,"Othello, WA Micro Area",36830,865,1150,15.42534415813625,41,29.324038122132016,30.06530180021179,25.185315919519947,11332,822,127,175,357,171,59,397,63,104,737,166,167,194,2501,9,14194,466,29.2,65042,20.8,901,29.5,283,14.50538185545874,496,25.422860071758077,236,12.096360840594569,180,9.226037929267042,160,8.200922603792925,38,1.94771911840082,203,10.404920553562276,152,7.790876473603281,193,9.892362890825218,1951,681,0,20690,91,55,2.8205128205128207,470,24.102564102564106,105,5.384615384615385,107,5.487179487179487,158,8.102564102564102,165,8.461538461538462,124,6.35897435897436,115,5.897435897435897,459,23.53846153846154,1285,704,1950,354,2.4940115541778214
"Ottawa, IL Micro Area",0.4,1.9,0.1,92.0,1.0,4.6,36837,36837,"Ottawa, IL Micro Area",36837,11978,13917,19.575368312717988,597,35.62960986487259,8.628904686576835,36.166117135832586,104938,6185,77,1497,1823,2108,11,31,6,81,243,87,880,892,31204,32,120491,5258,42.5,70941,18.4,893,26.1,5922,23.73547094188377,5690,22.80561122244489,3594,14.404809619238476,2100,8.41683366733467,1422,5.69939879759519,588,2.3567134268537075,780,3.12625250501002,2584,10.356713426853709,2143,8.589178356713427,24950,1194,93,147676,770,980,6.290519288786187,1574,10.10334424545863,1965,12.613133063739648,2187,14.038128249566723,1773,11.380704794916234,1032,6.624301944925862,714,4.583092624687079,1072,6.881057834264073,2883,18.505680724051608,14607,11367,15579,4078,3.384485148268336
"Ottawa, KS Micro Area",0.0,2.0,0.1,85.9,2.7,9.3,36840,36840,"Ottawa, KS Micro Area",36840,1429,2779,25.29615144816641,70,35.1414158589809,7.770787281074647,31.79164541177804,17643,683,0,354,232,257,0,0,42,0,41,28,113,118,5517,0,20776,1410,40.1,72142,20.7,949,28.0,851,18.662280701754387,1073,23.53070175438597,800,17.543859649122805,521,11.425438596491228,281,6.162280701754385,160,3.508771929824561,274,6.008771929824562,223,4.890350877192982,323,7.083333333333333,4560,186,0,25994,204,141,5.162943976565361,387,14.170633467594287,399,14.610032954961552,214,7.835957524716221,214,7.835957524716221,208,7.616257781032589,216,7.909190772610765,242,8.861222995239839,516,18.894177956792387,2833,1347,2731,333,1.6028109356950326
"Ottumwa, IA Micro Area",0.0,1.7,0.4,91.7,1.7,4.6,36900,36900,"Ottumwa, IA Micro Area",36900,2744,2829,19.426168068626637,101,38.069459481968856,12.309486133089033,30.194886316315483,24014,1589,0,221,597,603,5,23,0,117,327,146,400,160,7553,0,27962,1327,39.9,60034,17.5,950,28.5,1079,22.53550543024227,1206,25.18796992481203,562,11.737677527151211,253,5.284043441938178,196,4.093567251461988,216,4.511278195488721,130,2.715121136173768,711,14.849624060150376,435,9.085213032581454,4788,357,0,35265,408,313,6.823632003488118,449,9.788532810115544,631,13.756267713102249,400,8.720296490080663,478,10.420754305646392,292,6.365816437758884,273,5.951602354480053,266,5.798997165903641,1160,25.28885982123392,2717,1790,4587,644,2.3031256705528933
"Owatonna, MN Micro Area",0.3,2.9,1.1,86.2,0.9,8.6,36940,36940,"Owatonna, MN Micro Area",36940,3126,5199,29.68203435129505,153,30.1811893251582,6.347521911724247,33.789254411822505,25443,973,0,282,273,262,0,10,0,24,3,58,134,203,6706,0,29291,1704,40.2,83448,18.4,1006,33.4,1960,25.97746852220013,1567,20.7687210072896,1048,13.889993373094764,667,8.84029158383035,326,4.320742213386349,368,4.87740225314778,285,3.7773359840954273,715,9.476474486414844,575,7.620941020543406,7545,352,14,37413,496,168,5.572139303482588,237,7.860696517412935,252,8.358208955223882,376,12.470978441127697,154,5.107794361525705,304,10.082918739635158,225,7.462686567164178,443,14.693200663349918,630,20.8955223880597,3563,1908,3015,597,2.0381687207674712
"Owensboro, KY Metro Area",0.3,1.5,0.2,92.0,0.7,5.3,36980,36980,"Owensboro, KY Metro Area",36980,8539,11104,24.669440591770687,705,34.77709530414108,8.998084670761507,31.55537943332673,75705,4381,4,1140,1111,1406,28,201,50,248,185,131,873,716,21947,72,87881,5667,39.1,65656,19.0,894,26.8,4133,23.687528656579552,3350,19.19990829894544,2618,15.004585052728109,1367,7.834708849151766,1191,6.825997248968363,791,4.533470884915176,665,3.811325080238423,1875,10.746217331499311,1357,7.777395690050436,17448,634,13,112322,1200,698,4.861739917810128,1645,11.457825450999511,1636,11.39513826008219,1873,13.045900954238352,1509,10.510552343804417,1296,9.02695549209445,902,6.282649578602772,671,4.67367834505816,2559,17.82405795082538,9665,5685,14357,2484,2.826549538580581
"Owosso, MI Micro Area",0.3,1.7,0.2,89.6,0.8,7.5,37020,37020,"Owosso, MI Micro Area",37020,5770,6494,19.489415975807944,328,34.61973627368291,7.331673900968918,38.55917384954023,48611,2046,15,633,904,860,32,0,0,23,11,42,203,267,14783,41,55893,2335,43.1,64464,18.9,876,29.0,2595,20.731804745546057,2875,22.968762483023088,1656,13.2300071902213,1218,9.730766158025087,663,5.296796356954542,538,4.298154509866581,363,2.900055923943437,1340,10.705440600782936,1119,8.939841815131421,12517,498,35,68061,317,274,4.796079117801506,615,10.76492210747418,766,13.40801680378085,490,8.576929809207073,637,11.150008751969192,357,6.248906003850867,456,7.981795904078417,454,7.946788027306144,1260,22.054962366532468,8759,4215,5713,1436,2.569194711323421
"Oxford, MS Micro Area",0.1,2.6,1.0,89.5,0.6,6.2,37060,37060,"Oxford, MS Micro Area",37060,3688,8236,37.45776424118403,1501,26.493123304620948,9.734450102317613,26.31466235187741,42026,2649,0,867,703,666,6,26,0,24,228,165,337,487,8485,0,57480,4732,32.6,61617,20.0,1036,31.3,1683,21.20715725806452,1518,19.128024193548388,1173,14.780745967741934,768,9.67741935483871,403,5.078125,414,5.216733870967742,590,7.434475806451612,709,8.933971774193548,580,7.308467741935484,7936,582,0,69359,1273,172,2.0717899301373164,621,7.480125271019032,990,11.924837388581064,877,10.563719585642014,733,8.829197783666586,545,6.5646832088653335,493,5.9383281137075405,340,4.095398699108649,2303,27.74030354131535,4810,2561,8302,818,1.4231036882393877
"Oxnard-Thousand Oaks-Ventura, CA Metro Area",0.4,1.6,0.7,82.1,1.0,14.1,37100,37100,"Oxnard-Thousand Oaks-Ventura, CA Metro Area",37100,56650,128351,35.66576039958768,10236,19.457069920926468,14.711447329279345,30.165722350206504,578196,12407,576,6675,6644,13299,1339,3508,1900,2289,19669,2009,3469,7543,100093,359,675257,53080,39.4,107327,25.1,2248,34.4,14723,11.901028194516297,19783,15.991173047077082,19657,15.889323590274184,15457,12.494341696844284,11077,8.953860579410243,6525,5.274346870150025,9073,7.333969218830832,7041,5.691444645628557,19806,16.009764614588722,123712,15641,141,838259,14551,2203,2.210582297279669,5559,5.578132996176887,9570,9.60293807760619,10659,10.695686203678616,10354,10.389636453033908,9929,9.963173685742095,7071,7.095337005930341,11264,11.302768495941075,27709,27.80436898562068,81928,35839,99657,23547,3.4871167570273247
"Ozark, AL Micro Area",0.3,2.8,0.3,91.5,1.3,3.9,37120,37120,"Ozark, AL Micro Area",37120,3513,4370,19.327855284937336,186,31.18053913454717,14.27642468668716,35.21518089382833,33832,2194,0,1074,673,1036,55,28,52,44,132,221,376,470,8355,0,39224,1726,38.0,53955,18.2,863,24.7,1315,23.839738941261785,1116,20.232052211747643,630,11.421319796954316,370,6.707759245830312,231,4.187817258883249,313,5.674401740391588,269,4.876722262509064,700,12.690355329949238,522,9.463379260333577,5516,657,12,49516,257,261,3.415336299398063,892,11.672337084532844,1235,16.160690918607695,1100,14.39413766029835,760,9.945040565297043,615,8.047631510075897,491,6.425019628369537,391,5.116461659251505,1119,14.642763674430778,5551,2850,7642,1299,3.311747909443198
"Paducah, KY-IL Metro Area",0.2,1.4,0.6,90.3,1.1,6.4,37140,37140,"Paducah, KY-IL Metro Area",37140,8356,10631,23.777939181318605,508,34.67815981691357,7.974400789354676,33.56950021241315,72971,3956,3,1007,1423,817,0,44,0,22,194,182,700,762,21349,0,83130,4805,43.3,62286,18.3,854,27.7,3555,23.83986051502146,3077,20.634388412017167,1983,13.298015021459229,1243,8.335568669527897,627,4.204667381974249,639,4.285139484978541,689,4.62043991416309,1866,12.513412017167385,1165,7.8125,14912,649,16,102924,1407,637,5.446772124839675,1409,12.047883710987602,1305,11.15861479264643,1276,10.910645575032063,1191,10.183839247541684,960,8.208636169303121,843,7.208208636169303,896,7.661393758016247,2013,17.212483967507485,10063,6077,11695,1587,1.9090581017683144
"Pahrump, NV Micro Area",0.0,1.9,1.0,83.4,3.8,9.9,37220,37220,"Pahrump, NV Micro Area",37220,3437,3582,12.673745173745171,186,35.51640926640927,13.344594594594597,38.465250965250966,41440,2263,0,830,1177,1018,0,149,80,35,351,256,331,617,12455,0,45739,1334,52.4,55975,24.3,1013,28.3,1560,17.857142857142858,1263,14.457417582417584,1074,12.293956043956044,754,8.630952380952381,665,7.612179487179486,720,8.241758241758241,697,7.978479853479853,588,6.730769230769231,1348,15.43040293040293,8736,584,102,53207,150,207,3.808647654093837,626,11.517939282428705,497,9.144434222631096,558,10.266789328426864,714,13.13707451701932,342,6.292548298068078,82,1.5087396504139836,594,10.92916283348666,1090,20.05519779208832,7956,4547,5435,1782,3.896018714882267
"Palatka, FL Micro Area",0.4,1.4,0.2,87.4,1.0,9.6,37260,37260,"Palatka, FL Micro Area",37260,3914,5285,14.094667646117044,280,40.63777288052589,17.786442146503173,27.48111732685389,53091,5203,153,1408,2065,1640,34,236,130,259,227,297,742,1686,16372,0,60154,1704,45.0,47256,21.6,902,31.0,1473,16.247518199867635,1521,16.776968894771674,1462,16.12618574895213,671,7.401279505846019,714,7.875579086697551,344,3.7943966468122654,571,6.2982572247959405,1002,11.052283256121774,1189,13.114934921685418,9066,553,13,74235,214,215,2.561353347629259,583,6.945437217059805,967,11.520133428639506,835,9.947581605908985,676,8.053371455801765,1028,12.246842983083155,604,7.19561591613057,685,8.160590898260663,1374,16.368834882058614,7265,3411,8394,2027,3.3696844765102902
"Palestine, TX Micro Area",0.1,1.0,1.0,91.7,1.4,4.8,37300,37300,"Palestine, TX Micro Area",37300,4045,4344,14.536875134733766,203,38.04642027353949,14.01470693908836,33.401997652638386,41749,5247,43,980,1329,444,57,59,69,188,231,241,575,1108,10637,13,48035,1292,39.5,58846,18.8,1006,33.2,1308,25.46233210044773,1087,21.16021023943936,714,13.899162935565505,313,6.093050418532217,326,6.34611641035624,168,3.270391278956589,368,7.163714230095386,435,8.467977418726884,418,8.137044967880087,5137,514,0,57825,230,154,2.998442367601246,454,8.83956386292835,416,8.09968847352025,560,10.903426791277258,315,6.133177570093458,274,5.334890965732087,385,7.496105919003115,351,6.83411214953271,1237,24.08489096573209,6457,3443,5136,1157,2.408660351826793
"Palm Bay-Melbourne-Titusville, FL Metro Area",0.5,1.0,0.6,83.3,1.3,13.2,37340,37340,"Palm Bay-Melbourne-Titusville, FL Metro Area",37340,56787,94125,33.53988571773184,6365,26.08569231663899,6.8638283482916895,33.51059361733748,464289,19707,89,4473,5042,8664,32,171,160,421,1060,841,2300,3131,101406,104,521840,47341,46.8,75817,21.8,1456,32.2,18993,17.344255109309078,19984,18.24922835278432,16205,14.798275893558344,10814,9.875257976731868,7392,6.75031505123007,4783,4.3677971983270325,6928,6.326593976585758,9474,8.651580735302176,14244,13.007506438003396,109506,5231,149,620533,7891,1773,3.049850345752916,3531,6.073898235111982,6455,11.103657068152888,6948,11.951697801630717,6390,10.991846423779544,4798,8.253345718512401,3617,6.221832318436715,5674,9.760209171913166,15270,26.26690060893797,62734,36065,58134,14187,2.718649394450406
"Pampa, TX Micro Area",0.0,0.8,0.0,93.5,2.1,3.6,37420,37420,"Pampa, TX Micro Area",37420,1305,1772,15.639056120683687,49,36.23278665836274,14.780984014947062,33.3471732060065,14451,1385,50,244,338,177,18,102,17,15,445,81,124,316,3851,6,17103,391,36.9,56658,20.9,897,30.2,547,22.992854140395124,422,17.738545607398066,454,19.08364859184531,185,7.776376628835645,145,6.094997898276587,124,5.212274064733082,97,4.0773434216057165,130,5.46448087431694,265,11.139134089953762,2379,203,0,21916,48,35,1.6309412861136998,204,9.50605778191985,280,13.0475302889096,160,7.455731593662628,217,10.11183597390494,165,7.688723205964585,208,9.692451071761417,110,5.125815470643056,425,19.80428704566636,2199,1315,2146,505,2.9526983570133893
"Panama City-Panama City Beach, FL Metro Area",0.3,1.1,0.5,88.3,1.1,8.6,37460,37460,"Panama City-Panama City Beach, FL Metro Area",37460,16362,24461,26.095426845709973,1362,29.70595372917004,10.19387369896996,34.004745726150034,148344,9092,37,2688,3106,3006,14,166,121,155,516,230,1163,1714,34975,39,168421,10756,41.4,67834,22.6,1390,32.8,5482,16.944332828485766,5545,17.139059747164094,4773,14.752882267486786,3508,10.84288937656477,2589,8.002349086638025,2146,6.633078848947547,1819,5.622353413902884,2540,7.850894816554879,3732,11.53525175408772,32353,2102,65,206627,2132,578,2.221624322558327,1110,4.266441173079141,2444,9.393857862167044,3430,13.18368758888419,2669,10.258677018872277,3741,14.379059845485646,2372,9.11711573202137,2738,10.523888226928548,5526,21.23995848868048,21637,12445,26017,3598,2.136313167597865
"Paragould, AR Micro Area",0.0,2.0,0.2,93.2,1.2,3.5,37500,37500,"Paragould, AR Micro Area",37500,2443,3244,16.488969999679824,150,42.59277046713412,12.6020555182019,28.31620401498415,31233,2750,0,608,813,764,7,48,13,91,91,95,480,640,10553,0,36458,1559,37.8,56793,18.0,852,28.8,1353,20.824996152070185,1763,27.13560104663691,860,13.236878559335077,602,9.265814991534556,485,7.464983838694781,176,2.7089425888871785,113,1.7392642758196089,823,12.667384946898569,304,4.679082653532399,6497,286,0,46182,197,170,2.7208706786171577,418,6.690140845070422,898,14.37259923175416,906,14.500640204865556,549,8.786811779769527,495,7.922535211267606,277,4.433418693982074,506,8.098591549295776,1398,22.37516005121639,3932,2469,6248,1609,4.4132974930056506
"Paris, TN Micro Area",0.0,0.6,0.4,89.7,4.4,5.0,37540,37540,"Paris, TN Micro Area",37540,1320,2813,18.57972499786489,247,45.26859680587582,11.606456571867794,24.54522162439149,23418,1677,18,462,427,465,0,0,52,54,48,156,659,256,8924,0,26516,962,45.8,48540,20.2,741,24.2,984,22.96382730455076,755,17.6196032672112,546,12.742123687281214,445,10.385064177362894,264,6.1610268378063004,318,7.421236872812136,220,5.134189031505251,362,8.448074679113185,356,8.308051341890316,4285,121,0,32345,329,275,8.532423208191126,230,7.136208501396214,366,11.35587961526528,523,16.227117592305305,264,8.19112627986348,175,5.429723859757989,163,5.0573999379460135,140,4.343779087806392,484,15.017064846416384,2937,1491,3223,451,1.7008598581988237
"Paris, TX Micro Area",0.1,2.6,0.1,87.3,1.8,8.1,37580,37580,"Paris, TX Micro Area",37580,4122,5602,19.59709948937956,289,35.07892466599827,12.161626524283616,33.16234932033855,42889,2625,9,965,1052,691,23,62,31,125,197,155,596,447,12420,0,49103,2170,41.7,57315,19.0,898,29.3,1664,25.694873378628785,1153,17.804200123533047,706,10.901791229153798,379,5.852378011117974,391,6.037677578752317,189,2.918468190240889,327,5.049413218035824,633,9.77455219271155,1000,15.441630636195184,6476,862,1,62042,344,422,5.0648103696591456,815,9.781565050408066,822,9.865578492558807,732,8.785405664906385,1002,12.025924147863655,377,4.5247239558329335,261,3.132501200192031,598,7.177148343734998,2261,27.13634181469035,6578,3523,8332,1027,2.091521902938721
"Parkersburg-Vienna, WV Metro Area",0.2,1.9,0.6,87.7,0.8,8.7,37620,37620,"Parkersburg-Vienna, WV Metro Area",37620,6834,9046,22.55345813425237,569,36.17921203101746,9.57625127281272,31.69107856191744,63835,3238,0,1274,1257,1070,13,32,17,27,62,349,525,979,19857,0,72543,4093,44.0,56029,17.0,786,30.3,3998,28.42718998862344,2708,19.254835039817976,1617,11.497440273037544,973,6.918373151308304,624,4.436860068259386,637,4.52929465301479,707,5.027019340159272,1935,13.758532423208193,811,5.766496018202503,14064,508,0,88960,689,365,3.875557443193884,1107,11.75408791675515,925,9.821618177957102,697,7.400722021660649,899,9.545551072414526,827,8.781057549373541,811,8.611170099808877,875,9.29071989806753,1592,16.90380123168401,8931,4465,9418,2186,3.0133851646609595
"Payson, AZ Micro Area",0.3,2.2,0.1,85.2,1.2,11.0,37740,37740,"Payson, AZ Micro Area",37740,4269,4991,18.847188995215312,225,31.439393939393938,10.36682615629984,39.346590909090914,40128,2641,4,1140,1114,834,68,36,5,48,163,49,324,198,9975,3,44489,2109,51.4,59089,24.0,1001,27.7,896,11.435864709636247,1217,15.532865347798342,1359,17.34524569240587,690,8.806636885768986,650,8.296107211231654,565,7.211231652839821,357,4.556477345245693,658,8.398213146139119,1315,16.783663050414805,7835,174,0,53610,238,362,6.818609907703898,425,8.005274062912036,817,15.388962139762668,476,8.96590695046148,525,9.88886796006781,306,5.763797325296666,304,5.72612544735355,354,6.667922395931438,1166,21.96270484083632,7966,3554,5309,1521,3.418822630313111
"Pella, IA Micro Area",0.3,3.7,0.2,84.9,1.1,9.7,37800,37800,"Pella, IA Micro Area",37800,2529,5138,33.066320594289806,332,32.690414391837464,5.419314418687908,28.823950595184822,22346,783,0,270,163,224,0,0,0,19,27,13,305,103,6522,20,26563,1545,39.7,78059,18.1,880,24.9,1643,25.910739630973037,1576,24.854123955212117,1100,17.34742154234348,448,7.06513168269989,206,3.248698943384324,239,3.769121589654629,172,2.7125059138937075,558,8.799873836934237,399,6.292382904904589,6341,67,0,33551,374,224,7.506702412868632,391,13.103217158176944,515,17.258713136729224,280,9.383378016085793,273,9.148793565683649,238,7.975871313672922,99,3.3176943699731907,214,7.171581769436998,570,19.10187667560321,2334,1578,2984,323,1.215977111019087
"Pensacola-Ferry Pass-Brent, FL Metro Area",0.4,3.1,0.5,81.6,1.8,12.6,37860,37860,"Pensacola-Ferry Pass-Brent, FL Metro Area",37860,41615,67652,29.71454983472464,4738,26.928959605580143,8.686761163090368,34.66972939660485,356980,16429,19,5080,6426,6721,161,199,234,297,894,473,2434,3968,79702,95,419486,28316,38.9,73588,20.4,1267,29.8,15456,18.197445105080355,18802,22.13692823924177,13117,15.44357449814564,7682,9.04456348972744,5541,6.523812327073644,3469,4.0842997586389584,4240,4.992052746217696,7056,8.307529287101902,9112,10.7282039206452,84935,3884,125,516994,5369,2058,3.4044665012406945,4616,7.636062861869314,7441,12.309346567411083,7415,12.266335814722911,6848,11.328370554177006,4625,7.650951199338296,4302,7.116625310173698,5782,9.564929693961952,13252,21.92224979321753,52643,29506,60450,12888,3.0723313769708644
"Peoria, IL Metro Area",0.2,1.7,0.7,86.8,0.7,9.8,37900,37900,"Peoria, IL Metro Area",37900,27022,50908,31.634115464541352,3100,29.073146651592,6.365597904408545,32.92713997945811,251194,11405,8,2485,3253,3472,30,110,121,145,373,278,2017,1767,61625,19,290218,21639,40.0,70872,18.7,923,28.1,15166,23.19953496909992,14812,22.65801872361256,9311,14.243101021844216,5272,8.064614819800527,3913,5.985743131615982,2174,3.325582818332008,2508,3.836504925656244,6570,10.050174386587528,5440,8.321605580370802,65372,1901,11,365773,3816,1962,4.730332473419003,4346,10.4780962943318,5669,13.667815897967548,4536,10.936181498179714,3993,9.627022205077512,2968,7.155773079055862,2002,4.826771463702776,2684,6.471056248041084,9744,23.49253803312679,35114,20575,41477,9145,3.1510795333163344
"Peru, IN Micro Area",0.4,2.0,0.4,92.1,0.7,4.5,37940,37940,"Peru, IN Micro Area",37940,2608,2928,16.112745487795184,55,40.87620259203308,12.54671225252445,30.46433966764729,25154,1961,0,624,574,528,6,31,79,10,127,50,452,328,8321,0,29224,917,41.0,61130,16.4,794,25.0,1395,25.55881275192378,837,15.33528765115427,623,11.414437522902162,386,7.07218761451081,270,4.946866984243313,176,3.224624404543789,249,4.56211066324661,1078,19.750824477830708,409,7.493587394650055,5458,340,7,35772,153,249,7.515846664654393,449,13.552671294898882,525,15.84666465439179,291,8.783579837005735,263,7.938424388771506,315,9.507998792635073,114,3.4409900392393604,229,6.912164201629943,596,17.989737398128586,3047,2008,3313,1049,3.5895154667396656
"Petoskey, MI Micro Area",0.7,4.5,0.4,83.6,1.4,9.3,37950,37950,"Petoskey, MI Micro Area",37950,2354,5855,40.24294052689699,283,24.637166745543464,3.9872219592995743,31.132670768259977,25356,618,0,169,219,334,0,0,0,0,2,0,66,79,5629,0,28755,3197,46.4,73724,19.6,1033,26.0,1356,21.544327931363203,1263,20.066730219256435,973,15.459167461074038,562,8.929138862408644,388,6.164601207499206,173,2.7486495074674293,276,4.38512869399428,613,9.739434381951066,670,10.645058786145537,6294,139,3,34159,869,149,4.3952802359882,384,11.327433628318584,417,12.300884955752212,512,15.103244837758112,404,11.91740412979351,314,9.262536873156344,115,3.392330383480826,320,9.43952802359882,471,13.893805309734514,3361,2179,3390,617,2.1457137889062774
"Philadelphia-Camden-Wilmington, PA-NJ-DE-MD Metro Area",0.6,3.2,6.5,71.4,1.4,16.8,37980,37980,"Philadelphia-Camden-Wilmington, PA-NJ-DE-MD Metro Area",37980,324240,1048224,41.45212510319104,94114,27.03380067284012,7.918334778199612,23.595739445769222,4348730,133138,1650,46730,58353,74624,1672,4771,4355,6857,17246,7424,26293,32434,1042489,949,5055689,531709,39.1,89273,20.5,1413,30.5,197727,18.59297569232216,218456,20.542197564530536,163882,15.410409516197282,100579,9.457802435469462,66124,6.21787578165405,45126,4.243358879119845,54316,5.107527387277258,97683,9.185481216794397,114402,10.757628473364992,1063450,59756,1233,6241882,128594,30388,3.7636392910664966,64281,7.961382692807867,94436,11.696164278371583,98601,12.21201124583545,86155,10.670539131296367,68445,8.477105807458416,48688,6.030145774761274,66108,8.187661782737395,204416,25.317496686937247,465166,236709,807410,197394,3.904393644466659
"Phoenix-Mesa-Chandler, AZ Metro Area",0.5,1.4,1.2,76.6,1.8,18.5,38060,38060,"Phoenix-Mesa-Chandler, AZ Metro Area",38060,309009,729148,34.56726141121921,47551,22.74756260540536,10.538562971774724,32.14661301160071,3370915,128887,1710,35155,46720,75687,3031,6555,3794,7426,35479,7917,28997,38155,637914,1180,3951305,318023,37.7,84703,20.1,1581,30.5,158762,19.343055910912923,166823,20.325182450625636,123188,15.008833168853638,78150,9.521546840162287,50426,6.14374307053133,34904,4.252592078170498,40341,4.915018823787419,80367,9.791659051865931,83084,10.12268966945673,820770,62345,1095,4941206,70511,19363,3.100739193932717,44983,7.203457685310923,70076,11.221783801788414,81243,13.010037408081171,73284,11.735504368546463,55430,8.876412411283917,43259,6.927380921878604,59084,9.46155422890671,142725,22.8556009633862,520608,254018,624464,118176,2.990809365513419
"Picayune, MS Micro Area",0.0,1.4,0.0,88.6,2.5,7.5,38100,38100,"Picayune, MS Micro Area",38100,4615,4573,15.958621043714864,240,36.00379906050261,12.185229868829737,35.85235002695279,38957,4048,6,719,756,595,0,49,0,203,308,415,462,663,9978,25,45473,1231,41.1,56535,20.1,887,28.9,1361,17.225667637007973,1730,21.8959625363878,1463,18.5166434628528,892,11.289710163270472,302,3.822300974560183,356,4.505758764713328,182,2.3035058853309707,785,9.93545120870776,750,9.492469307682573,7901,546,0,56781,173,148,4.016282225237449,289,7.842605156037992,268,7.272727272727272,580,15.739484396200815,370,10.040705563093622,212,5.753052917232022,191,5.183175033921303,220,5.970149253731343,862,23.3921302578019,5967,3385,3685,1434,3.153519671013569
"Pierre, SD Micro Area",0.4,2.7,0.8,90.8,0.4,4.9,38180,38180,"Pierre, SD Micro Area",38180,1788,3452,34.34887737478411,234,28.8566493955095,4.0,32.79447322970639,14475,927,0,78,151,84,0,0,0,0,0,2,106,81,3250,0,16271,825,39.8,78965,19.8,925,24.8,734,19.020471624773258,890,23.062969681264576,839,21.741383778180875,280,7.255765742420316,216,5.597305001295672,121,3.1355273386887794,161,4.172065301891681,341,8.836486136304742,277,7.178025395180098,3859,77,0,20744,461,168,8.080808080808081,217,10.437710437710438,336,16.161616161616163,230,11.063011063011064,175,8.417508417508419,236,11.351611351611352,123,5.916305916305916,172,8.273208273208272,230,11.063011063011064,1794,1165,2079,59,0.3626083215536845
"Pikeville, KY Micro Area",0.0,1.7,0.1,93.3,0.9,3.9,38210,38210,"Pikeville, KY Micro Area",38210,5278,5753,15.6607912852712,240,38.73666691882896,19.08616385505712,26.516377940842727,66095,4476,58,2030,2362,1121,0,69,120,135,426,895,2268,1940,21127,0,75555,3442,43.0,42014,19.7,792,31.7,2152,21.15403519119237,2217,21.79298142140961,1089,10.704806841639634,860,8.453750122874276,510,5.013270421704512,454,4.46279366951735,666,6.546741374225892,804,7.903273370687112,1370,13.467020544578787,10173,1176,15,92808,916,643,6.361297981796597,792,7.835377918480411,687,6.796596755045509,671,6.638306292045905,707,6.9944598337950135,526,5.203798971111991,417,4.125445191927186,793,7.845271072417886,2132,21.09220419469727,8754,3494,10108,2146,2.840315002316194
"Pine Bluff, AR Micro Area",0.0,1.0,0.7,91.4,0.4,6.5,38220,38220,"Pine Bluff, AR Micro Area",38220,2886,7046,20.172091729263546,381,41.48881205039545,11.104487103056316,27.234609117284688,50322,2736,0,846,1653,812,0,107,22,90,182,122,586,642,18142,0,59509,2354,39.9,48727,18.3,838,29.3,2185,26.347522006511515,1449,17.472567225370796,928,11.19016037622091,630,7.596768358856868,464,5.595080188110455,190,2.291088870131436,457,5.510671650789823,1006,12.130712649222236,969,11.684553237670324,8293,526,0,73271,370,572,6.000209797545368,829,8.69610825553341,987,10.353508863946292,953,9.99685303681947,905,9.493338927934545,926,9.713626350571698,632,6.629602433651527,713,7.479282492394838,1709,17.927200251757057,7311,3508,9533,2116,3.5557646742509537
"Pinehurst-Southern Pines, NC Metro Area",0.1,0.8,0.2,83.0,4.4,11.4,38240,38240,"Pinehurst-Southern Pines, NC Metro Area",38240,8811,18084,40.91314452491622,1277,19.97486758188304,7.265430764241704,31.84655712895903,74008,2234,17,914,872,774,0,60,121,41,364,306,486,614,12549,8,82911,8972,42.8,82837,20.0,1181,29.0,3954,20.44256023162031,3799,19.641195326233067,2950,15.251783683176509,2040,10.54699617412884,1089,5.630234722365836,834,4.311860200599731,718,3.712129045600248,1869,9.66290973012098,1960,10.133388481025747,19342,785,15,102840,1946,377,3.720517122273759,858,8.46738379551959,1345,13.273462942859965,1126,11.112207638409158,1011,9.977301884930426,991,9.77992697128195,770,7.598934175466299,642,6.335734728116056,1909,18.83943550774697,10438,4320,10133,2023,2.4399657464027693
"Pittsburg, KS Micro Area",0.6,2.6,0.0,90.6,1.0,5.2,38260,38260,"Pittsburg, KS Micro Area",38260,2135,4750,31.97421227905388,365,28.78490308257194,5.776620271539578,33.4642643668346,23422,897,5,237,139,354,0,0,0,0,129,3,144,64,5845,0,31335,2125,33.8,50311,20.5,837,30.6,827,16.71044655485957,1098,22.186300262679328,999,20.185896140634476,546,11.032531824611032,276,5.576884219034149,179,3.616892301475046,293,5.920387957163063,446,9.011921600323298,283,5.71832693473429,4949,278,0,38963,249,477,7.527221082531166,353,5.570459207827048,652,10.28878017989585,794,12.529588133186053,581,9.16837620325075,650,10.257219504497396,285,4.497396244279628,529,8.347798642890957,1546,24.39640208300457,3749,1954,6337,704,2.2466890059039413
"Pittsburgh, PA Metro Area",0.2,2.9,3.6,76.7,1.2,15.4,38300,38300,"Pittsburgh, PA Metro Area",38300,188402,403577,37.40367293554415,33665,31.359885764794825,5.135256098190228,26.101185201470788,1782988,60527,198,16899,19504,17795,146,376,365,865,1800,1713,7951,9483,498616,238,2036104,188891,42.8,73942,18.1,1011,27.3,97167,23.36132675852485,92981,22.35490982879372,57370,13.793153191274516,32880,7.905157345809761,22461,5.40017454818227,13431,3.2291413720064144,15957,3.8364536425512887,51749,12.441727113391403,30682,7.376704309128197,415931,13937,291,2443921,40770,17809,5.687032773326606,31905,10.188375576000077,39577,12.638311868715094,38510,12.297581677848706,33547,10.71272325491536,25141,8.028395247021406,15971,5.100095481093785,22478,7.178006776283646,61794,19.73297227216263,177824,99155,313151,63618,3.124496587600633
"Pittsfield, MA Metro Area",0.2,5.2,1.4,79.8,0.7,12.7,38340,38340,"Pittsfield, MA Metro Area",38340,7990,19480,38.260079571442,2202,29.29315079936928,6.304104925701994,26.142664703486734,95763,3955,0,1279,1237,1288,13,0,29,112,48,131,458,484,24097,5,109698,12416,47.8,72565,22.0,1042,32.4,3703,15.801152122893107,4407,18.80520588862812,3770,16.087049285257095,2364,10.087475997439729,1691,7.215703008320888,1055,4.50181352677619,1443,6.157456795391508,2033,8.675058672925113,2826,12.058886281203328,23435,952,1,128047,2541,796,4.689248895434463,1334,7.85861561119293,1504,8.860088365243005,1857,10.93961708394698,1686,9.932253313696611,1602,9.43740795287187,1484,8.742268041237114,1511,8.901325478645067,4102,24.164948453608247,11016,6029,16975,3780,3.4458239894984413
"Plainview, TX Micro Area",0.0,1.0,0.1,95.3,1.0,2.5,38380,38380,"Plainview, TX Micro Area",38380,1685,2400,15.796400067923248,155,32.768721344880284,24.961793173713705,26.473085413482767,23556,1725,17,657,504,530,147,344,131,261,670,326,442,1060,5994,0,28587,1062,34.7,53276,20.1,789,26.6,714,25.618945102260493,425,15.249372084678866,427,15.32113383566559,204,7.319698600645856,286,10.261930391101542,102,3.659849300322928,173,6.207391460351633,232,8.324363114459993,197,7.068532472192321,2787,791,0,37541,104,346,7.0814572247237,527,10.785918952108064,561,11.481784690953749,529,10.826852230863691,602,12.320916905444127,324,6.63119115841179,211,4.318460908718788,261,5.341792877609496,946,19.3614408514122,3187,1364,4886,688,2.4066883548466085
"Platteville, WI Micro Area",0.4,6.8,0.3,81.5,1.8,9.3,38420,38420,"Platteville, WI Micro Area",38420,4630,4949,24.56242707117853,423,34.52066572498925,7.114782288276116,33.80212491555611,32566,1013,0,336,311,316,0,1,15,2,26,60,806,193,10229,4,41974,2238,36.9,64349,18.8,812,27.1,1729,23.546234509056244,1566,21.326433337872803,1232,16.777883698760725,609,8.293612964728313,316,4.303418221435381,258,3.5135503200326843,316,4.303418221435381,740,10.077624948930955,535,7.285850469835217,7343,245,2,51678,389,347,5.636777128005198,677,10.99740090968161,717,11.647173489278751,796,12.930474333983105,614,9.974009096816111,467,7.58609486679662,343,5.571799870045484,533,8.658219623131904,1102,17.901234567901234,4227,2151,6156,736,1.7534664316005149
"Plattsburgh, NY Micro Area",0.3,4.7,0.2,87.0,0.7,7.2,38460,38460,"Plattsburgh, NY Micro Area",38460,6520,8387,26.82087241599126,644,32.4542391403333,11.809489117566706,28.91539932610873,54905,3385,0,1440,1287,1096,21,18,18,41,81,268,686,835,14434,0,66347,4811,41.5,69208,18.8,956,28.5,2771,23.15727895704496,2681,22.40514791910413,1833,15.318402139394951,778,6.501754972421862,1002,8.373725555741267,379,3.167307370884172,467,3.902724385759652,1133,9.468494066521812,865,7.228814975764666,11966,690,3,78961,884,614,5.923781958514231,960,9.261939218523878,989,9.54172696575012,1504,14.510371442354074,1020,9.84081041968162,742,7.158707187650748,434,4.187168355041004,691,6.666666666666667,2616,25.238784370477568,5494,3862,10365,1507,2.271391321386046
"Plymouth, IN Micro Area",1.9,3.0,0.1,87.9,1.9,5.2,38500,38500,"Plymouth, IN Micro Area",38500,2733,4098,20.449488923999613,130,38.1066004578725,13.881275594105697,27.562635024022185,31013,1528,16,632,819,629,86,16,66,0,114,116,825,507,10290,0,36227,1814,39.6,68041,18.1,936,26.8,1977,24.72486243121561,1878,23.486743371685844,1094,13.681840920460232,562,7.028514257128564,357,4.464732366183092,275,3.4392196098049026,411,5.1400700350175095,830,10.380190095047524,536,6.70335167583792,7996,479,0,46225,300,180,4.41717791411043,299,7.337423312883436,501,12.294478527607362,588,14.429447852760736,693,17.006134969325153,271,6.6503067484662575,278,6.822085889570552,165,4.049079754601228,662,16.245398773006134,3141,2674,4075,640,1.7666381428216522
"Pocatello, ID Metro Area",0.6,2.5,1.2,84.2,1.1,10.5,38540,38540,"Pocatello, ID Metro Area",38540,5806,11078,30.20585278086469,1389,25.683089026476868,6.249669259670847,37.8613889329876,56691,2548,0,394,889,1111,0,52,0,11,147,59,203,362,12012,0,68618,3821,35.0,64080,19.1,879,28.5,2776,20.69788249328959,3138,23.396957948106174,2154,16.06024455711303,1226,9.141067700566657,630,4.697286012526096,521,3.884580972263645,445,3.317924246943036,1357,10.117804950790337,1124,8.38055472711005,13412,315,0,88457,836,402,3.843947217441193,951,9.093516924842229,1203,11.503155479059094,1559,14.90724803977816,1170,11.187607573149744,644,6.157965194109773,676,6.463951042264296,964,9.217823675655,2299,21.9831707783515,10864,4794,10458,1965,2.863680083942989
"Ponca City, OK Micro Area",0.1,1.6,0.0,92.9,2.0,3.4,38620,38620,"Ponca City, OK Micro Area",38620,3517,3746,18.523374159047783,143,35.37691909608418,9.470415732275317,36.62929101259272,28985,1995,0,548,708,659,2,34,8,14,87,54,130,265,8259,32,34087,1316,38.3,56673,19.3,830,24.9,895,18.530020703933747,910,18.84057971014493,720,14.906832298136646,560,11.594202898550725,299,6.190476190476191,101,2.091097308488613,255,5.279503105590062,736,15.23809523809524,346,7.163561076604555,4830,199,5,43731,164,345,6.395995550611791,637,11.809417871709304,477,8.843159065628477,982,18.205413422321097,383,7.100482017055988,376,6.970708194289951,420,7.786429365962181,442,8.194289951798295,768,14.238042269187986,4341,2759,5394,1202,3.526271012409423
"Ponce, PR Metro Area",0.2,1.8,0.3,92.7,1.3,3.7,38660,38660,"Ponce, PR Metro Area",38660,22546,41026,28.296741854636597,2706,29.460150375939847,20.917293233082702,21.32581453634085,199500,3319,866,2876,4330,1710,1163,2090,2399,2239,5941,2868,3930,6927,55454,20,231479,10851,43.8,20646,25.1,503,31.8,3297,15.682077625570775,3407,16.205289193302892,2317,11.020738203957382,2490,11.843607305936072,1830,8.704337899543379,1224,5.821917808219178,1398,6.649543378995435,1301,6.188165905631659,3503,16.6619101978691,21024,4265,106,273739,1869,438,1.492791656726083,1032,3.5172625336559764,1532,5.221362598411779,1911,6.513070447496677,2131,7.262874475989229,1747,5.954125626256774,1046,3.564977335469139,1185,4.038717153471252,4304,14.668893357417948,16750,3249,29341,13632,5.889087131014045
"Pontiac, IL Micro Area",1.0,3.0,0.2,87.9,1.1,6.8,38700,38700,"Pontiac, IL Micro Area",38700,2258,3168,18.47113512654456,214,40.36711828042433,9.714331121617862,31.447415471413247,25169,1701,0,615,489,324,0,45,24,3,19,96,284,304,8459,0,28922,1039,41.9,70796,18.5,855,23.4,1414,24.404556437694165,1211,20.900931998619264,853,14.72212633759061,510,8.802209181912323,306,5.281325509147393,177,3.054884363134277,214,3.6934760096651713,633,10.925094925785295,461,7.956506731101139,5794,242,0,35659,228,240,6.294256490952006,551,14.450563860477311,443,11.61814843954891,681,17.859952793076317,340,8.91686336218201,289,7.579333857854707,162,4.248623131392605,191,5.0091791240493055,495,12.981904012588512,3661,1996,3813,623,2.1540695664200262
"Poplar Bluff, MO Micro Area",0.1,1.6,0.5,91.7,1.2,4.9,38740,38740,"Poplar Bluff, MO Micro Area",38740,2580,2894,15.228111314183248,247,39.78068209248595,15.517776475050866,29.473430118279943,28999,1615,5,1255,971,598,0,0,0,19,47,66,791,413,9921,0,33537,1027,40.5,49213,21.8,768,28.4,971,17.83614988978692,929,17.064658339456283,841,15.44819985304923,543,9.97428361498898,389,7.1454812637766345,238,4.371785451873622,355,6.520940484937546,520,9.551800146950772,658,12.086700955180014,5444,335,0,42166,248,281,4.867486575437381,361,6.253247878053006,910,15.763034817252729,550,9.527108955482417,759,13.147410358565736,398,6.894162480512732,501,8.678330157630349,561,9.717651134592066,908,15.728390784687338,3842,2125,5773,907,2.7044756537555537
"Port Angeles, WA Micro Area",0.5,3.4,1.1,81.1,1.4,12.5,38820,38820,"Port Angeles, WA Micro Area",38820,7334,11064,30.69086225686074,861,25.078432020078598,7.009345794392523,37.22135992866814,60562,3110,11,720,838,1124,12,55,1,38,28,78,205,373,12078,0,66470,5268,51.8,67999,24.0,1110,30.5,1760,14.127468293466046,1982,15.909455771391876,2124,17.049285599614706,1362,10.932733986193613,884,7.095842029218173,1026,8.235671857441002,702,5.634933376143843,715,5.739283994220582,1778,14.27195376464922,12458,762,0,77593,1394,309,3.2998718496369075,824,8.799658265698419,1108,11.832550192225543,996,10.636480136693722,980,10.46561298590346,761,8.126868859461768,528,5.638615976078599,1222,13.049978641606153,1847,19.724476719350704,9600,5608,9364,1876,2.822325861290808
"Portland-South Portland, ME Metro Area",0.4,3.8,0.8,76.7,1.0,17.2,38860,38860,"Portland-South Portland, ME Metro Area",38860,40867,112181,44.5727393363096,8117,24.463099171655987,4.162507221119751,26.80165427091466,413717,14864,2,2520,2799,4081,132,96,57,85,393,213,1936,2100,86344,86,469008,50557,43.7,88602,21.3,1384,28.9,19118,17.223888933935154,23038,20.755515914844548,18146,16.34818959070966,11026,9.933601809057905,7713,6.948836455039325,4937,4.447867960395326,6378,5.746101245979621,8587,7.7362451237420835,11686,10.528212474211012,110997,2712,9,557764,13550,2163,3.398271798900236,5067,7.960722702278083,8192,12.870384917517674,7338,11.528672427336998,8517,13.380989787902593,6421,10.087981146897093,4336,6.812254516889238,4481,7.040062843676355,12321,19.35742340926944,48536,21480,63650,10564,2.2524136048852044
"Portland-Vancouver-Hillsboro, OR-WA Metro Area",1.4,3.1,3.7,70.3,1.2,20.4,38900,38900,"Portland-Vancouver-Hillsboro, OR-WA Metro Area",38900,157743,466803,42.0509819330998,38516,19.79249400138783,7.224084741369941,30.93243932414243,1794165,66312,765,14995,17784,29136,1578,1830,1410,2573,9910,2529,8085,12117,288798,395,2053137,199047,39.1,94573,22.0,1654,30.8,71687,16.404573060499686,87901,20.1149214863362,68795,15.742779077058266,51751,11.842496693318443,34529,7.901481484871646,19785,4.527522117008472,24694,5.650878501764326,30821,7.052957248840945,45545,10.422339894826932,436994,25948,557,2510529,50098,10953,2.882171219863904,27150,7.144248025135122,43954,11.56605074389647,49587,13.04831774668049,45168,11.88550257087673,34643,9.115955224116243,25798,6.788482893275723,36328,9.55934593948835,90907,23.92125801918816,268531,128705,380026,68018,3.312881702487462
"Port Lavaca, TX Micro Area",0.0,2.2,0.0,93.7,0.1,4.0,38920,38920,"Port Lavaca, TX Micro Area",38920,1618,1490,16.896353718059146,175,31.531725523973584,17.527993109388458,34.04392764857881,13932,770,0,334,157,395,155,22,57,89,81,80,454,277,3623,0,15961,642,39.9,71870,17.3,1121,24.5,604,21.556031406138477,746,26.62384011420414,429,15.310492505353318,119,4.246966452533904,255,9.100642398286936,23,0.820842255531763,95,3.390435403283369,453,16.167023554603855,78,2.7837259100642395,2802,341,0,19921,47,105,5.29500756429652,79,3.983862834089763,309,15.582450832072617,475,23.953605648008068,12,0.6051437216338881,254,12.808875441250631,199,10.035300050428644,212,10.690872415532022,191,9.631870902672718,1822,1303,1983,458,2.8694943925819185
"Port St. Lucie, FL Metro Area",0.5,1.2,0.2,85.3,1.5,11.4,38940,38940,"Port St. Lucie, FL Metro Area",38940,39839,70878,29.08188480679118,4457,28.464768892072108,10.024499633959085,32.42884666717762,378373,18126,43,6489,5563,7993,331,484,482,321,2023,1118,4175,2631,89577,37,423514,27552,47.7,72506,24.4,1491,34.7,11075,13.315939450048694,14785,17.776628873044693,11000,13.22576378785875,10263,12.339637614072211,6490,7.803200634836662,4527,5.443002969785141,5813,6.989214990802083,5603,6.736723136670234,12931,15.547486503709226,83171,6162,78,506701,7151,771,1.796909595170951,1945,4.533059873680285,4038,9.411051809728017,4714,10.986552310811756,4196,9.779290092525695,4175,9.730347029622209,2705,6.30433262637798,4002,9.32714941617918,12683,29.5592793716643,53914,28949,42907,12599,2.9748721411806933
"Portsmouth, OH Micro Area",0.1,1.5,0.1,92.1,0.7,5.5,39020,39020,"Portsmouth, OH Micro Area",39020,4026,5843,17.951033710953606,294,43.459054051400855,11.310937898808238,27.278974338837298,50933,3024,0,1248,1423,708,0,0,16,7,76,307,660,639,19111,0,59105,2679,40.6,49571,17.9,749,31.8,2131,25.132680740653377,1802,21.252506191767896,1134,13.374218657860595,753,8.880764241066164,407,4.800094350748909,335,3.950937610567284,252,2.9720485906356884,1053,12.418917325156269,609,7.182450760702913,8479,651,26,73118,327,372,4.192494083173673,801,9.027386453285247,610,6.874788684774033,854,9.624704158683649,739,8.328637439422968,820,9.24151921559788,533,6.006987490138623,692,7.798940606333822,1911,21.53724783049701,5880,3988,8873,1935,3.2738347009559257
"Port Townsend, WA Micro Area",0.9,4.4,1.5,70.7,0.9,21.5,39040,39040,"Port Townsend, WA Micro Area",39040,2387,6653,43.259899412056384,894,19.77757313876886,3.9137210455479208,33.048806403626834,28234,974,0,190,234,312,0,0,0,0,2,26,87,167,4610,0,29896,3684,59.5,71143,26.0,1291,28.6,605,9.84380084607875,1025,16.67751383013342,857,13.944028636511552,679,11.047835990888382,581,9.453302961275629,277,4.506996420436056,476,7.744874715261959,399,6.492027334851937,1147,18.6625447445493,6146,87,0,33313,983,83,2.529716549832368,260,7.924413288631514,594,18.104236513258154,171,5.21182566290765,401,12.221883572081682,347,10.576043889058214,228,6.949100883876867,250,7.619628162145688,457,13.928680280402316,4753,2191,3281,983,3.288065293015788
"Pottsville, PA Micro Area",0.1,3.0,0.3,89.4,1.0,6.2,39060,39060,"Pottsville, PA Micro Area",39060,11559,13058,19.120554307978736,504,45.05575708719603,10.0046064374964,25.819082167328844,104202,6435,39,2249,2266,1891,7,19,39,88,140,150,1139,1403,40514,11,118332,5451,43.9,66901,18.1,842,25.9,5069,23.890093316995003,4752,22.396078801018003,2752,12.97011970968046,1720,8.106324818550288,1278,6.023187859364691,860,4.053162409275144,849,4.001319634272788,2549,12.0133848619097,1333,6.2824017343764735,21218,978,6,143259,911,790,5.790090882439167,1654,12.122544708296688,1453,10.649369686309,1749,12.81882145998241,1203,8.817062445030782,1003,7.351216652008209,635,4.654060392846673,923,6.764878334799179,2299,16.84989739079449,9033,6312,13644,3565,3.012710002366224
"Prescott Valley-Prescott, AZ Metro Area",0.4,3.0,0.2,82.3,1.6,12.5,39150,39150,"Prescott Valley-Prescott, AZ Metro Area",39150,18378,32658,29.602252541267426,2717,24.783786793363277,7.503168298981372,38.110792366387926,188587,8830,8,2147,2760,3149,104,202,52,262,665,282,986,1870,37909,21,209074,16676,55.0,66106,23.2,1258,28.4,6565,15.091607089492197,7910,18.183490034711845,5692,13.084756672260408,4511,10.369876554561964,3071,7.059607825107468,1990,4.57460748028781,2752,6.326291349624147,3598,8.271074228178662,7333,16.85708374520126,43501,1642,0,241656,3775,1342,4.652291478887888,2677,9.280316161686196,2413,8.365111280593498,4031,13.974207862441936,3742,12.97233585245788,1933,6.701102405879499,1411,4.8914927546280245,2470,8.562712334465784,5979,20.727310545656245,34978,18516,28846,4252,2.0337296842266377
"Price, UT Micro Area",0.2,1.4,0.5,91.0,1.3,5.5,39220,39220,"Price, UT Micro Area",39220,1881,1689,18.413386120863525,68,29.55852692911033,8.194517068798088,43.83356988122806,13387,704,0,104,322,270,0,22,0,0,107,44,87,80,3253,0,15784,612,38.8,53673,21.1,828,31.0,624,21.195652173913043,447,15.183423913043478,323,10.971467391304348,243,8.254076086956522,250,8.491847826086957,120,4.076086956521739,180,6.114130434782608,330,11.209239130434783,427,14.504076086956522,2944,61,0,20446,96,182,7.114933541829554,196,7.66223612197029,264,10.320562939796716,257,10.046911649726349,208,8.131352619233777,237,9.26505082095387,173,6.76309616888194,236,9.225957779515246,555,21.69663799843628,2661,1326,2558,493,3.1234161175874307
"Providence-Warwick, RI-MA Metro Area",0.3,2.6,1.8,83.0,1.4,10.9,39300,39300,"Providence-Warwick, RI-MA Metro Area",39300,100176,252585,35.00136627230313,20045,27.759111012154765,11.634399025729774,25.60512368981233,1185708,51197,728,18176,16563,20945,1664,2803,7112,2814,7465,3467,14758,16552,277945,301,1385850,117651,40.6,85646,22.1,1236,29.4,44529,15.89163609370316,57427,20.494710996274144,46072,16.442306319681375,30466,10.872792679619137,21171,7.555566658577323,12630,4.50743030078086,15751,5.621261652224808,18385,6.56129105937103,33015,11.782487045152818,280204,24173,429,1673807,24733,11665,4.699516954922507,20302,8.179133580697535,30126,12.13696080445739,30986,12.483431835853306,27358,11.021807531313328,23480,9.45946490369314,14139,5.696225480124246,19474,7.845554494655886,56861,22.90777827465484,133011,70415,248217,50909,3.6734855864631815
"Provo-Orem-Lehi, UT Metro Area",0.5,2.9,1.9,76.8,0.9,17.1,39340,39340,"Provo-Orem-Lehi, UT Metro Area",39340,35774,107202,43.37256952056527,5727,17.094161228126385,4.676020393823392,34.857248857484954,355794,9336,28,1475,2460,4933,71,251,139,636,1297,356,499,1057,51484,28,496956,35229,25.6,96745,20.6,1434,28.5,18387,18.42790996011145,21671,21.719216660987392,16062,16.097736976086914,10990,11.014452083625647,7533,7.549760468239492,4213,4.222373669546393,4624,4.634288119625569,7948,7.965683818076129,8151,8.169135480767304,99778,3337,70,695895,6159,2273,3.605189696738993,6237,9.892462885420631,8252,13.088440553229288,7911,12.547582794061668,7589,12.03686080446644,5811,9.216787209744956,3673,5.825720086283467,5966,9.462631645730236,12387,19.64693566806243,62412,25834,63048,12520,2.519337728088604
"Pueblo, CO Metro Area",0.3,1.3,0.6,89.5,0.8,7.6,39380,39380,"Pueblo, CO Metro Area",39380,14143,19072,25.01743879408612,802,30.03300610783129,9.542848393078923,35.40670670500366,117554,6661,103,1681,2275,2034,27,206,48,176,552,300,960,1472,28644,0,135926,8054,40.4,62250,22.2,1059,31.6,4504,15.265209286561598,5852,19.833926453143537,4380,14.844941535332994,3153,10.686324351804778,2114,7.164887307236062,1303,4.416200643958651,1773,6.009150991357397,2367,8.02236908998475,3846,13.035078800203356,29505,1384,0,168726,1481,1133,5.272955740680412,1457,6.780844231395728,2482,11.551170475171034,2114,9.83850700423512,2204,10.257364918322706,1730,8.051379904128078,1502,6.990273188439522,1555,7.236933960068879,5744,26.732442872434497,17798,9681,21487,4068,2.992804908553184
"Pullman, WA Micro Area",1.5,11.7,3.4,72.7,1.1,9.5,39420,39420,"Pullman, WA Micro Area",39420,2441,6602,50.158065443199085,1809,15.055220265221497,3.92905530237714,30.85765898920228,24357,579,0,103,116,382,0,13,0,5,37,0,28,107,3088,0,40563,3326,26.1,52893,20.7,1002,39.2,910,18.74356333676622,858,17.672502574665295,786,16.189495365602472,599,12.337796086508751,323,6.652935118434604,231,4.757981462409886,157,3.233779608650875,547,11.266735324407827,435,8.959835221421216,4855,166,0,47042,480,266,2.774590591425889,706,7.364138938145405,917,9.565035986231354,840,8.76186502555544,696,7.259831021174507,497,5.184103473453635,551,5.747366225096485,737,7.687493480755189,3561,37.144049233336816,3602,1473,9587,1634,4.0283016542168975
"Punta Gorda, FL Metro Area",0.5,1.0,0.2,80.7,2.2,15.3,39460,39460,"Punta Gorda, FL Metro Area",39460,16670,25246,25.310375406443985,1586,32.952138141688835,7.753842743127402,33.98364370873978,162384,8304,32,2249,1955,3495,73,92,51,37,205,138,1020,1001,45205,349,174984,11278,60.0,66154,24.6,1289,35.2,4209,12.585217079296736,5651,16.89690228441574,4847,14.492883626360484,3602,10.770242793924172,2615,7.819040784595144,2412,7.21205597416577,2654,7.935653629948571,2382,7.122353785432364,4978,14.884583183829688,33444,1871,23,195083,2990,382,2.5975792193662453,761,5.174758601931185,1304,8.867129062967496,1259,8.561131510947913,1552,10.553515571875426,1328,9.03032775737794,1169,7.949136406908745,1567,10.655514755881953,3943,26.812185502515977,23731,14783,14706,4137,2.3642161569057745
"Putnam, CT Micro Area",0.1,0.6,0.1,87.7,0.8,10.6,39480,39480,"Putnam, CT Micro Area",39480,7400,10581,26.15902433528616,793,35.21856692203696,7.894885083370888,30.727523659305994,71008,3423,14,1222,720,1016,0,0,41,45,187,211,599,823,21585,16,80298,6497,43.9,87564,21.8,1153,27.5,3176,15.743815991672037,4340,21.51390472413622,3633,18.009220244881774,2037,10.097655281812322,1843,9.135973826401626,686,3.400584940266693,891,4.416794725623358,1245,6.171615525702672,2305,11.426163684132256,20173,686,26,95829,704,638,6.845493562231759,714,7.660944206008584,1302,13.969957081545065,888,9.527896995708154,1419,15.225321888412015,911,9.774678111587985,648,6.9527896995708165,482,5.171673819742489,1515,16.255364806866954,9563,4856,9320,3275,4.07855737378266
"Quincy, IL-MO Micro Area",0.3,2.5,0.5,88.8,1.0,6.8,39500,39500,"Quincy, IL-MO Micro Area",39500,4725,8886,25.6793768574814,377,36.10069734465142,7.284240787863483,30.935685010003688,51481,1962,5,543,993,696,0,15,22,0,28,185,451,611,16623,7,60299,3379,40.9,63470,17.6,803,26.1,3186,25.780870691050332,2851,23.07007606408804,1760,14.24178669687652,994,8.043372714031397,490,3.965042887198576,338,2.7350703997410584,409,3.309597022171872,1483,12.000323676970384,790,6.392620165075255,12358,158,36,75111,578,429,5.120553831463356,1122,13.392217713058008,1102,13.153497254714727,998,11.912150871329672,864,10.312723800429696,453,5.407018381475293,520,6.20673191692528,539,6.433516352351397,1668,19.909286225829558,6454,4747,8378,1486,2.464385810709962
"Racine-Mount Pleasant, WI Metro Area",0.2,1.0,0.9,87.0,2.0,8.9,39540,39540,"Racine-Mount Pleasant, WI Metro Area",39540,14996,25503,27.98611929741837,890,29.884769539078157,8.415360132028765,33.713751031474715,135728,6145,0,1377,2230,2940,86,124,285,175,586,138,957,1250,34417,27,157246,10043,40.5,75331,20.5,1017,26.5,7204,19.364029782544417,8092,21.75093406445717,5722,15.380480068811655,4038,10.85396339004919,2537,6.819342526140365,1672,4.494261215493374,1698,4.564148052576405,2727,7.330054027900975,3446,9.262693868774024,37203,1242,5,196888,1549,1009,4.420397791991588,2980,13.055287829667922,3230,14.150530097257514,2738,11.9950933146412,2631,11.526329624112854,1695,7.425742574257425,1037,4.543064925961623,1658,7.263646718654167,4479,19.62236046613511,19416,11347,22826,4261,2.70976686211414
"Raleigh-Cary, NC Metro Area",0.2,1.1,0.6,73.5,1.2,23.4,39580,39580,"Raleigh-Cary, NC Metro Area",39580,86785,302685,50.230744740474464,23313,17.284037264995867,7.060982320589225,25.424235673940444,983121,26264,220,8170,9695,10708,132,1667,852,2374,5704,1744,6795,9580,143659,233,1148453,141968,37.5,96066,18.5,1459,28.9,61992,22.86051442795243,62062,22.886328016963216,37872,13.965889185950031,24432,9.009680095879045,13960,5.147967179865401,9273,3.4195630128146037,9969,3.67622384069328,29865,11.013183368673364,21006,7.746289296579699,271175,11352,192,1449594,25863,6673,3.638971293953407,17758,9.683928104004886,22797,12.431834045894774,23947,13.058960823662858,20888,11.390803594799756,17791,9.701923915888669,11444,6.240729430241689,15171,8.27316551784312,38443,20.964030189337755,114569,48597,183376,33046,2.8774359943332466
"Rapid City, SD Metro Area",0.6,2.2,0.3,86.2,1.3,9.3,39660,39660,"Rapid City, SD Metro Area",39660,12506,22703,32.528520896357485,1515,27.55550076340221,5.31062409316352,34.60535424707679,105449,6451,0,1000,889,1230,0,72,5,0,72,165,513,498,22606,36,122132,7699,40.2,71985,22.7,1083,28.4,3530,13.840423446383063,4810,18.85904724563811,4737,18.572828857086847,2949,11.56243873750245,2071,8.119976475200941,1448,5.677318172907273,1562,6.124289355028425,1788,7.010390119584395,2518,9.87257400509704,25505,1082,38,151064,2384,852,4.751282623243363,1539,8.582422484943118,1902,10.606736560339058,2498,13.93040374749052,2228,12.42471559223734,2189,12.207227303145215,1140,6.357349988846754,1382,7.706892705777381,2849,15.88779834931965,16536,7449,17932,2528,2.069891592702977
"Raymondville, TX Micro Area",0.0,2.3,0.0,88.2,0.1,9.4,39700,39700,"Raymondville, TX Micro Area",39700,704,1212,12.181916621548456,25,34.61984685590533,32.26854358419058,20.92969293835564,12929,841,46,536,400,469,133,157,146,181,411,216,311,469,3635,0,15904,308,33.7,45645,18.1,868,29.1,196,20.696937697993665,242,25.55438225976769,110,11.615628299894404,78,8.236536430834214,9,0.9503695881731784,5,0.5279831045406547,15,1.583949313621964,111,11.721224920802534,144,15.205913410770854,947,697,0,20218,30,97,6.190172303765156,170,10.848755583918315,228,14.550095724313977,36,2.297383535417996,113,7.211231652839821,130,8.296107211231654,33,2.105934907466496,178,11.359285258455648,262,16.719846841097638,1165,837,1567,645,4.055583501006036
"Reading, PA Metro Area",0.1,2.8,1.0,83.5,1.9,10.6,39740,39740,"Reading, PA Metro Area",39740,27222,51020,27.16939162140192,3056,36.85712439330501,11.620313525684413,24.35317045960865,294011,12938,52,5450,5873,6210,104,366,360,670,1250,1075,4879,3485,95426,12,346504,21726,39.9,77684,19.9,1143,29.8,13295,18.87314746465277,15964,22.66197263074215,10664,15.138265856566916,7592,10.777355062177048,4059,5.7620237351655215,2840,4.031571177105218,3608,5.1217988757026855,6124,8.693430242462098,6087,8.640906251774458,70444,4364,15,429989,4079,1841,3.932164292274504,4691,10.019436553535956,5972,12.755505243597684,4996,10.67088147974113,4571,9.763130353061792,3985,8.51150174074628,2680,5.724171810589718,4352,9.295371537196436,10773,23.00988914756829,27677,16702,46819,11745,3.3895712603606305
"Red Bluff, CA Micro Area",0.1,1.6,0.1,86.9,1.0,10.2,39780,39780,"Red Bluff, CA Micro Area",39780,4760,5952,18.843192237503896,159,28.773311968665155,13.720122846842036,38.66337294698892,44934,1355,38,640,742,1243,132,216,266,101,500,170,489,523,11574,20,51392,1704,40.1,61834,24.1,1159,31.8,1177,12.542625745950552,1604,17.092924126172207,1730,18.435635123614663,925,9.857203751065644,768,8.184143222506394,861,9.175191815856778,653,6.958653026427962,457,4.86999147485081,1154,12.297527706734869,9384,1085,0,65520,652,161,2.024647887323944,654,8.224346076458753,851,10.701710261569415,1157,14.54979879275654,567,7.130281690140845,530,6.664989939637827,452,5.684104627766599,1036,13.028169014084506,1754,22.05734406438632,8593,4020,7952,1839,3.5783779576587795
"Redding, CA Metro Area",0.8,2.0,0.5,87.2,0.9,8.6,39820,39820,"Redding, CA Metro Area",39820,15288,20528,23.266685790040857,866,26.368548768480544,7.93025653748052,42.43450890399807,128987,5304,7,1364,1996,2879,13,101,66,62,334,249,634,955,28708,2,146605,6528,41.7,71931,23.3,1267,30.5,3996,13.840878390080013,5845,20.245228776280698,3773,13.068477018461431,3142,10.882892868276125,2225,7.706695299781788,1306,4.523570364725849,2116,7.3291538221745,2029,7.027813376744831,4298,14.886910740881854,28871,1567,0,181554,2089,936,3.779985461594378,2195,8.864388983119294,2562,10.34649866731282,2953,11.925531055649786,2582,10.427267587432356,2324,9.385348517890316,1582,6.388821581455456,2064,8.335352556336321,5711,23.06356514013408,26449,12998,24762,5115,3.4889669520139157
"Red Wing, MN Micro Area",0.3,2.2,1.0,85.6,0.7,10.2,39860,39860,"Red Wing, MN Micro Area",39860,4359,6422,27.89786782895512,189,32.95735657910237,6.334668394392744,32.81010719754977,33956,1481,0,377,529,551,20,4,0,15,19,42,193,132,9710,1,38566,2280,42.3,82749,20.4,939,29.3,1603,17.148053059477963,2152,23.02096705177578,1655,17.704321780059907,910,9.734702610183996,527,5.637569533590073,444,4.7496790757381255,436,4.664099272571673,721,7.712879760376551,793,8.483097988874626,9348,268,0,47844,582,235,5.441074322759897,361,8.358416300069461,529,12.248205603148875,347,8.03426719147951,595,13.776337115072934,436,10.094929381801345,262,6.066219032183376,378,8.752025931928689,814,18.846955313730028,4324,2458,4319,898,2.32847585956542
"Reno, NV Metro Area",0.4,2.2,1.8,82.7,2.1,10.8,39900,39900,"Reno, NV Metro Area",39900,34730,75383,31.37694872258545,6206,24.379757990367494,11.415356481564022,32.827936805483034,392629,16268,228,6006,6463,9052,624,766,988,1587,4759,543,3350,4132,79454,125,453621,33074,39.4,84684,21.6,1491,30.1,15304,17.165610453704222,16967,19.0309012394145,14553,16.32325724861197,9971,11.1838932196736,6241,7.000168246312602,4166,4.672760921989793,4363,4.893724412539958,7505,8.417923840502496,9725,10.907969267006898,89155,6063,134,556539,8532,2772,3.2668261581794398,6447,7.597845686068847,11342,13.366645846346032,10249,12.078535820772396,9837,11.592990230162751,8024,9.45635392973731,5541,6.530116790213664,8482,9.996110921240264,18934,22.313884011172263,63010,31152,84853,14962,3.298348180529561
"Rexburg, ID Micro Area",0.8,10.4,0.9,75.5,0.5,11.9,39940,39940,"Rexburg, ID Micro Area",39940,3600,6690,34.00907494145199,462,20.704039812646368,5.130269320843092,40.15661592505855,27328,907,0,191,285,268,0,44,9,0,145,21,131,125,4751,0,54836,1954,22.4,60690,20.4,960,30.1,1023,20.04310344827586,1080,21.15987460815047,833,16.320532915360502,571,11.18730407523511,405,7.934952978056427,251,4.917711598746082,206,4.036050156739812,377,7.386363636363637,349,6.837774294670846,5104,183,0,67279,188,1012,12.119760479041917,573,6.862275449101797,563,6.74251497005988,976,11.688622754491018,835,10.0,1001,11.988023952095809,583,6.982035928143712,733,8.778443113772456,1679,20.107784431137723,5573,1801,8350,2931,5.345028813188416
"Rice Lake, WI Micro Area",0.1,3.5,0.1,87.3,0.9,8.2,39960,39960,"Rice Lake, WI Micro Area",39960,5075,4938,22.282168869705963,331,34.96687947726523,8.272637352756048,34.47831430027276,33363,1771,0,556,308,540,29,16,51,6,7,2,571,267,9895,3,37889,1592,44.8,64619,21.0,859,27.3,1394,17.48400852878465,1515,19.00163050294745,1182,14.825034491408504,972,12.191145114762325,446,5.593879342781889,454,5.694217985701743,472,5.919979932271416,831,10.422676533299889,697,8.742004264392325,7973,401,3,46741,573,213,4.676180021953897,520,11.41602634467618,614,13.479692645444564,475,10.428100987925356,506,11.10867178924259,556,12.206366630076838,190,4.171240395170143,407,8.93523600439078,633,13.89681668496158,3974,2454,4555,727,1.9187627015756552
"Richmond, IN Micro Area",0.0,2.7,0.2,90.3,0.6,6.1,39980,39980,"Richmond, IN Micro Area",39980,4273,5559,20.215841627860783,541,36.67983491867317,11.65500651056035,31.449316942905696,45311,2761,0,1156,833,808,24,15,4,0,148,129,903,619,13859,0,53121,2463,40.9,56652,17.3,813,29.4,3145,26.797886843899114,2249,19.163258350374917,1587,13.522494887525562,654,5.572597137014316,500,4.260395364689843,280,2.3858214042263124,618,5.265848670756646,1695,14.44274028629857,998,8.503749147920928,11736,611,31,66377,597,234,2.88106377739473,716,8.815562669293278,946,11.647377493228268,1116,13.740458015267176,898,11.056390051711402,588,7.239596158581631,522,6.426988426495937,741,9.123368628416646,1834,22.58064516129032,6051,3926,8122,1696,3.1927109805914795
"Richmond, VA Metro Area",0.3,1.7,1.1,79.0,1.2,16.7,40060,40060,"Richmond, VA Metro Area",40060,72336,225465,40.20355574002974,15796,24.43760592853931,8.077051122410156,27.281787209020784,925152,38351,302,11277,13379,13112,662,1309,1137,1328,4778,2892,5340,7393,187734,110,1074741,107910,38.7,84405,19.5,1388,30.8,51095,20.69997893338087,52385,21.2225931387642,35556,14.404705958612196,23697,9.6003014147045,15218,6.165227114359332,9969,4.038713963927466,10840,4.391579834383964,24882,10.080377254533374,21802,8.832585198269296,246836,11602,104,1327321,22773,6288,3.650825906465004,13468,7.819548872180452,20114,11.678230324846869,19129,11.106337271750808,19886,11.545853049612449,15955,9.26350625598746,11008,6.391267744651204,14784,8.583621215200163,42224,24.515342410079253,121944,58118,172235,32887,3.0599930587927697
"Richmond-Berea, KY Micro Area",0.2,3.3,0.1,87.6,1.0,7.7,40080,40080,"Richmond-Berea, KY Micro Area",40080,6702,13294,28.197115682700296,1270,32.970003596096376,11.81007651005047,27.022804211152856,80643,5862,34,1457,1455,1421,10,105,165,82,285,287,1538,1127,20726,41,101146,6959,36.6,58837,18.7,818,27.6,4276,23.591724137931035,4223,23.299310344827585,2522,13.91448275862069,1680,9.268965517241378,803,4.430344827586207,871,4.80551724137931,686,3.7848275862068967,1624,8.959999999999999,1424,7.856551724137931,18125,1517,0,124287,1216,606,3.574166912415216,1756,10.35682689472132,2150,12.680625184311412,1927,11.36537894426423,1957,11.542317900324388,1308,7.714538484222944,926,5.461515777056915,1076,6.346210557357712,3176,18.73193748156886,10198,4892,16955,3314,3.2764518616653158
"Rifle, CO Micro Area",3.4,4.2,4.1,76.1,1.0,11.2,40090,40090,"Rifle, CO Micro Area",40090,4861,13716,40.871229381208416,626,21.2558097147544,9.466873234302378,28.4060876697348,54865,1990,56,309,481,1077,1,87,22,29,744,87,657,453,9672,9,63223,6069,38.8,90267,24.5,1637,30.1,1905,13.79734917071051,2313,16.752371985224887,1801,13.044108061128412,1643,11.899760990801768,1051,7.612080828565221,630,4.562902875353082,1294,9.372057651915696,1059,7.670022452379229,2083,15.086550300572174,13807,1182,0,79153,2013,220,2.217294900221729,960,9.675468655513004,1329,13.394476919975812,904,9.111066317274744,1254,12.638580931263856,1063,10.713565813344085,743,7.48840959483975,1066,10.743801652892564,1832,18.46401935093731,7370,3354,9922,1442,2.2808155259952865
"Rio Grande City-Roma, TX Micro Area",0.0,3.3,0.0,85.8,1.8,9.1,40100,40100,"Rio Grande City-Roma, TX Micro Area",40100,1684,3320,13.2970175677516,116,25.10962821734985,39.92646057469699,21.666893640201558,36715,1427,116,1015,983,637,334,977,473,797,3530,870,1457,1519,7792,38,46794,1239,29.1,38182,24.9,715,34.6,560,22.284122562674096,186,7.401512136888182,418,16.63350576999602,290,11.5399920413848,232,9.23199363310784,110,4.3772383605252685,234,9.31157978511739,98,3.899721448467967,371,14.763231197771589,2513,1859,54,65809,207,179,3.3716330759088344,262,4.935016010548126,271,5.104539461292146,404,7.609719344509323,457,8.608024110001883,367,6.912789602561688,208,3.917875306084008,367,6.912789602561688,1304,24.562064418911284,3973,2298,5309,2917,6.233705175877249
"Riverside-San Bernardino-Ontario, CA Metro Area",0.2,1.3,0.8,85.9,1.3,10.5,40140,40140,"Riverside-San Bernardino-Ontario, CA Metro Area",40140,255727,467101,24.07028946331359,29245,27.029613038952228,17.260036424678216,31.640061073055968,3029814,93613,3398,41394,60716,104789,7843,14830,8533,16932,70028,11200,27416,56374,725334,1483,3614279,190250,35.6,86031,25.1,1756,34.1,80448,12.394616181038309,109022,16.797009811171918,97864,15.077897746881623,76175,11.736275452349258,54970,8.46922299462604,39951,6.155247004880935,48702,7.50351279396539,34561,5.32481018586994,103808,15.99368929645516,649056,96479,1532,4637725,42689,11365,2.2992807793074848,29472,5.962551969005736,48532,9.818626905530213,56236,11.377241874626986,49376,9.989378597367915,47419,9.593453169730012,35235,7.128478509362007,51479,10.414841639944566,139250,28.172006028910445,477587,225321,494285,150760,4.171233045373642
"Riverton, WY Micro Area",0.9,4.1,0.4,84.1,1.3,9.1,40180,40180,"Riverton, WY Micro Area",40180,3138,4016,25.25450569338662,142,31.211824145992008,6.470100294095468,37.0635698665259,26522,1721,0,397,452,381,2,15,0,0,48,12,126,186,6557,0,30846,2112,39.4,64646,22.1,858,25.6,994,19.55538068070037,843,16.584694078300217,922,18.138894353728112,586,11.528624827857564,417,8.203816643714342,209,4.111745032461145,337,6.629942947078497,320,6.29549478654338,443,8.71532559512099,5083,97,0,39472,428,333,7.671043538355218,461,10.6196728864317,594,13.683483068417416,471,10.850034554250172,434,9.997696383321816,345,7.947477539737388,280,6.450126698917299,368,8.47730937571988,536,12.34738539507026,4787,1905,4341,1502,4.869350969331518
"Roanoke, VA Metro Area",0.1,1.5,0.9,84.5,1.2,11.8,40220,40220,"Roanoke, VA Metro Area",40220,20297,43339,30.575772637707917,3303,32.26172935934532,8.07563950082545,29.08685850212132,225332,12340,41,3560,3212,2859,83,90,132,406,607,917,1526,1900,60356,31,257578,17283,42.8,67447,19.4,986,27.3,10330,19.448732914109275,10493,19.75561998719735,7912,14.896260872839552,4624,8.705802613246979,3079,5.7969650186391535,2061,3.880332868923448,2519,4.742629062017547,6789,12.781940731257295,5038,9.485258124035091,53114,2765,68,314661,4972,2324,5.709091802392709,4382,10.764733338246494,4786,11.757191637801853,5292,13.000221092195446,4374,10.745080698651336,3025,7.43115434691822,2154,5.291473210995652,3669,9.013191834328248,7531,18.500503598889622,27163,18082,40707,5683,2.206321968491097
"Roanoke Rapids, NC Micro Area",0.0,0.8,0.0,88.8,3.4,7.0,40260,40260,"Roanoke Rapids, NC Micro Area",40260,4496,5040,16.43968257309449,309,35.64106342223251,18.09838550108405,29.820868503588944,47507,2443,30,1710,2059,715,12,94,116,102,240,378,1095,1395,14489,0,53793,2077,45.9,45823,22.0,769,30.9,1560,18.13531736805394,1249,14.519879097884214,1197,13.915368518949082,632,7.347128574750059,697,8.102766798418973,386,4.487328528249244,525,6.103231806556615,987,11.474075796326437,1322,15.368518949081608,8602,641,11,65431,384,409,4.333545242636152,891,9.44055944055944,1171,12.407289680016952,481,5.096418732782369,896,9.49353676626404,816,8.645899554990464,558,5.912269548633185,590,6.251324433142615,2176,23.05573214664124,6791,2880,9438,2193,4.07673860911271
"Rochelle, IL Micro Area",0.1,1.6,0.6,89.4,1.1,7.2,40300,40300,"Rochelle, IL Micro Area",40300,4109,5553,24.04140464132673,146,32.86493405309144,8.959875340864823,34.13378596471701,35938,1884,12,625,653,460,87,3,0,108,47,40,428,287,9927,0,41396,2624,42.0,79244,18.8,901,24.4,1888,20.774647887323944,1988,21.875,1374,15.118838028169016,881,9.694102112676056,469,5.160651408450704,254,2.794894366197183,382,4.203345070422535,1135,12.48899647887324,705,7.757482394366197,9088,470,0,51536,317,446,8.454976303317535,850,16.113744075829384,583,11.0521327014218,580,10.995260663507109,535,10.142180094786733,400,7.582938388625592,171,3.2417061611374405,506,9.592417061611377,704,13.345971563981044,5191,2967,5275,1396,3.3723065030437724
"Rochester, MN Metro Area",0.6,3.5,2.5,79.5,1.1,12.8,40340,40340,"Rochester, MN Metro Area",40340,19374,38343,42.29002709327829,4131,22.95961811379177,5.19545865049671,29.55489614243324,155020,3818,2,925,1305,1363,2,36,156,39,262,177,1308,318,31774,20,178705,16750,38.8,89675,19.0,1195,28.8,8482,19.879066279178776,10202,23.91019030655292,6675,15.644042373675823,4142,9.707509140339363,2482,5.817005718571295,1446,3.388956595106403,1466,3.435830130308428,4702,11.019968125996064,2993,7.014624542983032,42668,2141,0,227252,6334,1017,4.290596127072523,2079,8.771041640298696,2964,12.50474623465384,2938,12.395055478209509,2680,11.306585664261908,2605,10.990170020672489,1520,6.41269037674556,1436,6.05830485592541,4873,20.55857908281652,17017,9425,23703,4168,2.332335413110993
"Rochester, NY Metro Area",0.4,2.7,1.4,81.7,1.2,12.6,40380,40380,"Rochester, NY Metro Area",40380,90977,156670,37.84302140127834,14256,25.134557122341665,8.278543674031923,28.743877802348077,742993,32776,76,8846,11474,12059,240,345,528,778,1323,1361,5937,5711,153972,117,870619,92156,40.6,74438,19.0,1102,29.9,39593,21.765278243517365,39506,21.717452132659737,25320,13.919047435805815,16397,9.013847583132224,10614,5.834785524630448,7537,4.143280431424504,8489,4.666619023797613,19111,10.505802351725311,14734,8.099654222715753,181909,12474,240,1058875,18089,5772,3.970557886771686,12507,8.603563321180436,17616,12.118043612849968,17408,11.974960445759098,15884,10.92660108688175,12560,8.640022012794937,8545,5.878104148036046,11797,8.11515443351448,35772,24.607553140262777,75584,47004,145370,26383,3.030372642912686
"Rockford, IL Metro Area",0.2,1.1,0.5,88.5,1.1,8.5,40420,40420,"Rockford, IL Metro Area",40420,21639,35289,24.384949982058306,1652,30.734559203213752,11.824889067819605,33.055601746908344,228518,13066,0,4098,5508,5033,125,245,346,496,1466,420,2141,3255,57168,128,266466,15165,39.6,66571,19.0,988,29.6,11890,21.643760808227903,12495,22.74506234640939,7330,13.343041776645126,5023,9.143533266587786,2964,5.395467370528807,1632,2.970783653408574,2787,5.073268408118685,5553,10.108309820697189,5092,9.269136251934103,54935,3740,21,336605,3618,1976,4.555304532251371,3741,8.624187376089262,5396,12.439485453455667,5326,12.278113329337453,4219,9.726128452210798,3467,7.992530775969385,2298,5.297616303195167,3662,8.44206740744156,10495,24.19429203743833,33886,20013,43378,12214,4.58369923367334
"Rockingham, NC Micro Area",0.0,1.3,0.2,95.2,0.6,2.7,40460,40460,"Rockingham, NC Micro Area",40460,3536,2988,16.186184119994497,190,30.60066052015963,15.82152194853447,37.39163341131141,29068,1195,0,854,961,595,42,36,115,55,176,110,414,787,7700,0,34049,1243,40.3,43626,22.6,744,32.2,1134,20.34080717488789,849,15.228699551569507,810,14.52914798206278,467,8.376681614349776,548,9.829596412556054,252,4.52017937219731,287,5.147982062780269,385,6.9058295964125564,843,15.121076233183857,5575,454,0,42818,284,141,2.3681558616056435,660,11.084984884111522,512,8.599261001007726,344,5.777628485052066,395,6.634195498824321,414,6.953308700033591,79,1.3268390997648638,301,5.055424924420557,1630,27.376553577426936,4808,2525,5954,1863,5.471526329701313
"Rock Springs, WY Micro Area",0.6,1.8,2.4,92.1,0.3,2.8,40540,40540,"Rock Springs, WY Micro Area",40540,3806,3648,20.375790424570912,146,31.147244805781398,7.468834688346883,41.00813008130081,27675,2160,0,242,538,369,0,21,5,0,66,40,232,114,6460,0,32411,1340,37.4,76464,18.3,913,24.6,1662,25.071654849901947,1563,23.578216925629807,881,13.290089002866193,559,8.43264444109217,249,3.756222658017801,272,4.103182983858803,299,4.5104842359330215,607,9.156735555890783,514,7.753809020968472,6629,440,0,41786,505,430,9.801686801914748,674,15.36357419648963,390,8.889901983131981,584,13.312058354228402,466,10.622293138819238,266,6.063369044905402,161,3.6699338956006384,430,9.801686801914748,666,15.181217232733074,4939,2604,4387,1254,3.869056801703125
"Rocky Mount, NC Metro Area",0.1,0.7,0.4,88.1,1.7,9.1,40580,40580,"Rocky Mount, NC Metro Area",40580,10091,13732,20.03743081272648,433,34.84549834746944,14.280452355353802,30.836618484450284,100452,5970,37,2484,3568,1456,29,77,27,187,670,559,1424,2122,29033,11,115898,5055,41.6,57437,20.1,889,27.0,4225,22.126211050013094,3154,16.517412935323385,2416,12.652526839486775,1924,10.07593610892904,1294,6.776643100288034,749,3.922492799162084,1094,5.729248494370253,2063,10.803875360041896,2082,10.903377847604084,19095,1694,0,144228,908,1270,5.833716123105191,2209,10.1469912723932,2776,12.751492880110243,2783,12.783647220946255,1815,8.337161231051907,1560,7.165824529168581,1247,5.728066146072576,1946,8.938906752411576,3936,18.0799265043638,14852,6033,21770,4609,3.9767726794250113
"Rolla, MO Micro Area",0.7,3.8,0.1,87.5,0.9,7.0,40620,40620,"Rolla, MO Micro Area",40620,1835,4652,31.54343448616949,798,33.005970254707314,8.404281626452821,27.046313632670365,28307,1946,0,410,550,519,14,30,35,18,9,1,391,154,7397,0,36396,2897,36.2,55427,18.6,801,32.0,1659,28.797083839611176,1279,22.201006769658047,1084,18.81617774691894,286,4.964415900017358,316,5.485158826592605,228,3.95764624197188,219,3.801423363999306,281,4.877625412254817,360,6.248915118902968,5761,248,0,44948,582,222,3.30307989882458,526,7.826216336854634,726,10.801963993453354,734,10.920993899717304,498,7.409611664930813,870,12.944502306204434,673,10.013390864454694,348,5.177800922481773,1524,22.67519714328225,3933,1888,6721,868,2.3848774590614354
"Rome, GA Metro Area",0.1,2.8,0.1,89.4,1.5,6.2,40660,40660,"Rome, GA Metro Area",40660,4995,9328,24.946125595653623,786,30.70841047743345,15.080280450420371,29.265183476492552,65894,4071,22,1363,1603,1432,203,186,129,242,486,337,1049,1503,16164,31,78855,4617,37.8,62540,18.6,971,30.1,2904,23.5370400389042,2487,20.15723780191279,1547,12.538498946344626,1190,9.644999189495866,662,5.3655373642405575,566,4.58745339601232,584,4.733344140055115,1419,11.501053655373642,899,7.2864321608040195,12338,1337,14,98985,1707,712,5.1167804527488325,1345,9.66582824290334,1884,13.539346029464609,1290,9.270571325907294,1090,7.833273445921667,1023,7.351778656126482,772,5.54796981674452,1385,9.953287818900469,3176,22.82429033417176,9939,4350,13915,1978,2.5084014964174752
"Roseburg, OR Micro Area",0.2,2.6,0.3,86.3,0.9,9.7,40700,40700,"Roseburg, OR Micro Area",40700,9094,10059,18.946672278001564,617,31.90284374436361,8.371310046293514,40.77917393134131,83165,5109,62,1163,1457,1535,0,6,80,11,271,94,765,545,21423,0,93077,4120,46.6,58983,21.9,995,29.1,3263,18.73994946014243,2961,17.00551343900758,2103,12.07787732598208,2071,11.894096025729382,1343,7.713071444980474,631,3.623937514357914,1141,6.55295198713531,1577,9.056972203078336,2140,12.290374454399265,17412,960,13,111807,961,466,3.535391851908049,1081,8.201198695091419,1484,11.25862984599044,1662,12.60905849328579,1370,10.393748577497911,1069,8.11015856156589,885,6.714209847507776,824,6.251422502086336,2779,21.0833775889538,15547,9273,13181,2724,2.9266091515626846
"Roswell, NM Micro Area",0.3,2.0,0.1,91.4,1.2,5.0,40740,40740,"Roswell, NM Micro Area",40740,3843,4671,18.20000476315225,359,27.55245421419896,19.05737216890138,35.19016885374741,41989,3021,53,1146,1072,1085,104,355,111,172,990,244,675,1050,8548,15,50258,2061,36.9,52029,19.6,838,27.8,1693,23.734753960465444,1441,20.201878592457597,1056,14.804430113556707,383,5.369409785503995,251,3.518856021309407,403,5.649796719472873,405,5.677835412869761,484,6.785363802046825,916,12.84172157577457,7133,922,8,64446,551,435,5.885536463266135,758,10.255716411852251,853,11.541063455554053,715,9.673927749966175,817,11.053984575835475,468,6.332025436341496,226,3.057772967122176,351,4.749019077256122,1806,24.435123799215265,7325,3608,7391,1576,3.1358191730669747
"Ruidoso, NM Micro Area",0.2,1.1,0.1,83.8,1.9,12.8,40760,40760,"Ruidoso, NM Micro Area",40760,1645,2769,28.7753807106599,145,27.29060913705584,8.210659898477157,35.723350253807105,15760,490,0,87,321,239,13,51,33,17,180,46,51,137,3811,0,17235,1352,52.7,51643,24.5,883,33.3,321,10.873983739837398,407,13.787262872628723,642,21.747967479674795,309,10.467479674796747,203,6.876693766937669,143,4.8441734417344176,273,9.247967479674797,135,4.573170731707317,438,14.83739837398374,2952,119,0,20227,269,61,3.1754294638209264,107,5.570015616866216,195,10.15096304008329,111,5.778240499739719,162,8.433107756376886,144,7.496095783446122,64,3.331598125976054,279,14.523685580426864,341,17.751171264966164,2824,1161,1921,529,3.069335654192051
"Russellville, AL Micro Area",0.0,0.1,0.0,98.1,0.3,1.5,40770,40770,"Russellville, AL Micro Area",40770,1399,2036,14.889393079977312,69,39.402533560219325,20.514274910190963,25.1937984496124,21156,987,0,963,710,397,93,49,7,15,197,218,312,841,7349,0,24865,890,38.6,51493,17.4,667,22.4,795,23.76681614349776,1048,31.330343796711507,319,9.536621823617338,81,2.4215246636771304,96,2.8699551569506725,84,2.5112107623318383,140,4.185351270553064,378,11.300448430493274,404,12.077727952167413,3345,525,13,31978,155,269,8.216249236408062,497,15.18020769700672,317,9.682345754428834,485,14.813683567501526,163,4.978619425778864,99,3.023824068417837,110,3.359804520464264,279,8.521686010995724,418,12.767257177764202,2327,1604,3274,501,2.01488035391112
"Russellville, AR Micro Area",0.0,1.7,0.2,91.0,2.0,5.1,40780,40780,"Russellville, AR Micro Area",40780,3887,8107,22.06699361190032,577,36.17510269820301,15.13599594636168,26.62190774353499,55259,3893,9,1591,1265,1407,91,64,173,34,478,300,895,1038,16097,12,66814,2973,37.3,54936,19.3,822,27.8,2807,23.061123890897143,2022,16.611896155110088,1619,13.301018731514953,1168,9.595793624712456,914,7.509037134406836,519,4.2638843246795926,569,4.674663161353927,1522,12.504107788366744,1007,8.273085770621098,12172,1001,6,84025,537,596,6.246724661985117,895,9.380568074625302,1070,11.214757362959856,823,8.625930195996228,1093,11.455822240855255,638,6.68693009118541,634,6.645005764594907,687,7.200503091919086,1541,16.15134681899172,7502,3322,9541,1683,2.518933157721436
"Ruston, LA Micro Area",0.2,2.8,0.0,86.3,0.3,10.4,40820,40820,"Ruston, LA Micro Area",40820,1257,5189,35.95092953693537,603,29.5747983794631,10.609215857029268,23.86505622657226,26411,1069,2,707,590,306,5,134,27,44,45,57,184,454,6742,0,39611,3356,28.6,38035,18.4,821,39.5,1140,27.16873212583413,922,21.973307912297425,483,11.510962821734983,281,6.696854146806483,290,6.911344137273594,234,5.5767397521449,177,4.218303145853194,326,7.769304099142039,317,7.554814108674929,4196,247,0,48160,347,255,2.9905007622845083,451,5.2890817403541694,544,6.379734959540285,816,9.569602439310426,477,5.593995543567491,605,7.095109651694617,427,5.007622845080333,720,8.443766858215081,2767,32.44986513427935,3074,1972,8527,891,2.2493751735628997
"Rutland, VT Micro Area",0.0,2.5,0.8,86.4,0.8,9.4,40860,40860,"Rutland, VT Micro Area",40860,4440,9081,33.534528670335526,548,32.89987573229185,6.271081129060891,27.294514468311736,45064,1548,0,511,671,552,14,7,0,4,17,76,406,389,13278,0,51306,4554,47.7,64778,21.4,965,30.9,2068,19.757332569026463,2193,20.951562052163943,1405,13.423139390465272,1086,10.375465749498424,738,7.05073086844368,414,3.9552880481513326,652,6.229100984045094,559,5.340594248590809,1295,12.37221744530429,10467,179,0,60484,929,187,2.689873417721519,545,7.839470655926352,572,8.227848101265822,807,11.608170310701956,1069,15.37686996547756,610,8.774453394706558,565,8.127157652474109,563,8.098388952819333,1664,23.935558112773304,5519,2341,6952,1235,2.4071258722176743
"Sacramento-Roseville-Folsom, CA Metro Area",1.1,1.8,1.3,76.3,1.6,17.9,40900,40900,"Sacramento-Roseville-Folsom, CA Metro Area",40900,162851,379918,36.31107741387726,26473,20.635121534106943,9.906583031854789,33.14721802016101,1651306,46486,553,13196,17444,38873,1129,3258,1626,3416,13904,3235,9635,10534,294263,365,1930890,144057,38.3,93986,23.4,1729,32.9,52638,13.907883194707193,68755,18.16627738614866,61800,16.32864435261417,44632,11.7925575201598,30923,8.170399179868737,20310,5.366258362485335,24530,6.481256407275494,24892,6.576903158984981,48217,12.739777423139117,378476,45852,568,2406563,49159,8309,2.529137280804551,22241,6.769832983797572,34076,10.372232757334924,37647,11.459192587609692,36139,11.000179587314438,29958,9.11877417960558,22799,6.939679969317964,32361,9.850212004346622,88117,26.8215176041226,262123,122388,328531,70987,3.676387572570162
"Safford, AZ Micro Area",0.0,1.1,0.2,92.5,1.5,4.6,40940,40940,"Safford, AZ Micro Area",40940,2568,2407,14.591321897073664,77,30.3087790110999,15.761856710393545,39.3380423814329,24775,2234,3,651,853,633,29,4,12,0,108,55,626,501,5275,0,29716,1029,34.4,67326,19.3,890,23.0,1232,24.729024488157368,956,19.18908069048575,611,12.264150943396226,434,8.711360899237254,302,6.061822561220393,169,3.3922119630670413,285,5.72059413890004,378,7.5873143315937375,515,10.337213970293057,4982,429,1,38860,102,334,10.130421595389748,271,8.21959356991204,490,14.8619957537155,564,17.10646041856233,303,9.1901728844404,247,7.4916590840157715,75,2.2747952684258417,132,4.003639672429482,457,13.861085835608128,5114,2064,3297,955,3.213756898640463
"Saginaw, MI Metro Area",0.2,2.0,0.4,88.3,0.8,8.4,40980,40980,"Saginaw, MI Metro Area",40980,14854,19466,23.44664007504633,887,32.78319694323477,8.93234390134153,34.83781908037737,131119,5863,2,2486,2936,2659,14,79,54,34,243,84,695,861,37122,21,153577,8597,41.1,58347,18.6,921,32.1,6467,22.00333435405396,6491,22.08499200435508,4052,13.786533292504508,2469,8.400530774726956,1949,6.631281684869518,858,2.919260998264775,1285,4.372086693205403,3433,11.68044639515498,2189,7.447858187880644,29391,1531,13,189210,1793,664,3.23208722741433,1867,9.08781152647975,1931,9.399338006230533,2034,9.900700934579438,2022,9.842289719626168,2159,10.509151090342678,1093,5.320288161993769,1740,8.4696261682243,5357,26.07573987538941,19522,11303,20544,5792,3.7713980609075577
"St. Cloud, MN Metro Area",0.5,4.2,1.2,84.2,1.0,8.9,41060,41060,"St. Cloud, MN Metro Area",41060,17650,23206,27.69514667680416,1575,28.265380472660457,7.314040423240195,36.72543242729519,126264,3455,14,992,1424,1765,45,80,38,197,147,104,1519,705,32234,25,157967,8315,35.5,75670,19.5,1021,27.7,5992,19.118726269104368,7509,23.95903130085192,5236,16.706550524871574,3028,9.661465811556749,1618,5.162566606043202,1333,4.253214638971316,1240,3.956478733926805,2810,8.965891324463163,2503,7.98634376695064,31341,2176,4,200816,1873,1083,4.346779048765804,2698,10.82881798113586,3234,12.980132450331125,3048,12.233594220349188,3347,13.433674493277142,1612,6.4699979931768015,1289,5.17359020670279,1912,7.674091912502509,5522,22.16335540838852,20062,8659,24915,4705,2.9784701868111694
"St. George, UT Metro Area",0.4,1.5,0.4,83.2,1.4,13.1,41100,41100,"St. George, UT Metro Area",41100,15604,25871,33.287575022347085,2357,21.461179925935387,5.679351296130762,39.57189375558677,125296,3397,71,849,1131,1888,2,36,0,150,362,99,358,965,23493,17,148399,10868,39.0,76411,22.4,1464,32.3,4338,14.78023850085179,5612,19.12095400340716,4969,16.93015332197615,2829,9.638841567291312,2016,6.868824531516184,1425,4.855195911413969,1866,6.357751277683136,2254,7.679727427597956,3852,13.12436115843271,29350,1140,48,189827,2612,651,3.549618320610687,1031,5.6215921483097055,2183,11.902944383860415,1827,9.961832061068703,2143,11.68484187568157,1673,9.122137404580153,1497,8.162486368593239,1718,9.367502726281351,4494,24.50381679389313,21324,12654,18340,2822,1.9016300648926203
"St. Joseph, MO-KS Metro Area",0.0,1.3,0.2,90.2,1.0,7.2,41140,41140,"St. Joseph, MO-KS Metro Area",41140,5687,12667,22.939719041662656,835,38.52593091503897,9.454681035312229,29.07966900798614,83144,5519,4,1487,1401,1262,1,52,17,37,166,228,1301,1058,26513,10,97434,4636,39.8,62900,17.7,885,28.1,4512,26.159554730983302,3693,21.41117810760668,2084,12.08256029684601,1408,8.16326530612245,796,4.615027829313544,641,3.716372912801484,519,3.0090445269016697,2076,12.03617810760668,1438,8.337198515769945,17248,817,20,120609,935,812,5.458823529411765,1673,11.24705882352941,1961,13.183193277310924,1605,10.789915966386554,1221,8.208403361344537,1263,8.490756302521008,853,5.734453781512605,900,6.050420168067227,3352,22.534453781512607,11970,6521,14875,2325,2.386230679229017
"St. Louis, MO-IL Metro Area",0.2,1.5,1.3,82.1,1.0,13.8,41180,41180,"St. Louis, MO-IL Metro Area",41180,181657,437752,37.55868616460595,33277,25.47038217307941,6.69080949917398,30.28012216314065,1960002,76625,108,21530,28470,28412,431,543,332,1255,2281,3252,12061,13720,422595,245,2265111,220002,39.8,78225,18.7,1073,28.0,118722,22.80922190201729,114318,21.963112391930835,76198,14.63938520653218,47266,9.08088376560999,27943,5.368491834774256,17761,3.412295869356388,20750,3.9865513928914496,55747,10.710278578290106,39780,7.64265129682997,520500,18030,470,2809414,45120,14959,4.330419175544233,34931,10.112031032885596,46546,13.474409448818896,42918,12.42415470125058,36837,10.66379110699398,27242,7.88617415470125,20238,5.85861509958314,25693,7.43776053728578,73270,21.210629921259844,274860,136974,345440,61136,2.6990288776135034
"St. Marys, PA Micro Area",0.3,2.5,0.4,91.9,2.0,2.8,41260,41260,"St. Marys, PA Micro Area",41260,2821,3039,19.944622687118184,134,48.6177646903705,6.491451676701973,24.946160945809343,22753,1085,16,208,389,300,0,10,0,14,0,37,146,179,9977,0,25642,1220,48.5,64103,16.0,720,27.5,1186,28.35963653754184,907,21.688187470109995,470,11.238641798182687,333,7.962697274031563,61,1.4586322333811572,158,3.778096604495457,165,3.945480631276901,711,17.001434720229554,179,4.28024868483979,4182,174,4,30703,145,220,7.719298245614035,198,6.947368421052631,432,15.157894736842106,231,8.105263157894736,296,10.385964912280702,144,5.052631578947368,317,11.12280701754386,189,6.631578947368421,427,14.982456140350878,1736,1119,2850,986,3.8452538803525456
"Salem, OH Micro Area",0.7,2.3,0.2,90.4,0.8,5.6,41400,41400,"Salem, OH Micro Area",41400,8225,7922,16.035327681996257,341,44.653753224947785,10.315737745198412,28.99518134785754,73257,2981,15,1617,2012,1452,10,23,18,22,44,51,698,677,29731,13,83431,3153,44.7,58474,17.7,736,26.1,3675,23.284546664132293,3294,20.87055692834062,1852,11.73414433250966,1284,8.135335487549895,968,6.133181270987772,496,3.142621808274726,594,3.763543052651587,2402,15.21890641829817,1168,7.400367484001774,15783,885,20,101203,331,439,3.947841726618705,1676,15.071942446043163,1167,10.494604316546765,1308,11.762589928057556,665,5.98021582733813,582,5.233812949640288,591,5.3147482014388485,881,7.922661870503597,2176,19.568345323741006,8423,4593,11120,2323,2.7843367573204203
"Salem, OR Metro Area",0.7,2.4,1.2,81.9,1.3,12.6,41420,41420,"Salem, OR Metro Area",41420,28388,50587,26.91651942093679,3046,24.874023097774607,12.793328993459191,35.416128487829404,290331,16858,226,4235,4066,6306,342,1306,977,1120,3345,979,2631,4615,55359,175,345266,19963,37.3,76010,22.7,1324,31.5,9956,15.115078642132753,12656,19.214185947652883,10331,15.684399101232769,7741,11.75229246371531,5216,7.918868039108521,3808,5.781259488674318,3921,5.952814720349791,4606,6.9927734256391565,7329,11.126799052650757,65868,6701,119,435085,4551,1585,2.69164147675169,4632,7.866046258873077,6454,10.960160309751044,7230,12.277960805624428,6796,11.540943517983902,5164,8.769486805013075,3920,6.656930339978942,4864,8.260027850422851,15781,26.799239207961143,48364,26072,58886,10921,3.163068474741214
"Salina, KS Micro Area",0.8,1.9,0.4,89.3,1.0,6.6,41460,41460,"Salina, KS Micro Area",41460,4148,7847,28.60655536157761,427,29.63436524133861,6.911898497627185,34.84718089945659,40669,1672,13,350,413,802,0,0,8,9,141,41,131,308,10380,0,47484,2641,40.1,63998,19.4,908,27.3,2129,22.88263112639725,1855,19.937661220980225,1446,15.54170249355116,829,8.910146173688736,631,6.782029234737748,437,4.696904557179708,546,5.868443680137575,877,9.426053310404129,529,5.685726569217541,9304,595,0,59583,719,214,2.6996341617257475,876,11.0508389050082,1053,13.28371388923931,1139,14.368613599091711,635,8.01059669484042,512,6.458937807493377,460,5.802951936419831,452,5.702031033177748,1818,22.93427526176359,6300,3724,7927,1124,2.3671131328447474
"Salinas, CA Metro Area",0.5,2.9,1.3,80.0,6.1,9.1,41500,41500,"Salinas, CA Metro Area",41500,22480,46167,27.88372709238956,4646,20.635648144832675,26.665210510108352,24.81541425266942,279274,9730,644,3463,4304,7191,2124,3385,2060,2140,20570,1818,3952,10881,47900,91,335220,20769,35.3,94486,24.5,1995,32.7,5786,12.99961805477544,7644,17.17405468556921,6381,14.336426340740074,5442,12.226740659192522,3510,7.886045518883822,2991,6.719989215664247,2859,6.423419982475455,2947,6.6211328046013165,6805,15.28904266552832,44509,11766,80,435834,6290,1433,2.274133908875946,3795,6.02256677193595,6146,9.75354291971498,7229,11.47223588783267,7892,12.524399727040452,6590,10.45815942741974,4272,6.779553425483631,6937,11.008839445828638,15891,25.218605684541284,33173,13650,63013,10068,3.0034007517451227
"Salisbury, MD Metro Area",0.2,2.2,0.4,88.2,1.4,7.6,41540,41540,"Salisbury, MD Metro Area",41540,6778,13579,26.67614423575052,1067,34.8192234015638,11.51283688541378,26.991795477271907,83003,3614,19,1898,2203,1812,139,82,56,137,254,240,1073,964,25287,0,104425,6045,36.6,69592,19.5,1200,30.7,3934,20.437425320795885,3948,20.51015637175957,2662,13.82928983323809,1861,9.66803470310146,926,4.810639513740973,667,3.4651150709127747,1156,6.005506779572965,2059,10.69665956673074,1853,9.626474102550782,19249,679,0,128802,1451,989,5.396704136199935,1446,7.890428898832261,1984,10.826148641274692,2471,13.483575248281127,1467,8.00502018989414,1535,8.376077703808797,1404,7.661246316708501,1382,7.541198297500819,4483,24.46251227763833,9757,5869,18326,4082,3.909025616471151
"Salt Lake City-Murray, UT Metro Area",0.5,1.7,2.2,77.0,1.0,17.5,41620,41620,"Salt Lake City-Murray, UT Metro Area",41620,74259,194516,37.76261687332751,13918,22.6660610006362,8.234046187398352,31.337275938637944,807926,25469,150,6335,9061,16325,387,922,701,1071,6132,1471,3630,6420,157656,175,969920,78173,33.7,95045,20.2,1486,28.9,40007,18.896183638768186,45469,21.47600604572076,33795,15.962119780842624,22370,10.565841677687512,13564,6.406574721330059,9517,4.495087851879841,10503,4.960797279425656,18673,8.81966748535802,17314,8.177781976194973,211720,13602,143,1261337,18487,4268,3.0164675948830304,11373,8.038023888614036,19023,13.444766414587605,19603,13.854689377341156,17365,12.272952152095556,13883,9.812000848116474,9195,6.498692487101562,12075,8.53417202629161,28897,20.423351473602374,120788,58135,141490,25612,2.640630155064335
"San Angelo, TX Metro Area",0.1,3.5,0.4,87.1,1.2,7.7,41660,41660,"San Angelo, TX Metro Area",41660,6758,13204,25.076853298392383,678,27.717583026760067,12.81434258932621,34.391221085521344,79372,4111,0,1728,1197,1373,132,224,59,312,843,464,817,1132,17889,32,95154,5274,35.9,66037,20.5,1125,30.1,2711,17.957210041730146,3617,23.958402331589056,1957,12.962840299397232,1624,10.757104060409354,958,6.345631582433596,654,4.331986487381599,915,6.060806782804531,985,6.524475061270452,1562,10.346426442339537,15097,1802,56,120830,748,413,2.689502474602761,1324,8.622036988799167,1532,9.976556394894503,1967,12.809325345141964,1790,11.656681427455066,1178,7.671268559520708,1263,8.224798124511592,1587,10.334722584006252,3042,19.80984631414431,13639,6900,15356,1770,1.8601425058326504
"San Antonio-New Braunfels, TX Metro Area",0.2,1.5,1.3,82.4,1.5,13.0,41700,41700,"San Antonio-New Braunfels, TX Metro Area",41700,148131,344377,31.926223860193065,22018,25.01716826293231,12.67712675673051,30.379481120144117,1719743,79089,1103,23827,28999,33646,2176,4607,3321,5271,22663,7289,17510,30445,351142,518,2045008,149648,35.7,74297,21.8,1299,30.9,61453,17.077583188363914,70120,19.486113504110094,57730,16.04297393885162,38719,10.759880615596671,25650,7.128049221055674,18704,5.197779049926913,20164,5.603508167382714,26944,7.487647493650061,38945,10.822685259805583,359846,35885,754,2612802,33006,9847,2.8430121435046973,24912,7.192557989132633,39046,11.273306809717116,45142,13.033335450603134,38644,11.157241928871285,30132,8.699669128474007,24214,6.99103240000231,32896,9.497687363941356,81787,23.61342887994503,250469,123849,346358,67529,3.302138671340161
"San Diego-Chula Vista-Carlsbad, CA Metro Area",0.5,3.1,2.2,75.7,1.6,16.9,41740,41740,"San Diego-Chula Vista-Carlsbad, CA Metro Area",41740,189330,580152,42.08987125049854,57934,17.946574355426186,10.982290608535852,28.981263785539426,2269135,55030,1276,16185,23735,51863,3621,7021,5005,7492,30163,6080,13407,22212,352202,730,2666773,250414,37.1,102285,25.4,2154,33.7,52388,11.869621761728467,71197,16.131202958116013,68292,15.473013082231818,53380,12.094380576488234,37971,8.60314209197892,26817,6.075964854246627,33832,7.665363125960097,23609,5.349123848450931,71518,16.20393237297275,441362,59848,565,3282782,66576,10665,2.021310468739339,29052,5.50615206167982,53412,10.123041233596396,60285,11.42566353567286,61728,11.69915167504378,50513,9.573601097743106,38684,7.331680653793961,52421,9.935219510715882,148483,28.14160734456852,321875,146419,527628,104758,3.928268360299133
"Sandpoint, ID Micro Area",2.5,2.8,1.0,80.2,1.8,11.6,41760,41760,"Sandpoint, ID Micro Area",41760,3021,7017,28.93056341443699,298,29.07067604343492,8.379813003529762,33.618947538598334,37113,2050,0,548,768,737,0,0,11,24,31,12,333,251,8739,0,41034,2642,48.2,65168,24.8,1059,27.5,1162,14.467131474103589,1176,14.641434262948207,1039,12.935756972111554,778,9.68625498007968,491,6.11304780876494,542,6.74800796812749,612,7.619521912350597,665,8.279382470119522,1533,19.08615537848605,8032,355,40,49456,780,243,5.546678840447386,331,7.555352659210227,708,16.160693905501027,415,9.472723122574754,499,11.390093585939283,551,12.577037206117325,115,2.624971467701438,277,6.322757361333029,750,17.11937913718329,6086,3370,4381,826,2.0129648584100988
"Sandusky, OH Metro Area",0.1,1.5,0.8,90.4,1.3,5.9,41780,41780,"Sandusky, OH Metro Area",41780,8082,15531,28.14507478871745,868,34.60083216445267,6.962599747757517,30.29149329907236,84839,3157,0,775,1495,1495,0,70,5,32,153,51,431,892,26198,6,95804,6410,47.1,70687,18.2,889,26.4,5156,24.27266735712268,4478,21.0808775068261,2827,13.30853968552867,2109,9.928443649373882,1044,4.914791450899162,712,3.351850108276057,709,3.337727144336691,2533,11.92448921947086,1610,7.579323980792769,21242,491,11,115099,1069,567,4.627815866797257,1444,11.785830884753508,1505,12.283708782239634,1641,13.39373163565132,1121,9.149526607900752,889,7.255958210904343,461,3.762650995755795,790,6.447926869082599,2544,20.763956904995105,11471,6146,12252,2899,3.025969688113231
"Sanford, NC Micro Area",0.0,1.5,0.2,91.1,1.4,5.7,41820,41820,"Sanford, NC Micro Area",41820,5755,6488,21.613846013334552,269,26.87460042012969,14.862087861905197,36.64946570463056,43796,2245,0,934,1184,720,1,222,50,109,745,262,606,987,9525,19,50932,2336,39.9,63060,19.8,962,27.2,1871,19.113290428031465,2099,21.44243538665849,1530,15.629788538155074,698,7.1304525487792425,547,5.5879047910920425,465,4.750229849831444,425,4.341607927265298,982,10.031668198998876,1097,11.206456226376543,9789,591,79,64565,373,315,3.751786565030967,1032,12.291567413053835,1049,12.49404478323011,1112,13.244402096236302,730,8.694616484040019,583,6.9437827536922345,349,4.156741305383516,856,10.195331110052406,1643,19.56884230585993,7425,2871,8396,1237,2.428728500746093
"San Francisco-Oakland-Fremont, CA Metro Area",1.5,3.9,10.3,59.1,2.0,23.2,41860,41860,"San Francisco-Oakland-Fremont, CA Metro Area",41860,225166,1019630,52.36501515911042,115478,14.958360195038017,10.512148150847104,22.164476495004457,3403234,61973,2032,20462,24047,71770,4810,9397,6183,13012,41521,7447,18704,34565,447095,1708,3859448,513843,40.0,133780,23.9,2426,28.8,92794,13.94817497072648,112216,16.86756042971574,101451,15.249437452369463,74378,11.180004719838504,50914,7.653052788537707,36635,5.506728776133851,45361,6.818362877417977,48016,7.217444763609744,100748,15.143767182692322,665277,100680,1415,4653593,133153,38715,5.001601959558273,73342,9.475074026034426,98701,12.751210512988791,96987,12.529778361143697,82205,10.620087539338442,63963,8.26339832466036,45080,5.82389813604254,64847,8.377602538330759,176798,22.840584353505967,375149,153994,774052,138635,3.5920939989345624
"San Jose-Sunnyvale-Santa Clara, CA Metro Area",1.3,2.0,2.6,71.2,1.3,21.5,41940,41940,"San Jose-Sunnyvale-Santa Clara, CA Metro Area",41940,90217,383775,54.81277268397755,66781,13.910827453830096,10.86552463890634,20.41087522328602,1381636,23170,881,8912,10300,28072,1853,4428,3014,4923,19797,3503,9866,13228,169027,963,1603986,267314,37.8,157444,22.9,2794,27.6,38323,15.095283487084144,43521,17.142755855266785,36671,14.444566989924134,27979,11.02082135232438,20471,8.063448797434948,13404,5.279784460007721,15618,6.151870612981242,23037,9.074186407430458,33870,13.34126377651906,253874,39961,421,1969353,39443,15346,5.130176644424535,32834,10.976425123356911,40541,13.552879665164545,38284,12.798363264378269,32296,10.796571413289117,24964,8.345479587606809,19545,6.533904764451815,23495,7.854392040971879,60718,20.298062393859567,135552,56235,299132,48706,3.0365601694777884
"San Juan-Bayamón-Caguas, PR Metro Area",0.1,2.5,1.2,88.5,1.9,5.7,41980,41980,"San Juan-Bayamón-Caguas, PR Metro Area",41980,183399,334732,31.325239896741163,23013,26.478702701574257,17.548196264858788,24.64786113682579,1532847,36302,4379,18504,26317,11076,7625,13986,17826,13463,31750,21611,28763,43317,369576,219,1769081,97611,44.0,27966,25.0,607,31.3,31686,13.786651931201622,36561,15.90777571345902,32315,14.060331286902114,25535,11.110337595885673,17541,7.6321296952978495,13550,5.895636358889793,16410,7.140028977814134,12603,5.483594467238971,40253,17.514173457888624,229831,29871,280,2063795,24812,7656,2.988395376886776,12009,4.687518296895676,17784,6.941695844116304,17447,6.810153362139966,19160,7.478795117705149,12484,4.872926839740662,11393,4.447072691858808,13529,5.2808256339996325,43349,16.920578786920697,170899,23516,256191,97580,5.515858233738308
"San Luis Obispo-Paso Robles, CA Metro Area",1.4,4.4,0.8,78.4,1.0,14.0,42020,42020,"San Luis Obispo-Paso Robles, CA Metro Area",42020,19637,46166,39.201400387945306,3519,18.178759731487176,8.229907534444603,34.38993234612291,190233,4847,37,1689,2033,3499,384,414,100,219,1671,616,638,1511,29735,23,237780,18682,40.2,93398,26.5,1899,33.8,4790,11.21806131291131,6303,14.761469823649264,6017,14.09166491018525,5913,13.848099487107426,3865,9.05173423265182,2767,6.480245439003256,3164,7.410009602098409,2350,5.503641771470058,7272,17.03084381367245,42699,2793,29,281486,6207,1146,2.761845086036536,2273,5.477900419337735,4791,11.546247650262687,4159,10.023135875066275,4472,10.77746180170627,3743,9.02058128886104,2738,6.598544367860414,4040,9.736347423723911,11977,28.864414132163684,31429,14355,41494,7005,2.9460005046681803
"Santa Cruz-Watsonville, CA Metro Area",2.1,4.3,1.9,71.9,2.3,17.6,42100,42100,"Santa Cruz-Watsonville, CA Metro Area",42100,15357,45391,43.55796468303216,5607,15.206998836866328,11.506675496836165,29.728360983265347,179687,3961,476,1344,1340,3197,365,1181,531,840,3878,602,965,2330,23364,12,222454,21461,39.6,109266,25.1,2172,30.8,4682,12.476017906629716,5566,14.831592410999786,5776,15.391174589639736,4452,11.863142187166916,3040,8.100618205073545,1968,5.244084416968663,3041,8.103282882114687,2544,6.7789383926668085,6302,16.792794713280752,37528,3604,11,266021,5809,1942,5.008898403445874,2411,6.218565422609682,4250,10.96180134636713,4407,11.366743184338809,4828,12.45260632947306,2932,7.562353305305512,2081,5.36741378865647,3125,8.06014804879936,10673,27.528307239947384,27017,11044,38771,7922,3.5611856833322846
"Santa Fe, NM Metro Area",0.6,2.1,0.9,78.3,1.1,17.0,42140,42140,"Santa Fe, NM Metro Area",42140,8708,26025,44.165445696289936,4490,20.129170245372944,8.556897219555735,27.148486838781388,118758,4004,131,1156,1592,1251,234,135,243,197,1272,311,916,1468,19901,7,133211,16754,48.5,74689,23.3,1318,29.5,4052,15.47214479361564,4455,17.01095879949597,3633,13.872236435144528,2914,11.126808965596242,1784,6.812020313872237,1166,4.452250945053267,1774,6.773836343502998,2072,7.91171866050632,4153,15.857802894344957,26189,1248,1,155175,5181,940,4.613496932515337,1801,8.839263803680982,2423,11.8920245398773,2130,10.45398773006135,2029,9.958282208588958,1336,6.557055214723927,923,4.530061349693251,1839,9.025766871165644,4817,23.641717791411043,17024,6509,20375,4114,3.088333546028481
"Santa Maria-Santa Barbara, CA Metro Area",2.5,3.9,2.3,77.3,1.5,12.5,42200,42200,"Santa Maria-Santa Barbara, CA Metro Area",42200,23692,60231,35.869939954606835,7229,16.905363863590658,17.863863590657054,29.36083259114546,278456,5975,583,2312,4208,6138,1243,2594,1280,799,11905,1330,2383,5221,41099,135,355877,24649,34.5,95977,24.4,2050,33.7,6091,12.151136114269754,8531,17.01877231831149,7903,15.765954475631894,5214,10.401579986833443,4309,8.596165739022881,3246,6.475552097671914,3572,7.125900213457817,3323,6.6291619287011,7768,15.496638538113192,50127,9442,170,443975,7773,1707,2.431416118280489,3978,5.666182377574566,7588,10.808193031934591,8421,11.994701307580549,7076,10.078910634418712,6007,8.556248753667777,5348,7.617582542802609,6539,9.314018744836623,19880,28.31666809104635,41146,16919,70206,13563,3.811148233799881
"Santa Rosa-Petaluma, CA Metro Area",0.7,2.4,1.0,80.2,1.4,14.4,42220,42220,"Santa Rosa-Petaluma, CA Metro Area",42220,33077,83196,37.8469385158651,5258,18.648519512243396,11.136242193264932,32.36829977862658,353701,8646,245,2673,2946,8617,781,1034,704,1135,6566,818,2110,3028,57314,156,403474,33280,42.7,102840,25.3,2093,32.0,8552,10.859544640702977,12822,16.281698010183998,12681,16.10265266472807,9127,11.589694099122552,6830,8.672905740879482,4257,5.405645642595014,6640,8.431638963314752,4702,5.970717832154512,12963,16.460743355639927,78751,8455,121,485642,12131,2042,2.83575664153092,4923,6.8366454193225845,7233,10.044577761113194,8359,11.608271188323682,8448,11.731866849977086,7307,10.147342693274451,5073,7.044952714244053,6960,9.665458484356122,17587,24.423335971892403,56446,24964,72009,13476,3.33999216802074
"Sault Ste. Marie, MI Micro Area",1.8,3.5,0.4,85.6,1.9,6.9,42300,42300,"Sault Ste. Marie, MI Micro Area",42300,2193,3464,21.853242587811938,293,36.29038566846593,7.161855589454745,34.69451615426738,25566,2272,0,302,524,271,0,4,16,22,61,30,165,234,7006,0,30621,1520,41.3,60631,18.4,793,28.9,1247,23.312768741820904,1142,21.34978500654328,762,14.2456533931576,480,8.9736399326977,256,4.785941297438773,122,2.2808001495606653,150,2.8042624789680315,644,12.039633576369416,516,9.646662927650029,5349,202,0,36448,310,272,7.4643249176728865,277,7.601536772777168,454,12.458836443468716,247,6.7782656421514815,409,11.223929747530187,356,9.769484083424809,240,6.586169045005488,274,7.5192096597146,615,16.877058177826566,4026,2651,3644,1004,3.2787955977923646
"Savannah, GA Metro Area",0.7,1.7,1.1,86.0,1.5,9.0,42340,42340,"Savannah, GA Metro Area",42340,22334,59943,34.94696225267349,4282,25.93936383498728,8.669970952519789,30.44370295981945,277821,13388,29,4744,4334,4753,67,231,156,483,970,484,1525,2920,58677,28,328280,26555,36.7,74632,21.3,1370,29.8,10983,16.915399898350504,12957,19.955643857136256,11139,17.15566233886245,6025,9.279366692849113,4780,7.361887600301868,2748,4.2323152982488565,3127,4.8160298171849245,5447,8.389163547875372,7359,11.333918587996118,64929,3353,10,412089,6310,1865,3.055373525557012,5139,8.419069462647444,7655,12.540956749672349,6926,11.346657929226737,7144,11.703800786369593,4393,7.196920052424639,4008,6.566186107470511,5359,8.77948885976409,14469,23.70412844036697,44211,18034,61040,11806,3.596320214451078
"Sayre, PA Micro Area",0.0,4.5,0.1,87.5,0.8,7.1,42380,42380,"Sayre, PA Micro Area",42380,3825,5356,21.209129586535973,335,46.51293984909386,8.93448981030957,23.3434407540606,42543,1890,0,673,853,821,5,9,10,6,62,75,477,373,17898,0,48447,2626,43.7,62482,18.6,868,25.5,1820,22.143813115950845,1624,19.759094780386903,983,11.960092468670156,603,7.3366589609441535,503,6.119965932595206,368,4.477430344324128,358,4.355761041489233,1068,12.99428154276676,816,9.928215111327413,8219,427,10,59971,706,393,5.78707112354587,913,13.444264467677808,637,9.380061846561626,947,13.944927109409514,715,10.528640848181418,637,9.380061846561626,463,6.817847150640553,363,5.345309969076719,864,12.72272124871153,3873,2233,6791,1487,3.069333498462237
"Scottsbluff, NE Micro Area",0.3,2.4,0.0,90.2,1.1,6.0,42420,42420,"Scottsbluff, NE Micro Area",42420,2534,4344,26.04413715480162,329,27.14555613619006,10.48759898701612,36.3227077219922,24877,969,16,265,511,473,53,97,32,31,181,50,262,302,5784,0,28827,1453,40.1,61156,20.1,889,30.0,1087,18.63854595336077,1389,23.81687242798354,943,16.169410150891633,551,9.447873799725652,260,4.458161865569274,217,3.72085048010974,512,8.77914951989026,417,7.150205761316872,437,7.4931412894375855,5832,336,0,36594,353,121,2.4989673688558445,381,7.868649318463444,614,12.680710450227178,632,13.052457662123093,455,9.3969434118133,397,8.199091284593143,202,4.171829822387443,487,10.057827344072695,1108,22.88310615448162,3789,2713,4842,619,2.1472924688659933
"Scottsboro, AL Micro Area",0.0,0.8,0.1,93.6,1.1,4.3,42460,42460,"Scottsboro, AL Micro Area",42460,3441,3583,15.55027711797308,158,37.880707310636055,17.94404856162576,28.62496700976511,37890,2527,15,1218,1636,672,0,21,24,56,189,267,668,1227,11826,0,43210,1852,43.4,49454,19.5,762,27.4,1254,19.81042654028436,1306,20.631911532385462,815,12.87519747235387,596,9.415481832543444,344,5.434439178515008,279,4.407582938388625,409,6.46129541864139,726,11.469194312796208,596,9.415481832543444,6330,764,42,52839,299,279,5.276096822995462,475,8.982602118003026,690,13.048411497730712,509,9.625567322239032,453,8.566565809379728,540,10.21180030257186,149,2.817700453857791,416,7.866868381240545,834,15.771558245083206,4819,2586,5288,1197,2.770192085165471
"Scranton--Wilkes-Barre, PA Metro Area",0.1,2.7,0.7,86.0,1.1,9.3,42540,42540,"Scranton--Wilkes-Barre, PA Metro Area",42540,42057,66200,26.768498313826623,4498,36.88405078357469,8.876958936718905,27.470491965879784,403280,16612,410,5651,6941,6662,203,242,271,491,1238,741,3081,4118,132134,170,466807,30670,42.2,63656,19.4,963,28.3,18072,21.5494318114067,16639,19.840692558100717,12131,14.465258814972035,7235,8.62716573459094,4821,5.748661507458594,2835,3.3805134564706725,4393,5.238305331314167,8889,10.59943002277524,8345,9.950753013844007,83863,5437,143,567887,6584,3918,5.147068483073002,8131,10.681677854994025,9148,12.017708648073462,8166,10.727657282484463,7936,10.42550675897584,5878,7.721916422537801,3494,4.590060561474495,5244,6.889031935996637,17161,22.54437014752828,44584,24142,76121,14940,3.200466145537664
"Seaford, DE Micro Area",0.4,1.4,0.3,84.8,1.3,11.8,42580,42580,"Seaford, DE Micro Area",42580,17401,35210,32.56618459616586,2852,29.56325373564599,10.357842587698928,27.512719080489223,187317,6254,171,2628,4269,2839,154,335,398,484,1103,336,1451,2585,49123,189,207262,18872,51.4,78162,20.7,1221,31.8,9235,19.51894828059941,8529,18.02675797349566,6978,14.748589182677064,5014,10.59751019804282,2837,5.996237820472175,2172,4.590704457548665,2630,5.55872593156215,4715,9.96554858072834,4741,10.020501764842644,47313,2447,13,247799,4068,993,5.136029792076135,1481,7.660080686872867,1978,10.230681700631012,1973,10.204820523430229,1738,8.989345194993275,1701,8.797972483707458,1666,8.616944243301955,1525,7.8876590462397855,4484,23.192303713665048,22254,11881,19334,5743,2.770889019694879
"Searcy, AR Micro Area",0.3,1.8,0.2,93.4,0.5,3.8,42620,42620,"Searcy, AR Micro Area",42620,4736,5722,19.8029711325235,735,40.60874855270129,13.252350020605608,26.3359302941696,50957,4158,35,1125,2023,794,9,5,72,84,136,215,642,718,16535,0,61601,3160,38.4,53435,18.8,806,30.0,2500,24.36172286104073,2113,20.590528162151628,1526,14.870395634379264,837,8.156304813876437,424,4.1317481972325085,454,4.424088871564997,449,4.375365425842916,958,9.33541220035081,901,8.779964919119081,10262,895,0,77395,474,381,4.144006961061562,800,8.701326952360235,772,8.396780509027627,1123,12.21448770937568,938,10.202305851642375,1017,11.06156188818795,680,7.396127909506199,863,9.386556449858602,1437,15.629758538177072,5341,3343,9194,1748,2.837616272463109
"Seattle-Tacoma-Bellevue, WA Metro Area",0.8,3.3,5.8,67.3,1.2,21.6,42660,42660,"Seattle-Tacoma-Bellevue, WA Metro Area",42660,259136,792775,46.31237272126325,62230,18.7737803346194,6.65326570396808,28.260581240149275,2850044,88941,813,17164,24043,45696,1788,2941,2380,3285,13442,4268,11676,18220,446120,464,3265786,385955,37.4,112594,22.3,1932,29.4,105741,15.549712581560222,130266,19.156229458294547,115843,17.035259308931074,78966,11.612322596868616,53284,7.835663415286925,33446,4.918391986106271,37537,5.519992823729925,48681,7.158770563763659,73574,10.819403575488332,680019,42960,481,4021467,78963,22669,3.609397266162996,52922,8.42633208875019,78446,12.490307377538592,83820,13.345964923454156,73431,11.691810430615153,59319,9.444873458534682,43923,6.993495792565938,53307,8.487632452571829,136589,21.747936088399904,365278,181025,628055,102267,3.131466666829976
"Sebastian-Vero Beach-West Vero Corridor, FL Metro Area",0.7,0.6,0.6,84.4,1.9,11.8,42680,42680,"Sebastian-Vero Beach-West Vero Corridor, FL Metro Area",42680,13290,25931,33.43323084108512,1626,27.734402366403295,8.012299069785545,30.82006772272604,128465,5610,3,1386,2089,2016,138,336,22,153,372,191,630,756,30019,0,142174,12407,55.0,71049,23.0,1284,34.2,3689,14.323988506639743,4549,17.663275607672592,4037,15.675234914964667,3174,12.32429913799798,2069,8.033703502368564,1386,5.381688281432011,1284,4.985633299681603,2185,8.484118971810204,3265,12.677642307990991,25754,2167,34,163856,2986,455,3.204451017677301,678,4.774984153813649,1595,11.233185435594056,1442,10.155644763715754,1502,10.578209733079795,877,6.176491302204381,896,6.310303542502993,1335,9.402070568349885,4040,28.452707937178676,16231,10072,14199,3614,2.541955631831418
"Sebring, FL Metro Area",0.3,1.9,0.2,88.6,1.6,7.6,42700,42700,"Sebring, FL Metro Area",42700,7293,10017,19.72793341201317,664,34.45307161935524,13.635629542207592,32.183365426424,80495,4284,16,1862,1406,1837,27,71,240,218,766,207,901,1659,23449,0,88485,3657,54.2,55581,20.5,980,31.4,2331,17.30255344418052,2877,21.35540380047506,2323,17.243171021377673,997,7.400534441805226,875,6.494952494061758,374,2.776128266033254,682,5.062351543942993,1280,9.501187648456057,1674,12.425771971496436,13472,1750,16,103808,1542,653,6.74168903572166,494,5.100144538509189,1002,10.344827586206897,911,9.405327276481518,1000,10.324179227751394,863,8.909766673549454,511,5.275655585380963,738,7.619244270080529,2437,25.16002477803015,11459,7154,9686,2224,2.513420353732271
"Sedalia, MO Micro Area",0.2,1.0,0.2,90.4,1.9,6.2,42740,42740,"Sedalia, MO Micro Area",42740,3347,3154,18.628818524201424,206,34.11214953271028,12.763286371878923,34.495745571209376,28676,1393,0,766,320,688,7,4,52,4,118,183,638,361,8389,11,33600,1673,37.9,60232,18.2,863,26.7,1661,26.751489772910293,1266,20.389756804638427,1008,16.234498308906424,454,7.311966500241585,319,5.1377033338701885,265,4.267998067321631,308,4.96054114994363,621,10.001610565308424,291,4.6867450475116765,6209,472,36,43205,309,430,8.496344595929658,522,10.314167160640189,635,12.54692748468682,582,11.499703615886189,556,10.985971151946256,326,6.441414740169926,249,4.919976289270895,380,7.508397549891326,1027,20.292432325627345,4006,2539,5061,850,2.5297619047619047
"Selinsgrove, PA Micro Area",1.4,6.1,0.3,83.0,0.7,8.6,42780,42780,"Selinsgrove, PA Micro Area",42780,2457,3413,21.422412177107937,295,42.96854497056949,15.68627450980392,19.92276834251865,26673,1291,9,757,652,320,3,11,10,23,11,30,1402,629,10170,3,32589,1740,40.5,68435,19.4,890,26.6,1098,19.963636363636365,1241,22.563636363636363,864,15.709090909090907,700,12.727272727272728,212,3.854545454545454,264,4.8,200,3.636363636363636,564,10.254545454545456,352,6.4,5500,306,18,39711,266,238,6.358535933742987,510,13.62543414373497,402,10.740048089767566,372,9.93855196366551,334,8.923323537269571,331,8.843173924659364,181,4.835693294149078,339,9.056906224953243,546,14.58722949505744,1731,1126,3743,462,1.417656264383688
"Selma, AL Micro Area",0.0,1.2,0.5,92.7,0.5,5.1,42820,42820,"Selma, AL Micro Area",42820,2677,2868,17.007096091269062,181,39.04026345709021,12.941545458109536,31.011094993531184,25507,1148,0,692,759,556,0,95,16,16,116,59,172,524,8810,0,29643,1184,40.3,36810,20.3,749,36.3,720,23.106546854942238,457,14.666238767650835,311,9.980744544287548,307,9.85237483953787,232,7.445442875481387,83,2.663671373555841,136,4.364569961489089,340,10.911424903722722,482,15.468549422336327,3116,296,0,37536,105,367,6.10648918469218,258,4.292845257903495,434,7.221297836938436,577,9.600665557404326,477,7.9367720465890175,293,4.875207986688852,468,7.787021630615641,574,9.550748752079867,1606,26.722129783693845,3816,1417,6010,1699,5.731538643187262
"Seneca, SC Micro Area",0.0,1.1,0.3,88.4,1.5,8.6,42860,42860,"Seneca, SC Micro Area",42860,5935,10080,28.51701935065157,684,30.274461580502464,12.862290994176018,28.346228074669945,58551,3977,0,2100,1154,1132,35,41,54,91,291,273,548,938,13749,119,66246,5248,46.7,60193,19.2,876,30.3,2377,20.12189960213324,2173,18.3949885719123,1437,12.164564462879875,956,8.092779141623636,883,7.474815880809278,505,4.274951324811648,586,4.96063658681114,1716,14.526369254211463,1165,9.862016422585288,11813,755,0,79566,685,391,4.726217816995044,860,10.395261694669406,827,9.996373745920463,556,6.720657560739755,937,11.326000241750272,679,8.20742173334945,468,5.656956364075909,773,9.343648011604012,1723,20.82678593013417,7135,3527,8273,2104,3.176040817558796
"Seneca Falls, NY Micro Area",0.1,3.0,0.4,86.4,2.1,7.9,42900,42900,"Seneca Falls, NY Micro Area",42900,3007,3583,24.13620011712541,171,32.23458545971722,15.385258930812348,28.24395549234502,23906,1603,19,737,701,525,23,4,8,76,44,74,644,404,6103,5,27062,1642,42.8,66007,19.3,925,27.4,1225,22.71041898405636,959,17.779013718946977,745,13.811642565813868,543,10.06674082313682,364,6.748238783833889,262,4.85724879495736,230,4.263997033741194,628,11.64256581386726,413,7.656655543196143,5394,400,14,33125,374,127,3.315061341686244,537,14.017227877838684,332,8.666144609762465,576,15.035238841033674,380,9.919081179848604,222,5.794831636648395,302,7.883059253458627,196,5.116157661185069,834,21.769772905246672,2509,1236,3831,727,2.686423767644668
"Sevierville, TN Micro Area",0.0,1.2,0.5,90.8,0.4,7.1,42940,42940,"Sevierville, TN Micro Area",42940,6182,10314,21.438838782412628,407,35.291713641488165,12.202649379932357,31.066798196166857,70960,3972,18,1410,1561,1627,140,224,45,258,451,163,1051,887,21071,20,80343,3276,43.6,63829,20.5,1013,25.2,2350,15.914939726398485,3344,22.64662061492618,2396,16.22646620614926,1134,7.679804957334417,1011,6.846810239739944,412,2.790193688202628,770,5.214682378436949,1455,9.85371800081268,1867,12.643911689015304,14766,753,51,98802,1216,702,6.387043945045947,1190,10.827040305704667,1230,11.190974433627511,1748,15.903921390228367,1292,11.755072331907924,659,5.995814757528888,661,6.014011463925029,692,6.296060413065235,1644,14.957692657628968,10523,5340,10991,1687,2.09974733330844
"Seymour, IN Micro Area",0.0,2.4,0.0,91.7,2.0,3.8,42980,42980,"Seymour, IN Micro Area",42980,2754,4329,20.27441485068604,80,39.52865213882163,10.83131557707829,29.365617433414045,30975,2631,212,390,355,739,0,36,7,35,208,133,368,420,9613,0,35870,1630,38.8,70208,15.2,946,25.9,2699,35.415299829418714,1475,19.354415431045798,681,8.935835192231991,561,7.361238682587587,295,3.870883086209159,236,3.096706468967328,317,4.1595591129773,1037,13.607138170843722,317,4.1595591129773,7621,452,0,46319,241,285,6.054811982154239,660,14.021669853409817,480,10.197578075207138,560,11.897174421074997,556,11.812194603781602,441,9.36902485659656,372,7.903123008285533,302,6.415976205651158,504,10.707456978967496,3477,2865,4707,715,1.993309172010036
"Shawano, WI Micro Area",0.3,2.9,0.1,85.9,1.7,9.1,43020,43020,"Shawano, WI Micro Area",43020,4026,4087,18.77133105802048,121,43.51066161505464,6.8791683627140925,30.83883896421079,31937,1312,9,347,505,505,3,5,3,10,34,9,323,214,12584,6,36517,1564,44.6,66189,19.7,764,25.4,1631,20.336658354114714,1699,21.184538653366584,1217,15.174563591022444,930,11.596009975062344,534,6.658354114713216,320,3.99002493765586,353,4.401496259351621,766,9.551122194513717,556,6.932668329177058,8020,224,0,45183,223,334,8.423707440100884,627,15.813366960907944,377,9.508196721311474,387,9.760403530895337,309,7.793190416141235,363,9.155107187894076,207,5.220680958385877,307,7.742749054224464,589,14.85498108448928,3687,2136,3965,845,2.313990744037024
"Shawnee, OK Micro Area",0.1,1.6,0.0,90.2,1.1,6.9,43060,43060,"Shawnee, OK Micro Area",43060,4047,6953,20.99856174234641,306,35.220875282514896,11.45469488391206,32.32586809122663,48670,3164,0,1197,1480,902,28,10,23,13,93,177,436,790,13978,0,58183,2549,38.0,60828,18.7,869,26.5,2117,23.131555944055947,1978,21.61276223776224,1218,13.308566433566432,749,8.184003496503497,369,4.031905594405594,412,4.501748251748252,402,4.3924825174825175,980,10.708041958041958,909,9.932255244755243,9152,426,0,73011,412,480,5.997750843433712,788,9.84630763463701,1077,13.457453454954392,895,11.183306260152442,834,10.421092090466075,583,7.28476821192053,414,5.1730601024615765,481,6.010246157690866,1429,17.85580407347245,7049,4637,8003,1704,2.928690510973996
"Sheboygan, WI Metro Area",0.6,1.9,0.3,86.4,1.2,9.8,43100,43100,"Sheboygan, WI Metro Area",43100,9457,15177,27.319025100036377,549,33.6485994907239,6.458105977931369,32.57426943130836,82470,3635,0,532,1263,1301,17,53,35,24,309,65,612,206,24115,0,95291,5853,41.8,71898,18.5,889,23.2,4833,22.432118821072176,5320,24.692504061267115,3009,13.966117428637734,1750,8.122534230679971,1125,5.221629148294268,943,4.376885588303551,1073,4.980273845439777,2161,10.03016941285681,1304,6.052448363889534,21545,908,1,117783,951,809,5.696781916766424,2346,16.51996338286036,2342,16.49179635236955,1845,12.992042813886345,1755,12.35828462784311,969,6.823463136398845,570,4.013801844940497,787,5.541863249066967,1935,13.625800999929584,10838,6569,14201,1490,1.5636314027557692
"Shelby-Kings Mountain, NC Micro Area",0.0,2.0,0.0,91.0,0.8,6.2,43140,43140,"Shelby-Kings Mountain, NC Micro Area",43140,9164,9312,21.0712736735579,617,33.823912100621655,12.53578140812491,32.56903281769553,69170,3890,0,1720,1266,1112,0,41,107,71,300,260,897,1894,19506,11,80339,4024,41.2,55769,19.1,835,29.8,2860,20.98312545854732,2665,19.552457813646367,1624,11.914893617021278,1279,9.38371239911959,769,5.641966250917094,678,4.974321349963316,687,5.040352164343361,1752,12.85399853264857,1254,9.200293470286134,13630,992,0,100170,622,756,6.921809192455594,953,8.725508148690716,1245,11.399011170115363,924,8.459989013001282,876,8.020509064273943,863,7.901483244826955,539,4.934993590917414,1188,10.877128731001648,2109,19.309650247207472,9320,4044,10922,2692,3.3508009808436747
"Shelbyville, TN Micro Area",0.0,0.9,0.0,89.8,1.0,8.3,43180,43180,"Shelbyville, TN Micro Area",43180,1887,4027,16.909245321697366,130,41.20127683251823,15.237063285208071,26.65241456057633,34147,2529,49,756,832,556,86,26,42,42,332,91,646,1160,11540,28,39942,1325,37.6,62197,19.9,917,28.5,1553,19.024868308220015,1723,21.10743599166973,1003,12.287149332353302,773,9.46955776062722,465,5.69643513414186,635,7.779002817591572,469,5.745436726693617,805,9.861570501041284,656,8.036261178488301,8163,557,0,51291,292,390,6.900212314225053,499,8.828733191790516,965,17.073602264685068,529,9.359518754423211,419,7.413305024769993,633,11.199575371549894,317,5.608634111818825,370,6.546355272469922,1236,21.86836518046709,4333,2881,5652,1008,2.5236593059936907
"Shelton, WA Micro Area",0.0,1.4,1.3,84.3,1.4,11.6,43220,43220,"Shelton, WA Micro Area",43220,5975,6977,22.006446250836188,221,30.029798706695587,8.890961058969005,39.07279398349922,49331,3102,59,707,484,1392,9,88,3,115,210,28,143,498,11712,0,55467,3008,44.8,78359,21.8,1205,27.8,2243,17.054440389294403,2316,17.60948905109489,2034,15.465328467153286,1234,9.382603406326034,839,6.379257907542579,878,6.675790754257907,836,6.356447688564478,1236,9.3978102189781,1470,11.177007299270072,13152,650,0,66968,650,205,4.278856188687122,254,5.301607180129409,565,11.79294510540597,676,14.109789188060947,583,12.168649551241913,287,5.99039866416197,195,4.070131496556042,183,3.819661865998748,1102,23.00146107284492,8202,5098,4791,1842,3.320893504245768
"Sheridan, WY Micro Area",0.4,3.1,0.0,88.6,0.6,7.3,43260,43260,"Sheridan, WY Micro Area",43260,2342,4732,33.37504469074008,290,29.424383267786915,3.660171612441902,33.5404004290311,22376,1186,0,111,253,87,0,0,0,0,32,15,119,147,5398,0,25572,1970,42.9,70855,22.3,950,28.4,792,14.991482112436117,1100,20.82150293393905,980,18.550066250236608,322,6.0950217679348855,627,11.868256672345256,183,3.463940942646224,367,6.9468105243233005,298,5.640734431194397,614,11.62218436494416,5283,55,0,31585,476,314,7.709305180456666,510,12.521482936410507,278,6.825435796710042,427,10.483672968328014,419,10.287257549717651,423,10.385465259022832,149,3.658237171617972,212,5.205008593174564,899,22.07218266633931,3631,1532,4073,430,1.6815266697950884
"Sherman-Denison, TX Metro Area",0.1,1.6,0.5,85.5,1.1,11.2,43300,43300,"Sherman-Denison, TX Metro Area",43300,10073,15142,23.73325999111431,1092,31.097806080352044,9.535193686927457,35.63374024160619,94534,5880,5,1345,1244,1466,19,71,121,227,447,209,929,1250,23518,13,109958,5304,39.4,70455,21.5,1178,28.8,2869,15.35867237687366,4160,22.26980728051392,3114,16.670235546038544,1916,10.25695931477516,1331,7.12526766595289,803,4.2987152034261245,1149,6.150963597430406,1381,7.392933618843683,1906,10.203426124197,18680,1646,22,139988,898,549,3.1513690373686933,1121,6.434762642787441,2181,12.519373170311692,2409,13.828138453590494,2463,14.13810917857758,1136,6.520865621950519,1484,8.518454738533954,1345,7.720567131622754,3566,20.469548246369325,16079,7534,17421,2442,2.220847960130232
"Show Low, AZ Micro Area",0.4,3.4,0.8,85.1,1.3,8.9,43320,43320,"Show Low, AZ Micro Area",43320,7026,7503,17.631494659443803,538,30.07840242866493,14.00660084390536,38.28350206798591,71809,3012,7,1300,2878,1427,65,133,144,223,371,303,983,1078,18587,0,83166,3819,39.4,52752,19.5,832,22.5,2310,23.08384131108224,1910,19.08663935245328,1327,13.260717497751571,941,9.403417607674628,346,3.45757969421405,374,3.737383831318077,696,6.955131408014389,907,9.063655441191166,1026,10.25282302388328,10007,1146,0,107744,801,1359,12.728294464737283,1193,11.17355062283413,1397,13.08419968155849,985,9.225437857075958,833,7.801816989791139,486,4.551840404608036,646,6.050388685960476,746,6.986981361805751,1257,11.772969935375103,15000,5465,10677,3317,3.988408724719237
"Shreveport-Bossier City, LA Metro Area",0.1,1.1,0.9,90.2,1.9,5.9,43340,43340,"Shreveport-Bossier City, LA Metro Area",43340,21137,39831,25.22549130978076,2504,31.179143473815746,11.629747434586694,31.965617781816807,264090,12805,62,6579,7248,5227,84,124,174,360,1167,547,2025,3123,69536,53,306369,19364,38.2,54635,20.3,1003,32.0,9874,17.977896327585892,11048,20.115434335342204,7226,13.156601059665348,5712,10.400014565846732,2828,5.149026819365293,2858,5.203648744606085,2868,5.221856053019682,5931,10.79875462010451,6126,11.153797134169656,54923,3895,45,389004,4919,2138,3.767400881057269,3935,6.933920704845815,5543,9.767400881057268,6192,10.91101321585903,5349,9.425550660792952,3994,7.0378854625550655,3188,5.617621145374449,4011,7.06784140969163,15109,26.623788546255504,45167,18114,56750,12537,4.092124203166769
"Sidney, OH Micro Area",0.7,0.6,0.2,93.7,0.4,4.4,43380,43380,"Sidney, OH Micro Area",43380,3784,4387,20.611946337971176,205,40.87838889407664,8.622031313225635,29.887633454726554,32127,1293,0,502,746,652,3,12,0,0,90,65,113,297,11840,0,37677,1876,40.1,72822,18.3,904,25.7,1665,20.40941407207649,2111,25.87644030399608,1156,14.170139740132385,642,7.869575876440304,480,5.883795047805835,294,3.603824466781074,378,4.633488600147095,1002,12.28242216229468,430,5.27089973032606,8158,267,23,48007,154,199,4.034874290348743,836,16.95052716950527,705,14.294403892944038,427,8.657745336577454,589,11.94241686942417,423,8.576642335766424,454,9.205190592051906,259,5.2514193025141935,613,12.429034874290348,3654,2164,4932,1142,3.0310268864293866
"Sierra Vista-Douglas, AZ Metro Area",0.2,2.3,0.1,85.1,1.5,10.7,43420,43420,"Sierra Vista-Douglas, AZ Metro Area",43420,9580,15057,27.65771518838436,1060,25.16721002924075,10.78210600611703,36.39296877625785,89259,4567,40,1354,1600,1740,43,169,123,173,801,241,1281,1192,17897,22,102221,7394,42.9,58970,19.4,939,28.4,4188,23.295138502614307,3376,18.778507064189565,2549,14.178440315941709,1690,9.400378240071198,1115,6.202024696851708,470,2.6143063744576702,918,5.106240961174769,1755,9.761931249304704,1807,10.051173656691512,17978,832,13,125458,1176,833,5.594358629952988,1568,10.53055742108798,1831,12.296843519140364,1257,8.441907320349227,1722,11.564808596373403,1279,8.589657488247147,926,6.218938885157824,1221,8.200134318334452,2716,18.240429818670247,16324,6580,14890,3392,3.31830054489782
"Sikeston, MO Micro Area",0.2,1.3,0.0,93.2,1.0,4.2,43460,43460,"Sikeston, MO Micro Area",43460,1895,4542,19.77919270985455,126,42.2659033822069,14.694199427536656,23.26070448040189,34238,2025,0,951,1038,743,3,25,38,52,123,150,767,691,12446,0,39451,1868,40.1,55225,18.4,801,28.2,1421,19.535331317019523,1545,21.24003299422601,1130,15.53478141325268,621,8.537255980203465,262,3.6018696728072586,183,2.515809733296673,354,4.866648336541105,1159,15.933461644212263,581,7.987352213362661,7274,450,0,50046,236,300,4.600521392424475,774,11.869345192455146,708,10.85723048612176,723,11.087256555742984,667,10.228492562490416,614,9.415733783162093,207,3.1743597607728877,341,5.22925931605582,1527,23.416653887440575,4009,2060,6521,749,1.8985577044941828
"Silver City, NM Micro Area",0.0,2.0,0.1,84.6,0.3,13.0,43500,43500,"Silver City, NM Micro Area",43500,2005,3368,28.750060582561915,168,26.95197014491349,10.337808365240148,33.96016090728445,20633,1282,0,272,461,435,19,0,31,0,82,54,224,301,4279,18,23598,2144,49.0,45921,18.5,810,30.7,864,28.272251308900525,328,10.732984293193718,343,11.223821989528796,294,9.62041884816754,117,3.828534031413613,123,4.024869109947644,213,6.969895287958115,397,12.990837696335078,302,9.88219895287958,3056,225,11,27856,252,196,6.61715057393653,153,5.165428764348413,251,8.474004051316678,206,6.954760297096556,454,15.327481431465223,173,5.840648210668467,222,7.4949358541526,257,8.676569885212695,656,22.14719783929777,3864,1138,2962,886,3.7545554708026105
"Sioux City, IA-NE-SD Metro Area",0.2,1.9,0.9,90.6,0.7,5.7,43580,43580,"Sioux City, IA-NE-SD Metro Area",43580,10420,14685,23.87548874134887,699,32.40910223223473,12.766303111698384,30.949105914718015,92329,4200,111,1240,1594,1420,64,192,100,164,1803,452,1369,1202,25723,39,110414,5394,36.2,72027,18.8,968,25.8,4647,20.864762931034484,4811,21.60111350574713,3744,16.810344827586206,1638,7.354525862068965,1051,4.718929597701149,851,3.820941091954023,787,3.5335847701149428,2827,12.693067528735632,1889,8.48150143678161,22272,2033,4,144007,1266,1192,6.843102359492508,2119,12.164877432688444,2482,14.24880877203054,2097,12.038578563637408,1764,10.12687295481945,1243,7.135886101383547,861,4.942878466042827,1152,6.613468052126987,3437,19.731327860382343,11458,6697,17419,3144,2.8474649953810207
"Sioux Falls, SD-MN Metro Area",0.1,2.0,0.5,86.5,0.8,10.1,43620,43620,"Sioux Falls, SD-MN Metro Area",43620,24322,47952,35.745790724098754,2399,25.65592397479599,6.304617291602107,32.29366800950315,193620,6844,242,1547,2010,2699,62,105,41,50,440,467,1316,981,42831,16,225209,14925,36.1,81418,19.8,987,25.4,10059,19.78793720738089,11389,22.404296337097215,9651,18.985324782625803,5180,10.19003029468466,2861,5.628122909863477,1976,3.88716213557855,1909,3.755360585434945,4457,8.767753865523076,3231,6.355982216626667,50834,2199,32,293107,3935,1972,4.976028261418118,4625,11.6704516780217,6537,16.495079485238456,5535,13.9666919000757,4876,12.303810244764067,3241,8.178147867776937,2239,5.649760282614181,3110,7.847590209437295,6048,15.261165783497352,26266,11939,39630,3457,1.5350185827387004
"Slidell-Mandeville-Covington, LA Metro Area",0.1,0.8,0.1,85.1,1.5,12.4,43640,43640,"Slidell-Mandeville-Covington, LA Metro Area",43640,13613,43862,36.565436985605054,2318,24.002033245730725,8.595870780744729,30.83665898791949,184926,9288,0,2296,3257,2711,14,472,173,86,860,612,1261,2200,35098,0,212894,16603,40.4,79277,21.0,1305,31.2,9213,17.59986245630122,10389,19.846409536363115,7320,13.983609375895467,5036,9.620417597952128,3707,7.081590157984221,2711,5.178902324870576,2565,4.899994269012551,5027,9.603224635604716,6113,11.677842092192485,52347,1806,148,269331,4836,589,2.6928176290403694,2024,9.2534174553102,1602,7.324098203264298,2988,13.660677547661502,2297,10.50153156860056,1906,8.713939560188361,1246,5.696520824761121,2010,9.189411603346592,5223,23.87875462899465,30817,12595,21873,6352,2.983644442774338
"Snyder, TX Micro Area",0.0,2.7,0.0,92.7,0.9,3.7,43660,43660,"Snyder, TX Micro Area",43660,1168,1464,17.883044156797943,21,31.717616818140087,14.816854860919856,35.58248416414211,10893,1087,0,270,276,93,67,4,15,43,150,111,108,154,2368,0,12977,394,36.4,62689,17.9,913,22.8,495,24.420325604341397,463,22.841637888505183,492,24.272323630981745,53,2.614701529353725,103,5.081401085347805,19,0.9373458312777504,108,5.328071040947212,253,12.481499753330043,41,2.0226936359151457,2027,323,0,16633,69,46,3.3823529411764706,205,15.073529411764705,222,16.323529411764707,211,15.514705882352942,227,16.691176470588236,12,0.8823529411764706,71,5.220588235294118,110,8.088235294117647,75,5.514705882352941,1741,967,1360,145,1.117361485705479
"Somerset, KY Micro Area",0.0,1.0,0.2,93.2,0.6,4.9,43700,43700,"Somerset, KY Micro Area",43700,4650,4530,17.913118465021018,196,35.513635873666054,15.093241349574216,31.480004311738707,46385,3880,5,1032,967,1129,4,30,0,91,135,296,1598,863,12593,0,52789,2887,42.2,50943,18.7,835,29.4,2042,21.79760888129804,1783,19.032877882152007,1120,11.955593509820666,904,9.649871904355251,496,5.2946199829205804,304,3.245089666951324,464,4.953031596925705,1283,13.695559350982068,922,9.84201537147737,9368,848,3,65503,696,237,3.2496914849856027,875,11.997806115453177,669,9.173179761415057,685,9.392568216097628,820,11.243658302481832,533,7.308377896613191,250,3.427944604415192,562,7.706019470725353,1731,23.735088440970795,6287,3665,7293,1477,2.7979313872208222
"Somerset, PA Micro Area",0.0,2.2,0.2,89.3,0.8,7.5,43740,43740,"Somerset, PA Micro Area",43740,5326,6080,17.285006917643635,378,49.31005606932207,9.945022937449938,23.45991407558436,54932,2484,3,926,1351,806,0,0,24,0,80,153,1074,498,24603,0,61388,2578,47.0,59378,18.0,749,26.3,2843,26.49086843086097,2247,20.93738352590384,1195,11.134923592992918,927,8.637718971300783,446,4.155795751024972,330,3.074916138650764,388,3.615355944837869,1160,10.80879612374208,1145,10.669027208348863,10732,524,24,73255,459,419,7.304741980474199,686,11.95955369595537,495,8.629707112970712,719,12.53486750348675,568,9.9023709902371,492,8.577405857740587,289,5.038354253835426,371,6.467921896792189,898,15.655509065550907,4836,2725,5736,1824,2.971264742294911
"Sonora, CA Micro Area",0.0,3.5,0.3,83.6,0.6,12.0,43760,43760,"Sonora, CA Micro Area",43760,4261,6706,23.94446829826821,213,25.12284719240494,6.481083917752016,44.45160059157483,41922,1934,0,407,924,466,0,32,19,2,19,59,76,296,8598,0,46375,2495,48.8,72259,27.4,1247,34.7,992,9.894274885298223,1185,11.819269898264512,1867,18.621583881907043,1047,10.442848593656493,1262,12.58727308996609,798,7.959305804907241,953,9.505286255735088,458,4.568122880510672,1461,14.57211250748055,10026,417,0,54873,624,213,3.6120061047990495,572,9.69984738002374,478,8.105816516872986,587,9.954214007122266,318,5.392572494488723,559,9.47939630320502,360,6.104799050364592,690,11.700864846532134,1606,27.23418687468204,9596,4778,5897,1818,3.920215633423181
"South Bend-Mishawaka, IN-MI Metro Area",0.6,3.3,1.0,84.7,1.2,9.3,43780,43780,"South Bend-Mishawaka, IN-MI Metro Area",43780,20060,40004,30.719306728158596,4075,30.44640532599397,8.977386841224384,29.85690110462305,215096,11225,0,3224,4517,4271,34,184,62,179,609,277,1416,2021,54264,96,258607,18009,37.9,65385,17.7,1013,30.1,13200,24.05028696365127,11455,20.87091190671404,7684,14.000182199143666,4002,7.291609729434271,3017,5.496948164343627,1627,2.9643800674136838,2011,3.6640247790835385,7909,14.41013027238772,3777,6.881661656190216,54885,2350,70,324180,3988,1455,3.884246776475613,3170,8.462585760431406,4948,13.20910862543047,3643,9.725299660962651,4097,10.93729143863958,3202,8.548012493659735,2397,6.398996235884567,3017,8.054139192183454,8785,23.452307856589872,28372,15789,37459,8023,3.102390886557595
"Sparta, WI Micro Area",0.4,2.6,0.1,86.6,2.1,8.3,43890,43890,"Sparta, WI Micro Area",43890,3811,4364,19.976272164684,148,36.303588033475485,9.154455382050214,34.5656844197903,31187,1120,2,321,343,596,0,7,32,62,72,21,873,117,10202,9,35864,1418,39.6,68213,19.5,920,25.1,1600,21.636240703177823,1698,22.961460446247465,1052,14.225828262339418,659,8.911426639621366,338,4.570655848546315,315,4.259634888438134,271,3.664638269100744,565,7.640297498309667,855,11.561866125760648,7395,389,11,46169,300,231,4.577883472057074,553,10.959175584621482,769,15.239793896155373,642,12.72294887039239,446,8.83868410622275,392,7.768529528339278,349,6.916369401506143,412,8.164883075703527,617,12.227506936187078,4471,2498,5046,625,1.7426946241356236
"Spartanburg, SC Metro Area",0.1,0.9,0.1,90.4,1.1,7.5,43900,43900,"Spartanburg, SC Metro Area",43900,25336,38047,24.778778883603657,2318,31.63069264261059,12.711403611230825,30.87912486255493,248281,13009,0,5799,6120,5092,3,208,277,457,1748,1774,2816,3511,65524,33,290506,18336,38.3,62440,18.9,991,29.7,12867,21.687173436709926,12867,21.687173436709926,8625,14.53733355806506,5497,9.26512725434013,3333,5.617731333220967,2005,3.379403337266138,2820,4.753076015506489,6676,11.252317545929548,4419,7.448171245575594,59330,3542,180,365086,2820,1393,3.625904523921079,3416,8.891665365193399,4445,11.570097350200427,4087,10.638242490499245,3979,10.357124264667604,3275,8.524649903690978,2208,5.74730595033578,3086,8.032693008485605,8236,21.437867666198137,34654,16677,38418,8069,2.7775674168519755
"Spearfish, SD Micro Area",0.1,3.9,1.2,88.0,0.8,6.0,43940,43940,"Spearfish, SD Micro Area",43940,2057,4381,34.08732246186218,317,27.674907943187797,4.639663335086796,33.59810625986323,19010,816,0,104,192,201,21,0,0,48,2,15,100,48,4445,0,22821,1391,43.8,66766,20.9,923,26.3,647,19.278903456495826,670,19.9642431466031,564,16.805721096543504,270,8.045292014302742,230,6.853396901072706,179,5.33373063170441,155,4.618593563766389,255,7.598331346841477,369,10.99523241954708,3356,151,0,26574,391,195,4.569955472228733,517,12.116240918678228,686,16.076868994609796,354,8.296226857276775,576,13.498945394891024,174,4.077806421373331,156,3.6559643777829858,402,9.421138973517694,751,17.600187485352706,2777,1553,4267,334,1.4635642609876869
"Spencer, IA Micro Area",0.3,4.2,1.1,87.7,0.2,6.5,43980,43980,"Spencer, IA Micro Area",43980,1542,2119,26.03846491613243,35,32.695178712566964,5.10230965135681,36.16404671994379,11387,387,0,73,184,182,8,1,0,0,0,0,42,20,3336,0,13044,617,41.8,64082,19.1,798,25.8,743,26.89106044154904,508,18.38581252262034,379,13.716974303293522,300,10.857763300760045,226,8.1795150199059,86,3.112558812884546,164,5.935577271082157,216,7.81758957654723,132,4.77741585233442,2763,71,0,16446,194,150,7.579585649317837,185,9.348155634158664,281,14.199090449722082,243,12.278928751894895,341,17.230924709449216,119,6.013137948458818,153,7.7311773623041935,47,2.374936836786256,307,15.51288529560384,1505,1071,1979,340,2.6065624041705
"Spirit Lake, IA Micro Area",0.5,1.8,0.0,85.2,1.9,10.5,44020,44020,"Spirit Lake, IA Micro Area",44020,1848,3201,32.310117081957365,99,27.319123386370457,2.6868808165716,37.68387871510057,13324,343,0,116,50,41,0,0,67,0,0,0,25,21,3297,0,14858,713,48.1,74570,20.9,930,25.1,606,16.800665372886055,711,19.71167174937621,579,16.052120876074298,465,12.891599667313558,168,4.6576102023842525,107,2.9664541169947327,204,5.655669531466593,388,10.75686165788744,379,10.507346825616857,3607,38,0,17844,292,67,3.3184744923229323,174,8.618127786032689,430,21.29767211490837,226,11.193660227835563,176,8.71718672610203,142,7.033184744923229,138,6.8350668647845465,135,6.686478454680535,310,15.354135710747896,2195,978,2019,231,1.5547179970386324
"Spokane-Spokane Valley, WA Metro Area",0.4,2.6,1.8,80.1,1.2,13.9,44060,44060,"Spokane-Spokane Valley, WA Metro Area",44060,52080,81509,31.237076579542663,5324,24.856217456063405,5.695902653082547,38.21080331131138,411559,21763,140,3168,4731,5347,51,176,126,185,487,840,1861,2717,80535,94,477465,33305,38.8,72836,21.4,1187,30.7,16378,16.712244897959184,20171,20.58265306122449,16746,17.087755102040816,10237,10.44591836734694,7200,7.346938775510205,4434,4.524489795918368,5740,5.857142857142858,7761,7.919387755102041,9038,9.222448979591835,98000,3462,57,591793,8421,3359,4.101293024505195,6022,7.352779575340961,8860,10.817938730906826,10240,12.502899842492765,9585,11.703153807645815,7410,9.047508577428848,5979,7.300277163892993,7678,9.374732909244088,19001,23.199960928437992,71074,34106,81901,16352,3.4247536468641684
"Springfield, IL Metro Area",0.4,1.4,1.0,84.5,0.9,11.8,44100,44100,"Springfield, IL Metro Area",44100,13302,30020,34.60734136811403,1852,28.517968191073688,6.264790050079798,30.609900390732488,145368,6029,20,1617,2279,1820,21,40,32,179,188,78,777,961,35427,27,167147,14668,40.9,74580,18.6,949,28.0,8714,23.24415161780789,8686,23.169463042492463,5644,15.055082824295129,3320,8.85593107311478,1713,4.569340339833017,1211,3.2302808823921683,1401,3.737096214889701,3724,9.933580516951638,2834,7.559550801568459,37489,1059,9,207386,3768,1514,5.859586655313879,2552,9.876925458626827,3050,11.80431921975385,2987,11.560492298165492,2812,10.883195293753388,2197,8.502980106819413,1211,4.686895270531775,1843,7.132905023608638,5429,21.011688211161854,19050,12145,25838,5527,3.3066701765511795
"Springfield, MA Metro Area",0.2,1.9,1.8,85.4,1.3,9.4,44140,44140,"Springfield, MA Metro Area",44140,30483,54356,28.925090190635174,3588,30.78267339423155,12.822701154815272,27.469535260318,319878,15094,128,5771,6699,6288,314,708,1379,915,1509,1474,3030,5323,83373,37,377389,29143,39.8,70535,22.1,1105,31.6,12521,16.871025115877977,14435,19.449983830979843,10996,14.816212137544465,7823,10.54085372426431,5552,7.480866659480435,3503,4.720006467608063,4638,6.249326290826776,5471,7.371725773418131,9039,12.179314433545327,74216,7298,144,462853,5438,2824,4.057704465773895,5911,8.493304212885798,6490,9.325248577504452,6947,9.981895511236278,8218,11.80814989367205,6812,9.787918845910683,4546,6.53198459681591,6035,8.671475372147825,17307,24.86780849474108,36223,21163,69596,13781,3.651669762499702
"Springfield, MO Metro Area",0.3,1.9,0.6,86.7,1.0,9.4,44180,44180,"Springfield, MO Metro Area",44180,26790,59840,29.92808593370882,3619,30.21204787592084,7.462532364460612,32.397333825909726,319409,14583,3,4236,4914,4557,4,0,269,172,638,508,2959,2568,81917,1,385510,25915,37.3,61488,19.0,927,28.8,17650,22.49439233278956,17337,22.095483278955957,12089,15.407065660685154,7033,8.96334624796085,5036,6.418230016313213,2284,2.910889070146819,3100,3.950856443719412,7308,9.313825448613375,6052,7.713091353996737,78464,2952,55,481671,6219,2997,4.089792576419214,6810,9.29312227074236,9067,12.373089519650655,8703,11.87636462882096,8202,11.19268558951965,6149,8.391102620087336,4234,5.777838427947598,6114,8.34334061135371,15319,20.904748908296945,49184,27506,73280,8536,2.21420974812586
"Springfield, OH Metro Area",0.1,2.0,0.4,88.6,0.5,8.3,44220,44220,"Springfield, OH Metro Area",44220,9800,10774,18.535855509244417,575,37.60286416586513,10.737415838409747,33.123864486480706,93570,5429,2,2004,2575,2128,14,68,14,16,307,99,821,1216,29756,25,108462,5381,41.2,60846,18.3,840,27.6,5293,22.75776077048757,5226,22.46968784934216,3102,13.337346289448792,2021,8.689483188580272,1250,5.374494797489036,722,3.104308195029667,988,4.248000687935334,2840,12.21085217989509,1747,7.511393928970676,23258,735,23,135445,614,853,4.9991209048819085,1862,10.912500732579264,2005,11.75057141182676,2283,13.379827697356856,1979,11.598194924690851,1646,9.646603762527103,981,5.7492820723202245,1085,6.358788020863858,3369,19.744476352341323,12961,8233,17063,4173,3.847430436466228
"Starkville, MS Micro Area",0.5,2.3,0.4,89.0,0.9,7.1,44260,44260,"Starkville, MS Micro Area",44260,3087,6905,40.50357757449506,1619,25.571355251637836,10.38553271140899,23.53953446245811,33123,1499,1,639,810,481,5,118,0,45,148,39,366,336,6971,10,51290,4120,27.4,46930,18.0,857,37.9,1945,29.57275353504637,1533,23.30849931579748,720,10.947240383153414,800,12.163600425726017,233,3.5426486239927018,224,3.4058081192032845,226,3.436217120267599,347,5.275961684658659,392,5.960164208605747,6577,442,0,61415,772,176,1.4573155584996274,937,7.75854930860313,921,7.626066076012254,1266,10.482735778753002,624,5.166846071044134,517,4.280864453092655,941,7.791670116750849,1040,8.611410118406889,3548,29.37815682702658,3434,1276,12077,1807,3.5231039188925712
"State College, PA Metro Area",1.8,7.6,3.6,72.8,0.6,13.6,44300,44300,"State College, PA Metro Area",44300,7260,21816,46.49672384975852,7235,28.454826041036476,5.427437630097516,19.62101247910749,97523,3313,1,577,695,1193,0,2,17,11,12,148,1427,796,24437,13,137415,14279,33.8,72748,19.6,1181,34.4,4121,19.00216719693826,5162,23.80227786231383,3513,16.198644349149262,1959,9.033061280951722,1113,5.132106792087425,1086,5.00760824457048,1112,5.127495734771983,1914,8.825563701756813,1594,7.350025360815235,21687,389,12,158041,2015,781,3.4609589648143224,1539,6.819994682265356,2124,9.412390321722947,2161,9.576353806611715,2509,11.118496853673667,1524,6.75352299920234,938,4.156695914207215,1896,8.402020739165115,7465,33.080740937693875,8321,3554,22566,3068,2.2326529127096757
"Statesboro, GA Micro Area",0.3,2.2,0.6,88.1,1.6,7.3,44340,44340,"Statesboro, GA Micro Area",44340,4486,9274,28.73494201973956,1093,30.179757571208764,11.329605584118289,29.755694824933386,53294,2968,12,1083,1647,975,0,62,5,16,169,144,567,751,13116,48,75084,4236,31.0,56172,19.5,948,28.2,1957,19.926687710009165,2032,20.690357397413703,1764,17.96151104775481,1081,11.00702576112412,275,2.800122187149985,440,4.480195499439976,291,2.96303838712962,1100,11.20048874859994,826,8.41054882394868,9821,552,7,92112,711,434,2.79225374766776,1429,9.193849321237856,2032,13.0734092517532,1957,12.590876922087112,1642,10.564241137489546,904,5.816123013575243,500,3.2168821977739173,1305,8.396062536189925,3619,23.283793347487617,7921,3451,15543,3432,4.570880613712642
"Staunton-Stuarts Draft, VA Metro Area",0.2,2.2,0.2,89.7,0.8,6.9,44420,44420,"Staunton-Stuarts Draft, VA Metro Area",44420,7050,14976,26.16578621274376,1293,37.41929172373312,8.933889867171025,27.481032196352096,91998,5944,59,1974,1398,817,81,40,27,161,515,478,798,1002,28481,30,104328,6428,42.8,70949,19.9,1013,27.5,4522,20.29531888155828,4724,21.2019209191688,3599,16.15277590772407,2204,9.891836093532609,1118,5.017728109151295,957,4.295139356402316,1102,4.945918046766304,1990,8.931376509133342,2024,9.08397289170145,22281,817,22,126052,1375,628,4.203199250384848,1383,9.25640854025835,2209,14.78482029315307,1831,12.25486915199786,1768,11.833210628471988,1008,6.746536376413895,860,5.7559734957499495,1242,8.312696606652835,2968,19.86480155277425,11960,6272,14941,2270,2.175830074380799
"Steamboat Springs, CO Micro Area",1.6,3.0,1.0,79.3,1.0,14.1,44460,44460,"Steamboat Springs, CO Micro Area",44460,2831,7663,42.04029054996958,322,24.21369019930583,5.102515475721902,28.64350377500268,27947,1137,3,195,360,381,0,0,0,0,72,22,109,181,5630,0,31400,2743,41.0,93984,22.9,1532,29.1,1325,16.69186192995717,1207,15.205341395817587,1099,13.844797178130513,657,8.276643990929704,727,9.158478206097254,456,5.744520030234316,548,6.90350214159738,794,10.00251952632905,1101,13.869992441421012,7938,103,0,38248,1021,243,6.014851485148514,341,8.44059405940594,383,9.48019801980198,457,11.311881188118813,519,12.846534653465348,277,6.856435643564357,313,7.747524752475248,294,7.277227722772277,863,21.36138613861386,3495,1679,4040,618,1.9681528662420384
"Stephenville, TX Micro Area",1.1,4.5,0.0,86.3,1.4,6.7,44500,44500,"Stephenville, TX Micro Area",44500,2177,5509,32.49512670565302,351,26.2729044834308,12.939571150097464,28.292397660818715,25650,1349,13,437,412,725,47,37,0,131,295,34,120,264,5390,0,35254,2219,31.9,65351,21.3,1134,31.9,913,18.64406779661017,977,19.950990402287115,609,12.436185419644682,438,8.944251582601591,534,10.904635491117013,244,4.982642434143353,220,4.492546457014498,401,8.188686951194608,561,11.455993465386973,4897,804,0,43244,256,224,3.778040141676505,522,8.804182830156856,887,14.960364311013665,397,6.695901501096306,551,9.293304098498904,467,7.876539045370213,241,4.06476640242874,384,6.476640242874009,1842,31.067633665036265,3573,1507,5929,1188,3.369830373858285
"Sterling, CO Micro Area",0.3,3.0,2.1,86.2,0.2,8.2,44540,44540,"Sterling, CO Micro Area",44540,1781,1713,18.90750758675287,59,37.75564058582926,10.621454017680431,32.71539780973743,15158,1644,0,390,328,247,2,0,43,57,80,2,89,274,4079,0,17638,995,39.1,55074,20.5,1027,27.6,709,23.562645397141907,515,17.115320704553007,469,15.586573612495847,229,7.610501827849784,208,6.912595546693254,99,3.290129611166501,203,6.746427384513128,198,6.580259222333002,310,10.30242605516783,3009,98,0,21067,99,52,2.013162988772745,229,8.86566008517228,308,11.924119241192413,220,8.517228029423151,405,15.6794425087108,286,11.072396438250095,121,4.6844754161827336,189,7.317073170731707,233,9.020518776616338,2145,1033,2583,580,3.28835468874022
"Sterling, IL Micro Area",0.7,3.5,0.3,90.2,0.4,4.9,44580,44580,"Sterling, IL Micro Area",44580,4181,4836,20.07212776919114,96,37.83616692426584,8.987635239567233,33.10407006697579,38820,2256,0,484,604,695,112,29,21,65,107,69,377,396,12432,10,44481,2609,43.4,64536,17.6,808,29.4,2544,26.455906821963392,1927,20.03951747088186,1747,18.167637271214645,632,6.572379367720465,361,3.7541597337770383,231,2.4022462562396005,311,3.2341930116472546,1241,12.90557404326123,582,6.052412645590683,9616,520,0,55192,251,335,5.881320224719102,440,7.724719101123595,850,14.922752808988765,380,6.671348314606742,585,10.270365168539326,514,9.023876404494382,429,7.531601123595505,584,10.252808988764045,925,16.239466292134832,5511,3159,5696,1270,2.855151637777928
"Stevens Point-Plover, WI Micro Area",0.9,4.0,0.4,82.4,0.8,11.5,44620,44620,"Stevens Point-Plover, WI Micro Area",44620,5971,10863,33.69664336271658,654,31.11728689912719,5.180424681922792,30.005645056233444,46058,1345,2,214,542,587,4,13,59,6,86,11,255,228,12987,37,58561,3520,38.1,73284,18.4,903,26.1,2573,21.923994546693933,2990,25.477164280845265,1678,14.297886843899112,1085,9.24505794137696,512,4.3626448534424,392,3.340149965916837,519,4.422290388548057,1265,10.778800272665304,699,5.956032719836401,11736,342,0,70375,483,340,3.739139997800506,1098,12.075222698779282,1360,14.956559991202024,1233,13.559881227317716,1205,13.251952051028262,536,5.89464423182668,491,5.399758055647201,932,10.249642582206093,1412,15.528428461453869,5269,2580,9093,1247,2.1294035279452195
"Stillwater, OK Micro Area",1.1,4.4,0.7,84.0,1.6,8.2,44660,44660,"Stillwater, OK Micro Area",44660,3272,9757,40.10511014201051,2410,27.04237951470424,6.825450072682545,26.02706027060271,44715,1920,43,530,694,382,14,10,0,30,132,203,218,250,10172,10,68445,4958,27.7,48937,21.0,922,34.7,1848,20.16586643387167,1849,20.17677869925797,1084,11.828895678742906,963,10.508511567001309,513,5.597992143168922,262,2.859013531209079,622,6.787429070274989,653,7.125709297250109,1327,14.480576167612396,9164,536,0,82290,808,461,2.903937007874016,1415,8.913385826771654,1424,8.970078740157481,1755,11.05511811023622,1122,7.06771653543307,1393,8.7748031496063,809,5.096062992125984,1190,7.496062992125985,5390,33.95275590551181,5031,3335,15875,1737,2.5378040762656147
"Stockton-Lodi, CA Metro Area",0.3,1.1,1.1,87.2,1.0,9.3,44700,44700,"Stockton-Lodi, CA Metro Area",44700,45829,73689,21.572958036625103,3413,27.75445928948489,19.569372777783283,31.103209896106726,504845,18628,603,7444,9192,18374,1110,3352,2072,1900,14316,2209,7719,6268,121489,225,603277,24869,35.2,88531,23.8,1633,31.3,14597,14.021420681043178,17685,16.987656692762116,17138,16.462225637577447,11876,11.407713366312858,7952,7.638441957638922,5908,5.675039623457087,7390,7.0986023726045815,6383,6.131309735363335,14703,14.12324095864752,104105,23852,159,787416,6939,2888,3.110359608404864,6828,7.353717245910114,10154,10.93580036833206,11057,11.908326243120698,10391,11.191048023176918,8823,9.502320922768735,6854,7.381719098340351,8517,9.172760659551324,21822,23.502170143563344,72707,38487,92851,27442,4.548822514367363
"Storm Lake, IA Micro Area",0.3,5.9,0.0,87.1,0.3,6.3,44740,44740,"Storm Lake, IA Micro Area",44740,1489,1975,22.07007343941249,136,31.754895960832314,19.45379436964504,26.72123623011016,13072,288,0,373,297,175,0,54,57,1,324,19,231,225,3863,174,15855,597,35.7,66564,18.0,835,21.2,674,22.886247877758915,592,20.101867572156195,379,12.869269949066217,333,11.307300509337862,161,5.466893039049236,129,4.380305602716469,47,1.595925297113752,447,15.178268251273344,183,6.213921901528013,2945,613,0,20684,177,61,2.935514918190568,528,25.409047160731475,338,16.265640038498557,174,8.373435996150144,232,11.164581328200192,99,4.764196342637151,85,4.090471607314726,164,7.892204042348412,258,12.415784408084695,1209,795,2078,541,3.4121728161463265
"Sturgis, MI Micro Area",1.3,2.0,0.1,89.3,1.1,6.1,44780,44780,"Sturgis, MI Micro Area",44780,4167,4453,17.1255453223461,159,36.303926320891904,13.693650024236549,32.87687833252545,41260,2223,35,753,917,638,0,42,47,64,200,34,1653,642,12756,0,47676,2129,39.8,64707,19.3,825,24.5,2261,22.68030895776909,2103,21.095395726752933,1323,13.271140535660548,925,9.278764168923663,683,6.851238840405256,399,4.002407463135721,444,4.453806801083358,907,9.098204433744607,891,8.937706891363225,9969,625,0,60870,325,507,8.641554457133118,539,9.18697801261292,795,13.550366456451338,825,14.061701039713654,534,9.1017555820692,413,7.039372762911198,340,5.795125276972899,263,4.482699846599624,942,16.05590591443668,5931,3467,5867,1524,3.1965768940347346
"Sulphur Springs, TX Micro Area",0.0,1.3,0.7,89.6,1.3,7.1,44860,44860,"Sulphur Springs, TX Micro Area",44860,1913,3405,20.028549902851022,159,34.045759149847335,15.365399103850272,30.560291843451363,25219,1455,52,697,888,488,30,115,118,76,297,76,235,402,7131,5,29213,1291,39.6,64725,22.2,1038,25.2,643,16.08304152076038,632,15.807903951975987,607,15.182591295647825,400,10.005002501250624,250,6.253126563281642,190,4.752376188094047,137,3.4267133566783388,430,10.755377688844424,666,16.65832916458229,3998,375,21,37351,196,90,2.156205079060853,605,14.494489698131288,642,15.38092956396742,489,11.715380929563969,252,6.0373742213703885,327,7.834211787254432,319,7.642549113560134,307,7.355055103018687,643,15.404887398179204,4014,1780,4174,824,2.8206620340259474
"Summerville, GA Micro Area",0.0,0.7,0.4,94.7,0.3,3.8,44900,44900,"Summerville, GA Micro Area",44900,1406,1039,10.726920004564647,34,35.929476206778496,25.756019627981285,27.587584160675565,17526,1811,0,1061,755,439,55,12,20,11,313,299,608,588,4486,4,20080,678,41.1,47785,19.4,789,29.6,285,14.36491935483871,547,27.570564516129032,250,12.600806451612904,111,5.594758064516129,156,7.862903225806452,102,5.141129032258065,185,9.324596774193548,231,11.643145161290322,117,5.897177419354839,1984,336,13,24975,129,198,6.642066420664207,182,6.105333780610533,209,7.011070110701106,339,11.372022811137205,481,16.135524991613554,190,6.37370010063737,362,12.143575981214358,319,10.70110701107011,455,15.263334451526331,2311,1118,2981,476,2.3705179282868527
"Sumter, SC Metro Area",0.2,1.5,0.2,92.4,1.2,4.5,44940,44940,"Sumter, SC Metro Area",44940,8135,9755,23.158454856616903,428,32.21157994650099,10.876693416170506,33.7532717807116,69534,2967,0,1228,1734,1531,52,8,40,118,215,273,678,595,19431,57,82564,5567,37.3,55990,20.5,1006,29.5,3263,22.56413802641588,2198,15.199502109121084,1923,13.297835557706936,1280,8.851393402945854,951,6.576308692344927,793,5.483714819168799,688,4.757623954083397,1522,10.524859968190304,1748,12.087684115897932,14461,1004,30,104853,353,542,3.958515921706106,1048,7.6541045866199235,1780,13.000292141396436,1278,9.333917616126206,1259,9.195150452819163,1495,10.918784691790826,808,5.901256208004675,982,7.17207128250073,2349,17.156003505696756,10471,4864,13692,3231,3.913327842643283
"Sunbury, PA Micro Area",0.1,3.9,0.2,86.2,1.0,8.7,44980,44980,"Sunbury, PA Micro Area",44980,6698,11221,22.06953518059623,821,45.38184275737779,9.521664038447096,23.026958023578885,79902,3899,14,1704,1766,1210,0,2,61,45,117,181,1069,855,32362,0,90120,4202,44.1,59922,18.6,821,25.4,3923,23.01149694978883,3795,22.26067573908963,2438,14.300797747536368,1252,7.343969967151572,847,4.968324730173627,554,3.2496480525574847,660,3.871421867667762,1840,10.793054903801032,1656,9.71374941342093,17048,576,8,109004,1390,426,3.554739652870494,1346,11.231642189586116,1946,16.238317757009348,1569,13.092456608811748,1217,10.15520694259012,787,6.567089452603471,769,6.416889185580775,728,6.074766355140187,2000,16.688918558077436,7395,4306,11984,1900,2.108300044385264
"Susanville, CA Micro Area",0.2,2.7,0.4,89.6,0.5,6.7,45000,45000,"Susanville, CA Micro Area",45000,2372,2309,13.212723998971104,83,30.2966646660379,20.85655491725971,35.63405641773129,23326,1804,10,667,1203,703,120,35,58,236,361,142,242,741,5263,0,26164,547,37.8,64395,21.3,1043,26.8,691,19.575070821529746,724,20.509915014164307,549,15.55240793201133,332,9.405099150141645,153,4.3342776203966,155,4.390934844192635,275,7.790368271954675,194,5.495750708215297,437,12.379603399433428,3530,339,8,31177,143,273,9.479166666666666,313,10.868055555555555,281,9.756944444444445,314,10.90277777777778,394,13.680555555555555,142,4.930555555555555,133,4.618055555555555,236,8.194444444444445,563,19.54861111111111,3303,2637,2880,787,3.0079498547622685
"Sweetwater, TX Micro Area",0.6,2.4,0.0,91.5,1.9,3.6,45020,45020,"Sweetwater, TX Micro Area",45020,898,823,13.720784641068448,42,36.38355592654424,16.496243739565944,33.39941569282137,9584,916,0,336,186,83,41,32,0,6,39,34,276,208,2571,0,11312,396,36.5,50160,18.6,866,28.6,205,17.74891774891775,211,18.26839826839827,132,11.428571428571429,89,7.705627705627706,51,4.415584415584416,40,3.463203463203463,30,2.5974025974025974,191,16.536796536796537,148,12.813852813852812,1155,340,0,14565,54,103,5.215189873417722,205,10.379746835443038,220,11.139240506329111,157,7.949367088607595,282,14.27848101265823,110,5.5696202531645564,300,15.18987341772152,53,2.6835443037974684,343,17.367088607594937,1380,923,1975,388,3.4299858557284297
"Syracuse, NY Metro Area",0.2,3.8,1.7,82.0,1.6,10.6,45060,45060,"Syracuse, NY Metro Area",45060,58370,86152,34.215157775275514,7085,27.546392758030624,8.408105544078662,29.830343922615192,451148,23464,134,6277,6926,8159,111,312,148,376,819,762,3196,4291,100811,199,536041,50844,39.9,73558,18.7,1036,29.8,25314,23.24902187689425,24124,22.15609558972098,15023,13.797505556473984,10170,9.340386840800132,5438,4.994397604746423,3708,3.4055215738138536,4504,4.136588233133116,10874,9.986958358590032,9220,8.467882661964328,108882,6164,59,657128,10280,4031,4.755724920659265,8525,10.057691627045456,10222,12.059791649461427,7996,9.433583841625277,9096,10.731350503179527,6504,7.673340333408054,4970,5.863545734476941,6039,7.124738971932847,21479,25.34066374865799,46694,29515,84761,17572,3.27810745819816
"Tahlequah, OK Micro Area",0.2,3.5,0.1,87.6,1.5,7.1,45140,45140,"Tahlequah, OK Micro Area",45140,1626,5798,29.41694959519457,402,32.067772264298775,10.087490206320188,28.427787934186476,30632,2209,0,609,756,515,48,42,20,23,151,69,222,349,7614,0,38544,2348,37.3,53668,19.7,803,25.4,1161,20.6620395088094,1051,18.70439579996441,683,12.15518775582844,534,9.503470368392952,425,7.563623420537461,217,3.861897134721481,249,4.431393486385478,628,11.176365901405944,613,10.909414486563444,5619,286,0,47621,463,205,3.257587795963769,796,12.648975051644683,799,12.696647068170982,864,13.72954075957413,486,7.722866677260448,376,5.974892737962816,313,4.973780390910536,281,4.465278881296679,1291,20.51485777848403,4824,2258,6293,1127,2.923931091739311
"Talladega-Sylacauga, AL Micro Area",0.3,1.1,0.2,92.9,1.4,4.1,45180,45180,"Talladega-Sylacauga, AL Micro Area",45180,5759,6127,16.588433669051632,470,36.25301918607301,15.698248492305822,31.46029865256953,65829,4112,0,2226,2132,1625,17,51,18,98,244,280,1035,1435,19753,7,74813,3631,42.8,56331,19.1,767,27.5,2756,21.487603305785125,2760,21.51878995789802,1748,13.628566973335412,1099,8.568532668018088,718,5.598004054264774,371,2.8925619834710745,540,4.210198035240917,1367,10.6580383595821,1396,10.884141587400592,12826,1166,0,91493,692,562,5.7294321541441535,1113,11.346722397797942,746,7.605260475073912,805,8.206748904067693,743,7.574676317667449,445,4.536650015292079,690,7.0343562034865945,410,4.179834845550006,1690,17.22907533897441,10211,4740,9809,3022,4.03940491625787
"Tallahassee, FL Metro Area",0.4,2.1,1.3,83.6,1.0,11.7,45220,45220,"Tallahassee, FL Metro Area",45220,20147,57511,40.85627688938287,6868,23.72540736517884,8.757582344569627,26.660733400868665,243823,11751,30,3669,4505,3990,58,258,128,242,615,639,1222,2783,46097,78,322286,27808,34.7,63078,20.5,1197,34.2,9712,18.445993428424917,10924,20.74794400866081,8043,15.276063132704031,5846,11.103302881236823,3479,6.607661772805834,2061,3.914455565896184,2306,4.37978385975575,4713,8.951396934531159,5251,9.973219881863592,52651,2982,154,388298,7430,1602,2.429260303884997,4208,6.380978376247233,5847,8.866345191520335,8132,12.331301367785764,6391,9.691262548145453,5293,8.026263912898433,3676,5.574257726018257,6606,10.017286871076337,19456,29.502926636945386,30727,14131,65946,10700,3.320032517701669
"Tampa-St. Petersburg-Clearwater, FL Metro Area",0.5,1.2,0.8,77.8,1.7,17.8,45300,45300,"Tampa-St. Petersburg-Clearwater, FL Metro Area",45300,235657,507296,34.01621428456231,31555,27.44599977760745,9.144705402016982,29.393080535813265,2356194,101137,722,31916,30433,48203,1110,2361,2972,4343,10934,7160,15611,23487,545544,306,2682451,209911,42.2,71254,22.2,1497,33.1,85286,16.622909857074085,95915,18.69458526535728,74818,14.582614610681338,53214,10.37182568222616,36543,7.122517117780857,25675,5.004258736256561,31968,6.230813759713719,40586,7.910529506123029,65598,12.785564345899042,513063,35287,622,3240469,52726,9352,2.2149380423661373,24232,5.739133729963243,40927,9.6931960286483,49073,11.622503694721283,50151,11.877818409185648,39955,9.46298647163591,30469,7.216311720792754,42489,10.063141839402782,110755,26.231336920686648,296606,160295,422224,76050,2.8350937258499784
"Taos, NM Micro Area",0.2,2.7,0.5,78.3,0.9,17.4,45340,45340,"Taos, NM Micro Area",45340,2239,5289,37.06023554121972,379,26.468381966844195,6.646163078538744,29.825219413397345,26662,1220,0,374,401,269,5,10,14,7,50,22,70,217,5837,36,29582,3551,51.9,58908,20.6,1069,34.2,924,20.857787810383748,642,14.492099322799096,439,9.909706546275396,371,8.374717832957112,271,6.1173814898419865,108,2.4379232505643342,152,3.4311512415349887,598,13.498871331828443,925,20.880361173814897,4430,297,0,34516,662,277,9.052287581699346,104,3.3986928104575163,258,8.431372549019608,264,8.627450980392156,162,5.294117647058823,219,7.156862745098039,142,4.640522875816994,239,7.810457516339869,830,27.124183006535947,4433,1280,3060,780,2.6367385572307485
"Taylorville, IL Micro Area",0.2,0.7,0.0,92.6,0.2,6.3,45380,45380,"Taylorville, IL Micro Area",45380,2641,2799,16.548414879219127,201,44.10039781815199,9.088299224869786,30.262888077759094,24383,1349,2,490,457,474,0,0,0,7,46,67,229,224,9404,0,27866,864,42.7,59253,18.3,729,26.4,1252,23.10815799187892,1232,22.739018087855296,655,12.089331856773718,459,8.471760797342192,245,4.521963824289406,277,5.112587670727206,160,2.953119232189,570,10.520487264673312,444,8.194905869324474,5418,220,0,33684,171,256,7.352096496266514,227,6.519241815048822,600,17.23147616312464,282,8.09879379666858,387,11.114302125215394,286,8.213670304422745,118,3.388856978747846,81,2.3262492820218266,707,20.304422745548536,2722,2016,3482,731,2.623268499246393
"Terre Haute, IN Metro Area",0.4,2.7,0.7,90.5,0.9,4.9,45460,45460,"Terre Haute, IN Metro Area",45460,12714,15652,22.03609161171382,1778,37.04885485357725,9.626497908246472,31.28855562646245,112824,8126,4,2597,2438,1360,0,5,24,23,280,300,875,1721,33674,18,137600,6443,38.4,55380,17.9,857,31.0,6580,23.733092876465285,6128,22.10279531109107,3116,11.238954012623989,2181,7.866546438232643,1258,4.537421100090171,1080,3.8954012623985577,1388,5.006311992786294,3680,13.27321911632101,2135,7.700631199278629,27725,1203,13,168850,989,1032,4.787308066985202,1777,8.243262049450294,2161,10.024585981351764,2331,10.813192930370644,2077,9.63492137124832,1803,8.363872524006123,1268,5.882080066799648,1795,8.326761608758176,5224,24.23342765690959,14667,7920,21557,4477,3.2536337209302326
"Texarkana, TX-AR Metro Area",0.0,1.1,0.1,92.7,1.0,5.1,45500,45500,"Texarkana, TX-AR Metro Area",45500,7669,12210,19.93461758305673,600,37.926815816127,10.798126773698618,31.34043982711766,99721,7298,23,1514,2552,1776,0,49,41,124,398,368,1309,1432,30523,4,116371,5924,38.9,55046,19.7,933,30.3,3406,20.33432835820896,3017,18.01194029850746,2017,12.04179104477612,1479,8.829850746268656,1253,7.480597014925373,794,4.740298507462687,887,5.295522388059702,2080,12.417910447761194,1653,9.86865671641791,16750,1145,33,146868,1145,863,4.404184741005358,1908,9.737177851492728,2236,11.411074253636132,1938,9.890278132176576,1616,8.24700178616994,1813,9.252360295993876,948,4.837968869609594,1854,9.461597346261804,4195,21.4085225822914,16742,6842,19595,3239,2.783339491797785
"The Dalles, OR Micro Area",0.4,3.6,0.8,86.2,2.2,6.9,45520,45520,"The Dalles, OR Micro Area",45520,2190,2498,21.77860366339262,301,27.17281656490576,13.071409609769049,37.97717016193257,18835,1051,0,365,367,437,6,88,0,0,276,88,215,264,4067,34,21508,914,40.5,63602,21.8,978,26.5,592,15.0828025477707,778,19.82165605095541,707,18.012738853503187,482,12.280254777070065,327,8.331210191082802,102,2.5987261146496814,256,6.522292993630573,337,8.585987261146496,343,8.738853503184714,3925,322,0,26603,389,90,2.558999147000284,387,11.003696332101224,240,6.823997725334091,705,20.04549331816889,239,6.795564401478534,120,3.411998862667045,128,3.6394654535115154,268,7.620130793289735,815,23.173158942280352,3159,1804,3517,1004,4.668030500278967
"Thomaston, GA Micro Area",0.0,2.9,0.0,92.8,1.2,3.0,45580,45580,"Thomaston, GA Micro Area",45580,1685,1885,14.830045286554578,67,40.21654260579876,14.491697464994012,30.461714642652648,19211,2083,0,634,538,206,63,20,39,17,24,29,182,601,5643,0,22140,661,41.4,50904,19.6,779,31.2,558,17.86743515850144,436,13.960934998398974,411,13.160422670509126,230,7.364713416586616,130,4.1626641050272175,90,2.881844380403458,260,8.325328210054435,605,19.37239833493436,403,12.904258725584375,3123,431,0,27856,236,290,7.493540051679587,281,7.260981912144702,460,11.886304909560724,306,7.906976744186046,307,7.9328165374677,141,3.643410852713178,78,2.0155038759689923,287,7.416020671834625,1208,31.214470284237727,2855,1312,3870,317,1.4317976513098465
"Thomasville, GA Micro Area",0.2,0.6,0.3,93.1,0.3,5.6,45620,45620,"Thomasville, GA Micro Area",45620,5174,6382,20.623579749012222,484,33.89358609535898,14.7439965606895,30.7388375949393,48847,2397,0,1748,1437,533,55,289,123,245,223,358,577,939,14159,0,56240,2451,39.7,58186,19.0,932,28.7,1837,19.443268416596105,2506,26.524132091447928,1261,13.346740050804405,893,9.451735817104147,595,6.297629127857747,260,2.75190516511431,229,2.4237933954276034,849,8.986028789161727,962,10.182049110922948,9448,649,26,71752,757,642,6.047475508666164,945,8.901657874905803,1001,9.429163526752072,1405,13.234740015071589,930,8.760361718161267,731,6.885832705350414,579,5.45403165033911,916,8.628485305199698,2230,21.0060286360211,6555,3286,10616,1798,3.19701280227596
"Tiffin, OH Micro Area",0.1,4.2,0.2,89.0,1.4,5.0,45660,45660,"Tiffin, OH Micro Area",45660,4102,4897,20.712358337830544,274,43.07879114948732,6.759309228278468,29.44954128440367,37060,2075,11,672,684,463,10,23,0,15,18,49,132,224,13890,0,44687,2138,40.5,65020,17.3,814,26.2,2331,27.420303493706623,2072,24.373603105517,1032,12.139748264910011,664,7.810845782849077,354,4.164215974591225,233,2.74085401717445,312,3.670156452182096,969,11.398658981296318,501,5.893424303023174,8501,200,4,54861,367,398,6.775621382362955,682,11.610486891385769,787,13.398025195778004,591,10.061287027579162,693,11.797752808988765,414,7.048008171603677,307,5.22642151855635,415,7.065032345931223,956,16.27511065713313,4260,2552,5874,1100,2.461566003535704
"Tifton, GA Micro Area",0.3,1.2,0.1,92.0,1.0,5.4,45700,45700,"Tifton, GA Micro Area",45700,4639,3200,18.519186815830626,432,34.53025381931914,15.2532178515578,31.697341513292432,33252,1933,14,909,1335,498,22,85,6,110,221,97,689,544,9549,0,39058,2002,37.3,50810,18.6,763,26.8,1547,24.951612903225808,993,16.016129032258064,474,7.64516129032258,603,9.725806451612904,310,5.0,457,7.370967741935484,324,5.225806451612904,791,12.758064516129034,595,9.596774193548386,6200,491,51,50237,524,434,5.988684973092314,746,10.293914723333792,910,12.55692010487098,741,10.224920656823514,898,12.391334345246309,771,10.638885055885194,294,4.056851110804471,506,6.982199530840348,1003,13.840209741962193,4297,1604,7247,1040,2.662706743816888
"Toccoa, GA Micro Area",0.2,2.0,0.0,90.7,0.7,6.4,45740,45740,"Toccoa, GA Micro Area",45740,979,1711,14.87913763066202,153,40.8699912891986,16.180313588850172,28.0705574912892,18368,1599,0,389,577,367,0,0,0,12,18,120,432,413,5908,0,21692,629,41.2,52264,19.5,817,26.9,533,15.39572501444252,783,22.616984402079723,493,14.240323512420566,233,6.730213749277874,201,5.805892547660312,123,3.552859618717504,292,8.434430964760255,498,14.384748700173311,304,8.781051415366841,3462,636,8,26842,240,149,5.200698080279232,255,8.900523560209423,423,14.764397905759164,411,14.345549738219896,256,8.93542757417103,318,11.099476439790577,46,1.6055846422338569,267,9.319371727748692,545,19.02268760907504,2984,1193,2865,620,2.858196570164116
"Toledo, OH Metro Area",0.2,1.9,0.7,88.6,0.9,7.7,45780,45780,"Toledo, OH Metro Area",45780,42348,73589,29.62523027989193,5312,30.51399953573598,7.892982204858967,31.96778797951312,404942,16257,80,4994,7522,7099,81,244,83,270,745,650,2466,3579,107307,36,483696,33936,38.0,63749,18.3,917,27.3,22823,23.40484443259429,22697,23.27563221691244,13402,13.743667575937817,7884,8.084992924092951,5178,5.3100067682589165,3181,3.2620956990791066,4030,4.13273991426872,10720,10.993293270709849,7291,7.476875115368049,97514,4027,86,602977,7128,4912,5.328531291018952,10058,10.91090548148791,11584,12.566308321490943,11443,12.413351702591584,9997,10.844732759836411,6787,7.362528882765802,4726,5.126758729917664,6114,6.632459347168133,19711,21.3824674831585,58370,28733,92183,18798,3.8863252952267535
"Topeka, KS Metro Area",0.0,1.7,0.5,87.0,1.1,9.7,45820,45820,"Topeka, KS Metro Area",45820,13542,30095,30.10509803921569,1787,32.00062745098039,6.364862745098039,31.529411764705884,159375,7879,0,2028,1775,1784,68,112,83,277,342,141,856,1068,43122,137,185362,13445,40.2,68160,19.1,947,26.7,7919,20.817013222575643,9073,23.85058226650193,6061,15.932809337293971,3357,8.82468915117899,2157,5.67019794432323,1309,3.441024158145159,1584,4.163928393049604,3537,9.297862832207356,2902,7.628611235246181,38041,1459,14,232724,2653,1405,4.908811403815247,3039,10.617706659213193,3975,13.887918384459509,4132,14.436447487946335,2696,9.419327789812034,2211,7.7248270561106835,1339,4.678219551394033,2515,8.78694710362658,5635,19.687652854447627,21704,15004,28622,4348,2.34568034440716
"Torrington, CT Micro Area",0.2,3.2,1.2,80.1,1.0,14.2,45860,45860,"Torrington, CT Micro Area",45860,7857,19137,39.38992042440319,938,28.076449412656302,5.9397499052671465,26.59388025767336,84448,3117,0,643,588,1268,154,28,9,130,365,103,503,403,20593,0,95007,10980,47.1,91035,22.6,1169,27.5,3879,17.306920091018604,3861,17.226609556953555,3401,15.174229241957793,2631,11.738723062508368,1323,5.902824253781288,1380,6.157140944987284,1337,5.96528800249855,1667,7.437647793691162,2888,12.885379021103825,22413,822,0,112848,2209,536,4.721634954193093,899,7.919309372797745,1444,12.720225510923186,1490,13.125440451021849,1392,12.26215644820296,772,6.800563777307963,558,4.915433403805497,577,5.082804792107118,2445,21.53805496828753,9817,4784,11352,3356,3.532371298956919
"Town of Pecos, TX Micro Area",0.0,1.1,0.0,95.4,2.2,1.3,45880,45880,"Town of Pecos, TX Micro Area",45880,457,472,6.871414913957935,6,40.105162523900574,28.74043977055449,24.282982791587,8368,468,78,137,425,422,16,76,19,32,196,36,203,158,2888,0,10365,85,34.4,56056,22.8,988,28.9,69,8.34340991535671,156,18.863361547763,130,15.719467956469163,75,9.068923821039904,20,2.418379685610641,6,0.7255139056831923,139,16.807738814993954,115,13.905683192261185,117,14.147521160822247,827,607,0,13219,12,20,2.3014959723820483,92,10.586881472957424,61,7.019562715765247,54,6.214039125431531,157,18.06674338319908,113,13.003452243958574,9,1.0356731875719216,34,3.9125431530494814,159,18.296892980437285,1092,483,869,242,2.334780511336228
"Traverse City, MI Metro Area",0.9,1.9,0.7,82.9,0.9,12.8,45900,45900,"Traverse City, MI Metro Area",45900,11656,26077,38.49955977090652,1716,23.725297045670494,5.394331941453889,32.380811241969084,114713,3422,6,1259,1394,1440,5,13,48,3,13,72,471,474,23794,80,128694,13275,46.1,77495,19.7,1154,29.9,6673,21.153907116817244,6076,19.261372642257093,4632,14.68378506894912,2899,9.190045966080202,2287,7.249960374068791,1219,3.864320811539071,1432,4.539546679346965,3344,10.600729117134252,2778,8.806466951973372,31545,910,0,154657,3096,491,4.070635052230144,907,7.519482672856906,1517,12.576687116564417,1201,9.956889404742164,1303,10.802520311722766,1052,8.721605040623444,727,6.027192837008788,973,8.066655612667882,2609,21.629912120709665,16128,9361,12062,2919,2.26817101030351
"Trenton-Princeton, NJ Metro Area",0.7,3.5,5.2,70.7,2.1,17.8,45940,45940,"Trenton-Princeton, NJ Metro Area",45940,16176,62940,44.90018456511604,9482,24.5298213301789,10.074404016506826,20.49559008819824,259529,6068,194,2555,2776,5466,411,815,820,817,2959,498,886,2603,57594,189,309345,37473,39.2,96333,22.2,1515,30.4,8385,15.251277760599502,11064,20.124047363538804,9694,17.632186834973353,6507,11.835428072536788,3624,6.59160770476,3107,5.65124865857873,2887,5.251095872969679,3664,6.664362756688917,5839,10.62041870532385,54979,5083,74,383286,6634,1983,3.678352810239288,4280,7.939157855685401,7352,13.637544054906323,5777,10.716008161751066,5834,10.821739936931923,4472,8.29530699313671,3015,5.592654424040067,4890,9.070673344462994,13537,25.110369133741425,24344,12672,53910,12165,3.932502545701402
"Troy, AL Micro Area",0.3,1.7,0.4,91.9,1.3,4.5,45980,45980,"Troy, AL Micro Area",45980,1310,3102,27.315006200909465,292,33.965481603968584,12.417321207110376,26.30219098801157,19352,1057,0,401,705,383,11,11,9,18,109,119,68,322,5516,0,27417,1655,31.7,47961,19.3,855,33.0,912,24.050632911392405,701,18.486286919831223,500,13.18565400843882,250,6.5928270042194095,193,5.089662447257385,152,4.008438818565401,159,4.193037974683545,369,9.731012658227847,529,13.95042194092827,3792,210,37,32953,237,82,1.752136752136752,366,7.82051282051282,352,7.521367521367521,532,11.367521367521368,454,9.700854700854702,245,5.235042735042735,66,1.4102564102564104,529,11.303418803418804,1237,26.43162393162393,2421,1359,4680,592,2.1592442645074224
"Truckee-Grass Valley, CA Micro Area",0.8,1.8,0.1,73.7,1.5,22.1,46020,46020,"Truckee-Grass Valley, CA Micro Area",46020,8239,19768,39.46003256465599,1170,20.469032021911723,4.931399649109521,35.13953576432277,79227,2192,72,500,457,1543,0,62,16,28,280,17,76,367,14025,0,86942,7926,50.3,84905,27.2,1635,35.4,2113,11.028759329818884,3109,16.22736050942116,2642,13.789863771595597,1856,9.687353202150426,1561,8.14760686883449,1041,5.433477738921655,1890,9.864815491413957,861,4.493971501644136,4018,20.971867007672635,19159,489,0,102452,2399,169,1.57899654302532,482,4.503410258805942,1083,10.11865832009717,1078,10.071942446043163,1255,11.72568438755489,766,7.156871905073343,600,5.605904886480427,1095,10.230776417826776,3233,30.2064841633187,13495,6106,10703,2162,2.4867152814520024
"Tucson, AZ Metro Area",1.0,1.9,1.6,80.3,1.4,13.8,46060,46060,"Tucson, AZ Metro Area",46060,64761,146720,35.870627429206,17290,21.17809550249861,10.054136590782898,32.897140477512494,720400,29238,142,8331,10512,15771,601,881,782,999,4869,1925,7313,9716,123329,190,865161,77426,39.7,67929,20.4,1154,31.2,31197,18.68374717021812,34242,20.507384383197383,24776,14.838238288595829,15636,9.3643321714758,11367,6.807646699486147,6937,4.154539030028627,8788,5.2630948530909,15463,9.260723226370573,17569,10.521997436726677,166974,10263,135,1049947,16976,4917,3.242099155353057,11740,7.740948562913339,17393,11.468340575362156,18062,11.909455957695124,14776,9.742781598433348,13580,8.954180705652739,9954,6.563322146102162,13746,9.063635344617271,36305,23.938257033779283,118352,53878,151661,28264,3.2669063908336136
"Tullahoma-Manchester, TN Micro Area",0.1,1.5,0.0,90.0,0.3,8.1,46100,46100,"Tullahoma-Manchester, TN Micro Area",46100,3589,5975,23.119528318742184,701,37.768000714668574,12.381633017688047,26.7308379489012,44776,3044,0,968,1413,941,3,71,0,31,307,151,590,631,13867,0,51821,3159,39.8,61256,21.1,872,27.2,1790,18.927778365232104,1860,19.66797081526911,1379,14.581791265729088,1010,10.679919636248282,557,5.889817066723063,575,6.080152268161151,565,5.974410489584435,759,8.02580099397272,926,9.79168869620387,9457,438,0,65551,517,629,8.677058904676507,544,7.504483377017519,861,11.877500344875155,578,7.973513588081114,950,13.105255897365154,403,5.559387501724376,465,6.414677886605048,304,4.193681887156849,1332,18.37494826872672,5536,2844,7249,1251,2.414079234287258
"Tulsa, OK Metro Area",0.2,1.2,0.3,87.2,1.2,9.8,46140,46140,"Tulsa, OK Metro Area",46140,64265,134604,29.78742678139104,7848,28.57662585856992,9.866266913882203,31.769680446156837,684423,29901,179,10385,12444,11269,472,863,678,799,5393,1561,5158,8144,165684,48,803219,48085,37.3,67823,19.3,1034,27.8,31904,20.859240661919987,32575,21.297948989532458,22332,14.60094541317694,14408,9.42013350855514,9319,6.092880633413753,5465,3.573086453654486,7142,4.66953036633126,15938,10.420466953036634,13105,8.568215548973841,152949,10074,60,1026209,13335,6694,4.8416377957312005,13483,9.751987212405702,17157,12.409318742360352,17582,12.716712836054072,14743,10.663320290180025,11182,8.087719425136882,8329,6.024200956176451,10479,7.579253430156445,26697,19.309412045508797,102503,50671,138259,26495,3.298602249199782
"Tupelo, MS Micro Area",0.0,0.3,0.1,94.5,0.7,4.5,46180,46180,"Tupelo, MS Micro Area",46180,10022,13330,24.258240199693653,848,29.6442956827594,13.412378737164577,32.68508538038237,88135,6428,32,2477,2404,1712,8,95,11,212,394,355,1324,1378,19699,50,104526,5768,38.0,63188,17.7,873,27.2,5074,25.08900316455696,4172,20.62895569620253,2564,12.678006329113924,1935,9.56784018987342,767,3.792523734177215,426,2.1064082278481013,761,3.762856012658228,2714,13.419699367088608,1644,8.128955696202532,20224,1369,0,132079,1434,582,4.357265853110729,1563,11.701729430261286,1438,10.765890544283897,1663,12.450400539043198,1303,9.755184547428316,1066,7.980834019615184,705,5.27813131691248,963,7.209702777569814,2352,17.608744478550573,13543,5242,13357,2798,2.6768459522032795
"Tuscaloosa, AL Metro Area",0.2,1.4,0.8,90.7,0.6,6.3,46220,46220,"Tuscaloosa, AL Metro Area",46220,15851,29002,28.558481621555675,4373,31.028112309810552,10.473418501025382,29.93998756760839,172131,7410,31,2965,3673,3061,88,595,189,43,715,713,1204,2190,45999,25,224069,13378,34.3,59975,18.9,966,31.7,8719,22.91639288248745,7806,20.516729308486877,5395,14.179830210003416,3481,9.149210187399795,1928,5.0674166162903775,1155,3.035718979157358,1451,3.813704102820196,4052,10.649985544195337,3864,10.155859857544616,38047,2492,44,275217,2405,1388,3.758360185210257,2585,6.99953968210988,4218,11.421299179551054,4028,10.906826243535242,3017,8.16928867347215,3088,8.361539086404376,1769,4.790013809536704,3458,9.3634074354878,8989,24.33998537813761,25058,10627,36931,7208,3.2168662331692475
"Twin Falls, ID Metro Area",0.1,1.1,0.1,90.1,1.0,7.5,46300,46300,"Twin Falls, ID Metro Area",46300,8300,9666,21.03918683964157,983,28.538183763541525,14.4549953189782,35.9676340778387,74770,4016,78,1099,1632,2165,167,147,80,270,1180,242,1105,915,17322,15,88477,4226,35.5,66473,21.1,981,28.2,2931,15.279153417088043,4377,22.81707762081009,2889,15.0602095605484,1470,7.663034978887556,1523,7.939321274044728,1258,6.557889798258874,893,4.655163425950059,1622,8.45540322160246,2154,11.228692071104623,19183,1661,52,116909,856,839,6.808407043739349,990,8.033758013470745,1164,9.445751846141365,1801,14.614947658849308,1241,10.07059969163353,1237,10.038140063296275,1009,8.18794124807271,919,7.4575996104844595,1979,16.059401119857178,11683,6910,12323,1871,2.1146738700453227
"Tyler, TX Metro Area",0.2,1.3,0.3,87.5,1.9,8.9,46340,46340,"Tyler, TX Metro Area",46340,16525,28778,27.74101779296156,2047,24.86760055372814,12.001676424643442,35.38970522866686,157478,7325,30,2246,4067,2904,87,432,254,331,1894,459,1826,1804,31836,0,186877,10344,37.4,71923,20.5,1197,28.7,5726,19.28465579954196,6293,21.194261080425704,4523,15.23305940994207,3086,10.393371952040956,1802,6.0689748080291,1110,3.738380708608379,1438,4.843055368449415,2185,7.358884548026405,3127,10.531456284521084,29692,2566,0,238014,2517,938,3.740926856504746,1529,6.097950067799314,3578,14.26976150594241,3481,13.882906596474436,2481,9.894711653505624,1975,7.876685012363405,1721,6.863683496849326,2148,8.566642737497009,4901,19.54614341549015,29114,10092,25074,4672,2.5000401333497435
"Ukiah, CA Micro Area",0.3,6.5,0.4,80.6,0.6,11.7,46380,46380,"Ukiah, CA Micro Area",46380,6014,9871,24.923685784847603,522,26.127839732478407,13.837799696277091,35.11067478639689,65191,2011,29,1340,1480,1062,231,267,184,172,1355,59,691,552,15022,0,73715,4348,43.9,64688,25.2,1325,32.8,1422,13.65600691443388,1673,16.06645539229809,1524,14.635551714203398,1100,10.563718428886968,720,6.914433880726016,549,5.2722558340535866,878,8.431767982329779,473,4.542398924421397,1928,18.515317391721887,10413,1599,0,90709,1507,415,3.068165015525654,952,7.038296613928729,1085,8.02158805263936,1337,9.884666568091085,1598,11.814283601951796,1375,10.165606979151264,1084,8.014194883927251,1463,10.816205825816946,3004,22.209078811178472,11438,5437,13526,3881,5.264871464423794
"Union City, TN Micro Area",0.2,1.2,0.0,93.1,1.8,3.7,46460,46460,"Union City, TN Micro Area",46460,1114,2351,18.059750034846445,143,44.26427542628816,15.00255540584491,22.673419133020488,21523,1571,0,562,770,367,0,11,5,53,266,50,426,372,7956,0,24483,1247,41.9,53102,16.4,770,25.1,1263,30.463096960926197,845,20.381090207428848,336,8.104196816208393,344,8.297153883260973,194,4.6792088760250845,106,2.556681138446696,205,4.944524843222383,535,12.90400385914134,244,5.885190545103714,4146,347,0,30570,146,223,5.420515313563442,554,13.466212931453573,557,13.539134662129316,339,8.240155566358776,385,9.358288770053475,190,4.618376276130287,260,6.319883325230919,384,9.333981526494895,472,11.473018959649975,2427,1339,4114,506,2.066740187068578
"Urbana, OH Micro Area",0.1,2.2,0.0,88.4,1.0,8.2,46500,46500,"Urbana, OH Micro Area",46500,2472,3491,19.10741744160504,25,42.91938200190378,8.175294720656073,29.797905835835103,27314,1457,0,328,653,626,0,45,0,54,12,2,114,147,10266,0,31383,1496,41.6,74239,18.9,884,23.8,1633,23.80119516105524,1405,20.478064422095905,1026,14.954088325317008,748,10.90220084535782,291,4.241364232619152,288,4.19763882815916,177,2.579798863139484,686,9.998542486518,594,8.657630083078269,6861,252,0,38772,207,269,7.428887047776857,412,11.378072355702844,761,21.016293841480252,344,9.500138083402376,337,9.306821320077328,333,9.1963545981773,343,9.472521402927368,231,6.379453189726594,375,10.35625517812759,3354,2313,3621,1041,3.3170824968932227
"Urban Honolulu, HI Metro Area",1.0,5.0,5.3,77.7,2.6,8.4,46520,46520,"Urban Honolulu, HI Metro Area",46520,77507,167802,37.7229953386872,12566,25.224090704793888,7.107441987997615,29.945471968521296,707526,19486,195,5459,5409,11550,383,851,879,1298,4497,1394,3259,4048,158981,291,816807,66671,39.4,104264,26.0,2054,33.7,14592,11.076951105645511,19349,14.688043238975808,19503,14.80494636879142,15524,11.784442774399732,12081,9.17082280066498,8290,6.29303211799625,11151,8.464849354375897,9093,6.9025984377490825,21418,16.258644379160877,131733,10509,265,1003666,19861,4590,3.3657195233730524,7726,5.665261228230981,13140,9.63519706691109,15049,11.035013748854263,13538,9.927039413382218,13246,9.712923923006416,9802,7.187534372135655,13784,10.107424381301556,36730,26.933088909257563,92682,41683,136375,23328,2.8559990303706995
"Utica-Rome, NY Metro Area",0.3,3.3,0.9,84.9,0.8,9.8,46540,46540,"Utica-Rome, NY Metro Area",46540,27058,30926,26.659405401391197,2524,30.927544124563703,10.479986137584474,31.933064336460625,201985,10387,89,3505,3196,4070,169,347,413,245,448,535,1764,1893,52082,48,234804,17500,41.6,68830,18.6,896,27.6,10334,24.171403176385283,9028,21.116646785020933,6229,14.569737796178044,3399,7.950319275840292,2042,4.776273010081164,1596,3.7330713634130936,2086,4.879189764460974,4513,10.55598437536547,3441,8.04855799593011,42753,4412,34,289577,2898,2470,6.762491444216289,3588,9.82340862422998,4609,12.618754277891856,4245,11.62217659137577,4001,10.954140999315538,3125,8.555783709787816,1844,5.048596851471595,2246,6.1492128678987,7825,21.423682409308693,22749,14693,36525,6350,2.70438323026865
"Utuado, PR Micro Area",0.0,3.4,1.0,91.9,0.0,3.6,46580,46580,"Utuado, PR Micro Area",46580,2464,3940,22.74338827136834,63,26.66251437332311,25.05749329244921,25.53660406285933,20872,486,162,470,347,162,141,296,373,245,676,491,526,811,5079,0,23874,617,46.3,17624,29.1,466,26.9,177,11.72962226640159,169,11.19946984758118,137,9.078860172299535,155,10.271703114645462,96,6.36182902584493,55,3.6447978793903246,128,8.482438701126574,74,4.903909874088801,376,24.91716368455931,1509,530,0,27896,127,78,1.9254505060478893,152,3.75215996050358,199,4.912367316711923,273,6.739076771167612,266,6.566279930881263,62,1.5304862996790916,78,1.9254505060478893,71,1.75265366576154,427,10.540607257467292,2600,266,4051,2562,10.731339532545864
"Uvalde, TX Micro Area",0.0,1.1,0.0,93.1,1.6,4.1,46620,46620,"Uvalde, TX Micro Area",46620,1736,2344,20.163786432808877,136,25.90920815063193,21.7307196285788,32.1962857879804,15508,1023,0,415,411,377,30,19,59,214,522,216,409,392,2995,0,18980,521,34.6,57849,20.7,966,26.7,529,26.046282619399307,357,17.57754800590842,403,19.84244214672575,72,3.5450516986706058,149,7.336287543082226,156,7.680945347119645,139,6.843919251600197,75,3.6927621861152153,151,7.434761201378631,2031,306,0,24810,126,86,3.04856433888692,228,8.082240340304857,494,17.51152073732719,308,10.918114143920596,272,9.641970932293512,397,14.073023750443106,233,8.25948245303084,82,2.9067706487061327,313,11.09535625664658,2271,986,2821,341,1.796628029504742
"Valdosta, GA Metro Area",0.3,2.0,0.3,90.8,1.8,4.8,46660,46660,"Valdosta, GA Metro Area",46660,8724,13714,24.51530500851491,1410,33.0858914457884,11.271341862800751,31.127461682895945,91604,5414,3,1571,1896,1421,19,41,81,46,615,135,1277,1626,24894,65,117156,6072,32.6,54581,19.7,976,31.4,3632,18.94132985658409,4054,21.14211212516297,2677,13.960886571056063,1718,8.959582790091265,1129,5.887874837027379,903,4.709256844850065,706,3.681877444589309,1947,10.153846153846152,2027,10.571056062581489,19175,1529,0,149139,1261,623,2.738220815752461,1810,7.95534458509142,2620,11.515471167369904,2300,10.109001406469762,1956,8.59704641350211,1831,8.047644163150492,1733,7.616912798874824,1832,8.052039381153305,4934,21.686005625879044,14221,5569,22752,3716,3.171839257058964
"Vallejo, CA Metro Area",0.3,1.3,1.9,84.5,1.2,10.9,46700,46700,"Vallejo, CA Metro Area",46700,32843,60797,28.367041437079976,3025,24.321113482179825,11.080039494219193,36.231805586521006,313970,9887,125,3007,3988,8172,173,865,544,505,3367,732,2792,2529,66474,102,363163,19902,39.1,99994,24.4,2088,33.3,9608,13.546704265068737,12613,17.78357419809658,10964,15.458583010222066,8489,11.968981318293972,6199,8.74021854071202,4065,5.731406415227353,5406,7.622136059217484,3294,4.644342615438844,9873,13.92033838561861,70925,7736,151,450824,5340,1233,2.152208064234596,3221,5.6222726479315766,5085,8.875894571478444,7116,12.421015884098448,6853,11.961947983941352,5760,10.054110665037529,3725,6.50200733112236,5852,10.214697154826322,15690,27.38697853028452,55054,25860,57290,13027,3.587094500265721
"Van Wert, OH Micro Area",0.3,1.9,0.1,92.9,1.1,3.8,46780,46780,"Van Wert, OH Micro Area",46780,2495,2118,16.996542566518013,92,44.52573032018841,6.44385428671644,32.033872826577145,19957,750,0,191,498,252,0,12,0,10,0,7,158,52,8136,0,23087,1077,41.4,65344,17.1,792,21.9,1158,22.953419226957383,1233,24.4400396432111,527,10.445986124876114,436,8.642220019821606,231,4.578790882061447,95,1.883052527254708,130,2.576808721506442,838,16.610505450941528,389,7.710604558969276,5045,80,26,28824,105,147,6.507304116865869,278,12.306330234617088,547,24.214254094732183,146,6.463036741921203,199,8.809207613988491,132,5.843293492695882,95,4.20540061974325,141,6.241699867197875,372,16.46746347941567,2659,1239,2259,532,2.3043271104950835
"Vermillion, SD Micro Area",1.9,10.7,0.3,78.9,0.5,7.7,46820,46820,"Vermillion, SD Micro Area",46820,588,1828,45.95324956087016,549,25.94244021078233,6.09377111201189,22.010539116335632,7401,378,7,82,118,82,0,0,0,0,0,0,73,20,1542,9,12759,889,24.5,58794,19.2,736,25.2,338,19.537572254335263,410,23.69942196531792,210,12.13872832369942,153,8.84393063583815,155,8.959537572254336,46,2.6589595375722546,90,5.202312138728324,184,10.635838150289018,144,8.323699421965317,1730,60,0,15133,135,50,1.8635855385762208,304,11.330600074543424,342,12.746925083861347,472,17.59224748415952,271,10.100633619083116,19,0.7081625046589639,80,2.981736861721953,100,3.727171077152441,719,26.798360044726056,826,215,2683,711,5.5725370326828125
"Vernal, UT Micro Area",0.9,2.3,0.4,88.6,1.4,6.5,46860,46860,"Vernal, UT Micro Area",46860,2044,2640,16.834379615952734,105,36.34139586410635,10.658234859675035,36.16598966026588,21664,1176,0,630,775,360,0,5,0,0,8,64,25,209,6697,0,26313,813,33.0,69861,20.8,914,21.5,852,17.198223657650384,1071,21.618893823173195,944,19.05530884134033,544,10.981025433992734,258,5.2079127977392,159,3.20952765442067,144,2.906742026645136,389,7.852240613645539,555,11.203068227694793,4954,190,43,36458,89,263,7.878969442780108,355,10.635110844817255,765,22.91791491911324,488,14.619532654284004,378,11.324146195326543,169,5.06291192330737,184,5.512282804074296,199,5.961653684841222,250,7.489514679448773,3305,2486,3338,904,3.435564169801999
"Vernon, TX Micro Area",0.9,1.6,0.1,93.5,0.9,2.9,46900,46900,"Vernon, TX Micro Area",46900,564,1113,17.411437832831673,67,31.245658717295672,18.70803426719148,32.63486918268118,8638,766,0,272,247,302,2,6,69,0,101,53,148,138,1933,0,10323,255,39.5,51626,18.7,862,20.0,321,24.88372093023256,280,21.705426356589147,112,8.682170542635658,154,11.937984496124033,18,1.3953488372093024,13,1.007751937984496,167,12.945736434108529,118,9.147286821705428,107,8.294573643410853,1290,268,10,12712,69,51,2.8813559322033897,283,15.98870056497175,421,23.78531073446328,89,5.028248587570622,70,3.954802259887006,88,4.971751412429379,18,1.0169491525423728,173,9.77401129943503,318,17.966101694915253,1445,810,1770,601,5.821950983241305
"Vicksburg, MS Micro Area",0.0,0.7,0.3,94.5,1.7,2.9,46980,46980,"Vicksburg, MS Micro Area",46980,3386,4831,26.47187531558219,627,28.128050627798164,11.946679233850608,33.45339482276904,29707,1797,0,519,680,410,0,0,81,11,70,160,457,826,6559,0,34521,1991,40.3,56648,19.9,889,28.6,1155,18.82640586797066,1017,16.577017114914426,905,14.751426242868789,453,7.383863080684597,443,7.220863895680521,283,4.612876935615322,202,3.292583537082314,890,14.506927465362674,735,11.98044009779951,6135,335,0,43623,415,321,6.629491945477076,470,9.706732755059893,419,8.653448988021479,444,9.169764560099132,627,12.94919454770756,103,2.127220156959934,622,12.84593143329203,201,4.151177199504337,999,20.63197026022305,5117,1435,4842,1080,3.1285304597201704
"Victoria, TX Metro Area",0.2,1.6,0.6,90.2,0.9,6.5,47020,47020,"Victoria, TX Metro Area",47020,7084,9223,19.630697503220663,456,30.904545733390588,15.02821912766088,34.43653763572787,65204,3797,51,1205,1633,1436,79,160,188,194,689,509,706,1656,16354,0,76353,2370,37.1,69618,20.5,1143,29.0,2374,22.02430652194081,2260,20.96669449856202,2039,18.91641154095927,1237,11.476018183504962,632,5.863252620836812,364,3.3769366360515822,376,3.488264217459876,517,4.7963632990073295,929,8.618610260692087,10779,1283,10,98377,751,427,3.697289808641441,1181,10.225993592518831,1078,9.334141484111178,1526,13.213265217767772,1382,11.966404017663868,688,5.957225733829769,703,6.087107108840592,1015,8.78863970906572,2660,23.032297168586023,10419,4951,11549,2041,2.673110421332495
"Vidalia, GA Micro Area",0.0,3.0,0.3,91.0,0.6,5.1,47080,47080,"Vidalia, GA Micro Area",47080,1961,2564,19.66377771003005,156,36.10905448368973,15.735377379034013,28.4917904272462,22961,1620,0,538,755,368,53,87,78,25,110,71,503,486,6671,27,27638,1423,37.5,53809,19.5,719,24.7,899,21.02432179607109,819,19.153414405986904,396,9.260991580916745,376,8.793264733395697,359,8.395696913002807,65,1.5201122544434051,133,3.110383536014967,493,11.529466791393826,730,17.07202993451824,4276,512,0,35618,372,480,11.431293165039296,571,13.598475827577994,369,8.78780662062396,385,9.168849726125268,296,7.049297451774232,316,7.52560133365087,221,5.263157894736842,325,7.739938080495357,599,14.265301262205288,3377,1204,4199,689,2.492944496707432
"Vincennes, IN Micro Area",0.3,3.7,0.3,93.0,0.7,2.0,47180,47180,"Vincennes, IN Micro Area",47180,3756,2749,17.787311277947364,232,35.999504991337346,9.90429832522069,36.30888540549459,24242,1375,0,580,488,370,0,15,0,30,63,36,216,275,7352,0,29071,1124,39.1,58863,16.7,782,26.1,1299,22.90197461212976,1378,24.294781382228493,750,13.222849083215795,394,6.946403385049366,264,4.65444287729196,185,3.2616361071932296,114,2.0098730606488013,1062,18.72355430183357,217,3.825811001410437,5672,328,0,36108,207,348,6.750727449078564,703,13.637245392822503,655,12.70611057225994,505,9.79631425800194,748,14.510184287099904,521,10.106692531522793,195,3.7827352085354025,286,5.5480116391852565,788,15.286129970902037,3168,1878,5155,459,1.5788930549344709
"Vineland, NJ Metro Area",0.4,1.3,1.1,90.8,1.4,4.9,47220,47220,"Vineland, NJ Metro Area",47220,7809,12331,17.94214715589206,639,39.13414870898855,18.728402251989905,24.19530188312949,103020,7182,186,3126,2925,2418,145,274,410,209,1748,600,1738,2209,33134,28,119461,4454,37.6,64499,23.7,1254,34.0,3156,14.763530897693784,3637,17.01361276137905,3346,15.652336623473827,1797,8.406230995930205,1743,8.15362305281377,1634,7.643729241708379,1557,7.283529026523834,1335,6.245029704822941,2951,13.80455629882584,21377,3274,4,152915,1060,345,1.8775510204081631,907,4.936054421768708,1924,10.470748299319729,2293,12.47891156462585,1984,10.797278911564623,1464,7.96734693877551,963,5.240816326530613,1590,8.653061224489795,5780,31.45578231292517,10491,6626,18375,5152,4.312704564669642
"Vineyard Haven, MA Micro Area",0.6,6.5,1.6,72.2,0.7,18.4,47240,47240,"Vineyard Haven, MA Micro Area",47240,1262,4170,49.027847466131455,313,22.11490215755143,4.754139488208731,24.10311088810838,15944,800,0,79,160,69,0,0,0,42,22,2,139,149,2726,2,17579,2373,50.4,102348,30.8,1371,31.0,291,9.67741935483871,448,14.898570003325574,415,13.801130695044892,179,5.9527768540073165,222,7.382773528433654,254,8.446957100099766,501,16.661124043897573,137,4.556035916195544,560,18.623212504156967,3007,94,0,20751,961,13,0.6963042313872523,150,8.034279592929835,94,5.034815211569363,249,13.336904124263524,100,5.356186395286556,183,9.801821103374396,22,1.1783610069630424,246,13.176218532404926,226,12.104981253347615,1764,817,1867,789,4.488309915239775
"Virginia Beach-Chesapeake-Norfolk, VA-NC Metro Area",0.3,2.4,1.1,83.9,1.5,10.7,47260,47260,"Virginia Beach-Chesapeake-Norfolk, VA-NC Metro Area",47260,119118,256939,35.122037329259506,18931,25.105481925574097,7.178545120692769,32.593935624473616,1212293,52194,185,14177,17075,18264,282,498,484,1019,2853,2428,5987,9353,252158,260,1431104,126363,37.2,80533,22.1,1416,31.5,50323,15.824892531108588,62044,19.51075317846912,54058,16.99942452649222,34352,10.802549693552496,23172,7.286815367343922,15438,4.854732247585685,17394,5.469828521473338,23075,7.256312126767694,36670,11.531482803405044,317999,13882,278,1782590,23549,7902,3.053039903563812,18442,7.125305226717769,29105,11.245093190739654,31112,12.020523599048,28993,11.20182054214447,23067,8.912233795938553,17335,6.697601458906438,25180,9.728618675238772,63910,24.692455104627083,186560,89456,258824,44207,3.089013796341845
"Visalia, CA Metro Area",0.1,1.3,0.3,91.9,0.7,5.6,47300,47300,"Visalia, CA Metro Area",47300,26337,28892,15.839490911134211,1245,26.97089315314809,25.631795577782142,31.55782035793555,284744,10151,1021,4457,6742,8747,1719,3074,1897,2394,13569,1934,4905,6919,66647,332,349036,11710,31.9,69489,22.8,1206,29.9,8366,15.107627853221612,9958,17.982519503033807,8528,15.400173360300492,5125,9.254911875180584,4876,8.805258595781567,3094,5.587258017913898,3908,7.057208899162092,4444,8.025137243571221,6818,12.312193007801213,55376,15260,15,475774,3255,2337,3.976315655147772,5134,8.735303625814575,6823,11.609072193013798,6703,11.40489680635666,6299,10.717506337944291,4218,7.176764840998418,3421,5.820699981283923,5593,9.51627447977813,13864,23.5890630051214,44043,19479,58773,18688,5.354175500521436
"Wabash, IN Micro Area",0.2,2.6,0.1,90.7,0.8,5.6,47340,47340,"Wabash, IN Micro Area",47340,1986,3083,21.601257338325706,134,41.977534322562754,8.18656681921139,28.23464151990015,21633,1430,6,410,273,319,2,4,0,0,73,29,90,292,7651,0,25036,1369,42.6,68414,16.4,752,27.0,1768,27.992400253324888,1438,22.767574414186196,487,7.710576314122862,461,7.298923369221026,183,2.897403419886004,325,5.145661811272958,244,3.863204559848005,965,15.278657378087397,413,6.538948701709943,6316,273,0,30901,87,122,4.959349593495935,246,10.0,311,12.642276422764228,286,11.6260162601626,310,12.601626016260164,245,9.959349593495936,143,5.8130081300813,177,7.195121951219512,344,13.983739837398373,2627,1495,2460,540,2.156894072535549
"Waco, TX Metro Area",0.2,1.9,0.3,88.1,0.8,8.7,47380,47380,"Waco, TX Metro Area",47380,18747,30217,26.437467372660155,2991,27.91355486187316,12.106474329608046,33.54250343585864,187726,9031,70,3553,3592,3516,252,430,287,540,2347,932,1772,3015,43370,69,235890,13180,35.0,63880,20.8,1094,32.5,6365,18.370998932086472,7057,20.368285854475136,5615,16.20630934857275,3405,9.827690709152307,2213,6.387277397754495,1472,4.248564089242936,1993,5.75230178659047,2884,8.323953011804775,3387,9.77573815914798,34647,2350,2,299217,3242,1315,3.258337876009713,2973,7.366569205609792,3947,9.779969274988847,4678,11.591258238763071,4118,10.203677090044106,3143,7.787799197185192,3021,7.4855047326428465,3137,7.77293225630606,10934,27.0925219287378,30215,14006,40358,6559,2.780533299419221
"Wahpeton, ND-MN Micro Area",0.4,5.1,0.4,84.3,1.7,8.1,47420,47420,"Wahpeton, ND-MN Micro Area",47420,2994,2917,23.96346671923254,107,27.21598002496879,5.5128457848741705,43.3077074709245,15219,545,12,111,213,168,0,0,0,30,5,7,158,56,3597,0,18385,527,39.3,70762,18.4,726,23.5,770,22.53438688908399,703,20.573602575358503,569,16.652033947907523,308,9.013754755633595,212,6.20427275387767,96,2.809482001755926,113,3.306994439566872,464,13.579163008486978,182,5.326309628328944,3417,79,0,22963,96,221,8.377558756633814,330,12.509476876421532,504,19.105382865807428,222,8.41546626231994,124,4.700530705079606,218,8.263836239575435,56,2.122820318423048,139,5.269143290371494,604,22.896133434420012,2529,1068,2638,307,1.6698395431057926
"Walla Walla, WA Metro Area",1.2,6.6,0.8,79.1,1.2,11.2,47460,47460,"Walla Walla, WA Metro Area",47460,4809,6905,30.08780487804878,833,22.93658536585366,10.760975609756098,36.21463414634146,41000,1780,8,686,440,1005,103,166,103,126,523,132,417,307,7624,0,50787,3495,38.3,72212,21.9,1113,31.0,1569,17.64110636384079,1728,19.4288284236564,1590,17.87722059815606,1089,12.244209579491791,612,6.881043400044974,595,6.68990330559928,428,4.812232966044524,504,5.666741623566449,681,7.656847312795143,8894,396,0,62102,1103,292,3.6655787095154406,519,6.515189555611348,677,8.49861913130806,1052,13.206126035651518,917,11.511423550087873,502,6.301782575947779,726,9.113733366808937,805,10.105448154657294,1618,20.311323123273915,6266,3773,7966,1698,3.3433752731998347
"Wapakoneta, OH Micro Area",0.6,1.7,0.3,91.0,0.9,5.4,47540,47540,"Wapakoneta, OH Micro Area",47540,3987,4029,20.75573292791081,181,41.49562903838845,6.407576333460027,31.34106170024072,31572,1197,0,496,329,451,0,0,0,0,15,49,262,280,11904,0,36565,2123,40.6,76454,16.7,853,22.8,2242,28.25456836798992,1913,24.10838059231254,1008,12.703213610586012,381,4.801512287334594,331,4.171392564587271,279,3.516068052930057,255,3.213610586011342,1059,13.34593572778828,444,5.595463137996219,7935,141,0,46209,220,244,5.33800043754102,575,12.57930430977904,986,21.570772259899364,530,11.594837015970247,465,10.172828702690875,208,4.550426602493984,337,7.372566178079194,160,3.500328155764603,708,15.488952089258367,3916,1992,4571,603,1.649118009025024
"Warner Robins, GA Metro Area",0.3,0.7,0.3,88.6,1.2,9.0,47580,47580,"Warner Robins, GA Metro Area",47580,14916,22998,31.12223808075372,1665,27.86681953251129,7.588697286631257,33.42224510010373,128217,6513,5,1315,1699,1511,10,140,37,155,489,341,1007,1455,29217,20,152316,12552,36.5,78702,19.0,1112,28.6,7603,23.66250661355077,6289,19.572998039276712,5115,15.919205751454982,2401,7.472534312657558,1942,6.044007344931686,1004,3.124708225701036,1645,5.119666365814945,3332,10.370047617565591,2568,7.992281597211416,32131,1503,43,195171,2689,1378,5.8685745922235,2408,10.255099867978364,3489,14.858822026319151,2533,10.787445168434052,1814,7.725395000212938,2055,8.751756739491503,1240,5.280865380520421,2510,10.689493633150208,4789,20.395213151058304,18924,9013,23481,4909,3.222905013261903
"Warren, PA Micro Area",0.1,3.3,0.8,89.6,1.3,5.0,47620,47620,"Warren, PA Micro Area",47620,3254,3561,19.468900880431693,252,46.43567168418063,6.084919057086055,28.01050837830162,28168,1119,0,374,282,366,0,3,0,0,4,8,246,147,11961,0,31617,1507,47.4,59013,16.9,756,24.1,1433,27.058157099697883,1142,21.563444108761328,588,11.10271903323263,343,6.476586102719033,252,4.758308157099698,177,3.34214501510574,162,3.0589123867069485,763,14.407099697885196,398,7.515105740181268,5296,284,0,38174,164,177,4.934485642598271,404,11.26289378310566,530,14.775578477836632,520,14.49679397825481,396,11.0398661834402,290,8.084750487872874,111,3.094507945358238,181,5.045999442431001,463,12.907722330638416,2830,1806,3587,742,2.346838726001834
"Warrensburg, MO Micro Area",0.2,3.6,0.3,88.5,1.1,6.3,47660,47660,"Warrensburg, MO Micro Area",47660,3390,5572,29.10164749766864,633,32.897109107864466,6.857320484923841,31.14392290954305,32170,1478,0,254,302,368,11,72,2,0,85,35,265,423,9105,0,43557,2789,31.3,67123,19.4,905,27.8,1905,23.541769649036084,1613,19.933267424616904,1262,15.595650024715768,763,9.429065743944635,511,6.314878892733564,339,4.189322787938705,267,3.299555116164113,724,8.947108255066732,688,8.502224419179436,8092,382,7,54331,368,191,2.5558677907132346,841,11.253847183192828,1066,14.264686203666532,786,10.517864311521476,1140,15.25491770373344,720,9.634684865515856,613,8.20286364244614,639,8.550782818145324,1032,13.80971497390606,4307,2322,7473,1240,2.8468443648552477
"Warsaw, IN Micro Area",0.6,2.4,0.2,88.0,1.1,7.7,47700,47700,"Warsaw, IN Micro Area",47700,3959,8657,24.623886445126235,349,35.935016449192325,11.9672494732562,27.47384763242524,54106,2739,8,1098,894,855,42,12,21,51,351,123,1687,802,16704,0,63946,3967,39.0,73922,16.4,995,27.7,4608,30.47215976722656,2933,19.39558259489485,1982,13.10673191376802,861,5.693691310673192,773,5.111757704007407,374,2.473217828329586,463,3.0617643168893003,2150,14.217696071948154,959,6.34175373627827,15122,531,0,80357,350,306,4.186619236557668,1239,16.951703379395266,785,10.740183335613628,677,9.262553016828567,732,10.015049938432073,603,8.250102613216583,581,7.949103844575181,432,5.910521275140238,1444,19.75646463264469,6510,4396,7309,1201,1.878147186688769
"Washington, IN Micro Area",0.6,3.3,0.1,89.3,1.3,5.4,47780,47780,"Washington, IN Micro Area",47780,2674,2246,15.11025886864813,88,33.7823585810163,22.823585810162992,28.28379674017258,20860,1036,45,461,307,397,26,13,0,0,178,38,2484,473,6011,0,24668,742,34.7,68561,16.7,837,24.8,1287,29.1374235906724,1059,23.975549015168667,502,11.36517998641612,267,6.044826805524112,218,4.935476567806203,75,1.697985057731492,161,3.645007923930269,543,12.293411817976002,256,5.7957889970568255,4417,339,0,33442,76,256,7.771706132361871,265,8.044930176077717,606,18.397085610200364,282,8.561020036429873,156,4.735883424408015,284,8.62173649058895,275,8.348512446873102,155,4.705525197328476,518,15.725561627200973,2115,1111,3294,257,1.0418355764553269
"Washington, NC Micro Area",0.2,1.0,0.1,88.9,1.1,8.7,47820,47820,"Washington, NC Micro Area",47820,3737,4290,20.585725604924725,230,31.6998841957701,11.921740720424207,35.79264947888097,32814,1650,1,524,877,532,0,140,57,100,311,181,220,476,8752,16,37036,1781,47.1,57997,19.3,859,29.9,1260,20.48780487804878,1288,20.94308943089431,718,11.67479674796748,590,9.59349593495935,438,7.121951219512194,357,5.8048780487804885,288,4.682926829268292,719,11.691056910569106,492,8.0,6150,451,26,44597,454,285,4.989495798319328,375,6.565126050420169,624,10.92436974789916,550,9.628851540616248,601,10.52170868347339,593,10.381652661064429,474,8.298319327731091,303,5.304621848739496,1048,18.34733893557423,6002,2006,5712,1112,3.0024840695539474
"Washington-Arlington-Alexandria, DC-VA-MD-WV Metro Area",0.7,2.7,7.9,64.3,1.8,22.6,47900,47900,"Washington-Arlington-Alexandria, DC-VA-MD-WV Metro Area",47900,249123,1160075,53.78317287606925,148077,17.300363265270082,8.482223144417114,20.43424071424356,4303742,91072,2571,31542,35609,66968,5168,9692,7944,10851,33968,14086,21924,35974,653491,982,4992967,805196,37.9,123896,20.6,1975,29.0,209574,18.570628537806904,238114,21.099595577940743,180489,15.993368328896858,117093,10.375765158738316,75784,6.715320188139552,49251,4.364196064948552,52913,4.68869071459712,94234,8.35019902102215,107305,9.508437569781414,1128524,86748,1026,6263796,201341,28091,3.2788435163732075,67531,7.882367359802039,112735,13.158678004283706,118877,13.875585799576298,103170,12.042230094486628,77977,9.101647533951573,55803,6.513449316299673,69349,8.094568332098023,186313,21.746864549714907,429936,200378,856735,165544,3.315543643689213
"Washington Court House, OH Micro Area",0.0,1.1,0.7,93.6,0.2,4.4,47920,47920,"Washington Court House, OH Micro Area",47920,1624,1843,13.841722255912677,51,47.77137659187387,14.230846977966443,24.156054174247014,19788,1601,0,535,715,550,14,0,0,5,38,29,290,347,7852,12,22919,756,40.8,60047,17.1,807,24.7,1194,25.51282051282051,1173,25.06410256410256,479,10.235042735042734,139,2.9700854700854697,242,5.17094017094017,127,2.713675213675214,160,3.418803418803419,645,13.782051282051285,509,10.876068376068377,4680,271,10,28880,89,365,8.488372093023255,389,9.046511627906977,402,9.348837209302326,775,18.023255813953487,520,12.093023255813954,193,4.488372093023256,186,4.325581395348837,237,5.511627906976744,709,16.48837209302326,1840,1316,4300,585,2.5524673851389674
"Waterbury-Shelton, CT Metro Area",0.1,1.6,1.5,84.3,1.2,11.4,47930,47930,"Waterbury-Shelton, CT Metro Area",47930,28246,61123,33.788602611721224,4483,29.5481091904653,9.666953012502397,26.996335185311075,323618,13625,79,3268,4075,6475,194,778,558,930,2377,572,3141,2921,81998,192,371797,36498,41.9,86365,22.2,1288,31.4,12359,15.50884678127745,16616,20.850796837746262,12443,15.614255239051325,9099,11.417994729577112,5227,6.559166771238549,3242,4.068264525034508,5462,6.854059480486886,5233,6.566695946793826,9450,11.8584514995608,79690,5629,95,452303,7242,2098,3.635418471668688,4312,7.471841968463004,6919,11.989256627967425,5930,10.275515508577367,6323,10.956506671287473,4731,8.1978859816323,3605,6.246750996361116,4722,8.182290764165657,15094,26.154912493501996,38458,20661,57710,14835,3.990080608504104
"Waterloo-Cedar Falls, IA Metro Area",0.3,3.7,0.2,86.3,0.6,8.9,47940,47940,"Waterloo-Cedar Falls, IA Metro Area",47940,13248,21649,30.484380484380484,1690,31.045057360846837,6.034434981803403,32.43612717296928,108262,4138,16,725,1749,1158,30,27,96,21,137,140,902,560,29472,0,134881,7761,36.6,68916,18.8,947,28.2,6399,22.14186851211073,6894,23.85467128027682,4575,15.83044982698962,2472,8.55363321799308,1465,5.069204152249135,1004,3.4740484429065743,1208,4.179930795847751,2726,9.432525951557093,2022,6.996539792387543,28900,969,3,168163,1903,854,4.006756122736229,2031,9.528948109223984,2811,13.18851459134841,2992,14.037721685277283,2190,10.274936661349347,1620,7.600638078258422,1269,5.953833161302431,1330,6.2400300272121605,5088,23.87163366801164,14835,7033,21314,3996,2.962611487162758
"Watertown, SD Micro Area",0.5,1.2,0.5,91.0,0.8,6.0,47980,47980,"Watertown, SD Micro Area",47980,2885,2900,20.87906451943789,136,38.588573186993536,7.646938147502308,32.88542414606626,19498,685,0,272,384,196,0,14,17,0,8,49,174,209,6839,1,22760,814,39.9,65080,19.5,901,24.7,909,18.777112166907663,1166,24.085932658541623,733,15.141499690146665,571,11.795083660400744,263,5.432761826068995,229,4.730427597603801,74,1.5286097913654202,473,9.770708531295186,423,8.737864077669903,4841,167,0,28556,221,147,3.648548026805659,485,12.037726482998265,562,13.948870687515512,700,17.374038222884092,308,7.644576818069,311,7.719036981881359,180,4.467609828741623,207,5.137751303052867,809,20.079424174733184,2329,1198,4029,310,1.3620386643233744
"Watertown-Fort Atkinson, WI Micro Area",0.3,3.1,0.3,85.6,1.4,9.3,48020,48020,"Watertown-Fort Atkinson, WI Micro Area",48020,6401,11666,28.12846254574757,399,32.538696571869856,7.116475841923245,32.21636504045932,59566,2399,0,479,645,887,10,8,0,60,353,36,647,268,16983,0,70812,3978,41.3,80604,20.0,1012,25.0,3200,20.37048825514037,3945,25.112992552040232,2471,15.7298363995162,1672,10.643580113310842,1042,6.633140238080082,548,3.488446113692788,905,5.761028709656885,708,4.506970526449805,1199,7.632567318097906,15709,846,0,85867,712,435,4.6618797556532,1459,15.636051870110384,1447,15.50744829064409,1069,11.456435537455793,1043,11.177794448612154,787,8.434251419997857,304,3.2579573464794773,577,6.183688779337691,1682,18.02593505519237,8200,4589,9331,1608,2.270801559057787
"Watertown-Fort Drum, NY Metro Area",0.2,4.5,0.5,85.7,1.7,7.4,48060,48060,"Watertown-Fort Drum, NY Metro Area",48060,9401,11359,25.67455320061092,535,32.08247367433884,8.696176415422952,33.54679670962729,74642,4225,15,956,1185,1108,22,16,4,89,216,475,440,1008,19722,4,90886,6261,33.2,64978,19.3,1214,28.3,3439,23.687835790053725,2859,19.692795150847225,1903,13.107866097258574,1615,11.124121779859484,806,5.551728888276622,488,3.361344537815126,760,5.234880837580934,1325,9.126601460256234,1285,8.851081416173026,14518,929,24,116130,1009,919,4.289782009989264,2048,9.559818886243756,2465,11.50632497782757,2813,13.13074732763852,2758,12.874013910283342,1865,8.705596788498344,1182,5.517434532978575,2114,9.867898987069973,3988,18.61550669840825,9651,5988,21423,3031,3.334947076557446
"Wausau, WI Metro Area",0.3,1.9,0.3,84.9,1.0,11.7,48140,48140,"Wausau, WI Metro Area",48140,12777,18307,27.27197406713133,668,32.88420311318703,6.911979452551343,32.9318433671303,96557,2918,50,553,895,1757,11,29,20,23,462,55,1167,689,28834,2,110587,5894,41.2,76185,17.9,950,25.5,6050,24.705978438418818,5887,24.040346292061415,3426,13.990525971904608,2174,8.87781770663182,1130,4.614505063704671,682,2.7850375694217577,738,3.013721006207122,2802,11.44233910486769,1529,6.243874550800392,24488,927,34,138067,1464,723,4.782062305708049,2195,14.518155962695944,2287,15.12666181625769,1752,11.58806799391494,1125,7.440968318010451,1451,9.597195581718369,823,5.443481711753423,1236,8.175143858720816,2546,16.839738077915207,12398,6623,15119,2140,1.9351279987701988
"Waycross, GA Micro Area",0.1,0.6,0.1,94.6,0.9,3.7,48180,48180,"Waycross, GA Micro Area",48180,2818,3690,16.17101357082273,176,40.0763358778626,16.611005089058526,27.141645462256147,37728,2966,24,1349,1209,579,2,90,51,97,165,188,979,810,12154,0,43541,1747,39.0,49037,20.0,786,31.3,1613,24.945870708320445,928,14.351995051036187,991,15.326322301268172,598,9.248376121249612,537,8.304979894834519,143,2.2115682029075163,440,6.804825239715434,682,10.547479121558924,510,7.887411073306525,6466,716,8,55954,488,216,3.2737193088814798,547,8.290391027584116,534,8.093361624734769,539,8.169142164292209,637,9.654440739618066,742,11.24583207032434,356,5.395574416489845,391,5.926038193391936,1363,20.657775083358597,4485,2937,6598,1036,2.379366574033669
"Waynesville, NC Micro Area",0.1,2.6,0.0,88.5,1.0,7.7,48200,48200,"Waynesville, NC Micro Area",48200,6070,8476,29.40180706320489,502,27.53972788251973,8.396284305634905,34.662180748640466,47259,2077,0,841,583,482,0,21,14,24,77,180,659,721,10938,0,52795,4151,47.8,61001,19.6,1052,29.8,2124,20.61935734394719,1990,19.3185127657509,1236,11.99883506455684,845,8.203087078924376,647,6.28094359770896,364,3.53363751092127,686,6.659547616736239,1145,11.11542568682652,1139,11.05717891466848,10301,358,8,62432,766,309,4.619524592614741,505,7.549708476603378,681,10.18089400508297,690,10.315443265062042,554,8.282254447600538,483,7.220810285543429,380,5.6809687546718495,552,8.252354612049634,1282,19.165794588129764,7141,3170,6689,981,1.85813050478265
"Weatherford, OK Micro Area",0.0,2.3,0.0,92.0,1.5,4.2,48220,48220,"Weatherford, OK Micro Area",48220,1557,4623,29.319002365439683,466,31.887786861435035,11.420508777026187,27.372701996099096,24097,1322,0,467,506,324,0,66,44,23,180,47,163,465,6362,1,30471,1765,35.1,59108,19.8,778,29.7,931,19.766454352441613,734,15.583864118895963,837,17.770700636942674,458,9.723991507430998,174,3.694267515923567,167,3.545647558386412,332,7.048832271762208,701,14.883227176220808,333,7.070063694267516,4710,455,11,39189,211,242,4.945840997343144,569,11.628857551604332,476,9.72818311874106,555,11.342734518700183,391,7.991007561823013,468,9.564684242795831,443,9.053750255466994,308,6.294706723891273,964,19.70161455139996,3492,1547,4893,822,2.6976469429949788
"Weirton-Steubenville, WV-OH Metro Area",0.0,3.2,0.4,87.3,1.1,8.0,48260,48260,"Weirton-Steubenville, WV-OH Metro Area",48260,10226,11569,20.718228736334137,651,41.1790063584438,7.971404964615441,30.13135994060663,83511,3784,35,1035,1659,1161,0,38,74,5,202,83,654,777,30605,3,96774,4474,45.6,57149,16.4,758,27.8,4763,28.81079119283813,3411,20.63271231550932,1669,10.095572223566416,1139,6.889668521654972,676,4.089039438664408,332,2.008226469876603,733,4.4338253084926205,2529,15.29760464553593,1225,7.409871763851923,16532,931,0,115566,608,871,6.484997394088303,1234,9.187700096791003,1761,13.11145856600402,1203,8.956890775072592,1201,8.941999851090761,989,7.363561909016454,655,4.876777604050331,939,6.991288809470627,2641,19.66346511801057,9987,4950,13431,3236,3.343873354413376
"Wenatchee-East Wenatchee, WA Metro Area",0.6,3.3,1.3,83.4,3.1,8.2,48300,48300,"Wenatchee-East Wenatchee, WA Metro Area",48300,8645,15246,27.331231629847352,795,25.099554375651845,15.29937422963876,32.26983976486205,84376,4014,290,1635,1475,1703,292,886,379,610,2228,138,771,948,17164,53,97475,5327,39.8,79007,20.3,1198,26.5,3580,20.16333427203605,3784,21.312306392565475,2753,15.505491410870178,1805,10.1661503801746,1271,7.158546888200506,597,3.362433117431709,1015,5.716699521261616,1295,7.2937200788510275,1576,8.876372852717545,17755,1491,10,123251,1693,1226,7.537194147301118,1395,8.576171154555515,1955,12.018935202262387,2091,12.855035042419772,1804,11.090618467969998,1215,7.469568424935448,870,5.348579859830321,1158,7.119144227222426,2734,16.808065904340342,11660,6923,16266,2415,2.4775583482944343
"West Plains, MO Micro Area",0.0,1.3,0.2,93.0,2.0,3.5,48460,48460,"West Plains, MO Micro Area",48460,2153,2990,17.517554125219426,301,39.29564072557051,14.065242832065536,29.121562317144527,27344,2051,0,788,784,940,0,14,0,2,28,52,577,332,8694,3,31632,1255,40.1,49814,19.3,722,26.7,1009,19.53533397870281,1209,23.40755082284608,754,14.598257502420136,439,8.499515972894482,368,7.124878993223621,252,4.878993223620523,144,2.787996127783156,519,10.048402710551793,459,8.886737657308808,5165,315,11,40168,244,259,5.164506480558325,279,5.563310069790628,986,19.661016949152543,488,9.730807577268196,296,5.9022931206380855,351,6.999002991026919,237,4.725822532402792,315,6.281156530408774,1020,20.33898305084746,3582,2228,5015,866,2.7377339403136065
"Wheeling, WV-OH Metro Area",0.1,2.4,0.6,90.7,0.5,5.6,48540,48540,"Wheeling, WV-OH Metro Area",48540,11384,13899,22.86380346095221,1050,41.23454576247546,7.641192703507775,28.260458073064548,100377,4519,0,1909,1948,1151,35,5,6,30,59,170,750,978,36871,5,115039,6682,44.1,58705,16.9,801,29.9,4713,24.26754544050255,4090,21.059677668503166,2088,10.75124864837032,1446,7.445548632923124,949,4.886463106946089,395,2.033880850625611,957,4.927655630503064,3419,17.60465475516194,1312,6.755573863343803,19421,612,12,138015,1319,927,6.009334889148192,1054,6.8326202515234025,1494,9.684947491248542,1291,8.368987423829898,1738,11.2666925969143,1237,8.018929080772722,945,6.126021003500584,926,6.002852327239725,3356,21.755477764812653,10698,6285,15426,3406,2.960735055068281
"Whitewater-Elkhorn, WI Micro Area",0.4,3.4,0.2,85.4,1.0,9.7,48580,48580,"Whitewater-Elkhorn, WI Micro Area",48580,6740,15303,32.31722742221098,672,29.25626106754364,7.485173005031341,30.941338505214045,71154,2689,32,824,886,1335,26,44,33,213,408,89,355,374,18128,30,87403,5768,41.1,77359,19.8,1090,26.9,4066,21.428194993412387,3964,20.89064558629776,2615,13.78129117259552,2130,11.225296442687748,1105,5.823451910408433,721,3.799736495388669,970,5.111989459815547,1508,7.94729907773386,1756,9.254281949934123,18975,673,4,105447,1252,484,3.8772730914043096,953,7.634382760554353,1671,13.386205239125209,2146,17.19138027717696,1494,11.968276856524874,841,6.737162541055835,869,6.961467595930465,589,4.71841704718417,2590,20.748217575903222,10551,4725,12483,1934,2.212738693179868
"Wichita, KS Metro Area",0.3,1.4,0.5,89.3,1.2,7.3,48620,48620,"Wichita, KS Metro Area",48620,38317,86221,31.511175556900785,4389,26.40650589632049,9.72951538956072,32.352803157218005,426198,20155,85,5281,6929,8482,247,740,186,601,2525,751,2986,4301,92389,87,505181,37407,36.6,68930,19.3,969,27.3,20933,21.216451795994487,22516,22.820887051001375,16046,16.263277385875295,10011,10.146558015081489,5533,5.60792183572529,3660,3.709559717830212,3698,3.7480742722776297,8549,8.664761209762425,7038,7.1333009000243255,98664,8202,64,648935,6283,3856,4.323354636169975,9460,10.60657024330082,11969,13.419665881825315,12171,13.646148671375716,9568,10.727660051575288,7625,8.549164704563292,5119,5.739432671824195,6757,7.575961430653661,17232,19.32055163134881,62627,36943,89190,16273,3.2212217007369635
"Wichita Falls, TX Metro Area",0.3,6.4,0.2,85.3,1.1,6.7,48660,48660,"Wichita Falls, TX Metro Area",48660,8062,15685,24.779793143663877,1033,31.998281312340797,11.404720252892613,31.817205291102724,97749,6358,201,1851,1723,1274,271,283,245,403,928,368,803,1291,24920,24,118991,6284,36.4,63618,20.1,963,27.4,3698,21.33748773873406,3561,20.546996711095726,3058,17.64468293808782,1848,10.66297386186602,951,5.487277133460274,677,3.906295078183602,656,3.785124920662397,1331,7.679879983843979,1509,8.706941319023715,17331,1464,19,148978,1220,847,4.196809037756417,1997,9.894955901298188,2700,13.378257853532851,2401,11.89673966901199,2280,11.297195520761075,1262,6.2530968189475775,1289,6.386879397482906,1933,9.577841641066296,3387,16.782281240709544,15555,7484,20182,2332,1.9598120866284003
"Wildwood-The Villages, FL Metro Area",1.2,1.5,0.2,78.6,5.3,13.3,48680,48680,"Wildwood-The Villages, FL Metro Area",48680,12332,26375,35.06630914113105,1436,28.485470140694915,6.834445216211414,29.613775501962618,123814,5532,9,1498,1833,1921,9,37,94,110,465,173,470,1082,29737,32,128989,13050,68.4,73297,23.3,1225,36.2,3549,14.257020045796006,4306,17.298035592335196,4240,17.032900815490297,2872,11.53737998634154,1552,6.234684449443619,2012,8.082593500180774,1352,5.431245731731813,1667,6.696661712127908,3123,12.54569557706986,24893,690,39,137536,2556,265,3.327891498179078,776,9.745070953158358,629,7.899033027753359,510,6.4046213738540745,504,6.32927288710285,623,7.823684541002135,304,3.817656662062037,908,11.402737661685295,2239,28.11754363933191,15712,8622,7963,1845,1.4303545263549604
"Williamsport, PA Metro Area",0.3,3.5,1.3,86.8,0.7,7.5,48700,48700,"Williamsport, PA Metro Area",48700,9292,12615,24.79902984234938,963,38.44749771837924,8.863940390313426,27.889532048957957,79987,4086,6,1577,1484,1460,10,7,4,18,159,75,618,894,26667,7,92959,5219,41.3,64412,19.8,887,29.4,3729,20.08726567550097,4201,22.629821159232925,3014,16.23572505925447,2084,11.226028873087698,956,5.1497522085757375,641,3.452919629390218,798,4.298642533936651,1500,8.080155138978668,1556,8.381814264167204,18564,771,0,113570,1039,680,4.778300892417961,1339,9.409036610217132,1540,10.821446138711265,1318,9.261471435598342,1955,13.737615065701636,1641,11.531164359496874,641,4.504251282411636,1101,7.736631297870845,2953,20.7504743166327,8157,4859,14231,2979,3.2046386041157926
"Williston, ND Micro Area",0.0,3.4,0.2,92.3,0.9,3.2,48780,48780,"Williston, ND Micro Area",48780,3718,3766,23.743662543094707,180,33.672683025755425,9.357128371527072,33.2265260596228,24655,1518,0,106,561,940,0,16,23,0,0,27,189,163,6784,0,28298,1714,32.3,90224,17.4,1108,23.0,938,21.38622891016872,946,21.568627450980397,417,9.507523939808484,507,11.559507523939809,252,5.745554035567715,37,0.84359325125399,223,5.084359325125399,782,17.829457364341085,243,5.540355677154583,4386,275,7,39368,194,852,13.01558203483043,974,14.87931561258784,579,8.845096241979835,1126,17.201344332416742,886,13.534983195844791,679,10.37274671555148,370,5.652306752215093,244,3.7274671555148178,450,6.8744271310724105,3000,1474,6546,526,1.8587886069686903
"Willmar, MN Micro Area",0.5,1.3,1.0,87.8,1.1,8.3,48820,48820,"Willmar, MN Micro Area",48820,4232,5644,27.09762443821174,240,27.682222147129387,9.171087757239889,36.049065657418986,29593,1045,9,176,440,416,16,5,84,111,124,14,306,213,7147,36,34269,1777,39.8,75097,19.9,843,24.9,1597,21.390302705598717,1679,22.488615054915616,1121,15.014733458344494,735,9.84462898473078,556,7.447093490490222,283,3.790517010447361,314,4.205732654701313,499,6.68363246718457,668,8.947227431020627,7466,753,11,43757,358,378,7.777777777777778,741,15.246913580246911,558,11.48148148148148,567,11.666666666666666,602,12.386831275720164,341,7.016460905349795,135,2.7777777777777777,350,7.20164609053498,799,16.440329218106996,4672,1764,4860,826,2.410341708249438
"Wilmington, NC Metro Area",0.3,1.2,0.4,81.7,0.9,15.5,48900,48900,"Wilmington, NC Metro Area",48900,36830,80373,38.510203007821325,4562,22.336122021350025,6.939530968055439,32.21414400277322,323091,11895,35,4014,4056,3821,146,103,154,198,984,917,2500,2539,60271,44,372055,31455,45.1,73687,21.3,1313,31.6,13979,16.46835681636115,17697,20.8484520050893,12745,15.014608171151217,9116,10.73936195278262,6038,7.113236887988314,3333,3.926535036049197,3926,4.625135479006644,7342,8.64945101550351,10405,12.25790490551812,84884,2840,70,440578,8033,1903,3.457673928448135,3853,7.000744953394989,5760,10.465686719843015,6635,12.055526282319168,5541,10.067772589348984,4624,8.401620727873976,3415,6.204916692406926,4659,8.465214310373021,13894,25.244835292621325,43879,23372,55037,10948,2.942575694453777
"Wilmington, OH Micro Area",0.2,2.7,0.3,88.2,1.0,7.5,48940,48940,"Wilmington, OH Micro Area",48940,3116,3536,20.055207559188872,192,40.3015182078777,8.39791909969211,31.24535513324132,28257,1177,0,441,499,751,0,18,0,28,64,22,131,204,10211,0,33543,1815,41.0,68125,18.3,893,24.9,1593,22.660028449502136,1570,22.33285917496444,1076,15.305832147937412,529,7.524893314366999,242,3.442389758179232,186,2.645803698435277,351,4.992887624466571,870,12.375533428165006,594,8.44950213371266,7030,199,16,42014,124,138,2.832512315270936,842,17.282430213464696,801,16.44088669950739,353,7.245484400656814,401,8.23070607553366,274,5.623973727422003,171,3.509852216748768,306,6.280788177339902,966,19.82758620689655,3420,2293,4872,987,2.9424917270369377
"Wilson, NC Micro Area",0.0,1.5,0.1,90.4,1.5,6.5,48980,48980,"Wilson, NC Micro Area",48980,5605,6660,20.26385321778977,383,34.236248406348736,15.576208865320302,29.923689510541195,54121,2529,26,1373,1662,932,209,185,21,40,494,595,1013,989,16000,0,62613,3292,40.7,51381,20.6,915,28.7,2250,20.4322557210316,2051,18.62513621503814,1596,14.493280058118415,1348,12.2411914275336,418,3.7958590628405378,697,6.329458772248456,499,4.531420268797675,923,8.381765346894298,1024,9.29894660370505,11012,891,0,78648,632,518,3.853306553596667,1351,10.049840065461575,1660,12.348434129286618,1397,10.392025589526147,1651,12.28148478762181,695,5.169976939671204,1159,8.62158744327903,837,6.226288774827047,2996,22.286691958640183,7304,3286,13443,2138,3.414626355549167
"Winchester, TN Micro Area",0.6,2.8,0.1,88.4,0.4,7.6,49010,49010,"Winchester, TN Micro Area",49010,2406,4298,23.050745671104,318,40.48977413005038,9.161578754212124,27.297901444633503,29973,2292,0,431,580,391,5,6,39,21,60,92,524,321,9844,0,35970,1939,42.7,61553,19.2,863,26.9,1460,21.58486102897694,1525,22.5458308693081,885,13.083973979893551,572,8.45653459491425,530,7.835600236546422,191,2.8237729154346543,355,5.248373743347131,608,8.98876404494382,569,8.412182140745122,6764,276,0,43478,354,185,4.581475978207033,478,11.83754333828628,520,12.877662209014362,279,6.909361069836553,392,9.707776126795444,376,9.31154036651808,296,7.330361565131254,200,4.952947003467063,502,12.431896978702328,3644,2132,4038,588,1.634695579649708
"Winchester, VA-WV Metro Area",0.1,1.8,0.3,85.9,1.0,11.0,49020,49020,"Winchester, VA-WV Metro Area",49020,7382,16863,28.114747618482944,796,33.45092691410728,11.428317324795447,27.00600814261433,101196,4560,0,2510,1812,1622,37,130,100,158,781,503,1520,1269,29291,16,116655,8999,40.9,82413,19.3,1309,28.1,5051,21.12328537972566,5299,22.160421545667447,3962,16.569086651053862,2152,8.99966543994647,1204,5.035128805620609,877,3.667614586818334,1076,4.499832719973235,2328,9.735697557711608,1827,7.640515222482436,23912,1095,12,144676,1793,662,4.252039308883037,1298,8.337080095060697,1761,11.310938403237202,2131,13.687455841736783,1710,10.983364377930505,1352,8.683923180679555,888,5.703641852398998,1032,6.62855674738262,2978,19.12775386986961,12762,7185,15569,3565,3.056019887703056
"Winnemucca, NV Micro Area",0.0,1.4,9.9,79.5,2.3,6.9,49080,49080,"Winnemucca, NV Micro Area",49080,1096,1628,19.7978021978022,70,35.49010989010989,12.764835164835164,31.947252747252747,11375,744,0,132,149,361,11,11,11,26,164,18,136,249,3293,0,13312,431,37.6,79946,20.3,998,23.5,766,23.78143433716237,557,17.292766221670288,635,19.714374417882645,270,8.38248990996585,158,4.905308910276312,132,4.098106178205526,240,7.451102142191866,248,7.699472213598262,215,6.674945669046879,3221,184,0,17299,123,309,16.7027027027027,93,5.027027027027027,262,14.16216216216216,125,6.756756756756757,154,8.324324324324325,175,9.45945945945946,45,2.4324324324324325,73,3.945945945945946,266,14.37837837837838,1828,710,1850,456,3.4254807692307696
"Winona, MN Micro Area",0.8,6.0,1.2,81.7,0.9,9.5,49100,49100,"Winona, MN Micro Area",49100,4650,6535,32.05793757610716,481,26.36351983592899,6.149458437479972,35.42908415048388,31206,884,19,285,539,226,3,6,2,0,3,20,256,204,7343,11,41747,2641,36.1,70198,19.1,866,28.1,2017,23.679267433669875,1783,20.932143695703218,1328,15.590514205212491,849,9.967128433904673,535,6.280817093214369,196,2.301009626672928,431,5.059873209673632,773,9.07490021131721,598,7.02042733035924,8518,331,14,49705,347,280,4.416403785488959,712,11.230283911671926,796,12.555205047318612,811,12.79179810725552,681,10.741324921135648,400,6.309148264984227,300,4.73186119873817,599,9.44794952681388,1460,23.02839116719243,4150,2256,6340,865,2.072005174024481
"Winston-Salem, NC Metro Area",0.1,1.2,0.5,86.5,1.1,10.6,49180,49180,"Winston-Salem, NC Metro Area",49180,46214,89104,29.580955369181584,7266,28.43126446918752,10.787971812114684,31.19980834951621,471692,22003,183,9028,8850,6704,309,461,591,1159,2600,1751,4710,7040,112105,206,551787,34349,40.6,64282,18.6,973,28.0,26206,23.367127660523053,23340,20.81159885509456,15895,14.173108988934365,8750,7.802120393405201,6045,5.390150603215365,4013,3.5782753301411514,4821,4.298745419040741,12990,11.582805018323835,9540,8.506540406066929,112149,7189,105,683637,8812,3759,4.337991760239115,8122,9.373016514142614,11732,13.539058082236044,10952,12.638916136775414,8942,10.319319585011485,6822,7.872779938374898,5234,6.040183259667871,6473,7.470024119188026,17768,20.50477190633908,66159,34794,86653,16363,2.965455873371428
"Wisconsin Rapids-Marshfield, WI Micro Area",0.7,2.1,0.1,86.9,1.0,9.1,49220,49220,"Wisconsin Rapids-Marshfield, WI Micro Area",49220,7547,7733,21.42358029121263,388,38.29767143207872,6.502237918075202,33.77651035863345,52951,2119,3,433,1003,789,7,6,7,8,51,28,298,294,18160,0,59919,2412,43.9,66417,18.1,831,25.4,3351,26.218605742899616,2699,21.117283467647287,1618,12.659416321101634,1176,9.201157968860027,740,5.7898443001330095,379,2.965339175338393,400,3.1296455676394648,1307,10.22611689226195,1017,7.957123855723339,12781,513,3,74039,811,585,6.88154334784143,1148,13.504293612516175,1263,14.857075638160216,940,11.057522644394776,928,10.916362780849312,632,7.434419480061169,426,5.011175155864016,679,7.987295612280907,1411,16.598047288554287,6388,3950,8501,1608,2.683622890902719
"Woodward, OK Micro Area",0.1,1.2,0.3,93.0,2.5,2.9,49260,49260,"Woodward, OK Micro Area",49260,599,2011,21.61945093457944,56,38.157126168224295,12.032710280373832,28.190712616822427,13696,876,0,149,529,390,0,0,0,0,91,126,33,218,4350,0,15888,668,36.5,65060,20.8,847,22.0,526,18.586572438162545,488,17.24381625441696,392,13.851590106007066,580,20.49469964664311,102,3.604240282685512,45,1.5901060070671376,53,1.872791519434629,337,11.908127208480565,303,10.706713780918728,2830,112,0,20260,226,143,6.266432953549519,251,10.999123575810692,393,17.22173531989483,548,24.01402278702892,139,6.091148115687993,82,3.5933391761612623,106,4.645048203330412,184,8.06310254163015,173,7.581069237510955,2283,979,2282,487,3.0652064451158108
"Wooster, OH Micro Area",1.7,4.8,0.2,84.2,2.2,7.0,49300,49300,"Wooster, OH Micro Area",49300,5719,11591,24.715299017374896,831,37.99960955293811,13.690375479924514,23.59471594976248,76835,2971,28,873,1129,1186,0,0,3,22,55,54,5258,752,26226,0,91444,5631,38.9,71769,18.9,849,23.6,3986,20.842919891236143,4391,22.9606776824932,2849,14.897510980966326,2062,10.782263124869274,981,5.129679983267099,553,2.891654465592972,623,3.2576866764275256,2099,10.975737293453252,1510,7.895837690859652,19124,1149,10,116618,937,811,7.665406427221172,1432,13.534971644612476,1786,16.880907372400756,1080,10.207939508506616,1121,10.59546313799622,904,8.544423440453686,306,2.892249527410208,593,5.60491493383743,1577,14.905482041587902,7961,4449,10580,1865,2.039499584445125
"Worcester, MA Metro Area",0.1,2.4,1.5,79.5,2.1,14.3,49340,49340,"Worcester, MA Metro Area",49340,53387,135457,39.02564536718409,12826,26.52052011175132,8.689943211339804,25.76389130972479,602409,20623,260,8009,7287,10044,551,572,927,728,2634,2174,4357,5878,139139,63,704747,75141,40.3,93561,21.3,1347,29.9,28354,18.73653604704949,30973,20.467190907288707,24465,16.16665565320822,15872,10.488336747505452,11321,7.481001784180269,6277,4.147888720015859,7526,4.973237295975682,9974,6.590894072556665,16186,10.69583030463226,151330,8790,75,861664,11670,3907,3.4144934629098787,9837,8.596972663077675,14204,12.413479689575617,13698,11.97126476962875,12701,11.09994406767811,10616,9.277773893588757,7358,6.430469132349857,9479,8.284101237502622,26403,23.074704607425016,67224,34593,114424,25023,3.550635901961981
"Worthington, MN Micro Area",0.3,4.7,1.1,87.0,1.0,6.0,49380,49380,"Worthington, MN Micro Area",49380,1577,1825,17.706134924677972,64,29.98326177134124,22.20362419037916,30.10697911360163,13741,366,0,271,318,262,50,46,62,102,436,80,235,120,3754,28,16431,444,36.3,65509,19.0,863,22.3,431,17.620605069501227,613,25.061324611610797,330,13.49141455437449,209,8.544562551103843,136,5.560098119378577,140,5.723630417007359,117,4.783319705641864,307,12.551103843008995,163,6.663941128372854,2446,1041,0,22067,100,170,7.874015748031496,361,16.720704029643354,248,11.486799444187124,317,14.682723483094026,99,4.585456229735989,105,4.863362667901806,121,5.604446503010653,107,4.955998147290412,318,14.729041222788329,1489,1071,2159,275,1.6736656320370031
"Yakima, WA Metro Area",0.3,1.3,0.3,91.0,0.8,6.4,49420,49420,"Yakima, WA Metro Area",49420,13293,18944,18.865054105665184,977,29.25970719287078,23.683004455760663,28.19223424570337,157100,9766,420,2734,4430,4021,1392,1083,748,1192,6109,1070,2770,4101,36201,178,189744,8016,33.2,68015,21.5,1068,27.9,5069,16.39073918385824,6357,20.555519627497898,5022,16.238763499967664,3245,10.49278923882817,2740,8.859859018301751,1243,4.019271810127401,1622,5.244777856819505,2448,7.915669663066676,2976,9.622970962943802,30926,6938,20,256605,1700,1192,3.659023237253277,3450,10.590293765540103,4073,12.50268594407097,4065,12.478128741136384,3616,11.09985572643276,2693,8.266568437854929,2070,6.354176259324063,2270,6.968106332688707,6373,19.562881787764372,19369,11628,32577,8418,4.436503921072603
"Yankton, SD Micro Area",0.1,3.2,1.1,89.1,1.0,5.5,49460,49460,"Yankton, SD Micro Area",49460,1966,2864,27.65202496023492,155,33.57396304906399,7.267833109017497,31.5061788816836,16346,1292,18,113,263,258,0,5,6,0,65,0,174,154,4196,0,19098,1139,42.2,73855,20.6,777,22.7,660,16.87547941702889,888,22.70519048836615,905,23.13986192789568,410,10.48325236512401,299,7.645103554078241,139,3.5540782408591154,96,2.4546151879314757,297,7.593965737663002,217,5.548453081053439,3911,132,0,23379,362,301,11.082474226804123,400,14.727540500736378,375,13.807069219440354,339,12.48159057437408,415,15.279823269513992,161,5.927835051546391,13,0.4786450662739323,212,7.80559646539028,305,11.229749631811488,2182,1002,2716,191,1.0001047230076447
"York-Hanover, PA Metro Area",0.2,1.5,0.8,85.9,1.0,10.5,49620,49620,"York-Hanover, PA Metro Area",49620,30737,55071,27.210759770675093,2857,38.01088268981851,8.630413796742644,26.14794374276376,322163,15359,120,5099,5571,5010,20,44,230,330,765,879,2368,3953,107098,27,370527,25399,40.9,82238,20.0,1150,28.9,16652,19.09633027522936,20254,23.22706422018349,14040,16.10091743119266,8982,10.300458715596331,5493,6.299311926605504,3751,4.301605504587156,3673,4.212155963302752,6465,7.413990825688073,7629,8.748853211009175,87200,3293,95,459312,4336,1758,4.036554004408523,3556,8.164952240999265,6189,14.210598824393829,5568,12.78471711976488,4363,10.017909625275532,4162,9.556392358559885,3217,7.386572373254959,3737,8.580547391623806,8463,19.431943423952976,32566,20936,43552,10777,2.908559969988692
"Youngstown-Warren, OH Metro Area",0.1,1.3,0.9,88.6,1.6,7.5,49660,49660,"Youngstown-Warren, OH Metro Area",49660,25987,46847,23.506473198287715,1610,39.4633793548303,9.13480020067892,27.895347246203062,306958,12402,123,4870,6207,5041,79,340,69,170,474,485,3958,2989,108734,28,351623,19574,43.6,55357,18.2,779,28.9,16606,24.326145552560646,13412,19.647251845775227,9294,13.61478964022032,5934,8.692722371967655,3091,4.528008906597914,2544,3.7267080745341614,2347,3.4381225829133952,8546,12.519043712645026,5879,8.612152818469472,68264,3117,90,428430,4124,2793,5.198600305252578,5354,9.965379890555782,5910,11.000260581468934,5827,10.845772996314633,5566,10.35997468637159,3841,7.149238729851469,2870,5.341920113166809,4894,9.10918363548375,11317,21.06428917097867,40084,19556,53726,11088,3.153377338797519
"Yuba City, CA Metro Area",0.2,1.4,0.7,89.2,0.9,7.7,49700,49700,"Yuba City, CA Metro Area",49700,12103,15159,19.172461634773192,916,25.75672977683028,18.555741671319563,36.515066917076965,118206,4571,18,2213,2422,4950,243,461,404,500,1439,409,1833,1573,25875,79,139284,5288,35.2,74762,24.0,1306,31.2,3300,13.364652519034506,4068,16.474971650737082,3883,15.7257411307306,2605,10.549975700631784,2384,9.654948971326746,1308,5.297262271180949,1774,7.184513202656731,1821,7.374858253685404,3439,13.92758788271505,24692,5377,13,182050,1300,1079,4.521833878132596,1583,6.633978710921131,2648,11.097141899254044,2772,11.616796580336937,2213,9.274159751906796,2617,10.967228228983322,1705,7.145251864889783,2417,10.1290755175593,4864,20.3838739418322,20001,11059,23862,5741,4.121794319519831
"Yuma, AZ Metro Area",0.4,1.6,0.7,89.5,1.1,6.7,49740,49740,"Yuma, AZ Metro Area",49740,11141,14330,16.671988356637385,365,26.729982401295025,23.362466491917218,33.23556275015037,134669,6511,197,2677,2665,3411,650,979,610,864,4576,785,2700,6792,29486,0,161981,6400,35.8,60417,20.7,983,28.3,5335,18.04559599512921,6274,21.221756189960765,4391,14.85252333919632,2757,9.325531051278585,1826,6.176430794209174,1279,4.326207549722636,1484,5.019618454877554,2485,8.405493167365716,3512,11.879312677580842,29564,4503,53,207685,1357,1445,6.268164664035051,2393,10.380427710059427,3472,15.06094651455342,2013,8.732052227475817,1677,7.274541274454519,2278,9.88157723506702,1805,7.829783542272155,1417,6.146705417949941,4340,18.826183143191773,22276,11341,23053,6700,4.136287589285163
"Zanesville, OH Micro Area",0.0,1.7,0.1,92.6,0.3,5.3,49780,49780,"Zanesville, OH Micro Area",49780,5732,7460,20.324214792299895,195,41.93684566024992,9.66227625802094,28.07666328942925,59220,1931,9,1054,1788,976,0,0,78,0,94,87,472,473,22904,0,68762,3736,40.5,59203,18.7,811,29.2,3016,21.544396028287736,3134,22.38731337952711,1863,13.308093435245375,1245,8.893492392313737,927,6.621901564397457,399,2.8502035859704264,460,3.285948996356882,1667,11.907993428102008,1269,9.064933209514964,13999,691,0,86382,645,580,5.417522884363908,1134,10.592191294601156,1470,13.730618344853356,1155,10.78834298524192,808,7.547169811320755,663,6.192789090229778,774,7.229590883616664,1158,10.816364655333455,2296,21.44591817672333,6269,4626,10706,1883,2.7384311102062187
"Zapata, TX Micro Area",0.0,2.3,0.0,89.9,0.0,7.9,49820,49820,"Zapata, TX Micro Area",49820,519,768,13.280463242698891,28,29.24219536757301,35.939073514602214,21.53826787512588,7944,238,12,230,238,200,90,69,38,141,523,84,342,644,2085,0,9929,227,31.5,36527,21.5,569,27.4,112,11.727748691099476,202,21.151832460732983,114,11.937172774869111,91,9.528795811518323,50,5.235602094240837,20,2.094240837696335,0,0.0,130,13.612565445026178,236,24.71204188481676,955,244,0,13855,32,108,9.230769230769232,82,7.0085470085470085,133,11.367521367521368,59,5.042735042735043,143,12.22222222222222,102,8.717948717948717,30,2.564102564102564,38,3.2478632478632483,205,17.52136752136752,717,475,1170,413,4.159532682042501
