NAME,metropolitan statistical area/micropolitan statistical area,associates_degree,bachelors_degree,bachelors_plus_percent,doctorate_degree,edu_high_school_grad,edu_less_than_hs,edu_some_college,education_total,ged_or_alternative,grade_1,grade_10,grade_11,grade_12_no_diploma,grade_2,grade_3,grade_4,grade_5,grade_6,grade_7,grade_8,grade_9,high_school_diploma,kindergarten,masters_degree,no_schooling,nursery_school,professional_degree,some_college_1_or_more_years,some_college_less_1_year
"Aberdeen, SD Micro Area",10100,3304,6809,32.79726748736925,409,30.481036077705824,6.2477762755283575,30.473920159396574,28106,966,0,183,275,446,0,20,37,0,49,0,360,62,7601,0,1627,291,33,373,3522,1739
"Aberdeen, WA Micro Area",10140,6852,6461,17.621113908680204,198,35.254727594150104,9.658756093641186,37.46540240352851,56001,4492,10,930,1022,886,205,68,21,58,390,136,437,706,15251,0,2683,540,0,526,8905,5224
"Abilene, TX Metro Area",10180,10802,19424,26.241748919738082,948,31.185769703182025,10.4553447559801,32.11713662109979,113167,8399,78,2047,2692,1324,129,333,180,156,640,334,744,1591,26893,0,7892,1553,31,1433,17787,7757
"Ada, OK Micro Area",10220,1924,4605,29.73240832507433,401,32.24975222993062,9.546085232903865,28.471754212091177,25225,1242,7,496,526,344,8,1,25,12,72,32,287,431,6893,0,2233,167,0,261,3563,1695
"Adrian, MI Micro Area",10300,7219,9915,22.27321115171045,459,35.86184078027448,8.62272348016227,33.24222458785281,69514,3684,0,1160,1237,1324,25,19,74,29,169,89,391,519,21245,0,4552,956,2,557,9911,5978
"Aguadilla, PR Metro Area",10380,20720,34371,24.37287741089093,1401,29.160274653773318,26.064071773929054,20.402776161406702,189038,5066,1155,2911,4603,1701,1319,3659,3204,3716,6759,3822,5185,6706,50058,41,9052,4443,47,1250,15925,1924
"Akron, OH Metro Area",10420,40078,105592,34.460658888630434,7152,30.625303510726425,7.102253018783998,27.81178458185914,490098,14366,115,5845,7272,7677,45,178,113,266,551,404,2571,2975,135728,77,46987,6671,48,9160,64250,31977
"Alamogordo, NM Micro Area",10460,4401,6453,21.59534360738144,366,29.02308353727098,12.708071521485106,36.67350133386247,45357,2793,0,572,1115,1021,57,86,93,154,744,56,505,821,10371,9,2586,531,0,390,8006,4227
"Alamosa, CO Micro Area",10480,1744,3069,27.37020316027088,168,28.182844243792328,10.829571106094809,33.61738148984198,17720,914,0,360,237,142,66,70,58,38,161,18,246,280,4080,1,1420,242,0,193,3101,1112
"Albany, GA Metro Area",10500,9364,12019,23.00757599120075,1428,32.298187724221584,13.565855614148703,31.128380670428964,97281,5882,52,2940,2289,1700,50,63,123,187,417,623,1122,2388,25538,5,6869,1217,21,2066,14088,6830
"Albany, OR Metro Area",10540,9922,12644,20.774516476037846,691,29.008144716910717,8.716603367653839,41.500735439397594,91102,5719,0,1554,1464,1951,18,14,25,93,435,70,810,796,20708,11,4657,619,81,934,17214,10672
"Albany-Schenectady-Troy, NY Metro Area",10580,76704,140304,40.90556397419928,13899,24.31487666907325,6.897170013408123,27.882389343319343,630215,27386,99,6876,8279,8021,64,445,483,796,1370,1083,3238,4055,125850,64,86548,8521,73,17042,61400,37615
"Albemarle, NC Micro Area",10620,6040,6618,19.69853072925999,155,31.64307471779251,12.86731768500269,35.79107686794482,44648,2484,0,1084,1056,1106,8,84,0,36,130,186,722,818,11644,17,1771,475,23,251,6351,3589
"Albert Lea, MN Micro Area",10660,3249,2695,18.088067533652747,82,33.059548254620125,10.134610997033995,38.71777321469313,21915,881,0,363,292,436,1,4,36,58,108,60,275,190,6364,0,873,397,1,314,3438,1798
"Albertville, AL Micro Area",10700,6835,9466,21.32640990582705,412,32.679397170202634,15.57924815264314,30.41494477132718,65093,4543,79,1595,1624,960,39,264,126,78,536,316,1191,1454,16729,0,3376,1872,7,628,8339,4624
"Albuquerque, NM Metro Area",10740,62523,123872,35.02546802434145,15868,23.63745682367945,9.66235303779991,31.67472211417919,645319,28745,233,7922,10903,11137,442,890,414,1001,5753,1337,4408,7715,123792,97,70842,9989,112,15444,99583,42297
"Alexander City, AL Micro Area",10760,2710,3560,18.725005880969185,130,32.73515475350337,16.191148301240045,32.348691064287394,29757,1849,4,817,999,1102,77,75,61,1,177,109,371,543,7892,0,1442,482,0,440,4521,2395
"Alexandria, LA Metro Area",10780,7190,13623,20.923261981996195,1101,37.81588002721276,13.501868412490264,27.75898957830078,101423,6946,21,3048,2980,1370,0,95,10,66,476,749,1373,1836,31408,0,4949,1631,39,1548,15772,5192
"Alexandria, MN Micro Area",10820,4893,5627,29.03626428216592,322,29.973032432048825,3.974167908594138,37.01653537719112,28182,819,0,183,314,231,0,0,0,2,31,0,114,104,7628,1,1814,140,0,420,3454,2085
"Alice, TX Micro Area",10860,1498,3434,15.050055244919141,60,36.3042823182777,22.841262932333343,25.804399504469817,29867,2073,0,1285,1197,856,102,251,184,173,388,452,363,1053,8770,0,882,518,0,119,4043,2166
"Allentown-Bethlehem-Easton, PA-NJ Metro Area",10900,57524,125073,32.7301738744222,8984,33.23468934546232,8.360612590679542,25.67452418943594,607910,21893,242,8363,9826,9320,403,393,696,1058,1391,1732,4793,5195,180144,49,54797,7231,133,10116,63170,35384
"Alma, MI Micro Area",10940,2497,3738,19.019415434218825,214,40.17312679610289,8.134155744024673,32.673302025653605,28534,2370,3,349,562,459,16,0,1,3,43,14,281,309,9093,8,1355,264,9,120,4443,2383
"Alpena, MI Micro Area",10980,3142,2435,17.737527215453746,104,36.086533561865934,6.902302311576412,39.27363691110391,21587,1213,0,256,307,374,0,5,8,12,0,0,221,156,6577,13,1033,137,1,257,3363,1973
"Altoona, PA Metro Area",11020,7928,14289,24.08435836240132,597,45.2118138424821,6.782403157701487,23.92142463741509,87152,4138,0,1138,1178,1119,21,13,72,124,128,60,761,778,35265,28,4857,489,2,1247,8008,4912
"Altus, OK Micro Area",11060,1941,2498,24.198617221873036,145,27.09616593337524,13.343808925204273,35.36140791954745,15910,805,0,282,402,276,30,88,42,127,147,208,132,158,3506,0,1037,231,0,170,2637,1048
"Amarillo, TX Metro Area",11100,16867,30214,25.560108592771442,1855,26.9951654679521,13.265207805530524,34.17951813374594,176439,10187,169,3326,3542,3381,287,273,395,485,2509,768,2029,2510,37443,0,10962,3663,68,2067,28574,14865
"Americus, GA Micro Area",11140,1881,2550,20.955251565035937,388,35.358219336888475,15.631810804544399,28.054718293531185,21565,1544,0,659,667,561,0,59,8,78,56,173,366,328,6081,0,1327,416,0,254,3336,833
"Ames, IA Metro Area",11180,8775,19778,46.776310278390525,3728,20.013682182447713,3.2697623767905513,29.940245162371205,71626,1529,7,256,639,749,0,25,0,0,19,14,167,210,12806,0,8299,228,28,1699,8546,4124
"Amherst Town-Northampton, MA Metro Area",11200,8836,24534,51.12008960716857,5434,20.364629170333625,4.515361228898311,23.999919993599487,99992,2640,12,517,709,1111,45,8,16,63,112,198,535,350,17723,1,18276,838,0,2872,9976,5186
"Amsterdam, NY Micro Area",11220,4767,3888,20.515367535351174,253,35.4066845857193,11.475984574032957,32.60196330489657,34228,1878,0,692,666,771,0,65,17,79,29,175,554,292,10241,13,2412,572,3,469,3947,2445
"Anchorage, AK Metro Area",11260,25037,56529,33.991633500638216,3749,27.068750635394583,5.913405602015189,33.026210261952,265583,13664,67,1990,2677,4216,110,112,262,182,368,373,995,1459,58226,57,23835,2793,44,6163,43375,19300
"Anderson Creek, NC Micro Area",11360,12124,14276,23.92306752147198,594,28.957456028266353,11.337651803868846,35.78182464639282,90001,4433,53,1750,1638,1527,2,104,66,195,533,215,1039,1311,21629,0,5776,1771,0,885,14491,5589
"Andrews, TX Micro Area",11380,750,1749,19.947743039913508,96,32.22812866023966,23.128209748626002,24.69591855122083,11099,584,20,222,253,414,0,19,20,1,339,60,122,379,2993,44,297,674,0,72,1106,885
"Angola, IN Micro Area",11420,2381,3794,24.674942141805175,162,37.285924679150014,7.872922364822217,30.166210814222595,23765,1179,36,405,488,332,0,22,12,7,10,9,189,205,7682,2,1710,154,0,198,3118,1670
"Ann Arbor, MI Metro Area",11460,15761,63851,58.13050562655939,15349,14.192847565218866,4.2301033657518206,23.446543442469917,235668,5566,11,1311,2063,2480,31,51,85,52,284,202,768,590,27882,15,45780,1995,31,12015,27939,11556
"Anniston-Oxford, AL Metro Area",11500,6595,9842,20.545105370928564,857,34.48815292456789,13.913795515535377,31.052946188968168,78627,5444,0,2306,2350,1422,0,26,100,77,311,472,1272,1479,21673,6,4500,1119,0,955,12412,5409
"Appleton, WI Metro Area",11540,22639,38970,32.10437329586722,1385,30.79047947896698,5.245454653696405,31.859692571469395,167974,4521,6,1033,1446,2318,21,80,1,21,369,117,799,853,47199,106,11426,1623,18,2146,20653,10224
"Arcadia, FL Micro Area",11580,2068,1902,10.978706778667709,65,36.76890017581559,27.00918148075796,25.243211564758745,25595,2391,54,1113,983,631,16,61,164,219,294,515,671,992,7020,0,744,1183,17,99,2754,1639
"Ardmore, OK Micro Area",11620,2481,4148,20.003097893432468,258,36.84944237918216,12.193308550185874,30.954151177199506,32280,2132,0,910,912,588,0,11,3,51,126,43,369,532,9763,16,1689,375,0,362,5082,2429
"Arecibo, PR Metro Area",11640,19574,26902,26.381687485269858,1662,27.726549611124206,21.623114541597925,24.268648362008012,135776,2214,516,1591,2150,1122,1043,1501,2180,1615,3691,2099,3075,5121,35432,25,6609,3622,8,647,11978,1399
"Arkadelphia, AR Micro Area",11660,768,2035,25.490829764886485,291,32.70582532116021,10.03474185990143,31.76860305405187,12377,529,0,166,280,227,0,0,21,6,51,121,64,170,3519,0,766,136,0,63,2046,1118
"Arkansas City-Winfield, KS Micro Area",11680,2843,3518,24.256685432793805,282,30.977304714989444,8.413969035890217,36.35204081632653,22736,1557,0,231,385,417,0,1,10,30,69,9,109,261,5486,24,1626,367,0,89,3224,2198
"Asheville, NC Metro Area",11700,27874,76355,41.20450691684726,5804,23.776212330515964,8.110682649941404,26.908598102695375,305486,12223,0,4139,2963,3512,80,264,246,739,820,829,2247,4563,60410,0,34515,4349,26,9200,36427,17901
"Ashland, OH Micro Area",11740,3086,5259,22.06422528940338,204,43.41607301869991,9.049421193232412,25.470280498664295,35936,1696,0,588,685,578,1,0,1,0,8,7,861,315,13906,11,2067,191,6,399,3883,2184
"Astoria, OR Micro Area",11820,3900,5247,26.298523783488243,308,25.684237609751392,7.155951500337697,40.861287106422665,31093,1333,0,301,510,881,7,0,17,17,59,7,71,99,6653,18,2152,238,0,470,5415,3390
"Atchison, KS Micro Area",11860,727,1397,22.92001607717042,106,40.72548231511254,5.697347266881029,30.657154340836012,9952,456,0,168,58,87,0,0,0,0,49,3,50,49,3597,0,709,99,4,69,1336,988
"Athens, OH Micro Area",11900,3215,6041,35.42646532992271,1402,29.774183788541407,8.179992848694887,26.619358032840996,36357,1258,0,460,1160,460,0,0,0,0,17,8,257,377,9567,15,4934,220,0,503,4522,1941
"Athens, TN Micro Area",11940,4117,5143,16.398007033997654,286,40.2214871880757,14.472031485513314,28.908474292413334,47768,4344,25,1172,1266,944,0,74,68,25,415,333,1063,992,14869,11,1740,481,44,664,6221,3471
"Athens, TX Micro Area",11980,5448,7857,20.212119165034114,411,33.565831250422214,12.47888941430791,33.74316017023576,59212,3826,62,1207,1665,681,12,83,19,19,615,162,733,1354,16049,0,3173,752,25,527,9460,5072
"Athens-Clarke County, GA Metro Area",12020,10015,29401,43.497413574633654,6620,21.370432760394152,10.202590897571593,24.929562767400608,134162,5019,5,1656,1978,2704,126,175,85,173,1387,335,975,1231,23652,59,17965,2703,96,4371,16149,7282
"Atlanta-Sandy Springs-Roswell, GA Metro Area",12060,328429,1052716,41.45151335285787,72684,23.010721438362893,9.22805981721151,26.30970539156773,4142821,144813,1881,51198,57362,73242,3152,5799,4294,9486,28042,9930,26135,39503,808480,959,482917,70432,887,108945,534626,226909
"Atlantic City-Hammonton, NJ Metro Area",12100,19718,56739,32.8810838915807,2490,32.0058474684832,9.56166592568591,25.551402714250187,265414,8848,102,3389,3637,5367,250,495,129,572,1335,801,2093,2414,76100,42,21769,4617,135,6273,29687,18412
"Auburn, IN Micro Area",12140,3014,4172,20.140792635462144,86,42.24455951534843,7.706366128540969,29.90828172064846,29547,2422,2,325,710,350,0,2,32,0,0,52,271,255,10060,0,1514,278,0,179,3281,2542
"Auburn, NY Micro Area",12180,8468,7436,23.878642366037326,468,31.059696605915093,11.071701407835862,33.98995962021172,54978,3379,0,1023,1252,999,36,48,13,80,181,155,876,833,13697,20,4705,558,13,519,5912,4307
"Auburn-Opelika, AL Metro Area",12220,10884,26187,39.35706292785677,4121,22.748815165876778,9.267213006845708,28.62690889942075,121536,5370,221,2181,2055,2148,105,312,46,124,258,247,657,1159,22278,16,14860,1734,0,2665,17229,6679
"Augusta-Richmond County, GA-SC Metro Area",12260,43373,73182,28.776010402972553,5778,29.45828945272662,10.761466210546084,31.004233933754744,420649,21746,195,8292,10210,7716,8,477,183,802,1830,1059,3718,5903,102170,168,32663,4603,104,9423,60913,26133
"Augusta-Waterville, ME Micro Area",12300,9516,17349,30.8932073060568,1709,33.96787626412849,5.16116949787384,29.977746931940864,90774,4777,12,530,792,948,0,32,28,27,112,102,835,721,26057,6,7284,512,28,1701,11356,6340
"Austin, MN Micro Area",12380,3637,4079,23.46781180547708,265,32.83610200775982,10.310016197687121,33.38606998907598,26547,1449,60,306,156,428,19,10,28,78,87,43,233,317,7268,0,1562,971,1,324,3426,1800
"Austin-Round Rock-San Marcos, TX Metro Area",12420,106996,510058,49.88992194915495,34297,17.063211655526857,8.379297158761135,24.66756923655705,1616126,47402,524,12654,13390,21157,1535,3560,2124,3424,15361,4378,11087,14578,228361,361,219024,30924,363,42905,200464,91199
"Bainbridge, GA Micro Area",12460,2400,1727,14.636663914120563,80,33.562138728323696,16.861065235342693,34.94013212221304,19376,1182,9,612,715,397,32,146,86,14,65,103,423,404,5321,0,772,261,0,257,3120,1250
"Baker City, OR Micro Area",12520,1697,2377,26.972477064220186,82,27.419226166733146,7.610690067810132,37.997606701236535,12535,681,0,162,98,215,0,78,61,13,26,14,43,165,2756,7,775,72,0,147,1880,1186
"Bakersfield-Delano, CA Metro Area",12540,43657,68949,18.573575991839803,3222,27.674522646337753,22.865016731984035,30.886884629838406,558810,19470,876,9508,15988,20057,1807,5001,2980,5147,20470,3802,10177,10415,135178,154,25215,21303,87,6405,86572,42370
"Baltimore-Columbia-Towson, MD Metro Area",12580,137894,460896,43.28454743876588,48689,23.61146733791624,7.876064836545119,25.227920386772762,1972838,62167,297,24354,24693,33505,695,888,1292,2544,6063,5142,10290,16099,403649,361,283121,28729,430,61228,237120,122692
"Bangor, ME Metro Area",12620,12816,20953,30.476242027298888,2183,32.42667821411495,5.468799336021723,31.628280422564437,110847,5836,0,1163,1166,855,0,99,44,65,84,183,809,983,30108,14,8831,597,0,1815,14568,7675
"Baraboo, WI Micro Area",12660,5979,8586,26.493158383951926,381,33.138064460344566,6.640582780311711,33.7281943753918,46261,2080,1,473,414,576,1,3,0,0,136,7,631,299,13250,0,2567,526,5,722,6470,3154
"Barnstable Town, MA Metro Area",12700,16949,46953,47.405665560512496,4712,21.432103377799265,3.6173439113904573,27.544887150297782,182012,4631,55,671,760,1671,134,7,79,56,290,189,617,665,34378,43,28497,1339,8,6122,21242,11944
"Barre, VT Micro Area",12740,3204,12177,47.005374385133905,654,25.325651302605213,4.269903443250136,23.39907086901075,43912,950,0,355,433,434,2,19,3,3,16,49,292,91,10171,0,6538,178,0,1272,4885,2186
"Bartlesville, OK Micro Area",12780,2548,7284,30.45805570269592,561,33.232038807884244,8.514315983160948,27.79558950625889,35869,1980,0,608,771,605,20,5,17,5,71,62,168,426,9940,0,2618,296,0,462,4765,2657
"Batavia, NY Micro Area",12860,6153,5712,23.613904050560183,180,36.67767882792301,7.457148329024227,32.251268792492574,41772,2425,0,530,656,453,56,4,6,2,100,106,320,207,12896,3,3527,671,1,445,4085,3234
"Batesville, AR Micro Area",12900,2358,2827,16.871032606552852,180,39.40779876197611,12.506406970784214,31.21476166068683,25363,1992,0,574,706,523,0,0,1,9,242,87,220,370,8003,0,1033,440,0,239,3817,1742
"Baton Rouge, LA Metro Area",12940,39699,106900,29.987171715747774,8366,30.846384820333533,11.439199571450724,27.72724389246796,567496,28078,69,10572,13768,10225,373,1090,532,1294,2931,2251,5975,7753,146974,65,44822,7960,59,10088,84966,32686
"Battle Creek, MI Metro Area",12980,9393,13333,22.204047805984473,669,35.12278635610224,9.085754165576201,33.58741167233708,91704,4532,5,1511,1796,1772,63,27,13,48,107,108,653,1143,27677,8,5376,1074,4,984,13522,7886
"Bay City, MI Metro Area",13020,8815,10924,21.40309788683664,483,33.70814925214244,8.170543460903817,36.718209400117104,75148,2684,30,1110,1391,907,8,4,0,0,47,9,650,1095,22647,0,3932,889,0,745,12188,6590
"Bay City, TX Micro Area",13060,1855,3721,22.769563050340587,158,28.837846818408373,17.253696627346734,31.138893503904303,24076,1447,28,474,683,239,12,14,81,156,437,134,180,655,5496,9,1485,1052,0,118,3420,2222
"Beatrice, NE Micro Area",13100,2145,2525,22.12785568503522,131,35.76930673513727,7.248666798340904,34.8541707814866,15189,671,0,190,287,278,4,5,1,4,12,25,105,109,4762,0,572,81,0,133,2043,1106
"Beaumont-Port Arthur, TX Metro Area",13140,26656,36009,19.28808822418612,1708,34.03693632449581,13.07764936928771,33.597326082030364,264780,14056,74,5148,6064,4207,356,600,359,628,2629,1630,2470,4782,76067,54,11220,5554,72,2134,44211,18092
"Beaver Dam, WI Micro Area",13180,7592,9239,19.92200851381164,325,40.261939533293976,7.5490165615387,32.267035391355684,64366,2871,8,844,1073,1182,14,0,26,101,225,80,495,323,23044,7,2732,452,29,527,8473,4704
"Beckley, WV Metro Area",13220,6336,10053,19.6532855670609,502,40.683123129018014,14.286941159150022,25.37665014477107,81508,5835,60,2265,2555,1641,12,18,150,150,337,339,1344,1943,27325,0,4511,820,11,953,9136,5212
"Bedford, IN Micro Area",13260,3448,3846,20.469023232575566,145,38.427429427929056,9.649013240069948,31.45453409942543,32024,2914,0,580,488,622,13,10,0,14,12,60,470,377,9392,21,2258,423,0,306,4183,2442
"Beeville, TX Micro Area",13300,1905,1679,11.449174226564317,76,36.924866247964644,18.432193533379856,33.19376599209119,21495,2615,10,612,661,446,21,85,28,104,236,312,494,689,5322,0,637,258,6,69,3622,1608
"Bellefontaine, OH Micro Area",13340,3678,3994,18.297264569814015,150,44.00285652187413,7.135094855155712,30.564784053156146,32207,1325,0,603,464,559,0,0,0,26,30,0,177,194,12847,0,1627,245,0,122,3724,2442
"Bellingham, WA Metro Area",13380,16648,36442,38.08601417052248,4014,21.36003552283565,6.23194094972103,34.32200935692084,155393,4872,46,1651,2043,1869,70,70,9,166,579,209,500,737,28320,29,15226,1649,57,3501,24650,12036
"Bemidji, MN Micro Area",13420,3670,5869,32.28932341235508,536,26.288285170444713,7.2053988579339,34.21699255926631,28895,1349,2,462,425,383,0,3,0,2,133,17,316,219,6247,0,2241,120,0,684,4109,2108
"Bend, OR Metro Area",13460,18867,46400,39.06463012365744,2660,21.760073563611673,6.174852578736053,33.000443733994835,187049,7775,6,1454,1770,2831,188,129,149,350,926,72,679,1430,32927,37,19312,1401,128,4698,28227,14633
"Bennington, VT Micro Area",13540,2290,5782,41.15965700285831,465,27.09083484910353,5.853966368462081,25.89554177957608,26939,879,7,391,191,263,0,1,13,0,51,13,265,257,6419,0,4020,82,43,821,2820,1866
"Big Rapids, MI Micro Area",13660,2568,3917,22.72218073188947,354,36.657953696788645,8.267363704256908,32.35250186706497,26780,1401,0,394,438,355,0,3,3,10,23,8,512,189,8416,0,1573,267,12,241,3381,2715
"Big Spring, TX Micro Area",13700,1955,2381,15.340684444053949,203,33.159073935772966,18.776083995958352,32.72415762421473,22763,1730,10,480,410,522,24,107,11,175,450,399,523,638,5818,0,723,525,0,185,3385,2109
"Billings, MT Metro Area",13740,11714,29716,33.47767003708225,1944,30.064260543105238,4.750059500502876,31.708009919309642,130251,7161,14,865,1391,1368,14,89,27,14,90,100,922,606,31998,10,9081,631,46,2864,20637,8949
"Binghamton, NY Metro Area",13780,22706,26800,29.54432827702907,2610,30.890191575512176,8.784069619870671,30.781410527588083,165470,9375,36,2590,2601,3096,0,80,59,160,392,235,1154,1788,41739,85,16968,2200,59,2509,16432,11796
"Birmingham, AL Metro Area",13820,68392,164788,33.21300040949484,12391,27.399039728422036,10.042149513864059,29.34581034821907,808313,33372,196,14097,16925,15335,318,807,468,1031,3208,2117,6389,10073,188098,136,69960,9923,149,21326,116645,52169
"Bishop, CA Micro Area",13860,1077,2759,31.819817226739584,218,27.408793264733394,7.195797654169965,33.57559185435706,13897,743,3,171,170,232,4,15,0,4,103,7,133,71,3066,0,1338,87,0,107,2375,1214
"Bismarck, ND Metro Area",13900,13256,23471,36.0761160616303,727,24.321803257100218,4.997585707387735,34.60449497388174,91124,3837,2,480,948,632,4,20,6,25,104,22,1051,610,18326,1,7108,648,1,1568,12635,5642
"Blackfoot, ID Micro Area",13940,3264,4483,20.78720787207872,157,31.973671088062233,10.80416209567501,36.43495894418404,30081,1833,31,613,362,379,73,101,90,121,368,268,140,400,7785,11,1331,293,0,282,5077,2619
"Blacksburg-Christiansburg-Radford, VA Metro Area",13980,9732,20237,35.857534052339126,4868,29.77286624542498,6.512703715847963,27.856895986387926,112841,5495,1,1434,1491,961,0,17,29,268,165,414,648,882,28101,0,13188,1004,35,2169,14771,6931
"Bloomington, IL Metro Area",14010,8599,33000,46.87393558642092,2091,22.781289028497902,4.197101010483291,26.14767437459789,105692,3353,3,643,1092,914,14,31,21,74,124,35,431,436,20725,15,11734,586,17,2717,13417,5620
"Bloomington, IN Metro Area",14020,7191,21494,44.03204245321234,4423,24.868346431175564,6.40646520294904,24.69314591266305,98744,5203,5,1261,1719,1247,0,4,0,26,61,171,727,508,19353,0,15165,597,0,2397,12104,5088
"Bloomsburg-Berwick, PA Micro Area",14100,3580,6599,24.877959760937998,674,44.83553081801177,8.191523335918609,22.09498608513162,43838,1688,0,795,675,591,0,0,1,6,40,45,442,544,17967,8,3209,438,6,424,4129,1977
"Bluefield, WV-VA Micro Area",14140,6290,8698,18.91891891891892,575,39.65990048626032,13.103584756304421,28.31759583851634,70744,5421,80,1863,1609,836,47,123,59,223,278,604,1231,1443,22636,0,3661,867,7,450,9063,4680
"Blytheville, AR Micro Area",14180,2074,2442,14.178269757395764,79,42.4653835769661,14.390403826127205,28.965942839510934,25927,2233,32,642,700,561,1,24,41,45,130,271,248,513,8777,33,1002,490,0,153,3423,2013
"Bogalusa, LA Micro Area",14220,1834,2632,12.71044314003741,30,45.429916790298655,15.913049087273432,25.946590982390504,31006,3012,30,481,1206,839,40,16,16,120,69,238,577,846,11074,0,1101,449,7,178,4406,1805
"Boise City, ID Metro Area",14260,45959,129077,36.603302318845486,7404,23.30882643359721,7.48090511898918,32.60696612856812,531687,24194,126,4822,6135,9723,473,541,324,551,3509,871,2404,3280,99736,202,47050,6814,0,11084,86171,41237
"Bonham, TX Micro Area",14300,1648,3486,20.166279969064192,223,35.56844547563805,13.232791956689868,31.032482598607892,25860,2118,4,513,544,417,0,16,0,97,133,183,420,794,7080,0,1331,301,0,175,3872,2505
"Boone, NC Micro Area",14380,2185,8049,47.66468985414329,1517,20.753325853502165,7.555698028530212,24.026286263824332,31195,1033,0,510,483,221,1,0,2,77,105,138,393,206,5441,0,4406,221,0,897,3495,1815
"Borger, TX Micro Area",14420,1212,1605,15.954033281098425,8,32.027460637265875,14.17058428475487,37.847921796880826,13401,1049,6,329,208,308,0,57,49,34,184,10,78,266,3243,0,460,370,0,65,2527,1333
"Boston-Cambridge-Newton, MA-NH Metro Area",14460,242929,956390,51.22774338842749,130069,20.77619003419905,7.697847163771822,20.298219413601633,3479921,84835,1460,28609,25982,49460,3553,6225,5946,9117,15932,9636,23686,24103,638160,1214,571007,61985,971,125219,306000,157433
"Boulder, CO Metro Area",14500,13326,75524,63.90899548172151,12256,11.020948382091188,4.47400848888686,20.59604764730044,219110,4111,111,814,1002,2383,9,231,147,232,874,135,933,694,20037,0,43882,2186,52,8369,22349,9453
"Bowling Green, KY Metro Area",14540,10270,19870,27.789044917379062,1532,31.407080327574256,12.471439940441044,28.332434814605634,116859,6884,21,2072,2295,1748,55,336,99,156,791,845,2074,1325,29818,26,8870,2715,16,2202,15143,7696
"Bozeman, MT Metro Area",14580,5387,26317,53.14217141413503,3163,18.174698414703467,2.8358491757721214,25.847280995389376,79165,1922,0,252,496,555,0,0,3,48,121,40,58,136,12466,0,9791,526,10,2799,10791,4284
"Bradford, PA Micro Area",14620,2992,3621,20.347576753619133,259,46.82145604587733,7.486537520106301,25.34442968039723,28598,1992,25,303,453,456,0,0,56,48,7,67,191,154,11398,0,1711,381,0,228,2446,1810
"Brainerd, MN Micro Area",14660,9756,13399,27.582685097095528,511,29.41266998712855,5.471766746880072,37.532878168895856,71476,2811,23,613,1072,1008,0,6,8,0,54,61,324,430,18212,0,4567,307,5,1238,10956,6115
"Branson, MO Micro Area",14700,3343,6579,25.378670788253476,427,33.23029366306028,9.2967542503864,32.09428129829985,38820,2431,0,520,627,1055,8,133,33,4,109,24,381,317,10469,35,2231,348,15,615,5571,3545
"Brattleboro, VT Micro Area",14710,2317,7673,42.35448961684703,754,28.566832407136587,5.18280198888564,23.89587598713074,34190,1237,0,354,586,365,0,0,0,0,18,5,125,177,8530,0,5122,136,6,932,4047,1806
"Breckenridge, CO Micro Area",14720,1737,9207,51.331644529645345,496,18.013145282760508,5.600438176092017,25.054772011502124,29212,759,0,62,250,287,0,22,30,198,51,45,204,289,4503,0,3923,198,0,1369,3542,2040
"Bremerton-Silverdale-Port Orchard, WA Metro Area",14740,22154,45717,36.52506821976948,2519,21.05801735022197,4.686290880951411,37.73062354905714,196424,6670,69,1109,1692,2626,75,71,41,56,457,168,516,984,34693,0,18919,1316,25,4589,34012,17946
"Brenham, TX Micro Area",14780,2114,5183,31.00223622687538,242,28.32282984346412,9.615775564139053,31.05915836552145,24595,936,0,257,336,433,0,89,5,143,156,50,117,236,6030,0,1663,498,45,537,3480,2045
"Brevard, NC Micro Area",14820,2406,6111,38.64019112521051,386,23.851486311831746,6.168487839266831,31.339834723690913,25533,1147,0,435,262,138,15,55,0,9,25,15,222,243,4943,0,2731,156,0,638,3914,1682
"Bridgeport-Stamford-Danbury, CT Metro Area",14860,38162,181451,50.53265747685345,12189,20.315756477595052,9.809705115560755,19.341880929990747,653985,16127,533,6408,6344,11239,610,1940,1400,2852,6505,1720,6097,5375,116735,279,107600,12715,137,29236,59212,29119
"Brigham City, UT-ID Micro Area",14940,3490,7302,26.67077935430804,245,32.24347110836932,7.292309274110631,33.79344026321201,38904,1515,0,284,527,611,1,107,0,0,168,23,166,443,11029,0,2501,500,7,328,6295,3362
"Brookhaven, MS Micro Area",15020,2924,2918,18.40723453908985,40,36.68528088014669,12.947991331888648,31.959493248874814,23996,1794,0,670,941,331,0,22,40,124,52,124,237,370,7009,0,1260,196,0,199,3644,1101
"Brookings, OR Micro Area",15060,1644,2802,24.18321088010005,417,27.03871606482205,9.441925902766922,39.33614715231098,19191,749,0,317,408,439,0,75,45,0,116,0,18,256,4440,0,1257,122,16,165,4193,1712
"Brookings, SD Micro Area",15100,2050,5558,43.96619600020996,654,23.064406067922942,3.2806676814865363,29.68873025038056,19051,438,0,125,130,82,8,13,0,0,17,5,100,63,3956,0,1618,82,0,546,2523,1083
"Brownsville-Harlingen, TX Metro Area",15180,19069,35367,20.558113905616562,1340,26.063289644586135,28.357932853150707,25.020663596646592,254070,12206,526,5268,6311,7422,1637,2474,1707,2572,11369,2740,4986,12467,54013,230,12773,12306,34,2752,30884,13617
"Brownwood, TX Micro Area",15220,1832,3809,19.937029124030136,222,35.526069192998236,12.256831215562801,32.28007046740882,26679,2103,0,287,495,736,3,100,37,164,263,94,177,625,7375,0,1189,289,0,99,4871,1909
"Brunswick-St. Simons, GA Metro Area",15260,7747,12781,26.164144708765686,912,31.309670418104446,12.519966346798677,30.006218526331192,82013,5313,0,1662,2369,1579,77,92,11,47,424,257,724,1366,20365,0,5857,1612,48,1908,10888,5974
"Bucyrus, OH Micro Area",15340,3260,2800,15.503928705057996,224,46.11041191877275,9.500323140242866,28.88533623592639,29399,1702,0,548,647,537,4,0,5,13,70,31,270,297,11854,0,1368,371,0,166,2846,2386
"Buffalo-Cheektowaga, NY Metro Area",15380,101705,162113,35.122666844488634,13860,27.05823871386223,7.639110324383634,30.1799841172655,824795,37816,114,8732,10423,15294,150,521,620,629,1187,1400,4957,4988,185359,217,95469,13396,379,18248,96381,50837
"Burley, ID Micro Area",15420,2762,3412,18.963527642759733,114,30.71301185439032,16.19750323460503,34.125957268244925,28597,1531,6,582,686,486,82,156,148,170,590,95,305,678,7252,0,1399,604,44,498,4228,2769
"Burlington, IA-IL Micro Area",15460,4025,4947,23.150252525252526,294,37.32954545454545,6.319444444444445,33.20075757575758,31680,1827,0,357,391,545,0,0,6,0,19,69,119,207,9999,0,1621,289,0,472,3758,2735
"Burlington, NC Metro Area",15500,13252,22130,27.708955922794647,1500,28.725532766298006,11.458200301397154,32.107311009510184,117453,6359,55,2207,2095,2016,183,342,283,531,1173,284,1136,1711,27380,0,7700,1442,0,1215,16613,7846
"Burlington-South Burlington, VT Metro Area",15540,13752,44081,49.11883620606272,4766,22.32410577834523,5.0374325343857,23.51962548120635,155079,3757,15,920,1528,1411,0,34,11,60,319,191,1270,922,30863,5,22471,1060,66,4855,15304,7418
"Butte-Silver Bow, MT Micro Area",15580,2445,4438,27.707829225279905,224,32.51855801172948,5.9918795882377065,33.7817331747529,24383,1738,0,145,230,431,0,10,0,3,1,9,234,120,6191,15,1754,263,0,340,3852,1940
"Cadillac, MI Micro Area",15620,3610,4551,20.1698944682825,225,37.35069001507596,9.648614171402064,32.83080134523947,34492,2014,0,742,831,554,0,20,6,7,22,42,375,353,10869,7,1889,369,0,292,4671,3043
"Calhoun, GA Micro Area",15660,2813,4103,17.65194622085704,252,34.58885140238683,20.514628128304548,27.244574248451585,39718,3192,9,1687,1440,721,41,797,50,69,507,302,705,861,10546,20,2066,939,0,590,5926,2082
"Cambridge, MD Micro Area",15700,1814,2521,18.804074500277032,261,40.11848442228189,13.182457486254956,27.894983591186122,23463,1019,0,547,683,599,16,20,35,0,33,204,255,256,8394,0,1370,433,12,260,3257,1474
"Cambridge, OH Micro Area",15740,2569,2732,15.349493299677047,74,41.367534058428305,14.313820112105127,28.969152529789525,26939,1314,0,635,1073,717,0,9,24,201,94,49,619,181,9830,0,1214,254,0,115,3171,2064
"Camden, AR Micro Area",15780,1534,1834,15.629757967133932,47,42.32162545282721,11.513624192786267,30.534992387252586,19047,1080,0,652,346,549,22,48,8,38,113,9,82,258,6981,0,906,68,0,190,3077,1205
"Campbellsville, KY Micro Area",15820,1871,3080,20.245398773006134,206,38.57165329557968,12.509831681610823,28.673116249803364,25428,1986,5,522,461,419,0,8,14,9,51,302,746,330,7822,0,1387,311,3,475,3848,1572
"Cañon City, CO Micro Area",15860,2941,5758,21.036744040803583,166,39.934422816696156,9.438430311231393,29.590402831268865,38428,4840,0,398,1172,734,5,12,66,286,79,76,267,375,10506,0,1853,154,3,307,5484,2946
"Canton, IL Micro Area",15900,2959,2928,17.63906616708527,76,37.66624119899535,9.103635689875242,35.59105694404414,24287,1453,0,529,581,313,4,0,6,0,20,36,197,422,7695,0,1058,101,2,222,3496,2189
"Canton-Massillon, OH Metro Area",15940,27272,44111,24.233001290029105,2033,37.753074924748304,7.4203327066800755,30.593591078542516,281389,10043,22,3336,4819,4499,85,187,34,56,247,304,2826,2411,96190,120,18755,1914,20,3290,36414,22401
"Cape Coral-Fort Myers, FL Metro Area",15980,58811,112874,30.759320033801636,8353,29.974115415578417,9.62029831441853,29.64626623620142,599971,23115,305,6841,7992,12087,683,1799,905,1065,4097,2218,4744,5826,156721,52,49326,8908,197,13994,75004,44054
"Cape Girardeau, MO-IL Metro Area",16020,3912,12379,30.37256430241621,937,34.42556508183944,8.291504286827747,26.910366328916602,64150,2770,0,1237,1362,597,9,27,31,19,57,61,543,775,19314,0,5108,595,6,1060,8943,4408
"Carbondale, IL Micro Area",16060,2811,5798,35.05219469249151,1219,22.890202490252797,7.92667588982518,34.13092692743051,31804,1505,0,475,581,396,9,6,4,92,50,71,313,252,5775,8,3288,263,1,843,5558,2486
"Carlsbad-Artesia, NM Micro Area",16100,3950,4972,19.82151362462711,314,27.289363515579957,15.692762778571609,37.19636008122133,39891,2203,0,976,609,930,73,123,162,142,740,130,419,1155,8683,42,2378,743,16,243,6680,4208
"Carroll, IA Micro Area",16140,1928,2504,23.396683037938644,137,38.59349419887537,4.9825610363726955,33.02726172681329,14049,354,0,120,121,135,0,3,0,1,19,39,208,37,5068,0,452,17,0,194,1535,1177
"Carson City, NV Metro Area",16180,4461,6595,24.50615380967061,348,27.278332424292728,10.906115867106168,37.3093978989305,42169,2223,13,741,809,1148,57,70,16,30,184,194,204,514,9280,26,2814,573,20,577,6765,4507
"Casper, WY Metro Area",16220,6754,9214,27.37014299893394,454,28.28180715362276,6.247472705216336,38.10057714222696,54406,3216,13,753,725,764,0,71,0,5,74,94,155,309,12171,0,4396,436,0,827,9037,4938
"Cedar City, UT Micro Area",16260,4099,6967,30.30623330103644,476,24.968437123814557,6.832261663583782,37.893067911565225,34059,1322,0,330,280,815,0,18,0,108,63,141,117,168,7182,0,2394,287,0,485,6034,2773
"Cedar Rapids, IA Metro Area",16300,26286,42034,32.77898212467891,1648,27.796150661160073,4.844639249753416,34.5802279644076,189591,7287,41,1491,2525,1741,13,0,31,60,99,155,787,954,45412,24,15167,1216,48,3297,24821,14454
"Cedartown, GA Micro Area",16340,2183,2550,14.469353106267974,230,40.407470288624786,17.875333495027892,27.247843110079344,28861,2401,147,898,854,639,142,60,37,84,234,180,473,843,9261,0,963,568,0,433,3857,1824
"Celina, OH Micro Area",16380,3477,3960,22.156245528687936,106,43.46830734010588,5.336958076978108,29.038489054228073,27956,815,1,440,226,379,16,0,6,0,22,0,63,206,11337,3,1750,130,0,378,2790,1851
"Centralia, IL Micro Area",16460,3057,3056,17.28968346103243,139,36.11175605603281,9.65869514743441,36.93986533550035,25842,1760,0,670,594,322,1,27,5,11,47,42,258,315,7572,0,1075,200,4,198,4048,2441
"Centralia, WA Micro Area",16500,6900,7997,20.150599392259657,284,31.565766186930244,9.635355795238254,38.64827862557184,59894,3512,0,892,1159,1153,80,187,114,35,232,54,526,590,15394,11,3237,715,23,551,10206,6042
"Chambersburg, PA Metro Area",16540,8840,15824,23.952404650952356,1337,43.32534045152242,9.335384336967833,23.38687056055739,110515,5390,20,2071,2512,1289,11,0,10,86,167,251,1245,1487,42491,5,8018,1142,21,1292,9987,7019
"Champaign-Urbana, IL Metro Area",16580,12752,28948,43.545382704899524,8280,24.156835628810114,4.999717769248138,27.298063897042223,141728,5050,15,1116,1569,1505,14,56,24,13,480,191,406,509,29187,11,20890,1159,18,3598,16309,9628
"Charleston, WV Metro Area",16620,11726,23636,26.868378416220505,1804,37.86895848196129,10.105145249794976,25.157517852023233,149983,8966,12,3405,2865,2247,18,87,46,95,293,533,2022,2150,47831,37,10715,1346,0,4143,16667,9339
"Charleston-Mattoon, IL Micro Area",16660,3637,5034,27.14431866935085,423,30.71845813669516,8.504669812877463,33.63255338107653,30301,1616,0,555,927,236,30,18,0,0,0,42,292,118,7692,0,2401,359,0,367,4236,2318
"Charleston-North Charleston, SC Metro Area",16700,52902,142278,39.95005563976973,9012,22.86785773743286,8.073812507119262,29.108274115678146,570635,21670,50,8220,7050,9815,534,612,280,722,2018,1661,2491,5720,108822,77,60806,6780,42,15873,78518,34682
"Charlotte-Concord-Gastonia, NC-SC Metro Area",16740,175315,469692,38.995287026064744,19945,22.58369451704192,9.571774101910622,28.849244354982712,1848090,66669,425,27138,25964,27598,1743,2825,2235,4986,15569,5986,12299,21705,350698,387,192318,27657,378,38713,248654,109191
"Charlottesville, VA Metro Area",16820,10024,40896,52.244652790472955,7962,18.916324984983415,6.8266694523517275,22.0123527721919,153164,4544,11,1606,1787,2081,0,91,160,124,567,682,668,1111,24429,33,24918,1533,2,6244,15374,8317
"Chattanooga, TN-GA Metro Area",16860,34448,79058,31.33588023743451,5359,27.272863027165595,10.544929628293035,30.84632710710686,401795,21490,16,7467,7775,6366,196,748,383,687,1719,1789,3961,5388,88091,0,33576,5783,91,7913,60968,28523
"Cheyenne, WY Metro Area",16940,9492,13646,32.04091997388087,555,24.199376042951464,5.5241964739171445,38.235507509250525,68915,3518,1,498,926,799,34,73,47,33,236,145,252,289,13159,17,6523,450,7,1357,10709,6149
"Chicago-Naperville-Elgin, IL-IN Metro Area",16980,468007,1571320,40.88939774297059,105309,23.151780358645983,10.316422050729505,25.642399847653923,6448476,200415,2509,64558,77685,131451,6361,13675,9551,13810,81399,14453,63490,50078,1292522,2009,777831,132448,1775,182283,798179,387358
"Chico, CA Metro Area",17020,14745,28185,31.720564273446563,2193,22.25753416614066,9.672944526811797,36.34895703360099,136246,4969,61,1683,2194,3186,37,384,197,152,769,162,675,1074,25356,62,9610,2511,32,3230,23277,11502
"Chillicothe, OH Micro Area",17060,4036,6020,17.10579280565009,254,45.04336370622462,11.093424086068723,26.757419402056577,54654,3189,20,1110,1544,1069,14,10,0,120,119,208,463,743,21429,6,2549,637,0,526,6484,4104
"Cincinnati, OH-KY-IN Metro Area",17140,130521,345663,36.878839187273584,24540,28.836037171208062,7.729891846485011,26.55523179503334,1523760,61289,195,20298,23112,24956,279,1318,795,1690,3386,3229,9828,12917,378103,291,158043,15157,334,33699,179189,94928
"Clarksburg, WV Micro Area",17220,4731,9219,23.101932127817687,419,39.29279167698787,12.224424077285112,25.380852117909335,64592,4276,3,2036,2106,787,2,3,0,67,32,203,717,1329,21104,14,4233,586,11,1051,7818,3845
"Clarksdale, MS Micro Area",17260,1648,1477,18.973146170277694,73,26.869087580103752,18.02715898687824,36.13060726274031,13108,962,7,524,309,247,1,33,16,32,218,122,290,266,2560,0,771,298,0,166,2264,824
"Clarksville, TN-KY Metro Area",17300,22869,35608,28.009914667241432,2195,29.488787216741287,7.727464216084883,34.7738338999324,204142,9489,12,2316,3111,2876,49,70,37,189,376,409,2544,1512,50710,75,16680,2155,44,2697,32393,15726
"Clearlake, CA Micro Area",17340,5866,5743,17.743946050883824,288,28.838254827832838,12.91509144783897,40.50270767344436,48935,2522,44,494,1394,1646,94,339,0,188,299,106,509,453,11590,0,1843,717,37,809,9717,4237
"Cleveland, MS Micro Area",17380,2203,3087,26.551357912304656,274,24.87735801345269,16.76022859454812,31.811055479694534,19773,1124,6,589,573,384,0,95,0,30,252,284,415,456,3795,0,1356,216,14,533,2889,1198
"Cleveland, OH Metro Area",17410,135222,308055,33.44230804151632,21533,29.03820362294967,8.328750385875528,29.190737949658484,1541948,56387,148,21046,28633,27119,415,1027,1011,1208,2478,2202,13499,11943,391367,212,147649,17212,272,38426,200890,113994
"Cleveland, TN Metro Area",17420,8791,12543,23.17024864473342,1099,31.893751626885773,12.0010412068946,32.93495852148621,88359,6787,0,1761,1814,1667,27,159,99,194,410,428,1598,1503,21394,1,5642,933,10,1189,13258,7052
"Clewiston, FL Micro Area",17500,3204,3107,11.259776536312849,116,34.96648044692737,29.72905027932961,24.044692737430168,35800,1907,84,1171,1417,956,84,449,54,294,1702,444,733,1686,10611,82,596,1487,0,212,3408,1996
"Clinton, IA Micro Area",17540,4158,5035,22.09948180097434,321,36.205666056412326,7.335464051881963,34.35938809073137,32227,1771,0,444,610,415,0,18,10,0,29,12,199,380,9897,20,1353,227,0,413,3992,2923
"Clovis, NM Micro Area",17580,3685,5138,21.30658184487399,360,27.372155615365795,16.82162955713237,34.499632982627844,40870,1987,0,842,1141,1061,20,126,182,217,795,212,431,830,9200,3,2926,1015,0,284,7218,3197
"Coamo, PR Micro Area",17620,3748,7890,24.89013580951908,504,38.26998038582814,17.719790451125952,19.120093353526826,40277,591,70,571,580,231,101,450,637,374,978,635,659,1066,14823,0,1537,772,13,94,3605,348
"Coco, PR Micro Area",17640,1688,2853,19.345027969369465,61,40.24330635963722,21.20241133981426,19.209254331179057,18413,224,74,278,375,116,184,264,248,91,407,389,321,745,7186,19,608,393,0,40,1732,117
"Cody, WY Micro Area",17650,3245,4903,34.95593595718175,461,23.85456558852028,4.1895445946569465,36.999953859641025,21673,792,0,176,196,295,0,0,0,0,57,0,98,78,4378,0,1711,3,5,501,3318,1456
"Coeur d'Alene, ID Metro Area",17660,14268,23688,28.759579311892775,1507,26.572770705742776,5.634559271491327,39.03309071087312,124748,6820,0,1322,1652,1675,36,9,79,0,76,165,559,405,26329,19,8445,1003,29,2237,23806,10619
"Coldwater, MI Micro Area",17740,2992,3708,16.896051571313457,132,38.994359387590656,11.352135374697825,32.75745366639807,31025,1975,0,457,570,509,0,0,4,28,54,134,1022,177,10123,14,1195,537,16,207,4301,2870
"College Station-Bryan, TX Metro Area",17780,10285,33510,39.0511045518921,7542,23.789890272795862,11.658349988749322,25.50065518656272,151102,6729,244,2141,2497,2755,182,218,204,279,1834,370,1246,2251,29218,24,15405,3319,52,2550,19037,9210
"Colorado Springs, CO Metro Area",17820,55702,126042,40.994632948599175,8828,19.7358154382236,4.8536555012770695,34.41589611190016,506237,19580,29,2942,4137,6359,87,246,277,306,1368,422,1042,1986,80330,0,63603,5338,32,9057,80294,38230
"Columbia, MO Metro Area",17860,9598,35027,47.479767903496715,5468,22.613376087952357,6.008550923805161,23.898305084745765,130980,4883,62,1459,1497,1148,1,67,18,66,244,231,975,664,24736,3,17077,1427,8,4617,13841,7863
"Columbia, SC Metro Area",17900,53625,116586,35.04178253081227,10169,25.276689830565992,8.894615866824546,30.786911771797193,559923,21954,179,8432,10011,10345,215,377,309,827,2283,1702,3558,5819,119576,66,57056,5613,67,12396,83007,35751
"Columbus, GA-AL Metro Area",17980,21769,34819,26.875261202426714,2628,28.064736868693828,11.740446305966207,33.31955562291325,217743,10996,6,4488,4609,5020,239,135,329,408,854,1196,1775,2884,50113,10,17408,3535,76,3664,35735,15047
"Columbus, IN Metro Area",18020,4537,11362,35.3804978142564,419,31.37835667766973,7.854402712106342,25.386742795967525,56045,3398,0,682,856,1069,0,0,0,20,109,193,130,565,14188,0,6957,778,0,1091,6458,3233
"Columbus, MS Micro Area",18060,4055,7051,24.26782845952428,351,33.46535524897133,13.138380971241226,29.12843532026316,45447,2769,0,988,1650,692,19,0,31,95,88,242,661,737,12440,4,2959,764,0,668,6707,2476
"Columbus, NE Micro Area",18100,3805,4572,21.82886776145203,88,30.938634399308558,13.16162489196197,34.070872947277444,28925,1050,4,245,416,546,0,224,131,133,434,293,244,548,7899,0,1373,589,0,281,3712,2338
"Columbus, OH Metro Area",18140,109319,355537,39.41666655209346,24859,26.724406980533093,7.909744726309813,25.949181741063633,1454674,45687,248,19153,23227,22052,1248,553,648,1515,3919,2243,7718,11057,343066,325,156566,20738,417,36422,180173,87984
"Concord, NH Micro Area",18180,12167,24877,38.07981296068248,1949,28.20581463832521,6.284913708482804,27.429458692509506,112062,5338,0,1493,1434,1293,16,67,60,19,144,136,935,920,26270,13,12835,480,33,3012,11568,7003
"Connersville, IN Micro Area",18220,1391,2021,16.440875375467417,39,42.30981425856679,14.123705020535768,27.125605345430024,16313,2022,3,410,477,295,0,0,0,44,77,8,337,312,4880,0,559,341,0,63,1861,1173
"Cookeville, TN Micro Area",18260,6050,13822,22.06652832282057,1304,37.70109510796984,14.065870847116352,26.166505722093238,97342,6465,28,1884,2533,1891,15,194,193,66,512,684,2842,1669,30234,0,5087,1155,26,1267,12467,6954
"Coos Bay-North Bend, OR Micro Area",18300,5485,6445,21.6918897943345,427,30.54755631803607,8.980250393154014,38.78030349447542,48963,3077,0,916,1251,902,0,25,0,17,145,30,325,307,11880,40,3081,434,5,668,8579,4924
"Corbin, KY Micro Area",18340,6486,8650,16.679463705628727,880,38.96107731380308,19.67790837320103,24.681550607367157,101586,8859,32,3553,3047,1736,25,189,244,296,469,960,4922,2902,30720,0,6004,1615,0,1410,12910,5677
"Cordele, GA Micro Area",18380,1342,1291,15.514870830016644,138,37.158984007525866,15.811563788986177,31.514581373471305,13819,628,0,490,687,327,0,0,12,0,203,54,124,91,4507,0,443,197,0,272,2008,1005
"Corinth, MS Micro Area",18420,2106,2822,18.435614728520907,104,34.944872061576866,16.57582691907635,30.043686290825878,24035,2193,0,1030,655,427,0,91,9,107,180,221,617,400,6206,0,1179,247,0,326,3719,1396
"Cornelia, GA Micro Area",18460,1989,4628,24.24563591022444,362,32.6215710723192,17.674563591022444,25.458229426433913,32080,2666,0,912,655,584,9,128,133,54,528,422,537,979,7799,0,2202,729,0,586,4218,1960
"Corning, NY Micro Area",18500,9458,8704,26.021209740769834,1365,34.93262432775394,8.2074445585836,30.838721372892625,66196,4279,20,1003,1088,1065,47,0,37,2,69,100,713,463,18845,0,6159,821,5,997,6521,4435
"Corpus Christi, TX Metro Area",18580,26183,44872,22.955575581142153,2765,30.271316920541224,14.549072551062453,32.22403494725417,298507,16703,173,5253,7359,5843,411,1035,695,978,3419,1910,3243,6470,73659,11,17368,6541,89,3519,48636,21372
"Corsicana, TX Micro Area",18620,3052,4059,17.07195593577874,267,29.05777569436306,20.64924411109809,33.22102425876011,34132,1961,27,995,854,826,78,98,61,67,985,399,464,928,7957,0,1271,1246,20,230,6071,2216
"Cortland, NY Micro Area",18660,3731,4328,28.33230642842473,532,31.73820770863285,9.088108441158349,30.841377421784077,29214,1954,9,290,603,534,0,40,0,87,56,63,284,251,7318,0,2944,435,3,473,3222,2057
"Corvallis, OR Metro Area",18700,5082,17133,54.356895333580056,4384,14.041314806715338,3.986811560071325,27.61497829963328,59446,1440,0,244,511,428,20,102,10,30,116,57,177,396,6907,0,8915,279,0,1881,7905,3429
"Coshocton, OH Micro Area",18740,2495,2827,16.747890169975037,121,41.54681247276041,14.968897341416062,26.73640001584849,25239,1282,3,505,463,630,0,8,9,0,49,24,1332,367,9204,5,1189,373,10,90,2788,1465
"Crawfordsville, IN Micro Area",18820,2130,3259,19.53810623556582,288,41.08160123171671,11.058506543494996,28.32178598922248,25980,1373,0,554,620,522,2,0,9,24,96,43,197,519,9300,0,1458,269,18,71,3317,1911
"Crescent City, CA Micro Area",18860,2001,2540,20.974160076562736,202,25.577998287412484,14.456253462952704,38.99158817307208,19853,963,0,343,521,744,37,71,3,1,255,3,212,424,4115,0,1063,256,0,359,3839,1901
"Crestview-Fort Walton Beach-Destin, FL Metro Area",18880,23516,44534,34.22375071547066,2326,25.22240223517884,7.153251389710805,33.40059565963969,206158,9743,70,2678,2732,2731,53,370,293,107,462,526,1236,1260,42255,155,19824,2015,59,3871,28473,16869
"Crossville, TN Micro Area",18900,3927,5251,18.4953560371517,503,39.80598555211558,10.352941176470589,31.34571723426213,48450,4230,0,749,1017,871,21,65,106,123,164,199,865,595,15056,0,2693,237,4,514,7471,3789
"Cullman, AL Micro Area",18980,7371,7754,19.08653846153846,248,30.982371794871792,15.004807692307692,34.92628205128205,62400,3867,0,2449,1959,1043,33,163,142,11,248,654,814,1164,15466,0,3441,635,48,467,9543,4880
"Cumberland, MD-WV Micro Area",19060,6653,8000,21.612166849485636,572,41.703477513266726,9.237793127983162,27.446562509264478,67462,4404,0,1806,1094,1095,4,0,27,25,152,205,487,973,23730,7,5368,327,30,640,7644,4219
"Dallas-Fort Worth-Arlington, TX Metro Area",19100,378482,1253820,38.48687265443462,65351,21.712259064794548,12.680203452594041,27.120664828176793,5114705,171845,2538,65220,66075,97697,8095,17906,11221,18473,78075,20043,44158,89369,938673,2128,545064,125744,1813,104255,691813,316847
"Dalton, GA Metro Area",19140,6376,9753,17.718999163498907,570,32.166114293580115,23.67192215245497,26.442964390466006,94441,6979,41,3128,2818,2558,257,520,744,841,2290,979,2088,2628,23399,42,4545,3408,14,1866,12068,6529
"Danville, IL Micro Area",19180,6177,4839,16.2329393975568,163,41.47865186423142,9.265449046993753,33.02295969121802,50262,4093,0,1215,1198,567,0,0,18,7,103,60,564,510,16755,0,2721,415,0,436,5904,4517
"Danville, KY Micro Area",19220,2836,4821,21.928377587399563,191,39.277922630766774,12.259883999361465,26.533815782472196,37586,3242,0,1058,860,522,0,30,10,72,53,166,646,660,11521,0,2660,531,0,570,4614,2523
"Danville, VA Micro Area",19260,7197,8045,16.55245906061996,278,39.11025979982195,14.533142687565759,29.80413845199234,74134,5390,101,2793,2002,1183,43,169,18,111,532,416,1257,1324,23604,0,3411,822,3,537,9813,5085
"Daphne-Fairhope-Foley, AL Metro Area",19300,17132,35348,32.79763704444496,2382,27.542037816591858,8.268600134893132,31.391725004070054,171988,8612,0,3106,2343,3650,113,0,64,14,860,199,750,1582,38757,115,14835,1422,3,3843,24032,12826
"Davenport-Moline-Rock Island, IA-IL Metro Area",19340,29149,48830,29.37925477123537,2840,29.267884768156545,7.62257352130664,33.73028693930144,263087,12924,32,2964,4618,3378,167,118,131,124,1317,341,1781,2110,64076,48,21604,2886,39,4019,37497,22094
"Dayton-Kettering-Beavercreek, OH Metro Area",19430,56277,103153,31.96379653005318,7619,28.07559399115504,7.3318293316144745,32.62878014717731,558510,20457,98,7345,8359,9074,47,152,183,332,1101,780,3569,4724,136348,22,58167,4972,191,9582,80812,45146
"Decatur, AL Metro Area",19460,8905,15410,21.59800134595706,777,33.541987407004505,15.028624634701723,29.831386612336715,108473,6628,0,2771,3057,2216,144,213,131,304,488,426,1994,1797,29756,18,6075,2699,44,1166,15432,8022
"Decatur, IL Metro Area",19500,6226,11341,24.12657118215109,574,37.54011904930225,6.950669475589237,31.382640292957426,70727,3938,6,934,1136,1077,1,35,16,34,90,120,324,506,22613,12,4554,624,1,595,10093,5877
"Decatur, IN Micro Area",19540,2341,2357,15.231818814684178,103,45.65832830556458,13.031976609272752,26.07787627047849,21547,1285,0,120,204,318,42,12,15,0,40,8,1574,161,8553,0,728,314,0,94,2233,1045
"Defiance, OH Micro Area",19580,3020,3442,20.116972389958605,30,39.360449660096464,7.682959249553758,32.83961870039118,26331,1146,0,285,421,441,38,0,26,20,57,10,213,331,9218,19,1575,162,0,250,3304,2323
"Del Rio, TX Micro Area",19620,2278,3729,21.332229466349308,182,29.794059815792195,24.93014591741695,23.943564800441546,28989,2365,0,636,1060,764,87,230,73,219,830,287,458,571,6272,0,1740,2012,0,533,2870,1793
"Deltona-Daytona Beach-Ormond Beach, FL Metro Area",19660,60348,94056,27.778024485887116,5862,30.549822273623324,7.850852719763829,33.821300520725735,517931,26491,69,6491,7579,7673,43,224,290,573,1386,1274,3316,4615,131736,43,35099,6773,313,8854,65376,49447
"Deming, NM Micro Area",19700,880,1672,14.726550565230676,13,35.062633669416435,24.094103269172013,26.11671249618087,16365,981,5,339,394,286,101,253,102,100,604,122,389,860,4757,0,565,388,0,160,2470,924
"Denver-Aurora-Centennial, CO Metro Area",19740,154303,636282,48.37939266624831,40376,18.361709158190738,7.696611184699814,25.56228699086114,2100262,73886,409,16042,22997,31686,1162,2719,1619,2796,15035,3756,9818,18396,311758,527,279049,34476,211,60387,265184,117388
"DeRidder, LA Micro Area",19760,2209,2910,17.83293867886013,38,40.70792847227892,12.766391769412918,28.692741079448027,24494,1970,0,442,869,313,0,21,5,5,67,382,351,413,8001,0,1308,259,0,112,2942,1877
"Des Moines-West Des Moines, IA Metro Area",19780,50019,127163,39.096404312332524,7226,24.956066554496168,6.531646621383021,29.41588251178829,481410,18071,161,3909,4483,5263,194,582,708,719,1750,1027,2535,3071,102070,33,43549,6942,67,10276,59587,32005
"Detroit Lakes, MN Micro Area",19810,3454,4594,27.537655533726262,145,28.89652914210871,6.6838572364112645,36.881958087753766,24432,951,0,205,263,500,11,0,1,0,30,57,243,108,6109,4,1612,207,4,377,3565,1992
"Detroit-Warren-Dearborn, MI Metro Area",19820,281108,624435,34.05581464644386,34692,25.992697100207728,8.79536786005302,31.156120393295396,3060702,111810,536,41169,54332,58963,941,1891,2225,5063,9071,5078,15944,24640,683749,594,316393,48293,460,66827,449974,222514
"Dickinson, ND Micro Area",19860,2913,4999,26.56356698132155,219,30.560353484635467,8.539867443261699,34.33621209078128,24895,1153,8,306,284,525,0,0,9,0,29,54,594,120,6455,0,1155,195,2,240,4229,1406
"Dixon, IL Micro Area",19940,2324,3089,19.35342071611253,186,37.24824168797954,9.514865728900256,33.88347186700768,25024,1900,0,550,669,298,45,0,5,18,29,16,182,291,7421,7,1170,263,8,398,3988,2167
"Dodge City, KS Micro Area",19980,1881,2862,20.71382412884625,69,27.966396580006958,23.045185663866384,28.27459362728041,20117,869,42,375,238,566,137,188,150,40,695,172,282,634,4757,0,1024,1114,3,212,2187,1620
"Dothan, AL Metro Area",20020,10421,14279,20.9491340258615,612,33.06429587214285,13.967658997372412,32.018911104623236,106181,6418,17,2653,2663,2669,41,218,82,118,637,550,1484,2132,28690,89,6025,1472,6,1328,16265,7312
"Douglas, GA Micro Area",20060,2820,2725,12.917933130699089,225,38.788870703764324,21.638999298573765,26.654196866962828,34216,2932,20,1324,1202,826,260,101,113,127,600,180,654,1112,10340,0,1067,885,0,403,4894,1406
"Dover, DE Metro Area",20100,11010,20394,26.73821258287714,1209,33.650126021415616,9.804787208424973,29.806874187282272,124582,6553,0,2023,2109,2905,85,41,58,149,220,234,1860,887,35369,27,10270,1546,71,1438,16779,9345
"Dublin, GA Micro Area",20140,3340,3413,16.335722106101326,253,40.718622474370456,15.733552304170399,27.212103115357817,40188,2716,4,1432,1592,875,36,46,12,54,323,130,235,1108,13648,0,2437,473,3,462,5081,2515
"DuBois, PA Micro Area",20180,6089,7882,20.057063279100575,325,46.479399476919944,9.566590808736116,23.89694643524337,58882,3353,0,1189,1145,884,13,3,3,42,35,151,700,663,24015,3,2989,655,147,614,4868,3114
"Dubuque, IA Metro Area",20220,7227,14411,32.86459037574556,725,32.52505220774928,5.9253917459172785,28.684965670587882,66561,2373,0,816,850,662,87,18,27,6,107,87,421,325,19276,0,5741,538,0,998,7915,3951
"Duluth, MN-WI Metro Area",20260,26931,39451,30.80476550217449,2762,26.668640382220225,5.265736978581783,37.2608571370235,195908,7543,24,1848,2369,2257,8,2,13,126,99,262,927,831,44703,33,14635,1421,96,3501,31466,14600
"Dumas, TX Micro Area",20300,910,1132,12.045599489795919,32,34.94100765306122,29.807079081632654,23.206313775510203,12544,353,10,369,239,399,95,97,102,67,964,133,381,237,4030,0,333,646,0,14,1235,766
"Duncan, OK Micro Area",20340,1598,3893,19.490428955313007,150,40.769001094781544,11.694257373187805,28.046312576717646,30143,1721,5,564,946,594,67,92,19,26,174,75,249,361,10568,6,1690,332,15,142,4284,2572
"Durango, CO Micro Area",20420,3387,12097,47.259687171076784,955,21.01192078917093,3.5958191564878956,28.13257288326439,40853,1355,0,344,403,262,0,20,21,5,88,18,138,65,7229,0,5069,105,0,1186,6005,2101
"Durant, OK Micro Area",20460,1803,5226,24.38776482546136,274,34.34551980433885,12.355874598989931,28.910840771209863,31483,1890,3,679,907,431,18,33,47,77,177,198,388,626,8923,0,1945,306,0,233,4522,2777
"Durham-Chapel Hill, NC Metro Area",20500,30721,107279,52.336921169871985,22990,16.96780765596043,8.87124289694277,21.824028277224805,407395,10945,205,5343,4406,4474,930,1177,365,1300,3384,908,3325,3969,58181,83,63329,6238,34,19620,42181,16008
"Dyersburg, TN Micro Area",20540,1865,3337,21.64277442798387,321,40.63410933194905,10.841352873058339,26.881763367008745,25043,2748,0,521,713,258,0,14,73,14,33,170,339,359,7428,0,1293,198,23,469,3001,1866
"Eagle Pass, TX Metro Area",20580,2198,3794,15.327175673244167,45,28.354225394350145,32.27373598032748,24.044862952078212,33346,2328,146,767,1017,1405,173,401,117,254,1713,510,797,1681,7127,6,845,1755,20,427,3710,2110
"Easton, MD Micro Area",20660,2112,6614,41.3258505787443,658,23.535601543318137,8.032269379165205,27.10627849877236,28510,759,0,366,385,523,0,25,11,18,80,33,271,316,5951,0,3199,253,9,1311,3535,2081
"East Stroudsburg, PA Micro Area",20700,10025,20846,27.879709043534906,1141,35.46428601254353,9.684073390511346,26.971931553410222,119743,5978,0,1603,2005,3773,18,0,154,76,292,279,932,981,36488,31,10163,1432,20,1234,13840,8432
"Eau Claire, WI Metro Area",20740,17405,24425,30.923705181002703,1522,29.277284225612338,5.030778661279322,34.76823193210564,115827,3588,0,652,1220,1426,0,81,0,77,79,28,950,479,30323,19,7903,807,9,1968,15167,7699
"Edwards, CO Micro Area",20780,4280,13541,50.26926834155749,483,17.726623750720137,6.833153821105628,25.17095408661674,39923,955,177,363,134,663,0,0,0,0,616,89,279,140,6122,0,4735,267,0,1310,3629,2140
"Effingham, IL Micro Area",20820,4720,5154,24.269931515699703,142,33.26980230003876,6.673988887453159,35.78627729680837,30956,1257,32,440,344,227,5,0,9,33,260,26,327,217,9042,0,1641,146,0,576,3913,2445
"El Campo, TX Micro Area",20900,3036,3900,19.225469577199217,77,31.343824787874393,16.056276742330844,33.374428892595546,27578,1459,111,441,467,583,85,151,39,224,598,115,312,785,7185,9,1081,508,0,244,3932,2236
"El Centro, CA Metro Area",20940,8600,12731,16.100269483279376,427,25.885768027346224,28.152863938073104,29.861098551301296,110582,4588,179,2950,3657,3188,502,1200,543,563,4405,733,2455,5734,24037,103,3439,4920,0,1207,18373,6048
"El Dorado, AR Micro Area",20980,2025,3278,18.91933145081279,67,40.09005571243227,12.043043577806609,28.94756925894833,26206,1526,0,766,667,611,0,0,0,33,82,145,260,387,8980,0,1326,175,30,287,4084,1477
"Elizabeth City, NC Micro Area",21020,2970,4978,26.855489677834132,261,28.352025144653187,10.000714336738339,34.79177084077434,27998,1827,0,470,612,348,1,35,0,0,70,61,241,515,6111,0,1789,447,0,491,4912,1859
"Elizabethtown, KY Metro Area",21060,8920,11977,23.336435277349132,381,31.3795012545204,8.375248842660762,36.90881462546971,84893,4991,11,1760,1043,1062,12,105,27,93,188,325,661,1068,21648,0,6368,743,12,1085,13641,8772
"Elk City, OK Micro Area",21120,1265,1299,13.2888389612106,81,41.96788475517082,15.687570210797594,29.055706072820985,15133,1542,0,524,536,214,0,19,0,50,35,97,276,446,4809,0,576,170,7,55,1870,1262
"Elkhart-Goshen, IN Metro Area",21140,8859,16723,19.731802230903906,863,36.91159718346471,17.79906574209283,25.55753484353856,130799,8323,253,2598,3065,2994,23,84,113,182,993,120,7531,2592,39957,25,6708,2701,7,1515,15462,9108
"Elkins, WV Micro Area",21180,966,2675,18.96196824152127,139,49.18153303273868,12.227994510880219,19.62850421485983,20404,1693,0,569,561,238,3,57,0,41,39,184,320,312,8342,0,930,171,0,125,1996,1043
"Elko, NV Micro Area",21220,3858,3995,17.55600476282779,304,32.990889707307616,12.530113809431507,36.92299172043308,36113,1921,0,619,660,986,4,0,100,63,511,47,191,245,9993,0,1703,1091,8,338,5628,3848
"Ellensburg, WA Micro Area",21260,2528,6588,35.254133078289385,521,27.15193332422462,6.940838912419729,30.653094685066268,29276,1521,8,315,479,538,9,13,18,0,88,16,55,329,6428,0,2639,148,16,573,4170,2276
"Elmira, NY Metro Area",21300,7936,8778,26.88530760281941,573,32.94155888592349,9.11517142270581,31.05796208855129,58452,3742,0,1172,1036,1270,15,9,20,92,101,67,457,496,15513,0,5618,591,2,746,6189,4029
"El Paso, TX Metro Area",21340,50279,93069,25.309089440950473,4736,24.8937892154074,19.435793630839758,30.361327712802368,544907,34299,608,7431,7896,15460,1767,3988,2429,3545,18861,3027,8099,12333,101349,184,33461,20127,152,6645,80492,34670
"Emporia, KS Micro Area",21380,1606,3428,27.851247420746578,272,33.29581691990246,10.52804351903958,28.324892140311388,21324,1032,34,241,407,141,5,147,49,124,171,59,275,217,6068,7,1987,368,0,252,2647,1787
"Enid, OK Metro Area",21420,3332,6251,22.301160977300295,180,36.76510631977622,12.47617397331485,28.457558729608635,40397,2369,3,677,1064,1238,16,108,14,74,165,91,319,554,12483,0,2178,717,0,400,5637,2527
"Enterprise, AL Micro Area",21460,4721,4497,21.528831562974204,366,29.080858443529156,13.97680468241925,35.413505311077394,36904,1932,24,1047,1191,674,8,57,10,116,264,250,351,568,8800,0,2525,596,2,557,5563,2785
"Erie, PA Metro Area",21500,18630,34597,29.627087009455565,2489,37.51870464626095,7.418034765166183,25.4361735791173,186451,8641,1,2625,3010,2629,134,17,151,92,300,545,756,1526,61313,0,15198,2030,15,2956,17883,10913
"Escanaba, MI Micro Area",21540,4017,3905,20.01762049851327,105,35.11618516207188,7.565801549135494,37.30039279027936,27241,954,0,431,390,608,0,1,5,9,16,50,134,246,8612,11,1225,160,0,218,3824,2320
"Española, NM Micro Area",21580,2305,3019,18.82830168359838,236,33.47453063861866,13.612377499371792,34.084790178411176,27857,1343,0,620,947,309,30,13,92,56,252,150,547,535,7982,0,1910,241,0,80,5638,1552
"Eufaula, AL-GA Micro Area",21640,1659,1259,11.258657501432069,100,38.556475550695204,21.824714888298704,28.360152059574023,19203,1519,33,1058,780,639,49,92,21,43,125,167,458,403,5885,0,610,239,84,193,2611,1176
"Eugene-Springfield, OR Metro Area",21660,26542,52544,33.43287608613383,5566,22.811901666248264,6.857209230872992,36.89801301674491,266887,12053,49,2866,3802,4539,196,46,103,227,1101,411,1052,1471,48829,0,24968,2370,68,6150,47777,24157
"Eureka-Arcata, CA Micro Area",21700,9089,19521,32.085138242686774,1371,23.23760628910637,8.481736991282956,36.1955184769239,93495,2998,0,1097,1776,2043,43,254,32,83,453,28,475,634,18728,0,6898,998,14,2208,16714,8038
"Evanston, WY-UT Micro Area",21740,1860,2330,21.655880979384882,105,34.25845620121422,5.297217959837214,38.78844485956368,14989,1008,0,116,175,100,3,4,22,2,50,40,113,61,4127,0,668,108,0,143,2427,1527
"Evansville, IN Metro Area",21780,21219,34757,28.932854296562425,1418,31.925760041244423,7.454606969662795,31.686778692530353,186207,9500,0,2572,3144,3084,2,22,60,116,455,196,1225,1557,49948,4,14736,1425,19,2964,25261,12523
"Fairbanks-College, AK Metro Area",21820,6200,12151,33.70856274609113,1367,25.562435669122813,5.11869557403565,35.610306010750406,61207,3055,8,361,799,721,0,70,33,99,24,112,232,230,12591,0,6173,444,0,941,10658,4938
"Fairmont, MN Micro Area",21860,1940,2182,23.78920418177939,164,34.0871915226513,5.32679041319963,36.796813882369676,14061,552,12,75,195,187,0,6,0,0,93,9,72,23,4241,8,750,51,18,249,1921,1313
"Fairmont, WV Micro Area",21900,3519,6327,25.839272802396447,406,38.52391281892367,7.7703749612643325,27.866439417415556,38724,2114,0,541,562,413,0,3,18,0,29,114,365,576,12804,0,2972,388,0,301,4969,2303
"Fallon, NV Micro Area",21980,2272,2378,18.608322995376113,55,33.20175933235593,7.979023344987031,40.210894327280926,17734,1274,0,290,304,353,1,39,28,41,39,19,74,121,4614,1,648,105,0,219,3132,1727
"Fargo, ND-MN Metro Area",22020,21545,45246,42.21712308155281,3595,19.13243555020564,4.379827465141941,34.27061390309961,159504,5182,0,1078,1120,1699,5,53,2,42,41,36,820,366,25335,44,15401,1677,3,3096,22723,10395
"Faribault-Northfield, MN Micro Area",22060,4828,7825,29.698951665275068,783,32.952964096855,7.022914927173208,30.325169310696726,43116,2305,0,539,404,667,18,74,0,0,81,152,144,190,11903,0,3430,759,0,767,5152,3095
"Farmington, MO Micro Area",22100,4273,4620,15.983763335741912,343,36.83427551324011,13.280486249840608,33.90147490117737,47054,3299,0,1425,1387,807,6,10,15,19,62,251,575,955,14033,0,1990,737,0,568,7221,4458
"Farmington, NM Metro Area",22140,10022,7897,16.6460820639495,499,30.352932370223435,13.554649001334882,39.446336564492185,80157,3530,51,1963,2605,1451,109,162,85,241,344,251,1111,1625,20800,0,4173,863,4,774,16205,5392
"Fayetteville, NC Metro Area",22180,29207,41582,26.362121416843753,2003,26.806369327650238,7.9264472859932935,38.90506196951272,244233,8967,81,3231,3906,3229,76,200,168,208,880,564,1460,2639,56503,46,17829,2549,122,2971,46768,19044
"Fayetteville, TN Micro Area",22190,1981,2850,19.277011540472074,127,43.28280188186095,13.024247054565926,24.41593952310105,24869,1694,0,785,764,459,104,5,16,45,66,133,290,371,9070,0,1585,201,0,232,2833,1258
"Fayetteville-Springdale-Rogers, AR Metro Area",22220,24994,78933,34.96679236709328,5000,28.989141367262288,11.001327197009788,25.04273906863465,360911,16216,120,4741,4244,5623,612,1302,912,945,4137,1924,3917,5165,88409,55,35320,5999,9,6946,45991,19397
"Fergus Falls, MN Micro Area",22260,7026,8019,27.369371873262928,419,28.108208263850287,6.033444506207152,38.48897535667964,43176,1173,29,357,556,494,3,33,8,0,34,13,380,215,10963,1,2562,482,0,817,6710,2882
"Findlay, OH Micro Area",22300,5034,9485,29.732306135948015,529,35.720399984436405,5.0931870355239095,29.454106844091672,51402,2153,6,377,784,466,26,0,0,2,41,18,197,359,16208,0,4685,331,11,584,6254,3852
"Fitzgerald, GA Micro Area",22340,1108,917,12.107975888879183,19,48.76386826242683,15.724644011531405,23.403511837162576,11447,720,0,422,279,290,0,0,0,0,121,79,167,305,4862,0,374,137,0,76,1275,296
"Flagstaff, AZ Metro Area",22380,7509,20482,39.61938901319695,2474,21.41536143202886,8.02548061555322,30.93976893922097,87596,2240,66,1192,1376,1045,28,62,75,195,432,210,628,772,16519,21,9806,920,8,1943,15066,4527
"Flint, MI Metro Area",22420,31060,41695,22.838229209764172,1638,31.55486282510379,9.10861284293724,36.4982951221948,280372,12557,21,5512,5984,5428,19,119,280,300,315,489,1349,2536,75914,45,17155,3137,4,3544,49237,22034
"Florence, SC Metro Area",22500,15112,18913,22.39133476183113,1489,34.39366159329048,12.65325056882193,30.561753076056462,135807,5503,44,3627,4047,3480,51,390,142,309,486,467,961,1412,41206,31,8722,1721,16,1285,17190,9203
"Florence-Muscle Shoals, AL Metro Area",22520,9331,15955,24.448347165963234,1285,33.971617143019,11.374859549235666,30.205176141782097,105909,5819,57,2167,2565,1906,0,80,63,68,199,651,1014,2133,30160,17,7079,1119,8,1574,15947,6712
"Fond du Lac, WI Metro Area",22540,9485,10972,22.61084081408895,513,37.26444185568423,6.989652573151512,33.13506475707531,72965,2998,3,794,1066,1304,11,103,16,2,76,19,486,599,24192,2,4183,617,2,830,9486,5206
"Forest City, NC Micro Area",22580,5508,6265,20.684160203973228,327,31.08467013704451,13.402740890258153,34.82842876872411,47065,2951,0,1343,951,849,0,107,112,0,115,347,664,1102,11679,0,2784,718,0,359,7365,3519
"Forrest City, AR Micro Area",22620,1088,1179,12.903425633401474,75,44.18013999876108,14.315802515021991,28.60063185281546,16143,1707,5,487,496,218,0,22,15,60,120,78,147,414,5425,0,753,249,0,76,2569,960
"Fort Collins-Loveland, CO Metro Area",22660,21492,75554,51.738040843447116,7527,16.816442379075426,3.357546275978327,28.087970501499125,243809,7105,0,958,1527,1835,10,47,161,43,686,110,640,994,33895,0,36357,1163,12,6704,33646,13343
"Fort Dodge, IA Micro Area",22700,3499,3809,20.51137507549829,167,32.583048117576006,7.678679283269579,39.22689752365613,24835,1193,5,253,603,354,0,0,4,17,22,12,101,239,6899,40,810,257,0,308,4014,2229
"Fort Leonard Wood, MO Micro Area",22780,3761,5264,27.896543520375218,386,30.904394521292865,5.947727967916256,35.25133399041566,29423,1611,0,365,298,268,2,0,0,38,4,9,253,377,7482,4,2147,132,0,411,4576,2035
"Fort Madison, IA Micro Area",22800,3444,3714,21.03933294028468,142,37.58106628484798,5.836772509054156,35.54282826581319,23746,1424,0,186,320,283,0,0,0,8,16,11,244,135,7500,0,974,183,0,166,3090,1906
"Fort Morgan, CO Micro Area",22820,1814,2166,17.56522652107722,91,32.437398288624074,15.397133707806185,34.60024148249252,19049,971,0,273,259,249,93,111,50,42,514,103,148,412,5208,0,880,679,0,209,3584,1193
"Fort Payne, AL Micro Area",22840,5478,4115,13.880406074612084,156,33.647655992076594,21.054803565533177,31.417134367778143,48464,3047,63,1510,1487,833,6,112,172,205,931,407,1015,1364,13260,39,2061,2052,8,395,6363,3385
"Fort Smith, AR-OK Metro Area",22900,13004,21392,21.414177947711067,1753,33.269608349695154,14.554484861010645,30.761728841583135,154832,10006,25,3380,4423,3601,19,276,151,304,1210,947,2038,2680,41506,11,7980,3470,0,2031,22664,11961
"Fort Wayne, IN Metro Area",23060,31583,59385,29.675773596066396,2787,29.70198864686646,9.337935531140456,31.284302225926687,297539,12103,23,3082,4891,4489,272,415,513,446,1014,623,3155,2855,76272,225,21782,5758,23,4343,40183,21317
"Frankfort, IN Micro Area",23140,1991,2375,16.712843390467246,54,43.639351960554116,13.64639586757455,26.001408781404084,21295,922,0,609,260,250,40,26,9,67,429,78,232,592,8371,0,1014,306,8,116,2064,1482
"Frankfort, KY Micro Area",23180,4380,9588,29.90459998110891,518,31.523566638330024,7.768017379805421,30.803816000755646,52935,3640,22,585,841,477,0,15,10,9,106,154,759,586,13047,0,4676,548,0,1048,7364,4562
"Franklin, KY Micro Area",23190,1477,1401,16.75263511998206,30,40.45002616431188,10.839500635419002,31.95783808028706,13377,970,0,422,267,177,6,0,0,16,20,77,67,221,4441,0,779,177,0,31,1675,1123
"Fredericksburg, TX Micro Area",23240,1623,4526,35.33549783549784,358,24.69500196772924,10.719205037386855,29.25029515938607,20328,634,0,177,353,273,36,128,13,99,201,166,278,281,4386,0,1844,174,0,455,2728,1595
"Freeport, IL Micro Area",23300,3755,4425,21.732208247094412,209,31.96624741283235,8.524120362999522,37.77742397707372,31405,1648,5,367,624,579,22,0,13,12,54,79,177,346,8391,26,1903,373,0,288,4999,3110
"Fremont, NE Micro Area",23340,2580,3459,21.546307629538962,103,35.94451244390045,10.795593635250917,31.71358629130967,24510,1163,9,244,369,292,19,4,48,66,332,59,366,378,7647,9,1367,451,0,352,2876,2317
"Fremont, OH Micro Area",23380,4764,5627,19.105330101514316,76,42.712808082747365,6.700424776212532,31.48143703952579,41669,1864,17,384,503,869,0,27,27,10,125,57,189,365,15934,23,1946,196,0,312,4733,3621
"Fresno, CA Metro Area",23420,65887,110576,22.932285600231857,6319,23.136527934992426,22.163984448053544,31.76720201672217,731484,23210,1782,18047,14934,24165,2961,6557,4206,3701,23088,3650,9247,13685,146030,604,37963,35378,121,12888,114864,51621
"Gadsden, AL Metro Area",23460,7763,7698,17.476918836984982,554,33.96858205870194,14.22213035689679,34.33236874741629,72570,5024,0,1903,2031,1680,26,141,127,83,115,281,885,1332,19627,19,3220,1698,0,1211,11777,5375
"Gaffney, SC Micro Area",23500,3913,4261,18.403807146200656,190,36.91423519009726,14.49264055754928,30.189317106152807,38454,3087,6,969,1085,1155,34,6,43,92,196,330,337,745,11108,0,2275,575,0,351,5232,2464
"Gainesville, FL Metro Area",23540,24252,44226,40.94287105338098,10528,24.220781010297724,7.2676581633121735,27.56868977300912,217718,9457,10,2785,3849,2954,33,41,147,131,508,517,1299,1824,43276,33,25749,1647,45,8637,23357,12413
"Gainesville, GA Metro Area",23580,10516,23186,26.731725572324056,1950,27.706889479024984,18.662694043223873,26.89869090542709,138951,6244,103,2465,2557,3773,202,497,575,1487,3690,1012,1234,2763,32255,0,8670,5556,18,3338,17743,9117
"Gainesville, TX Micro Area",23620,2618,4507,23.59448928472029,325,31.22042861118842,11.609379348733649,33.57570275535764,28744,1551,72,540,222,684,0,68,36,55,282,24,237,579,7423,0,1704,531,7,246,4697,2336
"Galesburg, IL Micro Area",23660,4506,4527,20.29594023281404,311,34.907627265882894,10.682226211849192,34.11420628945387,34534,2640,0,976,671,552,13,56,12,62,159,74,293,399,9415,0,1882,422,0,289,4128,3147
"Gallipolis, OH Micro Area",23680,1960,2024,17.901265695123797,161,41.853663456204934,13.14608441329232,27.09898643537895,19831,1043,0,477,719,271,0,6,11,35,87,30,394,342,7257,0,1178,235,0,187,1883,1531
"Gallup, NM Micro Area",23700,3338,3323,12.461770311599663,242,36.59190638712823,19.11927662780905,31.827046673463055,45122,1516,32,1589,2104,487,23,157,65,375,541,393,916,1233,14995,5,1692,706,1,366,9108,1915
"Garden City, KS Micro Area",23780,2066,2958,19.735205260351872,147,22.916296427936732,28.851963746223564,28.496534565487824,22508,1426,47,594,609,635,89,94,125,439,1019,326,546,769,3732,2,1166,1197,3,171,2909,1439
"Gardnerville Ranchos, NV-CA Micro Area",23820,4311,8392,32.34457336532991,607,24.009796887756366,6.184903886593602,37.46072586032013,40421,1683,0,341,483,614,0,4,12,17,321,68,153,191,8022,0,3230,289,7,845,7274,3557
"Gettysburg, PA Metro Area",23900,6562,10664,24.765906849166992,842,40.605872258779335,9.277250064181382,25.35097082787229,74009,3675,23,1369,1200,1149,18,0,37,36,216,160,852,803,26377,2,5871,955,46,952,7565,4635
"Gillette, WY Micro Area",23940,3731,4340,22.21320258466734,225,32.74669610676364,8.120920868915803,36.91918043965322,30797,1462,0,352,473,526,0,10,13,0,247,26,147,187,8623,0,2081,520,0,195,4697,2942
"Glasgow, KY Micro Area",23980,3356,3921,16.91798455314454,181,42.84400777596806,13.894288866705196,26.34371880418221,38066,3338,0,813,759,734,0,79,34,16,246,244,1126,627,12971,0,1861,601,10,477,3723,2949
"Glens Falls, NY Metro Area",24020,11421,14913,28.217884530071615,752,33.68929167458859,8.866214589010712,29.226609206329083,94674,6045,6,1572,1466,1527,48,17,37,23,164,423,567,1258,25850,13,9104,1271,2,1946,10661,5588
"Gloversville, NY Micro Area",24100,5801,5111,21.15566037735849,228,35.86477987421384,11.5041928721174,31.475366876310275,38160,2206,0,700,1118,665,0,7,9,9,231,81,328,696,11480,6,2388,540,0,346,3846,2364
"Goldsboro, NC Metro Area",24140,9386,11536,21.33420052541638,438,30.407835335526816,13.591960619277168,34.66600351977963,78414,3191,118,1629,1561,1239,139,320,229,171,1112,307,1291,1707,20653,0,4268,821,14,487,12445,5352
"Granbury, TX Micro Area",24180,3428,10532,32.40689152702181,597,27.902541464878073,7.740110573008185,31.95045643509193,46666,2690,28,512,653,965,0,20,0,16,169,147,171,404,10331,7,3499,520,0,495,7143,4339
"Grand Forks, ND-MN Metro Area",24220,8845,14371,34.21459468744632,1634,23.502037884348113,5.0939300716773115,37.18943735652825,64037,1807,6,366,612,691,37,8,9,2,30,121,523,363,13243,4,4776,488,2,1129,10276,4694
"Grand Island, NE Metro Area",24260,4559,6780,20.893756142567742,292,32.98433519866819,13.524680586477325,32.59722807228674,49857,1942,9,662,936,889,35,53,79,69,649,169,745,675,14503,4,2845,1769,0,500,7255,4438
"Grand Junction, CO Metro Area",24300,9321,23024,30.62717675963174,1582,28.467291233564623,7.648694619185183,33.256837387618454,111117,5632,0,1369,2249,1503,13,41,12,39,551,161,552,1105,26000,10,7399,879,15,2027,19433,8200
"Grand Rapids, MN Micro Area",24330,4840,5399,25.146021850316252,236,30.608600913960597,5.347577399146567,38.89779983657658,33043,1213,3,332,495,436,1,0,15,16,59,4,99,156,8901,0,2285,136,15,389,5010,3003
"Grand Rapids-Wyoming-Kentwood, MI Metro Area",24340,72844,177335,35.38194200933523,10230,26.807760141093475,7.525980991862189,30.284316857709104,769986,29140,330,8665,9375,11833,269,529,355,920,3058,1273,5154,5269,177276,137,71509,10675,107,13362,102588,57753
"Grants Pass, OR Metro Area",24420,6366,8115,19.713916153085293,623,31.355093966369928,9.763372137259378,39.1676177432854,65715,4760,19,952,1519,1915,5,0,75,78,165,68,245,871,15845,43,3513,461,0,704,12704,6669
"Great Bend, KS Micro Area",24460,2108,2794,21.672295330150227,51,28.199604052637707,9.747292418772563,40.380808198439496,17174,932,71,344,211,193,0,0,85,0,77,55,156,305,3911,1,723,148,28,154,2881,1946
"Great Falls, MT Metro Area",24500,6181,10618,28.736878334193772,566,31.526415419032865,6.102219927723283,33.634486319050076,58110,3404,0,569,600,699,4,2,0,75,48,18,681,395,14916,0,4354,451,4,1161,8889,4475
"Greeley, CO Metro Area",24540,22460,45440,31.956224350205197,2929,24.453365028817476,11.542687986364962,32.04772263461236,222955,10088,121,2754,2639,4805,182,316,326,1038,2525,646,3065,2136,44432,259,19700,4890,33,3179,32463,16529
"Green Bay, WI Metro Area",24580,29322,47295,29.885831498456046,1857,31.26365082248282,6.715872390007044,32.134645289054085,225719,7933,78,1610,2618,3662,26,45,93,230,767,137,1255,1514,62635,135,15376,2888,101,2930,27339,15873
"Greencastle, IN Micro Area",24600,2401,3470,19.88246430543504,185,38.565906760274515,9.178038968210146,32.3735899660803,25354,966,0,420,466,440,4,0,9,41,111,57,310,224,8812,0,1134,245,0,252,3738,2069
"Greeneville, TN Micro Area",24620,3893,5717,17.67961183966952,442,42.90418753288256,13.305013737602058,26.111186889845868,51319,3926,0,1241,896,1075,23,44,31,174,281,175,1155,1162,18092,0,2318,571,0,596,6101,3406
"Greenfield, MA Micro Area",24640,5528,11576,40.30131826741996,1655,27.168494516450647,6.078062109966397,26.452125106162995,54162,1899,10,541,694,763,29,19,23,39,63,89,236,389,12816,11,7259,351,35,1338,5502,3297
"Greensboro-High Point, NC Metro Area",24660,50680,105077,31.41604436144931,7315,26.495099761969442,11.673185753120707,30.415670123460544,526403,23288,307,11052,9059,9072,367,758,936,1094,3358,2246,5162,9406,116183,106,44825,8423,102,8158,75437,33992
"Greensburg, IN Micro Area",24700,1835,2638,20.07640772936161,77,44.02856984663086,9.456840706494656,26.438181717512872,18061,1020,0,377,355,213,0,3,0,56,53,111,252,92,6932,0,848,196,0,63,1638,1302
"Greenville, MS Micro Area",24740,2545,3747,20.53457050860368,236,32.500086556105664,20.79077658138005,26.174566353910606,28883,1632,0,1231,1340,595,33,0,33,39,244,433,775,596,7755,0,1514,686,0,434,3632,1383
"Greenville, NC Metro Area",24780,13578,20921,33.86605783866058,1822,24.658473795967453,9.086382171110735,32.38908619426123,106434,4427,44,1504,1587,1320,0,119,68,155,525,344,866,1774,21818,50,10105,1261,54,3197,14750,6145
"Greenville, OH Micro Area",24820,3024,3919,16.48317524841915,126,45.42400632339657,9.307249322493224,28.785569105691057,35424,1350,0,746,855,520,7,5,58,47,1,49,238,469,14741,8,1508,294,0,286,4358,2815
"Greenville-Anderson-Greer, SC Metro Area",24860,64979,134905,33.704246201791975,10768,26.51063498246981,11.02547721075185,28.759641604986363,641750,32688,298,13657,14085,11805,141,777,609,741,3518,2502,4479,9443,137444,141,58217,8428,132,12407,77060,42526
"Greenwood, MS Micro Area",24900,2246,2714,19.535469200471027,185,30.547772769724286,18.033053153043408,31.883704876761275,24627,1387,13,855,1180,327,12,48,113,62,232,135,468,645,6136,14,1578,332,5,334,4043,1563
"Greenwood, SC Micro Area",24940,8460,9862,23.88176537817231,504,34.09265260751804,11.846946284032377,30.17863573027727,63873,3315,0,1523,1725,1204,0,40,45,241,287,227,465,1020,18461,0,4124,772,18,764,7144,3672
"Grenada, MS Micro Area",24980,2045,2777,22.697399305229556,71,30.964228710919162,16.496103652239228,29.842268331612054,21302,1836,17,685,951,429,0,4,0,0,96,158,341,476,4760,0,1683,357,0,304,3090,1222
"Guayama, PR Metro Area",25020,5813,7968,23.34570379834114,557,32.58502159761514,20.202388919308063,23.86688568473566,49311,989,195,826,1260,379,291,599,508,575,1293,766,1062,1377,15079,0,2764,831,0,223,4772,1184
"Gulfport-Biloxi, MS Metro Area",25060,35028,44950,24.706255511521476,2670,28.567893230718827,10.958560329593341,35.767290928166354,286899,18851,14,5559,5125,5795,82,602,120,424,973,1157,3070,4258,63110,13,19183,4248,0,4079,45036,22552
"Guymon, OK Micro Area",25100,514,2052,24.417042131056835,151,28.962137380444236,25.001976128369297,21.618844360129636,12651,523,0,200,228,321,228,140,94,156,680,205,186,364,3141,0,839,361,0,47,1171,1050
"Hagerstown-Martinsburg, MD-WV Metro Area",25180,17628,29831,23.494560205646682,1449,37.0617943437606,10.582394847365629,28.861250603227084,209291,12443,17,5135,3747,3720,60,268,103,137,682,491,1917,3297,65124,11,15667,2533,30,2225,26165,16611
"Hailey, ID Micro Area",25200,1391,6307,39.570455263276635,136,24.27920407887019,10.359608356269458,25.79073230158372,22163,887,32,283,159,353,0,56,8,0,372,69,130,181,4494,0,1804,640,13,523,3233,1092
"Hammond, LA Metro Area",25220,6208,12994,22.228370732588736,698,34.9580458277338,16.130052287434076,26.68353115224339,88549,6174,21,2935,2994,1713,0,190,61,413,544,659,1871,1387,24781,3,4912,1490,2,1079,13357,4063
"Hanford-Corcoran, CA Metro Area",25260,9080,8991,13.919095714061436,528,28.088335339368886,25.764822858339002,32.227746088230674,95545,3668,192,2393,3774,3576,739,901,424,1236,4205,481,1461,2098,23169,95,3015,3029,13,765,15195,6517
"Hannibal, MO Micro Area",25300,1854,3905,23.435926133184108,82,41.16396194739787,9.431076291736616,25.969035627681404,26805,1228,0,525,476,410,10,0,40,29,14,44,361,339,9806,0,1928,280,0,367,3079,2028
"Harrisburg-Carlisle, PA Metro Area",25420,37819,91964,35.36842307341585,5600,32.57255436478036,7.778087070037099,24.280935491766694,416722,16417,302,5709,5560,5877,290,134,66,220,1142,572,4065,3489,119320,58,39367,4879,50,10457,38580,24785
"Harrison, AR Micro Area",25460,3325,3353,15.972069323435978,132,36.10857735979618,10.143742333218004,37.77561098354984,31793,2044,0,494,840,573,11,12,1,10,90,151,432,363,9436,4,1290,244,0,303,5791,2894
"Harrisonburg, VA Metro Area",25500,6328,14673,30.99053298015133,2033,32.14272987515887,14.153016498984403,22.713720645705394,84187,4369,63,2021,1720,1147,166,279,113,95,773,405,1781,1651,22691,8,7799,1693,0,1585,7789,5005
"Hartford-West Hartford-East Hartford, CT Metro Area",25540,66563,187435,42.127596199790254,15618,25.000961842766635,8.17988321367182,24.691558743771292,805745,25131,320,8448,9306,11884,165,885,1182,1555,2827,2169,6121,8612,176313,151,111493,12080,204,24895,87685,44703
"Hastings, NE Micro Area",25580,3864,4631,27.276090414709035,351,27.634937664163367,7.59498353742,37.493988383707595,27031,791,0,355,334,375,8,70,1,30,122,4,200,241,6679,2,1799,311,0,592,4089,2182
"Hattiesburg, MS Metro Area",25620,10801,17169,29.698413339254714,1347,28.50841778028988,9.08999152166014,32.703177358795266,99076,4679,0,1316,1778,1454,0,50,14,52,517,396,839,1592,23566,21,9072,977,0,1836,15615,5985
"Hays, KS Micro Area",25700,1633,4306,39.54658492857556,571,27.58082239315251,4.719218090336013,28.15337458793592,17291,665,0,96,89,308,0,0,8,43,0,0,31,127,4104,0,1609,114,0,352,2086,1149
"Heber, UT Micro Area",25720,3373,17204,53.59506559624045,1312,16.228705698061486,4.713138829058155,25.463089876639906,51070,794,0,183,227,495,143,27,46,38,160,179,211,264,7494,8,7019,426,0,1836,7070,2561
"Helena, MT Metro Area",25740,7073,17471,40.03927789107939,981,24.155903013822797,5.592567414457285,30.212251680640534,66195,2929,2,606,788,1034,0,12,28,63,52,65,393,342,13061,0,6510,317,0,1542,8727,4199
"Hemlock Farms, PA Micro Area",25770,4770,7591,28.8707182320442,502,33.533701657458565,6.793370165745856,30.80220994475138,45250,2098,0,638,505,823,112,69,22,11,38,32,64,293,13076,0,4428,457,10,543,5543,3625
"Henderson, KY Micro Area",25775,3928,4602,17.621942030441552,155,39.78751193047672,11.435675892901994,31.154870146179736,39814,2988,20,725,816,714,36,50,23,0,224,151,550,793,12853,0,1891,447,4,368,5100,3376
"Henderson, NC Micro Area",25780,2498,3682,18.47496073983598,107,35.808759378816966,14.56290350724132,31.15337637410574,28655,2030,0,716,460,464,0,40,28,40,406,157,609,756,8231,48,1235,449,0,270,4354,2075
"Hereford, TX Micro Area",25820,363,886,11.820967592162688,82,40.97873525861269,28.59132695700622,18.608970192218404,10769,1090,44,242,306,366,196,53,29,21,426,232,225,525,3323,12,267,402,0,38,1110,531
"Hermiston-Pendleton, OR Micro Area",25840,6065,6622,16.963962481487577,202,31.887444462728322,16.631561625802206,34.5170314299819,60770,4208,9,1341,1426,1319,287,602,148,296,1026,226,328,1252,15170,4,2970,1804,39,515,9217,5694
"Hermitage, PA Micro Area",25850,7685,12771,25.075908680904046,824,40.468537598617765,8.694878863720097,25.760674856758097,78713,3209,4,1327,1452,942,0,0,17,15,62,154,1313,923,28645,37,5493,595,3,650,7818,4774
"Hickory-Lenoir-Morganton, NC Metro Area",25860,30705,38585,21.390502676241454,1720,31.580792015086,14.32941579839616,32.69928951027639,262495,15493,26,7368,6173,5046,231,359,604,760,1517,937,3880,5869,67405,57,12911,4743,44,2933,35113,20016
"Hillsdale, MI Micro Area",25880,2663,3838,20.63033611578379,422,40.57828419081474,9.505824102580378,29.28555559082109,31507,1546,3,631,502,492,0,0,20,23,10,120,671,250,11239,3,2019,267,3,221,4129,2435
"Hilo-Kailua, HI Micro Area",25900,17168,28088,30.904403605164156,2458,29.642460822258908,6.911251251793109,32.54188432078383,147788,4945,26,1420,1829,2065,81,95,112,271,1032,169,621,1188,38863,3,11263,1283,19,3864,22195,8730
"Hilton Head Island-Bluffton-Port Royal, SC Metro Area",25940,13624,40056,42.15508459837511,2752,23.142189868071256,6.367860071057666,28.334865462495962,160996,4086,137,1504,1735,1825,116,64,93,114,708,388,782,1291,33172,24,20274,1466,5,4786,21363,10631
"Hinesville, GA Metro Area",25980,5436,6095,18.32027236648603,345,34.69650879348899,9.345474324623785,37.637744515401195,49639,2837,0,1049,927,675,0,10,1,138,124,35,269,840,14386,0,2151,571,0,503,8994,4253
"Hobbs, NM Micro Area",26020,3319,3669,15.277333211395124,146,32.61237367963785,24.41812611459143,27.6921669943756,43738,2777,4,1141,1394,685,103,554,165,305,1708,262,1200,1537,11487,27,2610,1569,26,257,5851,2942
"Holland, MI Micro Area",26090,6868,14721,26.066276709465868,593,36.32367248399534,7.947680074948653,29.662370731590137,83257,3980,0,1339,1594,1179,17,102,2,13,215,52,607,556,26262,43,5486,884,14,902,11724,6104
"Homosassa Springs, FL Metro Area",26140,12515,16064,20.40040387467264,1005,37.96895213454075,9.113211119174581,32.51743287161203,126772,8542,4,2244,2431,2278,16,71,80,30,247,214,962,1394,39592,12,6890,1523,47,1903,16903,11805
"Hood River, OR Micro Area",26220,1165,3834,39.38177679266758,268,19.38537111364045,15.77906907086803,25.453783022823938,16693,533,12,97,151,223,41,144,70,211,636,120,116,409,2703,71,1657,333,0,815,1700,1384
"Hot Springs, AR Metro Area",26300,7323,12092,26.246503208820144,774,30.899292414020074,9.105369974219736,33.74883440294005,72924,3838,44,1377,1408,1016,4,116,49,65,97,271,557,955,18695,12,5292,669,0,982,11441,5847
"Houghton, MI Micro Area",26340,2006,4895,37.12295012320503,1059,28.817231710425695,5.25533180389158,28.804486362477693,23538,616,0,240,273,188,0,0,54,27,37,11,148,119,6167,0,2543,140,0,241,3010,1764
"Houma-Bayou Cane-Thibodaux, LA Metro Area",26380,9280,17294,19.035488660514137,1238,39.27334129086727,16.93353518297476,24.757634865643833,137396,10884,15,3675,4421,2778,9,191,358,333,1279,1593,2307,3325,43076,17,6491,2965,0,1131,14979,9757
"Houston-Pasadena-The Woodlands, TX Metro Area",26420,354830,1043551,35.36221711771222,79355,22.698059191265056,14.937155400541208,27.002568290481516,4718703,187225,6648,59170,68436,103016,13299,22439,13816,24246,93766,20183,43690,80961,883829,2418,437986,151506,1246,107746,637781,281560
"Hudson, NY Micro Area",26460,5806,8836,38.09222327740846,844,28.04051915163026,8.483697372586262,25.383560198375015,47385,2487,0,639,1001,695,35,39,26,116,135,62,186,285,10800,0,6438,781,20,1932,3627,2595
"Huntingdon, PA Micro Area",26500,2890,3807,18.189814960258868,332,50.08953535861267,9.299110929596933,22.421538751531525,31831,2171,0,628,645,412,0,0,7,0,20,39,462,351,13773,0,1428,396,0,223,2573,1674
"Huntington, IN Micro Area",26540,2449,3839,23.1142113974935,127,42.87459604319382,6.963821234334358,27.047371324978325,25374,1716,0,278,398,489,10,0,0,0,42,1,88,230,9163,13,1537,218,0,362,2696,1718
"Huntington-Ashland, WV-KY-OH Metro Area",26580,25780,34460,22.99453123799868,3121,36.23515676605681,11.04620796657296,29.72410402937155,260388,14210,89,6579,5507,3500,97,282,148,289,859,853,3559,4023,80142,59,18243,2892,27,4051,33613,18005
"Huntsville, AL Metro Area",26620,27791,88161,42.368441461081765,6578,20.73599825364136,8.500860253968801,28.394700031308073,348153,13783,19,4972,5920,5220,147,257,50,281,1465,941,2471,4022,58410,0,46991,3706,125,5777,50092,20974
"Huntsville, TX Micro Area",26660,3841,7528,21.432115729608,753,34.66162830642391,15.237222794763158,28.669033169204933,52398,5463,10,874,1325,1045,447,103,203,254,752,474,672,1161,12699,76,2663,583,5,286,7915,3266
"Huron, SD Micro Area",26700,1452,2303,26.387992253066493,162,31.06843124596514,14.937056165267915,27.606520335700452,12392,710,0,264,83,150,31,5,37,0,46,88,370,157,3140,0,686,620,0,119,1228,741
"Hutchinson, KS Micro Area",26740,5180,5990,20.54897891807763,187,30.906003867377258,8.814790359854738,39.73022685469038,42406,2570,0,811,651,644,2,2,15,2,152,126,625,558,10536,0,2043,150,0,494,6999,4669
"Hutchinson, MN Micro Area",26780,4238,3350,19.592391304347824,108,34.91459627329193,6.510093167701863,38.982919254658384,25760,894,6,365,337,282,0,0,28,0,85,29,217,194,8100,0,1230,134,0,359,3967,1837
"Idaho Falls, ID Metro Area",26820,11919,21112,30.924588298639684,1224,24.92355206079262,7.791086322676338,36.36077331789136,98433,4786,22,1222,1351,1433,184,130,67,83,701,187,464,708,19747,58,6830,978,81,1274,16324,7548
"Indiana, PA Micro Area",26860,5236,8416,26.918557685246387,925,40.12264081662627,7.633840052875082,25.32496144525226,54468,2202,8,812,855,650,0,0,0,0,63,101,802,438,19652,0,4643,429,0,678,5816,2742
"Indianapolis-Carmel-Greenwood, IN Metro Area",26900,114546,338705,37.849838421332365,20921,26.731037599370172,8.887253048962457,26.53187093033501,1407364,59514,78,20712,23714,23856,605,712,908,1113,5355,2516,9419,12645,316689,367,138999,22663,413,34060,167806,91048
"Iowa City, IA Metro Area",26980,9662,30716,50.349929828148674,5011,18.651771025996116,4.1814987963901,26.816800349465115,107593,2773,0,616,496,935,22,11,110,33,329,72,838,361,17295,61,13758,545,70,4688,13294,5897
"Iron Mountain, MI-WI Micro Area",27020,2838,3882,24.127932519110797,149,33.67454529478956,4.898515068974607,37.29900711712503,22762,712,0,236,330,265,0,0,0,8,23,14,112,60,6953,0,1263,67,0,198,3738,1914
"Ithaca, NY Metro Area",27060,4824,15474,59.24992684592125,7150,16.323113437591445,4.121013102708327,20.30594661377898,61514,2202,0,367,461,390,12,60,28,13,124,47,135,219,7839,14,11738,583,82,2085,5025,2642
"Jackson, MI Metro Area",27100,11929,17268,22.989027418106094,777,35.69248293598882,7.21182511502078,34.1066645308843,112371,7188,0,1981,1787,1540,9,93,39,86,65,145,522,1037,32920,0,6906,800,0,882,16315,10082
"Jackson, MS Metro Area",27140,40748,78591,31.552182567549895,7450,24.255728240917875,11.950725746693337,32.241363444838896,412954,19772,126,9060,10472,6922,85,432,760,853,1667,1690,4781,6116,80393,25,34879,6206,156,9376,67739,24655
"Jackson, TN Metro Area",27180,8262,17124,22.57599226349995,1239,37.675280079331905,11.008941230464107,28.73978642670404,122019,7533,55,2501,3198,2147,107,128,63,58,488,471,1451,1750,38438,0,7481,1016,0,1703,17499,9307
"Jackson, WY-ID Micro Area",27220,1140,10197,57.06071496122564,570,16.25118214488368,4.304898808397957,22.383204085492718,26435,406,0,103,54,30,27,73,36,0,265,19,116,162,3890,0,3516,253,0,801,3465,1312
"Jacksonville, FL Metro Area",27260,115146,263239,35.12201463529974,14731,26.382016746747546,7.943406218999016,30.552562398953697,1146133,51609,173,13402,17555,20630,408,1078,585,1561,2702,2520,5613,9709,250764,147,101523,14746,213,23052,151055,83972
"Jacksonville, IL Micro Area",27300,1956,4327,23.125448570241378,173,40.22589052997393,9.91198579684962,26.736675102935063,26473,1487,20,585,606,554,0,0,9,6,55,19,210,263,9162,25,1211,270,2,411,3248,1874
"Jacksonville, NC Metro Area",27340,12800,20233,26.057347036244316,921,29.848053349371163,6.773035218368033,37.32156439601649,113066,4525,54,1552,1570,1228,59,9,53,119,253,258,398,1187,29223,34,7349,872,12,959,20376,9022
"Jacksonville, TX Micro Area",27380,2439,4065,18.45805388869279,238,33.27156136016002,19.305212377926814,28.965172373220376,33996,2430,115,867,1165,843,14,143,83,157,594,253,456,969,8881,24,1752,849,31,220,4589,2819
"Jamestown, ND Micro Area",27420,1673,2617,24.4258872651357,120,37.38972321368442,7.232810290255236,30.951579230924644,14849,889,0,133,250,144,0,0,1,19,70,14,271,95,4663,0,785,69,8,105,1946,977
"Jamestown-Dunkirk, NY Micro Area",27460,13091,12215,25.097427903351523,1021,32.98993527398421,10.026319653890903,31.88631716877337,88527,5245,5,1579,1505,1564,73,14,85,73,203,174,1678,746,23960,0,7977,1143,34,1005,9037,6100
"Janesville-Beloit, WI Metro Area",27500,13165,20000,25.73415559940188,987,33.26107537537272,7.385353164456163,33.61941586076924,113021,4669,2,836,1901,2314,12,107,64,59,394,96,676,749,32923,7,7144,1095,35,954,16340,8492
"Jasper, IN Micro Area",27540,3263,5247,24.31095406360424,214,37.42217735150597,10.765606595995289,27.5012619888945,29715,1206,18,605,358,516,0,119,165,0,65,48,429,363,9914,62,1537,444,7,226,3236,1673
"Jefferson, GA Micro Area",27600,4572,10096,27.308711981736504,356,31.592900802710066,12.429118491788792,28.669268723764635,54316,3498,8,1078,852,1402,0,108,38,27,284,159,442,908,13662,0,3560,1429,16,821,7017,3983
"Jefferson City, MO Metro Area",27620,9037,20742,30.724827939032984,980,33.247101750050675,8.116065137021343,27.912005173895,103597,6349,15,1522,1862,1538,5,50,42,53,97,114,1554,918,28094,0,8573,621,17,1535,12860,7019
"Jesup, GA Micro Area",27700,1711,1733,14.010815024114581,59,44.258781117552495,13.703902177619721,28.026501680713206,20527,2050,0,627,540,328,9,0,44,42,40,115,299,466,7035,15,717,288,0,367,2375,1667
"Johnson City, TN Metro Area",27740,12268,25034,28.671678520241215,2437,32.51372400551664,9.846804943346225,28.967792530895913,147916,8793,103,3467,2637,1700,27,86,174,221,450,346,2199,1860,39300,0,11482,1253,42,3457,20606,9974
"Johnstown, PA Metro Area",27780,10330,14657,22.991992107555546,660,44.17459934299598,7.118942916216245,25.71446563323223,95281,3783,9,1291,1641,1168,10,0,17,48,105,201,521,625,38307,0,5314,1090,57,1276,8777,5394
"Jonesboro, AR Metro Area",27860,6736,13276,24.957839549370746,906,34.77462801289479,11.148714536464489,29.118817901269978,87167,6108,0,1270,1938,1186,16,141,98,172,603,664,1271,1248,24204,2,5931,1091,18,1642,11406,7240
"Joplin, MO-KS Metro Area",27900,10386,21893,24.008900426478768,1100,34.43426664194326,10.853328388651956,30.703504542926012,134825,7914,22,2819,2932,2490,0,237,234,147,504,115,1642,1829,38512,2,7577,1625,35,1800,19544,11466
"Juneau, AK Micro Area",27940,2134,5864,40.45768189361516,398,21.325006550790462,5.349812210673422,32.86749934492095,22898,1072,0,246,311,306,2,0,0,0,77,23,40,50,3811,3,2286,167,0,716,4149,1243
"Kahului-Wailuku, HI Metro Area",27980,11943,23737,30.074562251494186,1310,30.10986793991308,7.215810223518631,32.5997595850741,118961,3520,39,889,1181,2100,49,197,120,279,1358,329,608,576,32299,0,8021,859,0,2709,18547,8291
"Kalamazoo-Portage, MI Metro Area",28020,15303,40744,40.84325522291881,3677,22.502062669003355,5.670683601630864,30.98399850644697,166047,5077,19,1089,2729,1955,93,50,35,97,406,337,465,661,32287,7,19318,1454,19,4080,24420,11725
"Kalispell, MT Micro Area",28060,7952,18815,36.03414533656075,1306,27.37163310501107,4.377607251377659,32.21661430705052,77668,3701,0,850,764,875,3,14,25,28,21,76,301,245,17558,0,6193,198,0,1673,11498,5572
"Kankakee, IL Metro Area",28100,7210,8936,20.382697824694315,505,35.802022115143586,9.03963457092722,34.77564548923488,71806,3297,12,852,1044,1453,37,57,77,47,421,158,608,529,22411,24,4411,1160,12,784,11536,6225
"Kansas City, MO-KS Metro Area",28140,118664,365123,39.1779749286295,20045,24.912427919642806,6.90595129368833,29.003645858039363,1496767,49929,388,14698,17399,19441,804,1002,1167,1779,5123,2322,8624,11811,322952,378,164068,18083,347,37167,208945,106508
"Kapaa, HI Micro Area",28180,6194,11014,30.235888160373804,591,29.614138216896524,7.282010701635391,32.86796292109428,53076,1340,0,633,630,565,46,179,31,194,476,115,440,168,14378,30,3362,358,0,1081,7459,3792
"Kearney, NE Micro Area",28260,3855,8393,34.415927481022166,768,24.39729722214498,6.462197258293245,34.72457803853961,35963,1400,0,361,372,551,37,2,29,45,194,18,211,235,7374,39,2614,217,13,602,5717,2916
"Keene, NH Micro Area",28300,5093,11867,35.315413159561956,794,31.360304099918544,6.011403746945425,27.31287899357408,55245,2260,8,723,589,553,66,0,16,0,19,59,391,528,15065,0,5895,347,22,954,6341,3655
"Kendallville, IN Micro Area",28340,2531,3788,17.77791683614405,167,39.43869090453991,17.368042301555022,25.41534995776102,31961,2494,0,616,793,771,8,32,40,29,237,172,1760,464,10111,25,1547,604,0,180,3786,1806
"Kennett, MO Micro Area",28380,1963,1140,12.637602179836513,99,41.06811989100817,20.01089918256131,26.283378746594003,18350,1593,8,662,951,236,3,28,0,28,83,151,557,677,5943,0,956,283,5,124,1757,1103
"Kennewick-Richland, WA Metro Area",28420,20115,34766,29.28266518188567,3354,24.107069207291925,14.038398086282273,32.57186752454013,193968,10365,241,3085,2653,3731,580,718,648,662,3825,715,2008,2481,36395,114,16099,5710,59,2580,26570,16494
"Kenosha, WI Metro Area",28450,11801,22620,30.761603228724514,1272,27.95386542342217,8.543246816505462,32.74128453134785,114968,5925,149,1159,1425,2634,85,125,41,135,1144,93,753,535,26213,18,9847,1515,11,1627,15862,9979
"Kerrville, TX Micro Area",28500,3333,7637,31.213207064243665,680,29.06066035321218,9.682620936780138,30.043511645764013,39070,1618,0,526,383,340,21,40,72,138,566,77,132,833,9736,0,3111,653,2,767,5370,3035
"Ketchikan, AK Micro Area",28540,741,1817,26.97045568352529,96,29.33400100150225,5.077616424636956,38.617926890335504,9985,485,0,83,112,119,0,0,14,6,12,0,41,64,2444,0,647,56,0,133,2168,947
"Key West-Key Largo, FL Micro Area",28580,5482,14615,37.80058605559776,992,27.653141909176888,6.742740197522442,27.80353183770291,64499,1994,126,687,411,1051,3,82,7,39,87,194,323,596,15842,30,6827,645,68,1947,8996,3455
"Kill Devil Hills, NC Micro Area",28620,2506,8376,42.80952882152756,286,22.341507911447916,4.771427569027821,30.077535697996705,28503,920,0,161,283,471,0,0,2,24,53,12,217,95,5448,0,2936,42,0,604,4285,1782
"Killeen-Temple, TX Metro Area",28660,31720,51171,25.390594046329802,2289,27.020325417998365,9.091299294751579,38.49778124092026,302872,17022,109,4251,4353,4860,395,424,455,477,1523,549,1960,3722,64815,42,19537,4373,42,3904,58021,26858
"Kingsland, GA Micro Area",28680,3704,5189,22.43317718379719,265,31.8875723339763,7.517222375310002,38.16202810691651,36290,2462,23,658,555,834,23,7,11,90,77,0,92,62,9110,0,2242,280,16,445,7162,2983
"Kingsport-Bristol, TN-VA Metro Area",28700,21630,35740,23.762780109741175,2489,35.251391502296144,11.28290151804238,29.702926869920304,227991,16438,65,4936,4549,3405,257,125,214,474,1128,1346,3671,3386,63932,76,13241,2084,8,2707,31008,15082
"Kingston, NY Metro Area",28740,12934,27094,37.050437372045415,2308,27.96947701470315,8.252372975991067,26.727712637260375,134325,6316,36,2118,2297,1655,16,49,127,132,372,423,916,1552,31254,8,16985,1384,0,3381,15582,7386
"Kingsville, TX Micro Area",28780,1031,2602,23.72529815060206,236,32.822492366192314,16.172149565016998,27.280059918188627,17357,1427,9,283,336,265,41,39,45,118,377,51,490,274,4270,0,1143,479,0,137,2383,1321
"Kinston, NC Micro Area",28820,4640,3919,15.811685758473354,149,32.69286219822276,17.52077380796351,33.97467823534038,38149,2451,30,1259,1003,1231,2,201,26,72,417,53,356,1086,10021,0,1754,948,0,210,5332,2989
"Kirksville, MO Micro Area",28860,1256,2463,31.209464328609176,767,36.446072543838575,7.1102570261830405,25.234206101369207,16652,785,0,156,221,222,4,0,20,3,26,48,217,103,5284,2,1598,162,0,369,1880,1066
"Kiryas Joel-Poughkeepsie-Newburgh, NY Metro Area",28880,48132,91391,35.607814268571865,7551,26.692509978468635,9.365080040509605,28.334595712449897,470012,21796,171,5823,6774,10535,164,759,325,886,2798,963,2943,4532,103662,137,58736,7088,119,9683,56242,28802
"Klamath Falls, OR Micro Area",28900,4653,6623,21.512216864540704,518,33.581182381782085,10.411686048867457,34.49491470480976,49358,3337,0,1105,1159,930,18,62,44,0,474,71,419,313,13238,8,2893,536,0,584,7916,4457
"Knoxville, TN Metro Area",28940,55879,124553,31.86019295230111,11835,30.385078687824617,9.49505464280761,28.259673717066665,641713,34010,385,10904,10185,9875,264,1095,366,974,3074,1950,7806,7473,160975,62,54987,6372,146,13076,83544,41923
"Kokomo, IN Metro Area",29020,5544,7730,19.97961087880568,302,38.184677057054984,7.932750457891282,33.902961606248056,57874,3487,0,821,721,953,0,0,20,96,78,278,477,454,18612,0,2973,693,0,558,9186,4891
"Laconia, NH Micro Area",29060,5752,9486,32.57467120088499,451,29.526365386979148,6.192895480804688,31.706067931331177,48814,2290,0,826,597,635,0,0,0,0,16,77,295,442,12123,0,5284,135,0,680,6546,3179
"La Crosse-Onalaska, WI-MN Metro Area",29100,15913,23432,33.041993793845414,1632,27.294632298677858,4.876010278387823,34.7873636290889,112469,3215,18,421,1055,1389,32,78,2,36,116,67,1485,195,27483,0,9769,578,12,2329,16024,7188
"Lafayette, LA Metro Area",29180,20148,52645,26.981929887965308,2543,34.76797976147452,13.040477050957715,25.209613299602456,276700,14112,19,6132,7478,4605,46,261,422,502,1703,1736,4144,5040,82091,18,14619,3947,30,4852,35480,14127
"Lafayette-West Lafayette, IN Metro Area",29200,11167,26641,35.3505760280766,4577,30.38300144960708,8.39703974975204,25.869382772564283,131070,5678,6,1938,2040,1721,41,28,20,158,615,295,1377,1277,34145,10,12819,1462,18,2297,13130,9610
"La Grande, OR Micro Area",29260,1610,3003,24.91315984283355,254,32.96509310403736,6.451796594726952,35.66995045840214,17561,939,0,100,248,227,0,35,3,12,43,35,80,183,4850,0,912,167,0,206,3137,1517
"LaGrange, GA-AL Micro Area",29300,7136,8312,19.75787742017126,609,36.69099140900718,13.571237749750425,29.97989342107113,71121,4422,1,1778,2004,1532,0,67,69,91,419,275,761,1466,21673,0,3904,1188,1,1227,10361,3825
"Lake Charles, LA Metro Area",29340,15013,24925,23.224118690887803,1922,35.61824268700949,11.502600784198941,29.655037837903762,163989,9809,0,4005,3973,2740,91,28,129,160,621,614,1728,2551,48601,60,9116,2134,29,2122,23363,10255
"Lake City, FL Micro Area",29380,5039,5548,16.345140633865608,250,35.513090702764046,14.511226392153684,33.63054227121667,49348,4006,0,1543,2205,996,0,0,142,28,286,171,584,591,13519,0,2003,615,0,265,7197,4360
"Lake Havasu City-Kingman, AZ Metro Area",29420,16059,15551,14.88545563987867,1100,34.66781545434159,11.833890023251147,38.61283888252859,169454,11497,125,3234,4347,4554,180,232,61,83,441,472,1325,2078,47249,61,6814,2804,56,1759,31308,18064
"Lakeland-Winter Haven, FL Metro Area",29460,52012,80742,22.640908487686502,4173,33.24663014010276,12.481278556126414,31.631182816084326,527470,28459,388,8350,9451,12423,480,1306,588,1248,5407,2078,4285,7940,146907,41,29006,11602,248,5503,75887,38946
"Lake of the Woods, VA Micro Area",29470,1968,4908,29.44913670677928,240,35.94065326257568,8.700201808804843,25.910008221840197,26758,1234,0,567,258,414,0,13,0,28,63,86,215,267,8383,0,2325,417,0,407,3146,1819
"Lancaster, PA Metro Area",29540,30197,74352,30.975160116332663,4688,34.457193712950755,12.851686452754423,21.715959717962168,377538,18080,40,5881,5174,6361,13,563,335,226,540,1249,13990,7632,112009,120,32133,6288,108,5770,33219,18570
"Lansing-East Lansing, MI Metro Area",29620,31297,66735,37.25123894034924,8251,23.365701460782024,5.881074699670481,33.501984899198256,308328,9331,44,3028,3971,3644,61,184,158,132,251,302,1568,1498,62712,35,31914,3218,39,7956,46252,25747
"Laramie, WY Micro Area",29660,1845,6101,55.509822263797936,1659,14.443405051449954,3.0542563143124415,26.992516370439663,21380,668,9,73,107,146,0,1,0,0,0,25,84,67,2420,0,3599,141,0,509,2645,1281
"Laredo, TX Metro Area",29700,11298,22416,20.9415563109472,679,22.16214087908338,30.211436746157784,26.684866063811636,152386,5736,208,2661,3970,7510,503,1211,849,1063,7004,1742,4461,8672,28036,41,7314,6119,24,1503,21538,7828
"Lares, PR Micro Area",29720,2453,3280,21.298763082778308,112,23.18268315889629,30.851569933396767,24.66698382492864,21020,358,426,278,349,160,165,503,590,462,890,451,405,1039,4515,0,1075,767,0,10,2298,434
"Las Cruces, NM Metro Area",29740,12334,24324,31.39871767875166,2584,22.84071188434421,17.345464315018262,28.41510612188587,137719,5708,89,1978,2975,2437,505,1400,632,420,5703,848,879,3110,25748,58,13927,2828,26,2407,19026,7773
"Las Vegas, NM Micro Area",29780,1847,3215,26.119016817593792,363,27.438551099611903,13.14359637774903,33.29883570504528,23190,1545,54,632,769,347,23,8,0,68,291,79,238,203,4818,0,2233,336,0,246,4887,988
"Las Vegas-Henderson-North Las Vegas, NV Metro Area",29820,135109,286282,27.308581787539083,16083,27.61387889964943,13.186110048871399,31.89142926394009,1592547,63775,924,18916,26700,55706,1829,3747,2319,4017,20091,4806,11515,17538,375989,763,105096,40608,516,27441,252642,120135
"Laurel, MS Micro Area",29860,5837,6373,18.59212346218243,331,34.820193637621024,12.406275023658733,34.18140787653782,54948,4026,0,1104,1421,1012,119,163,78,87,229,439,971,570,15107,0,2803,624,0,709,9348,3597
"Laurinburg, NC Micro Area",29900,2500,2174,14.811797993655148,170,36.067049644173885,17.64125868129984,31.47989368087113,23326,1462,0,1001,991,656,0,7,10,74,40,150,358,618,6951,0,989,207,3,122,3822,1021
"Lawrence, KS Metro Area",29940,4148,20500,52.03068273319301,3044,19.450762124058823,4.113633474127336,24.40492166862083,70789,2485,0,550,475,530,0,1,0,39,60,102,234,254,11284,0,10790,667,0,2498,9222,3906
"Lawrenceburg, TN Micro Area",29980,2121,2862,15.499205508474576,138,42.22060381355932,14.453125,27.8270656779661,30208,2793,6,741,617,553,3,32,22,58,84,292,1065,435,9961,21,1424,434,3,258,3797,2488
"Lawton, OK Metro Area",30020,6242,12777,24.02014929902288,904,33.032712265582326,9.67409115737088,33.27304727802391,82385,4944,9,1126,1790,1857,24,33,66,11,146,328,773,835,22270,51,5083,884,37,1025,13983,7187
"Lebanon, MO Micro Area",30060,1691,2523,15.656524568825253,61,42.79612756264237,14.159616010413275,27.387731858119103,24584,1759,17,526,968,558,0,0,0,6,127,157,424,273,8762,0,1083,385,40,182,3331,1711
"Lebanon, PA Metro Area",30140,7706,15036,23.952162284906898,922,41.622849068981175,11.954382600797295,22.47060604531463,99085,5190,8,2369,2465,1547,147,159,24,87,207,141,1924,1538,36052,9,6624,1200,20,1151,8599,5960
"Lebanon-Claremont, NH-VT Micro Area",30150,14412,35843,40.0879934460054,4837,29.506933276693875,6.273629274509209,24.131444002791515,164785,6280,25,1673,2259,1696,0,53,11,35,151,235,1035,1664,42343,0,20155,1446,55,5224,17314,8039
"Le Mars, IA Micro Area",30180,2506,3203,23.87991291394523,62,36.31259310186777,5.809556548642146,33.99793743554486,17454,596,0,86,174,176,6,0,0,15,16,57,212,137,5742,0,675,135,0,228,2239,1189
"Lewisburg, PA Micro Area",30260,2288,4218,26.424799396474864,744,41.327755297990535,13.315273300870997,18.932172004663602,29162,2542,0,653,825,549,31,0,4,30,40,42,721,646,9510,6,2128,261,75,616,1945,1288
"Lewisburg, TN Micro Area",30280,2355,3576,20.991447313792243,69,37.100390268205594,9.482687038113427,32.42547537988873,24086,1190,21,305,535,359,0,10,0,1,76,100,459,199,7746,0,1208,219,0,203,3390,2065
"Lewiston, ID-WA Metro Area",30300,5375,7800,25.893805693471805,860,29.492877739956203,7.414955662034125,37.198360904537864,46123,2463,81,436,658,805,0,1,7,22,40,66,474,401,11140,3,2502,424,2,781,7679,4103
"Lewiston-Auburn, ME Metro Area",30340,9958,12348,23.440359341207788,522,36.36154230065393,7.534903958128048,32.663194400010234,78143,5793,34,957,832,1105,8,64,24,59,162,145,1177,590,22621,0,4654,723,8,793,9831,5735
"Lewistown, PA Micro Area",30380,2713,2726,13.242164536988335,224,48.584511617833606,15.649268277590423,22.524055567587638,32321,1796,0,1021,1061,483,0,0,18,2,6,45,1174,943,13907,0,1198,302,3,132,3052,1515
"Lexington, NE Micro Area",30420,1657,2361,18.513024387349432,125,30.706699104017087,20.63727526256453,30.143001246068952,16853,987,0,188,368,407,31,331,109,128,406,238,209,184,4188,9,534,870,0,100,2028,1395
"Lexington-Fayette, KY Metro Area",30460,27893,80105,41.06946442169389,9585,23.50160903979857,8.074958205811216,27.353968332696333,342751,16283,143,4320,4826,4654,207,423,306,493,1519,518,3586,3280,64269,0,39164,3358,44,11912,46289,19574
"Lexington Park, MD Metro Area",30500,12016,27939,35.17458702502579,1891,28.634109118657,6.469116961295519,29.72218689502169,141534,4413,21,1959,1659,1675,87,37,0,60,451,119,820,1147,36114,14,18064,1107,0,1890,17726,12325
"Liberal, KS Micro Area",30580,1278,1211,12.662132236633978,35,27.92628914900348,28.052831382473904,31.358747231888646,12644,798,28,273,346,309,92,250,148,104,413,170,129,556,2733,0,306,729,0,49,1893,794
"Lima, OH Metro Area",30620,7152,8513,19.93422014325391,603,40.74111971933928,7.6070749890366915,31.71758514837012,68410,3950,14,1122,1164,1270,0,48,49,7,61,64,248,500,23921,0,3662,655,2,859,9019,5527
"Lincoln, IL Micro Area",30660,1584,2638,19.868327038889454,91,40.37460447075635,8.502602837603348,31.25446565275084,19594,1308,0,428,344,304,0,0,16,1,90,27,174,225,6603,0,977,56,1,187,3026,1514
"Lincoln, NE Metro Area",30700,25508,56071,40.5854966074072,5217,20.92153374147182,6.438688166318768,32.05428148480221,214143,7801,19,1544,1785,3540,63,158,75,64,602,97,758,1189,37001,31,21020,3792,71,4603,28752,14382
"Little Rock-North Little Rock-Conway, AR Metro Area",30780,42602,102574,32.86406117918454,7177,29.12647437568633,7.852013367146209,30.157451077982923,506316,23905,93,6313,7227,6782,343,607,320,276,2506,1477,3491,4203,123567,160,44437,5769,189,12208,77158,32932
"Lock Haven, PA Micro Area",30820,2189,3398,21.29003878913904,263,45.771184068460826,10.321110089175031,22.617667053225095,25007,950,0,550,468,402,0,0,0,0,14,12,540,345,10496,0,1470,240,10,193,2268,1199
"Logan, UT-ID Metro Area",30860,5677,19549,38.32381191537447,1784,22.637955929436878,6.002887814677632,33.03534434051102,79645,1751,12,557,696,1167,78,49,43,66,243,25,184,561,16279,18,8018,1082,0,1172,14044,6590
"Logansport, IN Micro Area",30900,2468,2653,15.640483963894757,71,43.24563088150566,14.219320145957365,26.894565008642214,26035,1775,0,518,887,655,0,80,48,120,114,79,324,353,9484,0,1145,518,6,203,2707,1827
"Longview, TX Metro Area",30980,17980,27182,20.81292747872396,877,30.67874484414974,13.01101655093197,35.49731112619433,191530,11217,54,3733,5048,3695,234,602,389,481,2564,992,1542,3015,47542,92,10066,2452,27,1738,33967,16041
"Longview-Kelso, WA Metro Area",31020,9957,8973,17.006680600612924,378,31.421903650608435,10.055522074191853,41.51589367458679,77987,5175,17,1085,1522,1758,24,82,85,223,356,126,423,822,19330,33,3368,1237,49,544,13855,8565
"Los Alamos, NM Micro Area",31060,628,3523,68.24698367636621,2485,10.170333569907736,1.6891412349183819,19.893541518807663,14090,207,0,16,1,58,11,0,0,0,43,0,25,51,1226,0,3279,33,0,329,1700,475
"Los Angeles-Long Beach-Anaheim, CA Metro Area",31080,651794,2175480,37.389010711305446,143872,19.549810597585022,17.81770204021105,25.24347665089849,9117096,182754,12696,93397,123784,274230,28651,59115,35872,53067,253271,39280,88896,171642,1599621,5837,834718,381231,3488,254722,1186151,463527
"Louisville/Jefferson County, KY-IN Metro Area",31140,84594,184127,32.14813248394174,12245,29.40593693003093,8.714757738362719,29.731172847664617,945775,49967,126,14568,15820,15377,347,438,440,410,2808,2111,6796,11233,228147,190,87275,11601,157,20402,130375,66221
"Lubbock, TX Metro Area",31180,16149,41033,31.34795800603105,4675,26.169446409292284,12.511168608763635,29.971426975913033,214888,10519,71,3948,3910,3639,392,674,240,535,2009,1422,1840,3625,45716,161,17840,4350,69,3815,31343,16913
"Ludington, MI Micro Area",31220,2795,3250,25.031511133933993,156,33.3737920731992,6.638345548760562,34.95635124410625,21421,903,0,265,330,287,4,10,0,13,60,9,131,197,6246,0,1690,114,2,266,3143,1550
"Lufkin, TX Micro Area",31260,5089,6400,18.01276079658306,259,34.069217654192954,15.121368182377445,32.796653366846535,56893,3770,0,941,1598,1279,22,64,138,165,528,453,793,1075,15613,0,3142,1528,19,447,8992,4578
"Lumberton, NC Micro Area",31300,7636,7205,14.559300409334963,217,34.913082770719264,21.117962894051352,29.409653925894425,75244,2870,101,3148,3377,1612,121,201,114,180,1037,528,1620,2746,23400,32,3040,1030,43,493,11149,3344
"Lynchburg, VA Metro Area",31340,15496,34358,30.874793334800444,2521,30.25465666773879,9.06336228056811,29.807187716892656,177219,8600,37,2728,3231,2738,0,61,91,191,354,890,1682,1828,45017,41,15393,2128,62,2444,25003,12325
"Macomb, IL Micro Area",31380,1707,2789,31.804317923569165,519,32.737276478679505,5.7293224089468335,29.729083188804495,16721,878,32,183,175,197,0,5,12,15,8,0,136,70,4596,0,1827,125,0,183,2232,1032
"Macon-Bibb County, GA Metro Area",31420,13503,19853,24.157776441166227,2063,34.156826743486654,12.193485073918136,29.49191174142898,157945,10455,85,3603,3600,3555,76,165,232,102,466,526,1444,2956,43494,0,11982,2381,68,4258,23489,9589
"Madison, IN Micro Area",31500,2799,2617,18.102742970331136,234,38.827886147353915,11.368040304870172,31.701330577444775,23223,1641,30,358,436,618,0,15,0,11,68,26,299,371,7376,0,1224,408,0,129,2613,1950
"Madison, WI Metro Area",31540,44936,137961,49.2930751501985,17444,20.215600696409332,4.111026553315858,26.380297600076318,461223,10844,60,2238,3263,4510,148,79,190,195,980,230,1494,1427,82395,17,58563,4100,30,13383,52990,23746
"Madisonville, KY Micro Area",31580,3179,2862,16.627388535031848,237,39.1624203821656,12.273885350318471,31.936305732484076,31400,2820,0,711,500,560,36,1,32,31,61,146,682,670,9477,0,1627,419,5,495,4487,2362
"Magnolia, AR Micro Area",31620,1004,1905,20.381939514411474,101,40.593497089308535,11.53627715462161,27.488286241658383,14086,393,4,195,312,407,0,0,16,24,38,30,150,242,5325,0,771,207,0,94,1716,1152
"Malvern, AR Micro Area",31680,1974,2407,15.784428142714239,120,41.01783927975992,10.603534511503835,32.59419806602201,23992,1974,0,372,625,500,0,0,0,9,48,70,205,523,7867,0,1190,166,26,70,3868,1978
"Manchester-Nashua, NH Metro Area",31700,29314,77518,40.620348208137976,4451,25.594281779730483,7.014328338634053,26.771041673497493,304990,12557,40,3522,3112,3857,169,177,191,289,1015,1003,2269,2929,65503,75,36892,2697,48,5027,34185,18150
"Manhattan, KS Metro Area",31740,7717,16364,38.967064624248636,2744,21.5312595218969,4.571895515359685,34.92978033849477,72202,2288,4,245,739,888,13,12,25,28,272,20,274,136,13258,0,7695,634,11,1332,11423,6080
"Manitowoc, WI Micro Area",31820,7185,9231,22.23185449600544,308,37.44348121706612,7.652558218595955,32.67210606833248,58830,1753,0,781,915,1040,38,2,0,74,127,53,469,271,20275,0,2753,731,1,787,7144,4892
"Mankato, MN Metro Area",31860,9127,14673,34.909728474624465,1509,25.028037087933786,5.027721177083827,35.034513260357926,63309,1808,15,525,506,675,36,11,52,10,225,41,334,293,14037,0,4798,460,0,1121,8543,4510
"Mansfield, OH Metro Area",31900,8326,9853,17.881391713167414,495,41.910011068889574,10.530279689158194,29.67831752878482,87633,5789,9,1441,2372,1721,7,0,32,87,155,290,1074,949,30938,24,4436,1056,11,886,9893,7789
"Marietta, OH Micro Area",31930,5698,5646,20.702693816200473,338,37.04408276380376,7.057469644660514,35.19575377533526,42579,1164,24,733,738,485,13,0,13,17,10,116,104,420,14609,0,2275,324,8,556,6052,3236
"Marinette, WI-MI Micro Area",31940,6591,6396,18.94941634241245,259,38.404669260700395,7.128814253532664,35.5171001433545,48830,1961,0,546,785,801,5,18,1,5,35,27,372,345,16792,0,2365,533,8,233,6778,3974
"Marion, IN Micro Area",31980,4360,5323,20.381480124564938,409,37.28704891005678,11.236032240337058,31.09543872504122,43672,3191,0,621,1034,785,0,19,5,28,122,146,557,891,13093,6,2946,672,21,223,5971,3249
"Marion, NC Micro Area",32000,4290,3985,17.55690161527166,116,35.01590797846305,13.879711209006363,33.54747919725894,32688,2427,33,1230,694,539,0,37,8,0,108,158,510,682,9019,0,1390,533,5,248,4119,2557
"Marion, OH Micro Area",32020,4238,4320,13.698391625133304,228,43.81352427797245,10.938690230047664,31.549393866846586,45947,3814,5,1014,1077,843,1,8,14,0,94,33,431,897,16317,0,1442,608,1,304,6228,4030
"Marion-Herrin, IL Micro Area",32060,5535,7926,27.457267181611876,709,28.083945785013846,7.563865003851679,36.8949220295226,48031,2274,1,602,816,703,0,1,26,53,97,106,352,399,11215,4,3914,473,0,639,8166,4020
"Marquette, MI Micro Area",32100,5013,10842,35.83194563211666,705,26.641613033889914,4.496151942031594,33.03028939196184,44438,1797,0,332,417,571,14,0,0,21,35,16,142,239,10042,4,3579,207,0,797,6405,3260
"Marshall, MN Micro Area",32140,2282,3341,28.649011471808638,284,27.117402977788625,8.146204539907249,36.087381010495484,16388,439,1,138,156,241,0,0,0,55,98,16,77,161,4005,0,1000,391,1,70,2375,1257
"Marshall, MO Micro Area",32180,897,2482,26.033898305084747,116,34.8,12.4135593220339,26.752542372881354,14750,719,8,448,231,174,13,55,38,44,113,33,209,150,4414,3,1010,268,44,232,1852,1197
"Marshalltown, IA Micro Area",32260,3098,3874,21.4471550846499,149,34.54620866483164,12.970853286075185,31.03578296444327,26521,1381,0,233,326,465,0,139,289,149,342,127,223,462,7781,42,1458,622,21,207,3553,1580
"Martin, TN Micro Area",32280,982,2779,21.612536691601175,353,45.39816305274122,12.039579585266546,20.949720670391063,21122,2228,0,524,458,318,3,0,8,24,56,112,352,423,7361,0,1278,265,0,155,2300,1143
"Martinsville, VA Micro Area",32300,5999,4816,16.737297391760233,169,33.21901349993447,16.226134824588232,33.81755428371707,45778,3439,0,1442,1372,691,16,59,32,30,523,396,837,896,11768,69,2393,1057,8,284,6601,2881
"Maryville, MO Micro Area",32340,928,1896,25.596615851225156,189,39.21302578018996,5.8185010775001995,29.371857291084684,12529,742,1,122,162,74,2,17,26,1,4,0,183,105,4171,0,1025,32,0,97,2049,703
"Mason City, IA Micro Area",32380,5396,5809,23.639545542931746,283,35.73710380843912,5.564043445651269,35.05930720297786,35999,1553,0,354,483,407,0,0,0,0,27,48,289,136,11312,0,1882,259,0,536,4624,2601
"Massena-Ogdensburg, NY Micro Area",32390,9409,9016,24.640042703226623,1113,33.766452682296425,10.889322788633075,30.70418182584388,71189,4431,50,1199,1545,835,18,4,41,12,179,223,1667,1054,19607,5,6381,875,45,1031,7705,4744
"Mayagüez, PR Metro Area",32420,14538,30827,26.89925240299039,2064,29.09090909090909,23.231819799993527,20.778018706106995,154495,5686,702,2152,3377,1032,934,2053,2475,2087,5614,3255,3319,6303,39258,0,7223,2575,14,1444,15654,1909
"Mayfield, KY Micro Area",32460,2893,2482,17.430787157953954,220,41.63619560413067,11.299071804556595,29.633945433358782,24887,2102,0,707,475,310,0,8,18,0,104,107,370,318,8260,0,1293,372,23,343,2762,1720
"McAlester, OK Micro Area",32540,2868,3913,19.707885127800257,191,35.70512187900918,12.730681930326657,31.856311062863913,30399,1858,0,853,951,355,2,31,4,7,144,89,476,629,8996,2,1621,327,0,266,4717,2099
"McAllen-Edinburg-Mission, TX Metro Area",32580,28369,70640,20.32666694303464,3173,25.166264946078638,30.65137956969507,23.855688541191657,506571,18862,1856,12239,13297,11412,3326,8468,5152,7926,23780,5558,15364,27596,108623,292,24120,18851,154,5036,68132,24345
"McComb, MS Micro Area",32620,4628,3161,15.152377429360042,169,34.25717781635034,17.818626753549783,32.771818000739835,35143,1998,0,1180,1884,907,5,17,75,65,97,67,571,673,10041,7,1756,714,0,239,4588,2301
"McMinnville, TN Micro Area",32660,1821,2939,15.11876027564977,176,47.27323608633295,15.209710707664323,22.39829293035296,28587,2856,0,546,814,620,35,47,36,87,112,279,560,702,10658,0,988,508,2,219,3083,1499
"McPherson, KS Micro Area",32700,2183,4304,33.085409075026206,465,24.145160485199423,7.672340637947387,35.09708980182699,20033,695,0,79,310,213,7,40,0,5,23,3,535,217,4142,6,1617,99,0,242,2948,1900
"Meadville, PA Micro Area",32740,4724,7699,21.224073444406663,542,46.81740904454267,8.974838490309418,22.983679020741242,58820,2903,27,1057,943,578,0,6,4,16,47,132,1389,559,24635,15,3676,501,5,567,5470,3325
"Medford, OR Metro Area",32780,14181,30128,30.58352103737073,1810,26.020757370235327,8.706771034259617,34.68895055813432,160714,7036,14,2438,2906,3620,5,244,85,207,615,256,470,951,34783,46,12902,2094,42,4312,27587,13982
"Memphis, TN-MS-AR Metro Area",32820,67660,164482,30.737222680936554,12142,29.059190647927124,10.525131671012579,29.678455000123737,888958,37907,162,14286,18350,16981,640,969,966,1394,5815,3024,6338,10620,220417,245,79250,13520,254,17367,143714,52455
"Menomonie, WI Micro Area",32860,3500,5181,29.231422805961692,530,33.40531737883669,5.551031967996602,31.81222784720501,28247,880,0,264,236,579,0,2,0,0,28,9,128,56,8556,5,2262,259,2,284,3553,1933
"Merced, CA Metro Area",32900,12841,17760,14.780215294542995,811,28.682807926011456,28.110749565562205,28.426227213883347,171486,5909,547,3777,3393,6542,1017,1934,1176,1488,8947,902,3722,5003,43278,141,5378,9581,36,1397,23942,11964
"Meridian, MS Micro Area",32940,7656,7748,20.5140615872486,400,28.630559959943252,14.573979804723358,36.28139864808479,59915,3188,26,1643,1975,2038,0,24,59,73,159,255,516,766,13966,0,3307,1198,0,836,9463,4619
"Mexico, MO Micro Area",33020,1613,1765,16.12020266728787,83,41.4303185603634,11.554364917593617,30.895113854755113,17171,1012,0,322,255,424,0,0,0,0,45,13,503,238,6102,0,758,179,5,162,2347,1345
"Miami, OK Micro Area",33060,2123,1973,14.968963060954513,89,35.3108781927343,12.765849191004374,36.95430955530681,19654,1354,10,507,573,304,43,23,16,38,64,76,296,313,5586,10,690,236,0,190,3734,1406
"Miami-Fort Lauderdale-West Palm Beach, FL Metro Area",33100,422492,967281,35.613802456862246,62396,25.690775231281766,13.14812732991744,25.547294981938556,4429878,133237,3650,48303,54559,144216,7346,15058,10004,16862,58580,19306,35140,57146,1004833,1153,399532,108617,2506,148439,491377,217845
"Michigan City-La Porte, IN Metro Area",33140,7303,11407,21.708216513854158,513,39.28923240130332,9.505948321588239,29.496602763254277,79182,6771,20,1424,1722,1563,19,24,31,194,362,477,591,770,24339,49,4347,281,0,922,11048,5005
"Middlesborough, KY Micro Area",33180,1521,1489,13.943108783622945,70,38.240895024994046,20.631992382766008,27.184003808616996,16804,1334,7,743,452,236,0,22,14,116,92,6,770,666,5092,0,534,343,0,250,2174,873
"Midland, MI Metro Area",33220,6585,13148,36.349286314021825,1335,27.445843828715365,4.965575146935349,31.239294710327453,59550,2144,2,399,784,701,0,24,4,7,4,39,289,381,14200,14,6303,307,2,860,7426,4592
"Midland, TX Metro Area",33260,9124,23158,30.56219933752719,876,24.034044243075172,13.832504490193779,31.571251929203857,110797,6024,214,1452,1628,3161,260,276,162,124,1206,133,824,1192,20605,79,8233,4551,64,1595,17491,8365
"Milledgeville, GA Micro Area",33300,2090,3839,24.128393623990103,549,33.659654996724655,14.786374554188805,27.425576825096442,27478,2392,0,634,717,911,73,12,0,74,88,39,333,744,6857,0,1731,429,9,511,4001,1445
"Milwaukee-Waukesha, WI Metro Area",33340,96193,271178,38.788676466892355,16548,25.624273383665525,7.319452420999527,28.26759772844259,1074329,32679,234,10218,15467,16575,614,1314,868,1244,4976,1776,5200,7384,242610,104,105078,12556,105,23914,145812,61682
"Minden, LA Micro Area",33380,2216,2218,12.798689363062415,96,43.88236234316311,13.757692000319668,29.561256293454807,25026,1887,0,859,698,309,0,0,9,56,82,218,448,409,9095,0,756,348,7,133,3575,1607
"Mineral Wells, TX Micro Area",33420,1549,2477,18.676514923123307,57,35.81549593005728,13.857903728268518,31.6500854185509,19902,1549,0,375,370,500,50,93,6,37,87,74,304,427,5579,0,1097,435,0,86,2758,1992
"Minneapolis-St. Paul-Bloomington, MN-WI Metro Area",33460,265698,733550,44.86287002987295,46937,20.168225017301435,5.792603819507304,29.176301133318304,2524357,69707,692,14522,18851,33582,880,1320,1173,1987,7188,1931,8917,11209,439411,303,284199,43129,542,67813,317069,153747
"Minot, ND Metro Area",33500,5893,9992,28.766517165785082,382,29.259266708231934,5.289515496470305,36.684700629512676,49721,1889,9,404,385,473,2,10,4,0,23,66,499,192,12659,0,3358,551,12,571,8183,4164
"Missoula, MT Metro Area",33540,7506,24184,45.08598507341041,2169,21.042765494195862,3.558163633611606,30.31308579878212,85887,2812,0,473,471,760,0,0,0,27,25,22,638,343,15261,0,9196,297,0,3174,13895,4634
"Mitchell, SD Micro Area",33580,2056,3084,23.998376529251463,76,34.81185133646431,8.355076245144083,32.83469588914014,17247,628,0,78,376,299,0,0,0,26,73,18,360,99,5376,6,814,106,0,165,2696,911
"Moberly, MO Micro Area",33620,1796,2204,17.095663339753692,84,43.524193077686334,10.249226638650558,29.130916943909412,17133,1494,0,429,270,196,0,1,0,7,9,32,260,304,5963,0,578,248,0,63,1693,1502
"Mobile, AL Metro Area",33660,24417,45444,25.150224087237017,2407,33.81968827609831,10.991693071850648,30.03839456481402,280248,14010,72,5519,7828,5369,79,96,184,212,506,745,2382,5003,80769,0,18428,2798,11,4204,43919,15846
"Modesto, CA Metro Area",33700,28296,46297,19.136945701036627,2009,29.347533218940114,19.886835798459945,31.628685281563314,352585,12662,327,6119,7372,11860,834,1979,1388,1489,12625,1364,5367,5273,90813,121,14337,13888,112,4831,56559,26663
"Monroe, LA Metro Area",33740,8996,22943,23.864875168036598,1198,33.81197290012774,13.515158405842659,28.807993525993002,149521,8728,11,3955,4563,3130,113,102,102,299,488,626,2278,2652,41828,0,9168,1842,47,2374,23787,10291
"Monroe, MI Metro Area",33780,12860,16562,23.409284381735525,754,33.16639800039847,8.24473383927116,35.179583778594846,110422,4995,3,2015,2219,1858,15,2,9,72,200,219,750,896,31628,69,7367,773,4,1166,15495,10491
"Montgomery, AL Metro Area",33860,21415,47143,30.436837252189946,3461,29.64999231596742,10.90517903795912,29.007991393883508,260280,12994,20,6645,5865,4004,38,115,181,353,865,1016,2190,3887,64179,121,23824,3012,72,4793,39504,14583
"Monticello, IN Micro Area",33900,1600,2204,18.31723975506359,100,41.19759773904851,9.703250117757891,30.781912388130007,16984,1093,0,205,394,263,30,0,28,26,81,64,108,210,5904,0,749,239,0,58,2001,1627
"Monticello, NY Micro Area",33910,5728,9476,29.68562256774448,752,29.811158336471728,12.34554617026237,28.15767292552142,55761,2997,111,1286,1262,798,36,109,85,110,260,95,658,783,13626,12,5180,1226,53,1145,6632,3341
"Montrose, CO Micro Area",33940,2304,5881,28.26628352490421,399,33.58876117496807,9.038952745849297,29.106002554278415,31320,1670,0,325,598,353,0,12,17,94,236,353,171,112,8850,0,2106,560,0,467,4537,2275
"Morehead City, NC Micro Area",33980,5896,10634,32.33756108691932,769,23.611401623913746,7.296202627925992,36.75483466124094,52589,2218,0,1066,565,727,0,11,8,15,18,55,342,605,10199,39,4564,350,36,1039,8692,4741
"Morgan City, LA Micro Area",34020,2074,2907,13.121567913594854,52,46.021055186432456,19.41385273505051,21.44352416492218,32961,2429,0,1137,1298,636,6,158,77,145,554,315,498,1096,12740,0,1248,479,0,118,3564,1430
"Morgantown, WV Metro Area",34060,5643,17428,39.48171728844602,3775,31.118766761877765,8.273553845147505,21.125962104528707,91726,5127,17,1476,1469,1263,23,67,17,139,237,272,719,1197,23417,0,12078,693,0,2934,9284,4451
"Morristown, TN Metro Area",34100,7555,10387,20.5205252573051,845,37.642257186797586,12.007571276469893,29.829646279427426,84530,6026,0,1564,1830,1507,68,56,48,136,626,308,1334,1390,25793,14,4773,1269,0,1341,10708,6952
"Moscow, ID Micro Area",34140,2093,6424,44.89985633398123,950,21.482295275923267,3.0592411053832502,30.558607284712245,23666,1027,0,102,125,201,9,0,1,0,25,0,51,45,4057,0,2575,165,0,677,3590,1549
"Moses Lake, WA Micro Area",34180,6551,7995,18.16451305876849,214,29.043862620787557,18.583942312345737,34.20768200809821,61989,3584,107,869,949,1305,146,415,107,136,1995,261,1578,2053,14420,0,2468,1563,36,583,9548,5106
"Moultrie, GA Micro Area",34220,2655,2608,15.696479480209508,177,36.86932307896307,20.281111184777565,27.153086256049857,30166,1599,62,667,956,835,134,71,144,76,657,112,446,1264,9523,0,1465,694,0,485,3711,1825
"Mountain Home, AR Micro Area",34260,3651,4317,18.74863948751438,208,34.64875454799888,10.59800354510682,36.004602419379914,32157,2100,0,450,822,848,41,6,2,0,125,185,250,340,9042,0,1240,339,0,264,4894,3033
"Mountain Home, ID Micro Area",34300,2275,2919,21.202771462596083,30,30.399480350763238,11.881563278120602,36.51618490852008,18474,1113,0,193,319,300,14,22,9,16,169,302,55,199,4503,0,754,597,0,214,3008,1463
"Mount Airy, NC Micro Area",34340,5800,6590,19.401277904867083,263,28.522126686124476,17.35031947621677,34.72627593279167,50708,2928,9,1626,1280,955,11,71,123,78,623,432,1052,1582,11535,14,2675,942,0,310,7208,4601
"Mount Pleasant, MI Micro Area",34380,3410,6201,30.804002094760342,1118,30.43466277114743,8.048289738430583,30.71304539566164,36281,1366,0,623,457,425,9,17,5,0,52,68,476,334,9676,0,3325,430,24,532,4750,2983
"Mount Pleasant, TX Micro Area",34420,2839,4252,16.427762587344986,178,35.42961305824841,19.001850470903417,29.14077388350319,36207,1896,0,773,761,879,36,267,93,147,1167,185,758,844,10932,0,1299,941,29,219,5249,2463
"Mount Sterling, KY Micro Area",34460,2328,3328,17.75925925925926,159,40.50617283950617,16.89506172839506,24.839506172839506,32400,3013,3,1052,710,698,9,16,46,142,193,286,1542,411,10111,0,1893,366,0,374,3520,2200
"Mount Vernon, IL Micro Area",34500,3438,2996,18.37319092949462,149,32.71031653896757,8.62162371333488,40.29486881820293,25842,1578,0,480,561,333,0,15,12,20,7,31,390,236,6875,0,1319,143,0,284,4063,2912
"Mount Vernon, OH Micro Area",34540,3960,6539,24.345291155708676,410,38.04659455031681,8.906931360975257,28.701182932999252,41507,1637,0,272,528,709,24,5,8,220,41,39,1027,280,14155,0,2640,544,0,516,4646,3307
"Mount Vernon-Anacortes, WA Metro Area",34580,10337,16796,29.134936253957388,863,25.52087789851972,9.166167536579104,36.178018310943784,93496,3864,114,1003,1374,1643,93,161,93,52,598,250,502,862,19997,54,7675,1771,0,1906,16590,6898
"Muncie, IN Metro Area",34620,7136,10543,25.690477886190443,1182,34.15426251691475,9.053486218930276,31.10177337796453,70205,4090,0,1548,1679,1233,15,2,38,8,50,108,550,493,19888,54,5549,578,0,762,9620,5079
"Murray, KY Micro Area",34660,1703,4131,32.32249786142002,412,31.424294268605646,8.618477331052182,27.634730538922152,23380,1412,0,422,365,387,0,9,78,0,11,132,167,195,5935,0,2634,249,0,380,3277,1481
"Murrells Inlet, SC Micro Area",34680,4819,9951,32.49164119710365,681,27.394309860310557,8.08598797973375,32.028060962852045,48751,1352,26,923,926,718,27,42,17,90,248,151,184,376,12003,0,4152,214,0,1056,7151,3644
"Muscatine, IA Micro Area",34700,3507,4632,22.714201572948063,256,35.155735717007936,9.517375186224578,32.612687523819424,28863,2007,0,522,478,468,49,19,8,25,130,144,118,388,8140,0,1419,398,0,249,3553,2353
"Muskegon-Norton Shores, MI Metro Area",34740,14745,18266,21.445691835036943,684,34.695121448986484,7.506033325371265,36.35315339060531,121409,7519,0,2067,2214,1546,0,51,87,81,262,179,745,691,34604,15,5785,1171,4,1302,17680,11711
"Muskogee, OK Micro Area",34780,4843,5849,19.029117441098737,354,34.13449592265468,13.015880187038334,33.820506449208246,44269,3302,32,831,1488,1001,24,37,12,72,315,125,583,697,11809,15,1982,476,54,239,6527,3602
"Myrtle Beach-Conway-North Myrtle Beach, SC Metro Area",34820,29264,47837,26.596009839938446,3106,31.406887234449897,8.621866770701258,33.3752361549104,276831,11367,31,3949,3799,4861,81,456,316,325,1115,712,1818,3182,75577,0,18841,3080,143,3842,41470,21659
"Nacogdoches, TX Micro Area",34860,2055,6125,26.50526149220666,793,29.12677690745576,14.848221114539653,29.51974048579793,37917,1894,3,654,878,570,129,97,119,105,620,240,573,706,9150,0,2558,936,0,574,6959,2179
"Nantucket, MA Micro Area",34880,530,3878,58.38277511961722,469,16.038277511961724,4.009569377990431,21.56937799043062,10450,199,0,16,37,34,13,89,0,0,2,0,132,0,1477,0,1437,96,0,317,1239,485
"Napa, CA Metro Area",34900,8272,23885,38.517125422897266,1394,17.450453304986866,15.29278289399716,28.73963837811871,97837,2482,144,556,899,3241,161,720,116,258,2676,296,907,1058,14591,65,9006,3832,33,3399,12971,6875
"Naples-Marco Island, FL Metro Area",34940,26707,69373,39.54141631831966,5087,25.376898671888814,10.018382046312082,25.063302963479444,299749,10256,171,2740,2898,4936,668,849,581,1529,3375,1311,2584,2979,65811,10,33054,5345,54,11011,32332,16088
"Nashville-Davidson--Murfreesboro--Franklin, TN Metro Area",34980,101233,356216,39.87239164520184,25891,25.655427206510144,8.531244105870444,25.940937042417577,1389094,57033,414,15749,18579,23689,258,1626,1241,1676,6689,2861,10388,14741,299345,326,138564,19905,365,33194,170776,88335
"Natchez, MS-LA Micro Area",35020,2819,4300,18.75133689839572,297,36.69251336898396,16.77005347593583,27.786096256684488,37400,2785,38,1233,1650,501,1,49,100,120,225,278,713,705,10938,0,2076,659,0,340,6104,1469
"Natchitoches, LA Micro Area",35060,1441,3336,25.613559322033897,362,36.06779661016949,12.668926553672316,25.649717514124294,22125,1511,32,583,662,546,3,14,12,4,52,21,230,349,6469,2,1767,293,0,202,2802,1432
"New Bern, NC Micro Area",35100,10121,13080,25.293353767680195,700,28.060179931443546,8.856183534752038,37.79028276612422,85477,4816,49,1746,1486,891,85,99,87,102,241,304,581,831,19169,0,6859,1068,0,981,14681,7500
"Newberry, SC Micro Area",35140,3151,3652,23.480164368831367,207,32.512769307577095,13.729405891163255,30.277660432428284,26039,1014,0,656,678,511,22,12,0,108,468,163,379,186,7452,51,2015,330,11,240,3201,1532
"New Castle, IN Micro Area",35220,3092,3765,16.69668124517623,122,42.94085698767973,9.367407026269902,30.99505474087414,34983,2851,0,883,541,430,0,23,3,13,120,130,409,338,12171,0,1684,326,61,270,4729,3022
"New Haven, CT Metro Area",35300,27918,84323,41.07148705674876,11687,27.950872331044906,8.33331233860301,22.644328273603325,396925,11478,100,4318,5095,4673,471,744,441,1124,2246,995,2979,4037,99466,34,52400,5759,61,14613,41666,20297
"New Iberia, LA Micro Area",35340,3921,4781,14.654319086689691,170,42.1922087063637,16.816612041090163,26.336860165856447,45461,2942,4,1426,1348,1212,24,14,78,26,412,314,743,1305,16239,0,1440,739,0,271,5111,2941
"New Orleans-Metairie, LA Metro Area",35380,46585,135786,33.04942465183893,11402,26.20313521800578,12.511133791725554,28.236306338429735,692711,28520,206,12946,17210,13867,366,1036,826,2230,5922,3064,6549,9559,152992,186,60387,12523,176,21362,107495,41516
"New Philadelphia-Dover, OH Micro Area",35420,5270,8645,19.591836734693878,189,45.09187583079209,11.075142700758464,24.241144733755572,63945,2428,0,1089,1482,645,2,0,108,1,109,35,2449,747,26406,16,3217,386,13,477,6448,3783
"Newport, OR Micro Area",35440,3656,6725,28.810860003033522,586,23.87127761767531,8.246119621821123,39.07174275747005,39558,1994,0,506,431,967,1,15,20,85,270,78,133,357,7449,15,3379,372,12,707,7872,3928
"Newport, TN Micro Area",35460,1575,1996,11.645464497376468,204,47.3859046468612,16.3451738326224,24.623457023139935,26491,1886,0,756,580,516,0,185,99,41,22,70,1026,616,10667,0,703,419,0,182,3116,1832
"New Ulm, MN Micro Area",35580,2195,2950,24.193094124936632,42,35.1320903509266,7.125556244015097,33.54925928012167,17753,464,24,178,332,236,15,0,0,34,11,6,250,56,5773,0,1087,123,0,216,2687,1074
"New York-Newark-Jersey City, NY-NJ Metro Area",35620,946630,3465456,43.49715290429639,249280,23.217902828190542,12.432012404085958,20.852931863427106,13911545,427693,8719,150389,169210,338310,15744,35817,36155,64203,159490,49944,152091,149455,2802276,5417,1856167,388841,5700,480223,1337779,616556
"Niles, MI Metro Area",35660,11916,19480,30.249212525477116,1577,27.91550861589772,7.677413377802483,34.15786548082268,107940,4611,15,1806,1933,1292,11,12,61,14,133,197,654,733,25521,9,9612,1417,0,1982,15643,9311
"Nogales, AZ Micro Area",35700,2794,4808,24.069518545733363,296,26.37295933037283,22.293217469090447,27.26430465480336,31301,1767,10,654,688,1215,56,131,160,297,700,253,712,1278,6488,0,2025,822,2,405,4291,1449
"Norfolk, NE Micro Area",35740,5359,5102,23.26405070370025,354,31.074657470407306,7.092925715350919,38.568366110541525,32187,1157,62,260,310,374,53,87,19,15,94,16,420,120,8845,0,1756,439,14,276,4562,2493
"North Platte, NE Micro Area",35820,3572,3358,20.55802103879027,155,29.326923076923077,6.451347797501644,43.66370808678501,24336,1192,0,182,314,447,21,37,54,0,35,41,218,119,5945,0,1269,102,0,221,4483,2571
"North Port-Bradenton-Sarasota, FL Metro Area",35840,62963,148724,37.17864917303552,11852,26.964336417197078,7.180778695312686,28.676235714454723,676208,25701,216,6248,6925,13536,106,778,691,841,2243,870,4271,4297,156634,71,72094,7325,139,18735,85131,45817
"North Wilkesboro, NC Micro Area",35900,5598,5515,16.667715082510327,313,32.36459709379128,18.125013105198047,32.84267471850035,47691,2424,12,1819,1450,943,0,237,119,68,339,210,896,1745,13011,0,1793,797,9,328,5959,4106
"Norwalk, OH Micro Area",35940,3630,4369,16.94463980709334,281,44.78549181151411,9.346428212599216,28.92344016879333,39812,2137,42,518,791,871,0,27,3,28,40,62,456,322,15693,0,1664,513,48,432,4280,3605
"Norwich-New London-Willimantic, CT Metro Area",35980,17070,37885,34.63708122805949,2901,29.170978673322374,7.357297944441063,28.834642154177065,197124,8565,29,2290,2230,2966,44,191,70,305,709,420,1167,1372,48938,15,23458,2683,12,4034,25610,14160
"Oak Harbor, WA Micro Area",36020,7361,13735,35.73504594037127,1028,21.8919932495781,4.115882242640165,38.25707856741046,63996,1984,0,193,483,982,28,46,25,35,152,76,70,173,12026,0,6729,362,9,1377,11287,5835
"Ocala, FL Metro Area",36100,30762,41315,22.375784121369552,2124,34.77906430486086,10.385290297620694,32.45986127614889,289496,16561,43,5495,5313,6146,63,196,190,721,1386,649,2475,2737,84123,31,16993,4372,248,4345,40436,22772
"Ocean Pines, MD Micro Area",36180,3381,8061,32.67351169908184,583,30.2028828117287,6.303682495804126,30.81992299338533,40516,1407,0,510,475,522,0,48,73,45,51,8,68,362,10830,0,4034,392,0,560,6018,3088
"Odessa, TX Metro Area",36220,7940,11234,16.647462500892228,446,30.470383097614945,22.374042765807747,30.508111635685083,98069,6611,135,2767,3909,3660,306,662,576,273,2266,673,1489,1748,23271,0,3989,3478,0,657,14044,7935
"Ogden, UT Metro Area",36260,41687,90696,34.157786189527876,4156,24.321359257739065,5.51045641345272,36.01039813928034,394686,12073,46,1907,3563,6314,205,149,99,370,1399,793,1124,2145,83920,123,34336,3467,45,5628,66379,34062
"Oil City, PA Micro Area",36340,3746,4710,19.652744181046067,148,46.37424071386336,8.466376390904692,25.506638714185886,37206,1851,0,531,746,511,13,13,25,4,8,105,401,385,15403,2,2181,400,6,273,3797,1947
"Okeechobee, FL Micro Area",36380,2489,3270,16.10202016677715,12,35.22207878301525,20.01325843480688,28.662642615400717,28661,2622,7,1073,805,995,27,127,30,241,326,128,364,946,7473,0,1117,667,0,216,3345,2381
"Oklahoma City, OK Metro Area",36420,75936,201396,33.420249031450375,14092,26.17896597810824,10.108760933191222,30.292024057250167,945744,41647,478,13449,15711,18220,878,1683,1069,1706,6926,2030,7078,11445,205939,62,79389,14781,87,21193,138277,72272
"Olean, NY Micro Area",36460,6411,6055,20.673885518831376,470,40.117542566660994,10.779144698301113,28.42942721620651,52917,4165,8,1156,963,839,1,18,48,39,37,195,1074,494,17064,0,4003,807,25,412,5140,3493
"Olympia-Lacey-Tumwater, WA Metro Area",36500,23677,48591,37.175424490375065,2892,22.119850541550395,5.529489665610368,35.17523530246417,211430,9992,35,1262,2044,3205,0,235,43,199,328,228,544,1165,36776,61,22162,2334,8,4955,33185,17509
"Omaha, NE-IA Metro Area",36540,60395,159712,39.092540494060245,9591,22.53149018764818,7.306845124044702,31.069124194246868,641946,20674,268,4919,7635,8238,385,599,677,666,3403,1136,3444,3770,123966,176,65286,11348,242,16364,92448,46604
"Oneonta, NY Micro Area",36580,4415,7281,33.85222929936306,626,30.698089171974523,7.880254777070064,27.569426751592356,39250,2074,2,599,630,550,0,21,9,20,71,18,277,358,9975,0,4489,526,12,891,4253,2153
"Ontario, OR-ID Micro Area",36620,3876,4577,17.371297095197008,139,32.53849975161451,14.869140063272937,35.221063089915546,38247,2738,7,797,973,1024,27,252,148,117,686,68,464,640,9707,10,1672,474,0,256,5997,3598
"Opelousas, LA Micro Area",36660,4127,4986,14.329862151633204,311,39.91609229847168,19.41863949655379,26.335406053341327,53392,3095,8,2112,2028,1020,27,46,243,136,503,628,940,1741,18217,15,1862,909,12,492,7142,2792
"Orangeburg, SC Micro Area",36700,7292,5842,19.362033562274306,511,33.392338738228425,16.685548396233095,30.56007930326418,56492,2355,84,2312,2187,1516,32,45,244,169,214,520,492,1009,16509,12,3815,582,8,770,6810,3162
"Orlando-Kissimmee-Sanford, FL Metro Area",36740,210827,439223,35.8283338044377,23870,25.13807592508488,9.346340048423176,29.687250222054246,1889178,72962,907,22389,25934,41786,1120,2854,3195,4539,7965,6090,11319,15234,401941,204,174211,32342,691,39557,231579,118439
"Oshkosh-Neenah, WI Metro Area",36780,14056,24993,31.042219748223005,1261,31.73760383660187,5.486854500299734,31.733321914875397,116770,5254,0,950,1433,1834,3,12,50,158,116,22,539,531,31806,3,8419,754,2,1575,15272,7727
"Oskaloosa, IA Micro Area",36820,1925,2490,22.999589659417317,97,38.729311995623036,5.9704554780467785,32.300642866912874,14622,1035,0,151,131,219,0,0,11,2,0,5,181,77,4628,0,633,79,17,143,1583,1215
"Othello, WA Micro Area",36830,865,1150,15.42534415813625,41,29.324038122132016,30.06530180021179,25.185315919519947,11332,822,127,175,357,171,59,397,63,104,737,166,167,194,2501,9,466,681,0,91,1285,704
"Ottawa, IL Micro Area",36837,11978,13917,19.575368312717988,597,35.62960986487259,8.628904686576835,36.166117135832586,104938,6185,77,1497,1823,2108,11,31,6,81,243,87,880,892,31204,32,5258,1194,93,770,14607,11367
"Ottawa, KS Micro Area",36840,1429,2779,25.29615144816641,70,35.1414158589809,7.770787281074647,31.791645411778042,17643,683,0,354,232,257,0,0,42,0,41,28,113,118,5517,0,1410,186,0,204,2833,1347
"Ottumwa, IA Micro Area",36900,2744,2829,19.426168068626634,101,38.069459481968856,12.309486133089031,30.194886316315483,24014,1589,0,221,597,603,5,23,0,117,327,146,400,160,7553,0,1327,357,0,408,2717,1790
"Owatonna, MN Micro Area",36940,3126,5199,29.68203435129505,153,30.181189325158197,6.347521911724247,33.789254411822505,25443,973,0,282,273,262,0,10,0,24,3,58,134,203,6706,0,1704,352,14,496,3563,1908
"Owensboro, KY Metro Area",36980,8539,11104,24.669440591770687,705,34.77709530414108,8.998084670761507,31.55537943332673,75705,4381,4,1140,1111,1406,28,201,50,248,185,131,873,716,21947,72,5667,634,13,1200,9665,5685
"Owosso, MI Micro Area",37020,5770,6494,19.489415975807944,328,34.61973627368291,7.331673900968918,38.55917384954023,48611,2046,15,633,904,860,32,0,0,23,11,42,203,267,14783,41,2335,498,35,317,8759,4215
"Oxford, MS Micro Area",37060,3688,8236,37.45776424118403,1501,26.493123304620948,9.734450102317613,26.31466235187741,42026,2649,0,867,703,666,6,26,0,24,228,165,337,487,8485,0,4732,582,0,1273,4810,2561
"Oxnard-Thousand Oaks-Ventura, CA Metro Area",37100,56650,128351,35.66576039958768,10236,19.457069920926468,14.711447329279345,30.165722350206504,578196,12407,576,6675,6644,13299,1339,3508,1900,2289,19669,2009,3469,7543,100093,359,53080,15641,141,14551,81928,35839
"Ozark, AL Micro Area",37120,3513,4370,19.327855284937336,186,31.180539134547175,14.276424686687161,35.21518089382833,33832,2194,0,1074,673,1036,55,28,52,44,132,221,376,470,8355,0,1726,657,12,257,5551,2850
"Paducah, KY-IL Metro Area",37140,8356,10631,23.777939181318605,508,34.67815981691357,7.974400789354676,33.56950021241315,72971,3956,3,1007,1423,817,0,44,0,22,194,182,700,762,21349,0,4805,649,16,1407,10063,6077
"Pahrump, NV Micro Area",37220,3437,3582,12.673745173745173,186,35.51640926640927,13.344594594594595,38.465250965250966,41440,2263,0,830,1177,1018,0,149,80,35,351,256,331,617,12455,0,1334,584,102,150,7956,4547
"Palatka, FL Micro Area",37260,3914,5285,14.094667646117045,280,40.637772880525894,17.786442146503173,27.481117326853894,53091,5203,153,1408,2065,1640,34,236,130,259,227,297,742,1686,16372,0,1704,553,13,214,7265,3411
"Palestine, TX Micro Area",37300,4045,4344,14.536875134733766,203,38.04642027353949,14.014706939088361,33.401997652638386,41749,5247,43,980,1329,444,57,59,69,188,231,241,575,1108,10637,13,1292,514,0,230,6457,3443
"Palm Bay-Melbourne-Titusville, FL Metro Area",37340,56787,94125,33.53988571773184,6365,26.08569231663899,6.8638283482916895,33.51059361733748,464289,19707,89,4473,5042,8664,32,171,160,421,1060,841,2300,3131,101406,104,47341,5231,149,7891,62734,36065
"Pampa, TX Micro Area",37420,1305,1772,15.639056120683689,49,36.23278665836274,14.780984014947062,33.3471732060065,14451,1385,50,244,338,177,18,102,17,15,445,81,124,316,3851,6,391,203,0,48,2199,1315
"Panama City-Panama City Beach, FL Metro Area",37460,16362,24461,26.095426845709973,1362,29.705953729170037,10.193873698969961,34.004745726150034,148344,9092,37,2688,3106,3006,14,166,121,155,516,230,1163,1714,34975,39,10756,2102,65,2132,21637,12445
"Paragould, AR Micro Area",37500,2443,3244,16.488969999679824,150,42.59277046713412,12.602055518201901,28.31620401498415,31233,2750,0,608,813,764,7,48,13,91,91,95,480,640,10553,0,1559,286,0,197,3932,2469
"Paris, TN Micro Area",37540,1320,2813,18.57972499786489,247,45.26859680587582,11.606456571867794,24.545221624391495,23418,1677,18,462,427,465,0,0,52,54,48,156,659,256,8924,0,962,121,0,329,2937,1491
"Paris, TX Micro Area",37580,4122,5602,19.59709948937956,289,35.07892466599827,12.161626524283616,33.16234932033855,42889,2625,9,965,1052,691,23,62,31,125,197,155,596,447,12420,0,2170,862,1,344,6578,3523
"Parkersburg-Vienna, WV Metro Area",37620,6834,9046,22.55345813425237,569,36.179212031017464,9.576251272812721,31.69107856191744,63835,3238,0,1274,1257,1070,13,32,17,27,62,349,525,979,19857,0,4093,508,0,689,8931,4465
"Payson, AZ Micro Area",37740,4269,4991,18.847188995215312,225,31.439393939393938,10.36682615629984,39.346590909090914,40128,2641,4,1140,1114,834,68,36,5,48,163,49,324,198,9975,3,2109,174,0,238,7966,3554
"Pella, IA Micro Area",37800,2529,5138,33.066320594289806,332,32.690414391837464,5.419314418687908,28.823950595184822,22346,783,0,270,163,224,0,0,0,19,27,13,305,103,6522,20,1545,67,0,374,2334,1578
"Pensacola-Ferry Pass-Brent, FL Metro Area",37860,41615,67652,29.714549834724636,4738,26.928959605580143,8.686761163090368,34.66972939660485,356980,16429,19,5080,6426,6721,161,199,234,297,894,473,2434,3968,79702,95,28316,3884,125,5369,52643,29506
"Peoria, IL Metro Area",37900,27022,50908,31.634115464541352,3100,29.073146651591998,6.365597904408545,32.92713997945811,251194,11405,8,2485,3253,3472,30,110,121,145,373,278,2017,1767,61625,19,21639,1901,11,3816,35114,20575
"Peru, IN Micro Area",37940,2608,2928,16.112745487795184,55,40.87620259203308,12.54671225252445,30.464339667647295,25154,1961,0,624,574,528,6,31,79,10,127,50,452,328,8321,0,917,340,7,153,3047,2008
"Petoskey, MI Micro Area",37950,2354,5855,40.24294052689699,283,24.637166745543464,3.9872219592995743,31.132670768259977,25356,618,0,169,219,334,0,0,0,0,2,0,66,79,5629,0,3197,139,3,869,3361,2179
"Philadelphia-Camden-Wilmington, PA-NJ-DE-MD Metro Area",37980,324240,1048224,41.452125103191044,94114,27.03380067284012,7.918334778199612,23.595739445769222,4348730,133138,1650,46730,58353,74624,1672,4771,4355,6857,17246,7424,26293,32434,1042489,949,531709,59756,1233,128594,465166,236709
"Phoenix-Mesa-Chandler, AZ Metro Area",38060,309009,729148,34.56726141121921,47551,22.747562605405356,10.538562971774725,32.14661301160071,3370915,128887,1710,35155,46720,75687,3031,6555,3794,7426,35479,7917,28997,38155,637914,1180,318023,62345,1095,70511,520608,254018
"Picayune, MS Micro Area",38100,4615,4573,15.958621043714865,240,36.00379906050261,12.185229868829735,35.85235002695279,38957,4048,6,719,756,595,0,49,0,203,308,415,462,663,9978,25,1231,546,0,173,5967,3385
"Pierre, SD Micro Area",38180,1788,3452,34.34887737478411,234,28.8566493955095,4.0,32.79447322970639,14475,927,0,78,151,84,0,0,0,0,0,2,106,81,3250,0,825,77,0,461,1794,1165
"Pikeville, KY Micro Area",38210,5278,5753,15.6607912852712,240,38.73666691882896,19.086163855057116,26.516377940842727,66095,4476,58,2030,2362,1121,0,69,120,135,426,895,2268,1940,21127,0,3442,1176,15,916,8754,3494
"Pine Bluff, AR Micro Area",38220,2886,7046,20.172091729263542,381,41.48881205039545,11.104487103056316,27.234609117284688,50322,2736,0,846,1653,812,0,107,22,90,182,122,586,642,18142,0,2354,526,0,370,7311,3508
"Pinehurst-Southern Pines, NC Metro Area",38240,8811,18084,40.91314452491622,1277,19.97486758188304,7.265430764241704,31.84655712895903,74008,2234,17,914,872,774,0,60,121,41,364,306,486,614,12549,8,8972,785,15,1946,10438,4320
"Pittsburg, KS Micro Area",38260,2135,4750,31.97421227905388,365,28.78490308257194,5.776620271539578,33.4642643668346,23422,897,5,237,139,354,0,0,0,0,129,3,144,64,5845,0,2125,278,0,249,3749,1954
"Pittsburgh, PA Metro Area",38300,188402,403577,37.40367293554415,33665,31.359885764794825,5.135256098190228,26.101185201470788,1782988,60527,198,16899,19504,17795,146,376,365,865,1800,1713,7951,9483,498616,238,188891,13937,291,40770,177824,99155
"Pittsfield, MA Metro Area",38340,7990,19480,38.260079571442,2202,29.29315079936928,6.304104925701994,26.142664703486734,95763,3955,0,1279,1237,1288,13,0,29,112,48,131,458,484,24097,5,12416,952,1,2541,11016,6029
"Plainview, TX Micro Area",38380,1685,2400,15.796400067923248,155,32.768721344880284,24.961793173713705,26.473085413482767,23556,1725,17,657,504,530,147,344,131,261,670,326,442,1060,5994,0,1062,791,0,104,3187,1364
"Platteville, WI Micro Area",38420,4630,4949,24.56242707117853,423,34.52066572498925,7.114782288276116,33.80212491555611,32566,1013,0,336,311,316,0,1,15,2,26,60,806,193,10229,4,2238,245,2,389,4227,2151
"Plattsburgh, NY Micro Area",38460,6520,8387,26.82087241599126,644,32.4542391403333,11.809489117566706,28.91539932610873,54905,3385,0,1440,1287,1096,21,18,18,41,81,268,686,835,14434,0,4811,690,3,884,5494,3862
"Plymouth, IN Micro Area",38500,2733,4098,20.449488923999613,130,38.1066004578725,13.881275594105697,27.562635024022185,31013,1528,16,632,819,629,86,16,66,0,114,116,825,507,10290,0,1814,479,0,300,3141,2674
"Pocatello, ID Metro Area",38540,5806,11078,30.20585278086469,1389,25.683089026476868,6.249669259670847,37.8613889329876,56691,2548,0,394,889,1111,0,52,0,11,147,59,203,362,12012,0,3821,315,0,836,10864,4794
"Ponca City, OK Micro Area",38620,3517,3746,18.523374159047783,143,35.37691909608418,9.470415732275315,36.62929101259272,28985,1995,0,548,708,659,2,34,8,14,87,54,130,265,8259,32,1316,199,5,164,4341,2759
"Ponce, PR Metro Area",38660,22546,41026,28.296741854636593,2706,29.460150375939847,20.917293233082706,21.32581453634085,199500,3319,866,2876,4330,1710,1163,2090,2399,2239,5941,2868,3930,6927,55454,20,10851,4265,106,1869,16750,3249
"Pontiac, IL Micro Area",38700,2258,3168,18.471135126544556,214,40.36711828042433,9.714331121617862,31.447415471413247,25169,1701,0,615,489,324,0,45,24,3,19,96,284,304,8459,0,1039,242,0,228,3661,1996
"Poplar Bluff, MO Micro Area",38740,2580,2894,15.228111314183248,247,39.78068209248595,15.517776475050866,29.473430118279943,28999,1615,5,1255,971,598,0,0,0,19,47,66,791,413,9921,0,1027,335,0,248,3842,2125
"Port Angeles, WA Micro Area",38820,7334,11064,30.69086225686074,861,25.078432020078594,7.009345794392523,37.22135992866814,60562,3110,11,720,838,1124,12,55,1,38,28,78,205,373,12078,0,5268,762,0,1394,9600,5608
"Portland-South Portland, ME Metro Area",38860,40867,112181,44.5727393363096,8117,24.463099171655987,4.162507221119751,26.80165427091466,413717,14864,2,2520,2799,4081,132,96,57,85,393,213,1936,2100,86344,86,50557,2712,9,13550,48536,21480
"Portland-Vancouver-Hillsboro, OR-WA Metro Area",38900,157743,466803,42.0509819330998,38516,19.79249400138783,7.224084741369941,30.93243932414243,1794165,66312,765,14995,17784,29136,1578,1830,1410,2573,9910,2529,8085,12117,288798,395,199047,25948,557,50098,268531,128705
"Port Lavaca, TX Micro Area",38920,1618,1490,16.896353718059146,175,31.531725523973584,17.527993109388458,34.04392764857881,13932,770,0,334,157,395,155,22,57,89,81,80,454,277,3623,0,642,341,0,47,1822,1303
"Port St. Lucie, FL Metro Area",38940,39839,70878,29.08188480679118,4457,28.464768892072108,10.024499633959083,32.42884666717762,378373,18126,43,6489,5563,7993,331,484,482,321,2023,1118,4175,2631,89577,37,27552,6162,78,7151,53914,28949
"Portsmouth, OH Micro Area",39020,4026,5843,17.951033710953606,294,43.459054051400855,11.310937898808238,27.278974338837298,50933,3024,0,1248,1423,708,0,0,16,7,76,307,660,639,19111,0,2679,651,26,327,5880,3988
"Port Townsend, WA Micro Area",39040,2387,6653,43.259899412056384,894,19.77757313876886,3.9137210455479208,33.048806403626834,28234,974,0,190,234,312,0,0,0,0,2,26,87,167,4610,0,3684,87,0,983,4753,2191
"Pottsville, PA Micro Area",39060,11559,13058,19.120554307978736,504,45.05575708719603,10.0046064374964,25.819082167328844,104202,6435,39,2249,2266,1891,7,19,39,88,140,150,1139,1403,40514,11,5451,978,6,911,9033,6312
"Prescott Valley-Prescott, AZ Metro Area",39150,18378,32658,29.602252541267426,2717,24.783786793363273,7.503168298981372,38.110792366387926,188587,8830,8,2147,2760,3149,104,202,52,262,665,282,986,1870,37909,21,16676,1642,0,3775,34978,18516
"Price, UT Micro Area",39220,1881,1689,18.413386120863525,68,29.55852692911033,8.194517068798088,43.83356988122806,13387,704,0,104,322,270,0,22,0,0,107,44,87,80,3253,0,612,61,0,96,2661,1326
"Providence-Warwick, RI-MA Metro Area",39300,100176,252585,35.00136627230313,20045,27.759111012154765,11.634399025729774,25.60512368981233,1185708,51197,728,18176,16563,20945,1664,2803,7112,2814,7465,3467,14758,16552,277945,301,117651,24173,429,24733,133011,70415
"Provo-Orem-Lehi, UT Metro Area",39340,35774,107202,43.37256952056527,5727,17.094161228126385,4.676020393823392,34.857248857484954,355794,9336,28,1475,2460,4933,71,251,139,636,1297,356,499,1057,51484,28,35229,3337,70,6159,62412,25834
"Pueblo, CO Metro Area",39380,14143,19072,25.01743879408612,802,30.033006107831294,9.542848393078925,35.40670670500366,117554,6661,103,1681,2275,2034,27,206,48,176,552,300,960,1472,28644,0,8054,1384,0,1481,17798,9681
"Pullman, WA Micro Area",39420,2441,6602,50.158065443199085,1809,15.055220265221497,3.92905530237714,30.85765898920228,24357,579,0,103,116,382,0,13,0,5,37,0,28,107,3088,0,3326,166,0,480,3602,1473
"Punta Gorda, FL Metro Area",39460,16670,25246,25.310375406443985,1586,32.952138141688835,7.753842743127402,33.98364370873978,162384,8304,32,2249,1955,3495,73,92,51,37,205,138,1020,1001,45205,349,11278,1871,23,2990,23731,14783
"Putnam, CT Micro Area",39480,7400,10581,26.159024335286162,793,35.218566922036956,7.894885083370888,30.727523659305994,71008,3423,14,1222,720,1016,0,0,41,45,187,211,599,823,21585,16,6497,686,26,704,9563,4856
"Quincy, IL-MO Micro Area",39500,4725,8886,25.6793768574814,377,36.10069734465142,7.284240787863483,30.935685010003688,51481,1962,5,543,993,696,0,15,22,0,28,185,451,611,16623,7,3379,158,36,578,6454,4747
"Racine-Mount Pleasant, WI Metro Area",39540,14996,25503,27.986119297418366,890,29.884769539078153,8.415360132028765,33.713751031474715,135728,6145,0,1377,2230,2940,86,124,285,175,586,138,957,1250,34417,27,10043,1242,5,1549,19416,11347
"Raleigh-Cary, NC Metro Area",39580,86785,302685,50.230744740474464,23313,17.284037264995867,7.060982320589225,25.424235673940444,983121,26264,220,8170,9695,10708,132,1667,852,2374,5704,1744,6795,9580,143659,233,141968,11352,192,25863,114569,48597
"Rapid City, SD Metro Area",39660,12506,22703,32.528520896357485,1515,27.555500763402215,5.31062409316352,34.60535424707679,105449,6451,0,1000,889,1230,0,72,5,0,72,165,513,498,22606,36,7699,1082,38,2384,16536,7449
"Raymondville, TX Micro Area",39700,704,1212,12.181916621548456,25,34.61984685590533,32.26854358419058,20.929692938355636,12929,841,46,536,400,469,133,157,146,181,411,216,311,469,3635,0,308,697,0,30,1165,837
"Reading, PA Metro Area",39740,27222,51020,27.16939162140192,3056,36.857124393305014,11.620313525684413,24.353170459608652,294011,12938,52,5450,5873,6210,104,366,360,670,1250,1075,4879,3485,95426,12,21726,4364,15,4079,27677,16702
"Red Bluff, CA Micro Area",39780,4760,5952,18.843192237503896,159,28.773311968665155,13.720122846842035,38.663372946988915,44934,1355,38,640,742,1243,132,216,266,101,500,170,489,523,11574,20,1704,1085,0,652,8593,4020
"Redding, CA Metro Area",39820,15288,20528,23.266685790040857,866,26.368548768480544,7.9302565374805205,42.43450890399807,128987,5304,7,1364,1996,2879,13,101,66,62,334,249,634,955,28708,2,6528,1567,0,2089,26449,12998
"Red Wing, MN Micro Area",39860,4359,6422,27.89786782895512,189,32.95735657910237,6.334668394392744,32.81010719754977,33956,1481,0,377,529,551,20,4,0,15,19,42,193,132,9710,1,2280,268,0,582,4324,2458
"Reno, NV Metro Area",39900,34730,75383,31.376948722585446,6206,24.379757990367498,11.415356481564022,32.827936805483034,392629,16268,228,6006,6463,9052,624,766,988,1587,4759,543,3350,4132,79454,125,33074,6063,134,8532,63010,31152
"Rexburg, ID Micro Area",39940,3600,6690,34.00907494145199,462,20.704039812646368,5.130269320843092,40.156615925058546,27328,907,0,191,285,268,0,44,9,0,145,21,131,125,4751,0,1954,183,0,188,5573,1801
"Rice Lake, WI Micro Area",39960,5075,4938,22.282168869705963,331,34.96687947726523,8.272637352756048,34.47831430027276,33363,1771,0,556,308,540,29,16,51,6,7,2,571,267,9895,3,1592,401,3,573,3974,2454
"Richmond, IN Micro Area",39980,4273,5559,20.215841627860783,541,36.67983491867317,11.65500651056035,31.449316942905696,45311,2761,0,1156,833,808,24,15,4,0,148,129,903,619,13859,0,2463,611,31,597,6051,3926
"Richmond, VA Metro Area",40060,72336,225465,40.20355574002974,15796,24.43760592853931,8.077051122410156,27.281787209020784,925152,38351,302,11277,13379,13112,662,1309,1137,1328,4778,2892,5340,7393,187734,110,107910,11602,104,22773,121944,58118
"Richmond-Berea, KY Micro Area",40080,6702,13294,28.197115682700296,1270,32.970003596096376,11.81007651005047,27.022804211152856,80643,5862,34,1457,1455,1421,10,105,165,82,285,287,1538,1127,20726,41,6959,1517,0,1216,10198,4892
"Rifle, CO Micro Area",40090,4861,13716,40.871229381208416,626,21.2558097147544,9.466873234302378,28.406087669734802,54865,1990,56,309,481,1077,1,87,22,29,744,87,657,453,9672,9,6069,1182,0,2013,7370,3354
"Rio Grande City-Roma, TX Micro Area",40100,1684,3320,13.2970175677516,116,25.109628217349854,39.92646057469699,21.666893640201554,36715,1427,116,1015,983,637,334,977,473,797,3530,870,1457,1519,7792,38,1239,1859,54,207,3973,2298
"Riverside-San Bernardino-Ontario, CA Metro Area",40140,255727,467101,24.07028946331359,29245,27.029613038952228,17.260036424678216,31.640061073055968,3029814,93613,3398,41394,60716,104789,7843,14830,8533,16932,70028,11200,27416,56374,725334,1483,190250,96479,1532,42689,477587,225321
"Riverton, WY Micro Area",40180,3138,4016,25.25450569338662,142,31.211824145992008,6.470100294095468,37.0635698665259,26522,1721,0,397,452,381,2,15,0,0,48,12,126,186,6557,0,2112,97,0,428,4787,1905
"Roanoke, VA Metro Area",40220,20297,43339,30.575772637707914,3303,32.26172935934532,8.07563950082545,29.086858502121316,225332,12340,41,3560,3212,2859,83,90,132,406,607,917,1526,1900,60356,31,17283,2765,68,4972,27163,18082
"Roanoke Rapids, NC Micro Area",40260,4496,5040,16.43968257309449,309,35.64106342223251,18.09838550108405,29.820868503588944,47507,2443,30,1710,2059,715,12,94,116,102,240,378,1095,1395,14489,0,2077,641,11,384,6791,2880
"Rochelle, IL Micro Area",40300,4109,5553,24.04140464132673,146,32.86493405309144,8.959875340864823,34.13378596471701,35938,1884,12,625,653,460,87,3,0,108,47,40,428,287,9927,0,2624,470,0,317,5191,2967
"Rochester, MN Metro Area",40340,19374,38343,42.29002709327829,4131,22.95961811379177,5.19545865049671,29.554896142433236,155020,3818,2,925,1305,1363,2,36,156,39,262,177,1308,318,31774,20,16750,2141,0,6334,17017,9425
"Rochester, NY Metro Area",40380,90977,156670,37.84302140127834,14256,25.134557122341665,8.278543674031923,28.743877802348074,742993,32776,76,8846,11474,12059,240,345,528,778,1323,1361,5937,5711,153972,117,92156,12474,240,18089,75584,47004
"Rockford, IL Metro Area",40420,21639,35289,24.384949982058306,1652,30.734559203213752,11.824889067819603,33.055601746908344,228518,13066,0,4098,5508,5033,125,245,346,496,1466,420,2141,3255,57168,128,15165,3740,21,3618,33886,20013
"Rockingham, NC Micro Area",40460,3536,2988,16.186184119994497,190,30.60066052015963,15.82152194853447,37.39163341131141,29068,1195,0,854,961,595,42,36,115,55,176,110,414,787,7700,0,1243,454,0,284,4808,2525
"Rock Springs, WY Micro Area",40540,3806,3648,20.375790424570912,146,31.147244805781394,7.468834688346883,41.00813008130081,27675,2160,0,242,538,369,0,21,5,0,66,40,232,114,6460,0,1340,440,0,505,4939,2604
"Rocky Mount, NC Metro Area",40580,10091,13732,20.037430812726477,433,34.84549834746944,14.280452355353802,30.836618484450284,100452,5970,37,2484,3568,1456,29,77,27,187,670,559,1424,2122,29033,11,5055,1694,0,908,14852,6033
"Rolla, MO Micro Area",40620,1835,4652,31.543434486169495,798,33.005970254707314,8.404281626452821,27.046313632670365,28307,1946,0,410,550,519,14,30,35,18,9,1,391,154,7397,0,2897,248,0,582,3933,1888
"Rome, GA Metro Area",40660,4995,9328,24.946125595653626,786,30.70841047743345,15.080280450420371,29.265183476492552,65894,4071,22,1363,1603,1432,203,186,129,242,486,337,1049,1503,16164,31,4617,1337,14,1707,9939,4350
"Roseburg, OR Micro Area",40700,9094,10059,18.946672278001564,617,31.90284374436361,8.371310046293514,40.77917393134131,83165,5109,62,1163,1457,1535,0,6,80,11,271,94,765,545,21423,0,4120,960,13,961,15547,9273
"Roswell, NM Micro Area",40740,3843,4671,18.200004763152254,359,27.552454214198956,19.05737216890138,35.19016885374741,41989,3021,53,1146,1072,1085,104,355,111,172,990,244,675,1050,8548,15,2061,922,8,551,7325,3608
"Ruidoso, NM Micro Area",40760,1645,2769,28.7753807106599,145,27.29060913705584,8.210659898477157,35.723350253807105,15760,490,0,87,321,239,13,51,33,17,180,46,51,137,3811,0,1352,119,0,269,2824,1161
"Russellville, AL Micro Area",40770,1399,2036,14.889393079977312,69,39.402533560219325,20.514274910190963,25.1937984496124,21156,987,0,963,710,397,93,49,7,15,197,218,312,841,7349,0,890,525,13,155,2327,1604
"Russellville, AR Micro Area",40780,3887,8107,22.066993611900322,577,36.17510269820301,15.13599594636168,26.62190774353499,55259,3893,9,1591,1265,1407,91,64,173,34,478,300,895,1038,16097,12,2973,1001,6,537,7502,3322
"Ruston, LA Micro Area",40820,1257,5189,35.95092953693537,603,29.5747983794631,10.609215857029268,23.86505622657226,26411,1069,2,707,590,306,5,134,27,44,45,57,184,454,6742,0,3356,247,0,347,3074,1972
"Rutland, VT Micro Area",40860,4440,9081,33.534528670335526,548,32.89987573229185,6.271081129060891,27.294514468311736,45064,1548,0,511,671,552,14,7,0,4,17,76,406,389,13278,0,4554,179,0,929,5519,2341
"Sacramento-Roseville-Folsom, CA Metro Area",40900,162851,379918,36.31107741387726,26473,20.635121534106943,9.906583031854787,33.14721802016101,1651306,46486,553,13196,17444,38873,1129,3258,1626,3416,13904,3235,9635,10534,294263,365,144057,45852,568,49159,262123,122388
"Safford, AZ Micro Area",40940,2568,2407,14.591321897073664,77,30.3087790110999,15.761856710393543,39.3380423814329,24775,2234,3,651,853,633,29,4,12,0,108,55,626,501,5275,0,1029,429,1,102,5114,2064
"Saginaw, MI Metro Area",40980,14854,19466,23.446640075046332,887,32.78319694323477,8.93234390134153,34.83781908037737,131119,5863,2,2486,2936,2659,14,79,54,34,243,84,695,861,37122,21,8597,1531,13,1793,19522,11303
"St. Cloud, MN Metro Area",41060,17650,23206,27.695146676804157,1575,28.265380472660457,7.314040423240195,36.72543242729519,126264,3455,14,992,1424,1765,45,80,38,197,147,104,1519,705,32234,25,8315,2176,4,1873,20062,8659
"St. George, UT Metro Area",41100,15604,25871,33.287575022347085,2357,21.461179925935387,5.679351296130762,39.57189375558677,125296,3397,71,849,1131,1888,2,36,0,150,362,99,358,965,23493,17,10868,1140,48,2612,21324,12654
"St. Joseph, MO-KS Metro Area",41140,5687,12667,22.939719041662656,835,38.52593091503897,9.454681035312229,29.07966900798614,83144,5519,4,1487,1401,1262,1,52,17,37,166,228,1301,1058,26513,10,4636,817,20,935,11970,6521
"St. Louis, MO-IL Metro Area",41180,181657,437752,37.55868616460595,33277,25.470382173079415,6.69080949917398,30.28012216314065,1960002,76625,108,21530,28470,28412,431,543,332,1255,2281,3252,12061,13720,422595,245,220002,18030,470,45120,274860,136974
"St. Marys, PA Micro Area",41260,2821,3039,19.944622687118184,134,48.6177646903705,6.491451676701973,24.946160945809343,22753,1085,16,208,389,300,0,10,0,14,0,37,146,179,9977,0,1220,174,4,145,1736,1119
"Salem, OH Micro Area",41400,8225,7922,16.035327681996257,341,44.653753224947785,10.315737745198412,28.99518134785754,73257,2981,15,1617,2012,1452,10,23,18,22,44,51,698,677,29731,13,3153,885,20,331,8423,4593
"Salem, OR Metro Area",41420,28388,50587,26.91651942093679,3046,24.874023097774607,12.793328993459191,35.416128487829404,290331,16858,226,4235,4066,6306,342,1306,977,1120,3345,979,2631,4615,55359,175,19963,6701,119,4551,48364,26072
"Salina, KS Micro Area",41460,4148,7847,28.606555361577612,427,29.63436524133861,6.911898497627185,34.84718089945659,40669,1672,13,350,413,802,0,0,8,9,141,41,131,308,10380,0,2641,595,0,719,6300,3724
"Salinas, CA Metro Area",41500,22480,46167,27.883727092389556,4646,20.635648144832675,26.665210510108352,24.81541425266942,279274,9730,644,3463,4304,7191,2124,3385,2060,2140,20570,1818,3952,10881,47900,91,20769,11766,80,6290,33173,13650
"Salisbury, MD Metro Area",41540,6778,13579,26.676144235750517,1067,34.8192234015638,11.51283688541378,26.991795477271907,83003,3614,19,1898,2203,1812,139,82,56,137,254,240,1073,964,25287,0,6045,679,0,1451,9757,5869
"Salt Lake City-Murray, UT Metro Area",41620,74259,194516,37.76261687332751,13918,22.666061000636198,8.234046187398352,31.337275938637944,807926,25469,150,6335,9061,16325,387,922,701,1071,6132,1471,3630,6420,157656,175,78173,13602,143,18487,120788,58135
"San Angelo, TX Metro Area",41660,6758,13204,25.076853298392383,678,27.717583026760067,12.81434258932621,34.391221085521344,79372,4111,0,1728,1197,1373,132,224,59,312,843,464,817,1132,17889,32,5274,1802,56,748,13639,6900
"San Antonio-New Braunfels, TX Metro Area",41700,148131,344377,31.926223860193065,22018,25.01716826293231,12.67712675673051,30.379481120144114,1719743,79089,1103,23827,28999,33646,2176,4607,3321,5271,22663,7289,17510,30445,351142,518,149648,35885,754,33006,250469,123849
"San Diego-Chula Vista-Carlsbad, CA Metro Area",41740,189330,580152,42.08987125049854,57934,17.946574355426186,10.982290608535852,28.981263785539426,2269135,55030,1276,16185,23735,51863,3621,7021,5005,7492,30163,6080,13407,22212,352202,730,250414,59848,565,66576,321875,146419
"Sandpoint, ID Micro Area",41760,3021,7017,28.93056341443699,298,29.07067604343492,8.379813003529762,33.618947538598334,37113,2050,0,548,768,737,0,0,11,24,31,12,333,251,8739,0,2642,355,40,780,6086,3370
"Sandusky, OH Metro Area",41780,8082,15531,28.145074788717455,868,34.60083216445267,6.962599747757517,30.291493299072357,84839,3157,0,775,1495,1495,0,70,5,32,153,51,431,892,26198,6,6410,491,11,1069,11471,6146
"Sanford, NC Micro Area",41820,5755,6488,21.613846013334552,269,26.874600420129692,14.862087861905197,36.64946570463056,43796,2245,0,934,1184,720,1,222,50,109,745,262,606,987,9525,19,2336,591,79,373,7425,2871
"San Francisco-Oakland-Fremont, CA Metro Area",41860,225166,1019630,52.36501515911042,115478,14.958360195038015,10.512148150847105,22.164476495004457,3403234,61973,2032,20462,24047,71770,4810,9397,6183,13012,41521,7447,18704,34565,447095,1708,513843,100680,1415,133153,375149,153994
"San Jose-Sunnyvale-Santa Clara, CA Metro Area",41940,90217,383775,54.81277268397755,66781,13.910827453830096,10.86552463890634,20.41087522328602,1381636,23170,881,8912,10300,28072,1853,4428,3014,4923,19797,3503,9866,13228,169027,963,267314,39961,421,39443,135552,56235
"San Juan-Bayamón-Caguas, PR Metro Area",41980,183399,334732,31.325239896741163,23013,26.478702701574257,17.548196264858788,24.64786113682579,1532847,36302,4379,18504,26317,11076,7625,13986,17826,13463,31750,21611,28763,43317,369576,219,97611,29871,280,24812,170899,23516
"San Luis Obispo-Paso Robles, CA Metro Area",42020,19637,46166,39.201400387945306,3519,18.178759731487176,8.229907534444603,34.38993234612291,190233,4847,37,1689,2033,3499,384,414,100,219,1671,616,638,1511,29735,23,18682,2793,29,6207,31429,14355
"Santa Cruz-Watsonville, CA Metro Area",42100,15357,45391,43.55796468303216,5607,15.206998836866328,11.506675496836165,29.728360983265347,179687,3961,476,1344,1340,3197,365,1181,531,840,3878,602,965,2330,23364,12,21461,3604,11,5809,27017,11044
"Santa Fe, NM Metro Area",42140,8708,26025,44.165445696289936,4490,20.129170245372944,8.556897219555735,27.148486838781388,118758,4004,131,1156,1592,1251,234,135,243,197,1272,311,916,1468,19901,7,16754,1248,1,5181,17024,6509
"Santa Maria-Santa Barbara, CA Metro Area",42200,23692,60231,35.869939954606835,7229,16.905363863590658,17.863863590657054,29.36083259114546,278456,5975,583,2312,4208,6138,1243,2594,1280,799,11905,1330,2383,5221,41099,135,24649,9442,170,7773,41146,16919
"Santa Rosa-Petaluma, CA Metro Area",42220,33077,83196,37.8469385158651,5258,18.648519512243393,11.136242193264932,32.36829977862658,353701,8646,245,2673,2946,8617,781,1034,704,1135,6566,818,2110,3028,57314,156,33280,8455,121,12131,56446,24964
"Sault Ste. Marie, MI Micro Area",42300,2193,3464,21.853242587811938,293,36.29038566846593,7.161855589454745,34.69451615426738,25566,2272,0,302,524,271,0,4,16,22,61,30,165,234,7006,0,1520,202,0,310,4026,2651
"Savannah, GA Metro Area",42340,22334,59943,34.94696225267349,4282,25.93936383498728,8.669970952519789,30.44370295981945,277821,13388,29,4744,4334,4753,67,231,156,483,970,484,1525,2920,58677,28,26555,3353,10,6310,44211,18034
"Sayre, PA Micro Area",42380,3825,5356,21.209129586535973,335,46.51293984909386,8.93448981030957,23.343440754060598,42543,1890,0,673,853,821,5,9,10,6,62,75,477,373,17898,0,2626,427,10,706,3873,2233
"Scottsbluff, NE Micro Area",42420,2534,4344,26.04413715480162,329,27.14555613619006,10.487598987016119,36.3227077219922,24877,969,16,265,511,473,53,97,32,31,181,50,262,302,5784,0,1453,336,0,353,3789,2713
"Scottsboro, AL Micro Area",42460,3441,3583,15.55027711797308,158,37.880707310636055,17.94404856162576,28.62496700976511,37890,2527,15,1218,1636,672,0,21,24,56,189,267,668,1227,11826,0,1852,764,42,299,4819,2586
"Scranton--Wilkes-Barre, PA Metro Area",42540,42057,66200,26.768498313826623,4498,36.88405078357469,8.876958936718905,27.470491965879784,403280,16612,410,5651,6941,6662,203,242,271,491,1238,741,3081,4118,132134,170,30670,5437,143,6584,44584,24142
"Seaford, DE Micro Area",42580,17401,35210,32.56618459616586,2852,29.56325373564599,10.357842587698928,27.512719080489223,187317,6254,171,2628,4269,2839,154,335,398,484,1103,336,1451,2585,49123,189,18872,2447,13,4068,22254,11881
"Searcy, AR Micro Area",42620,4736,5722,19.8029711325235,735,40.60874855270129,13.252350020605608,26.335930294169597,50957,4158,35,1125,2023,794,9,5,72,84,136,215,642,718,16535,0,3160,895,0,474,5341,3343
"Seattle-Tacoma-Bellevue, WA Metro Area",42660,259136,792775,46.31237272126325,62230,18.773780334619396,6.65326570396808,28.260581240149275,2850044,88941,813,17164,24043,45696,1788,2941,2380,3285,13442,4268,11676,18220,446120,464,385955,42960,481,78963,365278,181025
"Sebastian-Vero Beach-West Vero Corridor, FL Metro Area",42680,13290,25931,33.43323084108512,1626,27.734402366403298,8.012299069785545,30.820067722726037,128465,5610,3,1386,2089,2016,138,336,22,153,372,191,630,756,30019,0,12407,2167,34,2986,16231,10072
"Sebring, FL Metro Area",42700,7293,10017,19.72793341201317,664,34.45307161935524,13.635629542207592,32.183365426424,80495,4284,16,1862,1406,1837,27,71,240,218,766,207,901,1659,23449,0,3657,1750,16,1542,11459,7154
"Sedalia, MO Micro Area",42740,3347,3154,18.628818524201424,206,34.112149532710276,12.763286371878923,34.495745571209376,28676,1393,0,766,320,688,7,4,52,4,118,183,638,361,8389,11,1673,472,36,309,4006,2539
"Selinsgrove, PA Micro Area",42780,2457,3413,21.422412177107937,295,42.96854497056949,15.686274509803921,19.92276834251865,26673,1291,9,757,652,320,3,11,10,23,11,30,1402,629,10170,3,1740,306,18,266,1731,1126
"Selma, AL Micro Area",42820,2677,2868,17.007096091269062,181,39.04026345709021,12.941545458109537,31.011094993531184,25507,1148,0,692,759,556,0,95,16,16,116,59,172,524,8810,0,1184,296,0,105,3816,1417
"Seneca, SC Micro Area",42860,5935,10080,28.51701935065157,684,30.274461580502464,12.862290994176018,28.346228074669945,58551,3977,0,2100,1154,1132,35,41,54,91,291,273,548,938,13749,119,5248,755,0,685,7135,3527
"Seneca Falls, NY Micro Area",42900,3007,3583,24.13620011712541,171,32.23458545971722,15.385258930812348,28.24395549234502,23906,1603,19,737,701,525,23,4,8,76,44,74,644,404,6103,5,1642,400,14,374,2509,1236
"Sevierville, TN Micro Area",42940,6182,10314,21.438838782412628,407,35.291713641488165,12.202649379932357,31.066798196166857,70960,3972,18,1410,1561,1627,140,224,45,258,451,163,1051,887,21071,20,3276,753,51,1216,10523,5340
"Seymour, IN Micro Area",42980,2754,4329,20.274414850686036,80,39.52865213882163,10.83131557707829,29.365617433414045,30975,2631,212,390,355,739,0,36,7,35,208,133,368,420,9613,0,1630,452,0,241,3477,2865
"Shawano, WI Micro Area",43020,4026,4087,18.771331058020476,121,43.510661615054644,6.8791683627140925,30.83883896421079,31937,1312,9,347,505,505,3,5,3,10,34,9,323,214,12584,6,1564,224,0,223,3687,2136
"Shawnee, OK Micro Area",43060,4047,6953,20.998561742346414,306,35.220875282514896,11.45469488391206,32.32586809122663,48670,3164,0,1197,1480,902,28,10,23,13,93,177,436,790,13978,0,2549,426,0,412,7049,4637
"Sheboygan, WI Metro Area",43100,9457,15177,27.319025100036377,549,33.6485994907239,6.458105977931369,32.57426943130836,82470,3635,0,532,1263,1301,17,53,35,24,309,65,612,206,24115,0,5853,908,1,951,10838,6569
"Shelby-Kings Mountain, NC Micro Area",43140,9164,9312,21.0712736735579,617,33.823912100621655,12.53578140812491,32.56903281769553,69170,3890,0,1720,1266,1112,0,41,107,71,300,260,897,1894,19506,11,4024,992,0,622,9320,4044
"Shelbyville, TN Micro Area",43180,1887,4027,16.909245321697366,130,41.20127683251823,15.237063285208071,26.652414560576332,34147,2529,49,756,832,556,86,26,42,42,332,91,646,1160,11540,28,1325,557,0,292,4333,2881
"Shelton, WA Micro Area",43220,5975,6977,22.006446250836188,221,30.029798706695587,8.890961058969005,39.072793983499224,49331,3102,59,707,484,1392,9,88,3,115,210,28,143,498,11712,0,3008,650,0,650,8202,5098
"Sheridan, WY Micro Area",43260,2342,4732,33.37504469074008,290,29.424383267786915,3.660171612441902,33.5404004290311,22376,1186,0,111,253,87,0,0,0,0,32,15,119,147,5398,0,1970,55,0,476,3631,1532
"Sherman-Denison, TX Metro Area",43300,10073,15142,23.73325999111431,1092,31.097806080352044,9.535193686927455,35.63374024160619,94534,5880,5,1345,1244,1466,19,71,121,227,447,209,929,1250,23518,13,5304,1646,22,898,16079,7534
"Show Low, AZ Micro Area",43320,7026,7503,17.631494659443803,538,30.07840242866493,14.006600843905359,38.28350206798591,71809,3012,7,1300,2878,1427,65,133,144,223,371,303,983,1078,18587,0,3819,1146,0,801,15000,5465
"Shreveport-Bossier City, LA Metro Area",43340,21137,39831,25.225491309780757,2504,31.179143473815746,11.629747434586694,31.965617781816807,264090,12805,62,6579,7248,5227,84,124,174,360,1167,547,2025,3123,69536,53,19364,3895,45,4919,45167,18114
"Sidney, OH Micro Area",43380,3784,4387,20.611946337971176,205,40.878388894076636,8.622031313225635,29.887633454726554,32127,1293,0,502,746,652,3,12,0,0,90,65,113,297,11840,0,1876,267,23,154,3654,2164
"Sierra Vista-Douglas, AZ Metro Area",43420,9580,15057,27.657715188384362,1060,25.16721002924075,10.78210600611703,36.39296877625785,89259,4567,40,1354,1600,1740,43,169,123,173,801,241,1281,1192,17897,22,7394,832,13,1176,16324,6580
"Sikeston, MO Micro Area",43460,1895,4542,19.77919270985455,126,42.2659033822069,14.694199427536656,23.26070448040189,34238,2025,0,951,1038,743,3,25,38,52,123,150,767,691,12446,0,1868,450,0,236,4009,2060
"Silver City, NM Micro Area",43500,2005,3368,28.750060582561915,168,26.95197014491349,10.337808365240148,33.96016090728445,20633,1282,0,272,461,435,19,0,31,0,82,54,224,301,4279,18,2144,225,11,252,3864,1138
"Sioux City, IA-NE-SD Metro Area",43580,10420,14685,23.87548874134887,699,32.40910223223473,12.766303111698383,30.949105914718018,92329,4200,111,1240,1594,1420,64,192,100,164,1803,452,1369,1202,25723,39,5394,2033,4,1266,11458,6697
"Sioux Falls, SD-MN Metro Area",43620,24322,47952,35.745790724098754,2399,25.65592397479599,6.304617291602107,32.29366800950315,193620,6844,242,1547,2010,2699,62,105,41,50,440,467,1316,981,42831,16,14925,2199,32,3935,26266,11939
"Slidell-Mandeville-Covington, LA Metro Area",43640,13613,43862,36.565436985605054,2318,24.002033245730725,8.595870780744729,30.836658987919492,184926,9288,0,2296,3257,2711,14,472,173,86,860,612,1261,2200,35098,0,16603,1806,148,4836,30817,12595
"Snyder, TX Micro Area",43660,1168,1464,17.883044156797943,21,31.717616818140087,14.816854860919856,35.58248416414211,10893,1087,0,270,276,93,67,4,15,43,150,111,108,154,2368,0,394,323,0,69,1741,967
"Somerset, KY Micro Area",43700,4650,4530,17.913118465021018,196,35.513635873666054,15.093241349574216,31.480004311738707,46385,3880,5,1032,967,1129,4,30,0,91,135,296,1598,863,12593,0,2887,848,3,696,6287,3665
"Somerset, PA Micro Area",43740,5326,6080,17.285006917643635,378,49.31005606932207,9.945022937449938,23.459914075584358,54932,2484,3,926,1351,806,0,0,24,0,80,153,1074,498,24603,0,2578,524,24,459,4836,2725
"Sonora, CA Micro Area",43760,4261,6706,23.944468298268212,213,25.12284719240494,6.481083917752016,44.45160059157483,41922,1934,0,407,924,466,0,32,19,2,19,59,76,296,8598,0,2495,417,0,624,9596,4778
"South Bend-Mishawaka, IN-MI Metro Area",43780,20060,40004,30.719306728158593,4075,30.446405325993975,8.977386841224384,29.856901104623052,215096,11225,0,3224,4517,4271,34,184,62,179,609,277,1416,2021,54264,96,18009,2350,70,3988,28372,15789
"Sparta, WI Micro Area",43890,3811,4364,19.976272164684,148,36.303588033475485,9.154455382050214,34.5656844197903,31187,1120,2,321,343,596,0,7,32,62,72,21,873,117,10202,9,1418,389,11,300,4471,2498
"Spartanburg, SC Metro Area",43900,25336,38047,24.778778883603657,2318,31.63069264261059,12.711403611230823,30.87912486255493,248281,13009,0,5799,6120,5092,3,208,277,457,1748,1774,2816,3511,65524,33,18336,3542,180,2820,34654,16677
"Spearfish, SD Micro Area",43940,2057,4381,34.08732246186218,317,27.674907943187794,4.639663335086796,33.59810625986323,19010,816,0,104,192,201,21,0,0,48,2,15,100,48,4445,0,1391,151,0,391,2777,1553
"Spencer, IA Micro Area",43980,1542,2119,26.03846491613243,35,32.695178712566964,5.10230965135681,36.16404671994379,11387,387,0,73,184,182,8,1,0,0,0,0,42,20,3336,0,617,71,0,194,1505,1071
"Spirit Lake, IA Micro Area",44020,1848,3201,32.310117081957365,99,27.319123386370457,2.6868808165716,37.68387871510057,13324,343,0,116,50,41,0,0,67,0,0,0,25,21,3297,0,713,38,0,292,2195,978
"Spokane-Spokane Valley, WA Metro Area",44060,52080,81509,31.237076579542666,5324,24.856217456063405,5.695902653082547,38.21080331131138,411559,21763,140,3168,4731,5347,51,176,126,185,487,840,1861,2717,80535,94,33305,3462,57,8421,71074,34106
"Springfield, IL Metro Area",44100,13302,30020,34.60734136811403,1852,28.517968191073688,6.264790050079798,30.609900390732488,145368,6029,20,1617,2279,1820,21,40,32,179,188,78,777,961,35427,27,14668,1059,9,3768,19050,12145
"Springfield, MA Metro Area",44140,30483,54356,28.925090190635178,3588,30.78267339423155,12.822701154815272,27.469535260317997,319878,15094,128,5771,6699,6288,314,708,1379,915,1509,1474,3030,5323,83373,37,29143,7298,144,5438,36223,21163
"Springfield, MO Metro Area",44180,26790,59840,29.92808593370882,3619,30.212047875920838,7.462532364460612,32.397333825909726,319409,14583,3,4236,4914,4557,4,0,269,172,638,508,2959,2568,81917,1,25915,2952,55,6219,49184,27506
"Springfield, OH Metro Area",44220,9800,10774,18.535855509244417,575,37.60286416586513,10.737415838409747,33.123864486480706,93570,5429,2,2004,2575,2128,14,68,14,16,307,99,821,1216,29756,25,5381,735,23,614,12961,8233
"Starkville, MS Micro Area",44260,3087,6905,40.50357757449506,1619,25.571355251637833,10.38553271140899,23.53953446245811,33123,1499,1,639,810,481,5,118,0,45,148,39,366,336,6971,10,4120,442,0,772,3434,1276
"State College, PA Metro Area",44300,7260,21816,46.49672384975852,7235,28.454826041036473,5.427437630097516,19.621012479107492,97523,3313,1,577,695,1193,0,2,17,11,12,148,1427,796,24437,13,14279,389,12,2015,8321,3554
"Statesboro, GA Micro Area",44340,4486,9274,28.734942019739556,1093,30.179757571208764,11.329605584118287,29.755694824933386,53294,2968,12,1083,1647,975,0,62,5,16,169,144,567,751,13116,48,4236,552,7,711,7921,3451
"Staunton-Stuarts Draft, VA Metro Area",44420,7050,14976,26.165786212743757,1293,37.419291723733124,8.933889867171025,27.481032196352096,91998,5944,59,1974,1398,817,81,40,27,161,515,478,798,1002,28481,30,6428,817,22,1375,11960,6272
"Steamboat Springs, CO Micro Area",44460,2831,7663,42.04029054996958,322,24.21369019930583,5.102515475721902,28.64350377500268,27947,1137,3,195,360,381,0,0,0,0,72,22,109,181,5630,0,2743,103,0,1021,3495,1679
"Stephenville, TX Micro Area",44500,2177,5509,32.49512670565302,351,26.272904483430796,12.939571150097464,28.292397660818715,25650,1349,13,437,412,725,47,37,0,131,295,34,120,264,5390,0,2219,804,0,256,3573,1507
"Sterling, CO Micro Area",44540,1781,1713,18.90750758675287,59,37.75564058582926,10.621454017680433,32.71539780973743,15158,1644,0,390,328,247,2,0,43,57,80,2,89,274,4079,0,995,98,0,99,2145,1033
"Sterling, IL Micro Area",44580,4181,4836,20.07212776919114,96,37.83616692426584,8.987635239567233,33.10407006697579,38820,2256,0,484,604,695,112,29,21,65,107,69,377,396,12432,10,2609,520,0,251,5511,3159
"Stevens Point-Plover, WI Micro Area",44620,5971,10863,33.69664336271658,654,31.11728689912719,5.180424681922792,30.005645056233444,46058,1345,2,214,542,587,4,13,59,6,86,11,255,228,12987,37,3520,342,0,483,5269,2580
"Stillwater, OK Micro Area",44660,3272,9757,40.10511014201051,2410,27.04237951470424,6.825450072682545,26.02706027060271,44715,1920,43,530,694,382,14,10,0,30,132,203,218,250,10172,10,4958,536,0,808,5031,3335
"Stockton-Lodi, CA Metro Area",44700,45829,73689,21.572958036625103,3413,27.75445928948489,19.569372777783283,31.103209896106726,504845,18628,603,7444,9192,18374,1110,3352,2072,1900,14316,2209,7719,6268,121489,225,24869,23852,159,6939,72707,38487
"Storm Lake, IA Micro Area",44740,1489,1975,22.070073439412486,136,31.754895960832314,19.453794369645042,26.721236230110158,13072,288,0,373,297,175,0,54,57,1,324,19,231,225,3863,174,597,613,0,177,1209,795
"Sturgis, MI Micro Area",44780,4167,4453,17.1255453223461,159,36.303926320891904,13.693650024236547,32.87687833252545,41260,2223,35,753,917,638,0,42,47,64,200,34,1653,642,12756,0,2129,625,0,325,5931,3467
"Sulphur Springs, TX Micro Area",44860,1913,3405,20.028549902851026,159,34.045759149847335,15.365399103850272,30.560291843451363,25219,1455,52,697,888,488,30,115,118,76,297,76,235,402,7131,5,1291,375,21,196,4014,1780
"Summerville, GA Micro Area",44900,1406,1039,10.726920004564647,34,35.929476206778496,25.756019627981285,27.587584160675565,17526,1811,0,1061,755,439,55,12,20,11,313,299,608,588,4486,4,678,336,13,129,2311,1118
"Sumter, SC Metro Area",44940,8135,9755,23.158454856616906,428,32.21157994650099,10.876693416170506,33.7532717807116,69534,2967,0,1228,1734,1531,52,8,40,118,215,273,678,595,19431,57,5567,1004,30,353,10471,4864
"Sunbury, PA Micro Area",44980,6698,11221,22.06953518059623,821,45.38184275737779,9.521664038447097,23.026958023578885,79902,3899,14,1704,1766,1210,0,2,61,45,117,181,1069,855,32362,0,4202,576,8,1390,7395,4306
"Susanville, CA Micro Area",45000,2372,2309,13.212723998971104,83,30.2966646660379,20.85655491725971,35.63405641773129,23326,1804,10,667,1203,703,120,35,58,236,361,142,242,741,5263,0,547,339,8,143,3303,2637
"Sweetwater, TX Micro Area",45020,898,823,13.720784641068448,42,36.38355592654424,16.496243739565944,33.39941569282137,9584,916,0,336,186,83,41,32,0,6,39,34,276,208,2571,0,396,340,0,54,1380,923
"Syracuse, NY Metro Area",45060,58370,86152,34.215157775275514,7085,27.546392758030624,8.408105544078662,29.830343922615192,451148,23464,134,6277,6926,8159,111,312,148,376,819,762,3196,4291,100811,199,50844,6164,59,10280,46694,29515
"Tahlequah, OK Micro Area",45140,1626,5798,29.41694959519457,402,32.067772264298775,10.087490206320188,28.427787934186473,30632,2209,0,609,756,515,48,42,20,23,151,69,222,349,7614,0,2348,286,0,463,4824,2258
"Talladega-Sylacauga, AL Micro Area",45180,5759,6127,16.588433669051632,470,36.25301918607301,15.698248492305822,31.460298652569534,65829,4112,0,2226,2132,1625,17,51,18,98,244,280,1035,1435,19753,7,3631,1166,0,692,10211,4740
"Tallahassee, FL Metro Area",45220,20147,57511,40.85627688938287,6868,23.72540736517884,8.757582344569627,26.660733400868665,243823,11751,30,3669,4505,3990,58,258,128,242,615,639,1222,2783,46097,78,27808,2982,154,7430,30727,14131
"Tampa-St. Petersburg-Clearwater, FL Metro Area",45300,235657,507296,34.01621428456231,31555,27.44599977760745,9.144705402016982,29.393080535813265,2356194,101137,722,31916,30433,48203,1110,2361,2972,4343,10934,7160,15611,23487,545544,306,209911,35287,622,52726,296606,160295
"Taos, NM Micro Area",45340,2239,5289,37.06023554121972,379,26.468381966844195,6.646163078538744,29.825219413397345,26662,1220,0,374,401,269,5,10,14,7,50,22,70,217,5837,36,3551,297,0,662,4433,1280
"Taylorville, IL Micro Area",45380,2641,2799,16.548414879219127,201,44.10039781815199,9.088299224869786,30.262888077759094,24383,1349,2,490,457,474,0,0,0,7,46,67,229,224,9404,0,864,220,0,171,2722,2016
"Terre Haute, IN Metro Area",45460,12714,15652,22.03609161171382,1778,37.048854853577254,9.626497908246472,31.288555626462454,112824,8126,4,2597,2438,1360,0,5,24,23,280,300,875,1721,33674,18,6443,1203,13,989,14667,7920
"Texarkana, TX-AR Metro Area",45500,7669,12210,19.93461758305673,600,37.926815816127,10.798126773698618,31.34043982711766,99721,7298,23,1514,2552,1776,0,49,41,124,398,368,1309,1432,30523,4,5924,1145,33,1145,16742,6842
"The Dalles, OR Micro Area",45520,2190,2498,21.77860366339262,301,27.172816564905762,13.071409609769047,37.97717016193257,18835,1051,0,365,367,437,6,88,0,0,276,88,215,264,4067,34,914,322,0,389,3159,1804
"Thomaston, GA Micro Area",45580,1685,1885,14.830045286554578,67,40.21654260579876,14.491697464994013,30.461714642652648,19211,2083,0,634,538,206,63,20,39,17,24,29,182,601,5643,0,661,431,0,236,2855,1312
"Thomasville, GA Micro Area",45620,5174,6382,20.623579749012222,484,33.89358609535898,14.7439965606895,30.7388375949393,48847,2397,0,1748,1437,533,55,289,123,245,223,358,577,939,14159,0,2451,649,26,757,6555,3286
"Tiffin, OH Micro Area",45660,4102,4897,20.712358337830544,274,43.078791149487316,6.759309228278468,29.44954128440367,37060,2075,11,672,684,463,10,23,0,15,18,49,132,224,13890,0,2138,200,4,367,4260,2552
"Tifton, GA Micro Area",45700,4639,3200,18.519186815830626,432,34.53025381931914,15.253217851557801,31.697341513292432,33252,1933,14,909,1335,498,22,85,6,110,221,97,689,544,9549,0,2002,491,51,524,4297,1604
"Toccoa, GA Micro Area",45740,979,1711,14.87913763066202,153,40.8699912891986,16.180313588850172,28.0705574912892,18368,1599,0,389,577,367,0,0,0,12,18,120,432,413,5908,0,629,636,8,240,2984,1193
"Toledo, OH Metro Area",45780,42348,73589,29.625230279891934,5312,30.51399953573598,7.892982204858967,31.96778797951312,404942,16257,80,4994,7522,7099,81,244,83,270,745,650,2466,3579,107307,36,33936,4027,86,7128,58370,28733
"Topeka, KS Metro Area",45820,13542,30095,30.10509803921569,1787,32.00062745098039,6.364862745098039,31.529411764705884,159375,7879,0,2028,1775,1784,68,112,83,277,342,141,856,1068,43122,137,13445,1459,14,2653,21704,15004
"Torrington, CT Micro Area",45860,7857,19137,39.389920424403186,938,28.076449412656306,5.9397499052671465,26.593880257673362,84448,3117,0,643,588,1268,154,28,9,130,365,103,503,403,20593,0,10980,822,0,2209,9817,4784
"Town of Pecos, TX Micro Area",45880,457,472,6.871414913957935,6,40.105162523900574,28.740439770554495,24.282982791587,8368,468,78,137,425,422,16,76,19,32,196,36,203,158,2888,0,85,607,0,12,1092,483
"Traverse City, MI Metro Area",45900,11656,26077,38.49955977090652,1716,23.725297045670498,5.394331941453889,32.380811241969084,114713,3422,6,1259,1394,1440,5,13,48,3,13,72,471,474,23794,80,13275,910,0,3096,16128,9361
"Trenton-Princeton, NJ Metro Area",45940,16176,62940,44.900184565116035,9482,24.5298213301789,10.074404016506826,20.495590088198238,259529,6068,194,2555,2776,5466,411,815,820,817,2959,498,886,2603,57594,189,37473,5083,74,6634,24344,12672
"Troy, AL Micro Area",45980,1310,3102,27.315006200909465,292,33.965481603968584,12.417321207110376,26.302190988011574,19352,1057,0,401,705,383,11,11,9,18,109,119,68,322,5516,0,1655,210,37,237,2421,1359
"Truckee-Grass Valley, CA Micro Area",46020,8239,19768,39.46003256465599,1170,20.469032021911723,4.931399649109521,35.13953576432277,79227,2192,72,500,457,1543,0,62,16,28,280,17,76,367,14025,0,7926,489,0,2399,13495,6106
"Tucson, AZ Metro Area",46060,64761,146720,35.870627429205996,17290,21.17809550249861,10.054136590782898,32.897140477512494,720400,29238,142,8331,10512,15771,601,881,782,999,4869,1925,7313,9716,123329,190,77426,10263,135,16976,118352,53878
"Tullahoma-Manchester, TN Micro Area",46100,3589,5975,23.119528318742184,701,37.768000714668574,12.381633017688047,26.730837948901197,44776,3044,0,968,1413,941,3,71,0,31,307,151,590,631,13867,0,3159,438,0,517,5536,2844
"Tulsa, OK Metro Area",46140,64265,134604,29.78742678139104,7848,28.57662585856992,9.866266913882205,31.769680446156833,684423,29901,179,10385,12444,11269,472,863,678,799,5393,1561,5158,8144,165684,48,48085,10074,60,13335,102503,50671
"Tupelo, MS Micro Area",46180,10022,13330,24.258240199693653,848,29.644295682759402,13.412378737164577,32.68508538038237,88135,6428,32,2477,2404,1712,8,95,11,212,394,355,1324,1378,19699,50,5768,1369,0,1434,13543,5242
"Tuscaloosa, AL Metro Area",46220,15851,29002,28.558481621555675,4373,31.028112309810552,10.473418501025382,29.93998756760839,172131,7410,31,2965,3673,3061,88,595,189,43,715,713,1204,2190,45999,25,13378,2492,44,2405,25058,10627
"Twin Falls, ID Metro Area",46300,8300,9666,21.03918683964157,983,28.538183763541525,14.4549953189782,35.9676340778387,74770,4016,78,1099,1632,2165,167,147,80,270,1180,242,1105,915,17322,15,4226,1661,52,856,11683,6910
"Tyler, TX Metro Area",46340,16525,28778,27.741017792961557,2047,24.86760055372814,12.001676424643442,35.38970522866686,157478,7325,30,2246,4067,2904,87,432,254,331,1894,459,1826,1804,31836,0,10344,2566,0,2517,29114,10092
"Ukiah, CA Micro Area",46380,6014,9871,24.923685784847603,522,26.127839732478407,13.837799696277091,35.11067478639689,65191,2011,29,1340,1480,1062,231,267,184,172,1355,59,691,552,15022,0,4348,1599,0,1507,11438,5437
"Union City, TN Micro Area",46460,1114,2351,18.059750034846445,143,44.26427542628816,15.00255540584491,22.673419133020488,21523,1571,0,562,770,367,0,11,5,53,266,50,426,372,7956,0,1247,347,0,146,2427,1339
"Urbana, OH Micro Area",46500,2472,3491,19.107417441605037,25,42.919382001903784,8.175294720656073,29.797905835835103,27314,1457,0,328,653,626,0,45,0,54,12,2,114,147,10266,0,1496,252,0,207,3354,2313
"Urban Honolulu, HI Metro Area",46520,77507,167802,37.7229953386872,12566,25.224090704793888,7.107441987997615,29.945471968521296,707526,19486,195,5459,5409,11550,383,851,879,1298,4497,1394,3259,4048,158981,291,66671,10509,265,19861,92682,41683
"Utica-Rome, NY Metro Area",46540,27058,30926,26.659405401391194,2524,30.927544124563706,10.479986137584474,31.933064336460625,201985,10387,89,3505,3196,4070,169,347,413,245,448,535,1764,1893,52082,48,17500,4412,34,2898,22749,14693
"Utuado, PR Micro Area",46580,2464,3940,22.74338827136834,63,26.66251437332311,25.057493292449212,25.53660406285933,20872,486,162,470,347,162,141,296,373,245,676,491,526,811,5079,0,617,530,0,127,2600,266
"Uvalde, TX Micro Area",46620,1736,2344,20.163786432808873,136,25.90920815063193,21.730719628578797,32.1962857879804,15508,1023,0,415,411,377,30,19,59,214,522,216,409,392,2995,0,521,306,0,126,2271,986
"Valdosta, GA Metro Area",46660,8724,13714,24.51530500851491,1410,33.0858914457884,11.271341862800751,31.127461682895945,91604,5414,3,1571,1896,1421,19,41,81,46,615,135,1277,1626,24894,65,6072,1529,0,1261,14221,5569
"Vallejo, CA Metro Area",46700,32843,60797,28.367041437079976,3025,24.321113482179825,11.080039494219193,36.231805586521006,313970,9887,125,3007,3988,8172,173,865,544,505,3367,732,2792,2529,66474,102,19902,7736,151,5340,55054,25860
"Van Wert, OH Micro Area",46780,2495,2118,16.996542566518013,92,44.52573032018841,6.44385428671644,32.033872826577145,19957,750,0,191,498,252,0,12,0,10,0,7,158,52,8136,0,1077,80,26,105,2659,1239
"Vermillion, SD Micro Area",46820,588,1828,45.953249560870155,549,25.942440210782326,6.09377111201189,22.010539116335632,7401,378,7,82,118,82,0,0,0,0,0,0,73,20,1542,9,889,60,0,135,826,215
"Vernal, UT Micro Area",46860,2044,2640,16.834379615952734,105,36.34139586410635,10.658234859675037,36.16598966026588,21664,1176,0,630,775,360,0,5,0,0,8,64,25,209,6697,0,813,190,43,89,3305,2486
"Vernon, TX Micro Area",46900,564,1113,17.411437832831673,67,31.245658717295672,18.70803426719148,32.63486918268118,8638,766,0,272,247,302,2,6,69,0,101,53,148,138,1933,0,255,268,10,69,1445,810
"Vicksburg, MS Micro Area",46980,3386,4831,26.47187531558219,627,28.128050627798164,11.946679233850608,33.45339482276904,29707,1797,0,519,680,410,0,0,81,11,70,160,457,826,6559,0,1991,335,0,415,5117,1435
"Victoria, TX Metro Area",47020,7084,9223,19.630697503220663,456,30.904545733390588,15.02821912766088,34.43653763572787,65204,3797,51,1205,1633,1436,79,160,188,194,689,509,706,1656,16354,0,2370,1283,10,751,10419,4951
"Vidalia, GA Micro Area",47080,1961,2564,19.66377771003005,156,36.10905448368973,15.735377379034013,28.4917904272462,22961,1620,0,538,755,368,53,87,78,25,110,71,503,486,6671,27,1423,512,0,372,3377,1204
"Vincennes, IN Micro Area",47180,3756,2749,17.787311277947364,232,35.999504991337346,9.90429832522069,36.30888540549459,24242,1375,0,580,488,370,0,15,0,30,63,36,216,275,7352,0,1124,328,0,207,3168,1878
"Vineland, NJ Metro Area",47220,7809,12331,17.94214715589206,639,39.13414870898855,18.728402251989902,24.19530188312949,103020,7182,186,3126,2925,2418,145,274,410,209,1748,600,1738,2209,33134,28,4454,3274,4,1060,10491,6626
"Vineyard Haven, MA Micro Area",47240,1262,4170,49.027847466131455,313,22.11490215755143,4.754139488208731,24.10311088810838,15944,800,0,79,160,69,0,0,0,42,22,2,139,149,2726,2,2373,94,0,961,1764,817
"Virginia Beach-Chesapeake-Norfolk, VA-NC Metro Area",47260,119118,256939,35.122037329259506,18931,25.105481925574097,7.178545120692769,32.593935624473616,1212293,52194,185,14177,17075,18264,282,498,484,1019,2853,2428,5987,9353,252158,260,126363,13882,278,23549,186560,89456
"Visalia, CA Metro Area",47300,26337,28892,15.839490911134213,1245,26.97089315314809,25.631795577782146,31.55782035793555,284744,10151,1021,4457,6742,8747,1719,3074,1897,2394,13569,1934,4905,6919,66647,332,11710,15260,15,3255,44043,19479
"Wabash, IN Micro Area",47340,1986,3083,21.601257338325706,134,41.977534322562754,8.18656681921139,28.23464151990015,21633,1430,6,410,273,319,2,4,0,0,73,29,90,292,7651,0,1369,273,0,87,2627,1495
"Waco, TX Metro Area",47380,18747,30217,26.437467372660155,2991,27.91355486187316,12.106474329608046,33.54250343585864,187726,9031,70,3553,3592,3516,252,430,287,540,2347,932,1772,3015,43370,69,13180,2350,2,3242,30215,14006
"Wahpeton, ND-MN Micro Area",47420,2994,2917,23.96346671923254,107,27.21598002496879,5.5128457848741705,43.3077074709245,15219,545,12,111,213,168,0,0,0,30,5,7,158,56,3597,0,527,79,0,96,2529,1068
"Walla Walla, WA Metro Area",47460,4809,6905,30.08780487804878,833,22.93658536585366,10.760975609756098,36.21463414634146,41000,1780,8,686,440,1005,103,166,103,126,523,132,417,307,7624,0,3495,396,0,1103,6266,3773
"Wapakoneta, OH Micro Area",47540,3987,4029,20.75573292791081,181,41.495629038388444,6.407576333460027,31.34106170024072,31572,1197,0,496,329,451,0,0,0,0,15,49,262,280,11904,0,2123,141,0,220,3916,1992
"Warner Robins, GA Metro Area",47580,14916,22998,31.12223808075372,1665,27.86681953251129,7.588697286631257,33.42224510010373,128217,6513,5,1315,1699,1511,10,140,37,155,489,341,1007,1455,29217,20,12552,1503,43,2689,18924,9013
"Warren, PA Micro Area",47620,3254,3561,19.468900880431693,252,46.435671684180626,6.084919057086055,28.01050837830162,28168,1119,0,374,282,366,0,3,0,0,4,8,246,147,11961,0,1507,284,0,164,2830,1806
"Warrensburg, MO Micro Area",47660,3390,5572,29.101647497668637,633,32.897109107864466,6.857320484923841,31.143922909543054,32170,1478,0,254,302,368,11,72,2,0,85,35,265,423,9105,0,2789,382,7,368,4307,2322
"Warsaw, IN Micro Area",47700,3959,8657,24.623886445126235,349,35.935016449192325,11.9672494732562,27.47384763242524,54106,2739,8,1098,894,855,42,12,21,51,351,123,1687,802,16704,0,3967,531,0,350,6510,4396
"Washington, IN Micro Area",47780,2674,2246,15.11025886864813,88,33.7823585810163,22.823585810162992,28.28379674017258,20860,1036,45,461,307,397,26,13,0,0,178,38,2484,473,6011,0,742,339,0,76,2115,1111
"Washington, NC Micro Area",47820,3737,4290,20.585725604924725,230,31.6998841957701,11.921740720424209,35.79264947888097,32814,1650,1,524,877,532,0,140,57,100,311,181,220,476,8752,16,1781,451,26,454,6002,2006
"Washington-Arlington-Alexandria, DC-VA-MD-WV Metro Area",47900,249123,1160075,53.783172876069244,148077,17.300363265270082,8.482223144417114,20.43424071424356,4303742,91072,2571,31542,35609,66968,5168,9692,7944,10851,33968,14086,21924,35974,653491,982,805196,86748,1026,201341,429936,200378
"Washington Court House, OH Micro Area",47920,1624,1843,13.841722255912675,51,47.77137659187387,14.230846977966443,24.156054174247018,19788,1601,0,535,715,550,14,0,0,5,38,29,290,347,7852,12,756,271,10,89,1840,1316
"Waterbury-Shelton, CT Metro Area",47930,28246,61123,33.788602611721224,4483,29.5481091904653,9.666953012502395,26.996335185311075,323618,13625,79,3268,4075,6475,194,778,558,930,2377,572,3141,2921,81998,192,36498,5629,95,7242,38458,20661
"Waterloo-Cedar Falls, IA Metro Area",47940,13248,21649,30.484380484380484,1690,31.045057360846833,6.034434981803403,32.43612717296928,108262,4138,16,725,1749,1158,30,27,96,21,137,140,902,560,29472,0,7761,969,3,1903,14835,7033
"Watertown, SD Micro Area",47980,2885,2900,20.87906451943789,136,38.588573186993536,7.646938147502308,32.88542414606626,19498,685,0,272,384,196,0,14,17,0,8,49,174,209,6839,1,814,167,0,221,2329,1198
"Watertown-Fort Atkinson, WI Micro Area",48020,6401,11666,28.128462545747574,399,32.538696571869856,7.116475841923245,32.21636504045932,59566,2399,0,479,645,887,10,8,0,60,353,36,647,268,16983,0,3978,846,0,712,8200,4589
"Watertown-Fort Drum, NY Metro Area",48060,9401,11359,25.674553200610916,535,32.08247367433884,8.696176415422952,33.54679670962729,74642,4225,15,956,1185,1108,22,16,4,89,216,475,440,1008,19722,4,6261,929,24,1009,9651,5988
"Wausau, WI Metro Area",48140,12777,18307,27.27197406713133,668,32.88420311318703,6.911979452551343,32.9318433671303,96557,2918,50,553,895,1757,11,29,20,23,462,55,1167,689,28834,2,5894,927,34,1464,12398,6623
"Waycross, GA Micro Area",48180,2818,3690,16.17101357082273,176,40.0763358778626,16.611005089058526,27.141645462256147,37728,2966,24,1349,1209,579,2,90,51,97,165,188,979,810,12154,0,1747,716,8,488,4485,2937
"Waynesville, NC Micro Area",48200,6070,8476,29.401807063204892,502,27.53972788251973,8.396284305634905,34.662180748640466,47259,2077,0,841,583,482,0,21,14,24,77,180,659,721,10938,0,4151,358,8,766,7141,3170
"Weatherford, OK Micro Area",48220,1557,4623,29.319002365439683,466,31.887786861435035,11.420508777026187,27.372701996099096,24097,1322,0,467,506,324,0,66,44,23,180,47,163,465,6362,1,1765,455,11,211,3492,1547
"Weirton-Steubenville, WV-OH Metro Area",48260,10226,11569,20.718228736334137,651,41.1790063584438,7.971404964615441,30.13135994060663,83511,3784,35,1035,1659,1161,0,38,74,5,202,83,654,777,30605,3,4474,931,0,608,9987,4950
"Wenatchee-East Wenatchee, WA Metro Area",48300,8645,15246,27.331231629847352,795,25.099554375651845,15.29937422963876,32.26983976486205,84376,4014,290,1635,1475,1703,292,886,379,610,2228,138,771,948,17164,53,5327,1491,10,1693,11660,6923
"West Plains, MO Micro Area",48460,2153,2990,17.517554125219426,301,39.29564072557051,14.065242832065536,29.121562317144527,27344,2051,0,788,784,940,0,14,0,2,28,52,577,332,8694,3,1255,315,11,244,3582,2228
"Wheeling, WV-OH Metro Area",48540,11384,13899,22.86380346095221,1050,41.23454576247546,7.641192703507775,28.260458073064548,100377,4519,0,1909,1948,1151,35,5,6,30,59,170,750,978,36871,5,6682,612,12,1319,10698,6285
"Whitewater-Elkhorn, WI Micro Area",48580,6740,15303,32.31722742221098,672,29.256261067543637,7.485173005031341,30.941338505214045,71154,2689,32,824,886,1335,26,44,33,213,408,89,355,374,18128,30,5768,673,4,1252,10551,4725
"Wichita, KS Metro Area",48620,38317,86221,31.511175556900785,4389,26.406505896320486,9.72951538956072,32.352803157218005,426198,20155,85,5281,6929,8482,247,740,186,601,2525,751,2986,4301,92389,87,37407,8202,64,6283,62627,36943
"Wichita Falls, TX Metro Area",48660,8062,15685,24.779793143663873,1033,31.998281312340794,11.404720252892613,31.817205291102724,97749,6358,201,1851,1723,1274,271,283,245,403,928,368,803,1291,24920,24,6284,1464,19,1220,15555,7484
"Wildwood-The Villages, FL Metro Area",48680,12332,26375,35.06630914113105,1436,28.485470140694915,6.834445216211414,29.613775501962618,123814,5532,9,1498,1833,1921,9,37,94,110,465,173,470,1082,29737,32,13050,690,39,2556,15712,8622
"Williamsport, PA Metro Area",48700,9292,12615,24.79902984234938,963,38.44749771837924,8.863940390313426,27.889532048957953,79987,4086,6,1577,1484,1460,10,7,4,18,159,75,618,894,26667,7,5219,771,0,1039,8157,4859
"Williston, ND Micro Area",48780,3718,3766,23.743662543094707,180,33.672683025755425,9.357128371527073,33.2265260596228,24655,1518,0,106,561,940,0,16,23,0,0,27,189,163,6784,0,1714,275,7,194,3000,1474
"Willmar, MN Micro Area",48820,4232,5644,27.09762443821174,240,27.682222147129387,9.171087757239887,36.049065657418986,29593,1045,9,176,440,416,16,5,84,111,124,14,306,213,7147,36,1777,753,11,358,4672,1764
"Wilmington, NC Metro Area",48900,36830,80373,38.510203007821325,4562,22.336122021350022,6.939530968055439,32.21414400277322,323091,11895,35,4014,4056,3821,146,103,154,198,984,917,2500,2539,60271,44,31455,2840,70,8033,43879,23372
"Wilmington, OH Micro Area",48940,3116,3536,20.055207559188872,192,40.3015182078777,8.39791909969211,31.245355133241322,28257,1177,0,441,499,751,0,18,0,28,64,22,131,204,10211,0,1815,199,16,124,3420,2293
"Wilson, NC Micro Area",48980,5605,6660,20.26385321778977,383,34.236248406348736,15.576208865320302,29.923689510541195,54121,2529,26,1373,1662,932,209,185,21,40,494,595,1013,989,16000,0,3292,891,0,632,7304,3286
"Winchester, TN Micro Area",49010,2406,4298,23.050745671103996,318,40.48977413005038,9.161578754212124,27.297901444633503,29973,2292,0,431,580,391,5,6,39,21,60,92,524,321,9844,0,1939,276,0,354,3644,2132
"Winchester, VA-WV Metro Area",49020,7382,16863,28.114747618482944,796,33.45092691410728,11.428317324795447,27.006008142614334,101196,4560,0,2510,1812,1622,37,130,100,158,781,503,1520,1269,29291,16,8999,1095,12,1793,12762,7185
"Winnemucca, NV Micro Area",49080,1096,1628,19.7978021978022,70,35.49010989010989,12.764835164835164,31.947252747252747,11375,744,0,132,149,361,11,11,11,26,164,18,136,249,3293,0,431,184,0,123,1828,710
"Winona, MN Micro Area",49100,4650,6535,32.05793757610716,481,26.36351983592899,6.1494584374799715,35.42908415048388,31206,884,19,285,539,226,3,6,2,0,3,20,256,204,7343,11,2641,331,14,347,4150,2256
"Winston-Salem, NC Metro Area",49180,46214,89104,29.580955369181584,7266,28.43126446918752,10.787971812114685,31.19980834951621,471692,22003,183,9028,8850,6704,309,461,591,1159,2600,1751,4710,7040,112105,206,34349,7189,105,8812,66159,34794
"Wisconsin Rapids-Marshfield, WI Micro Area",49220,7547,7733,21.42358029121263,388,38.297671432078715,6.502237918075202,33.77651035863345,52951,2119,3,433,1003,789,7,6,7,8,51,28,298,294,18160,0,2412,513,3,811,6388,3950
"Woodward, OK Micro Area",49260,599,2011,21.61945093457944,56,38.157126168224295,12.032710280373832,28.190712616822427,13696,876,0,149,529,390,0,0,0,0,91,126,33,218,4350,0,668,112,0,226,2283,979
"Wooster, OH Micro Area",49300,5719,11591,24.715299017374896,831,37.99960955293811,13.690375479924514,23.59471594976248,76835,2971,28,873,1129,1186,0,0,3,22,55,54,5258,752,26226,0,5631,1149,10,937,7961,4449
"Worcester, MA Metro Area",49340,53387,135457,39.02564536718409,12826,26.520520111751317,8.689943211339804,25.76389130972479,602409,20623,260,8009,7287,10044,551,572,927,728,2634,2174,4357,5878,139139,63,75141,8790,75,11670,67224,34593
"Worthington, MN Micro Area",49380,1577,1825,17.706134924677972,64,29.98326177134124,22.203624190379156,30.10697911360163,13741,366,0,271,318,262,50,46,62,102,436,80,235,120,3754,28,444,1041,0,100,1489,1071
"Yakima, WA Metro Area",49420,13293,18944,18.865054105665184,977,29.25970719287078,23.683004455760663,28.192234245703375,157100,9766,420,2734,4430,4021,1392,1083,748,1192,6109,1070,2770,4101,36201,178,8016,6938,20,1700,19369,11628
"Yankton, SD Micro Area",49460,1966,2864,27.65202496023492,155,33.57396304906399,7.267833109017497,31.506178881683596,16346,1292,18,113,263,258,0,5,6,0,65,0,174,154,4196,0,1139,132,0,362,2182,1002
"York-Hanover, PA Metro Area",49620,30737,55071,27.210759770675093,2857,38.01088268981851,8.630413796742644,26.147943742763758,322163,15359,120,5099,5571,5010,20,44,230,330,765,879,2368,3953,107098,27,25399,3293,95,4336,32566,20936
"Youngstown-Warren, OH Metro Area",49660,25987,46847,23.506473198287715,1610,39.4633793548303,9.13480020067892,27.895347246203062,306958,12402,123,4870,6207,5041,79,340,69,170,474,485,3958,2989,108734,28,19574,3117,90,4124,40084,19556
"Yuba City, CA Metro Area",49700,12103,15159,19.172461634773192,916,25.756729776830277,18.555741671319563,36.515066917076965,118206,4571,18,2213,2422,4950,243,461,404,500,1439,409,1833,1573,25875,79,5288,5377,13,1300,20001,11059
"Yuma, AZ Metro Area",49740,11141,14330,16.671988356637385,365,26.729982401295025,23.362466491917218,33.23556275015037,134669,6511,197,2677,2665,3411,650,979,610,864,4576,785,2700,6792,29486,0,6400,4503,53,1357,22276,11341
"Zanesville, OH Micro Area",49780,5732,7460,20.324214792299898,195,41.936845660249915,9.66227625802094,28.07666328942925,59220,1931,9,1054,1788,976,0,0,78,0,94,87,472,473,22904,0,3736,691,0,645,6269,4626
"Zapata, TX Micro Area",49820,519,768,13.280463242698893,28,29.24219536757301,35.939073514602214,21.53826787512588,7944,238,12,230,238,200,90,69,38,141,523,84,342,644,2085,0,227,244,0,32,717,475
