NAME,metropolitan statistical area/micropolitan statistical area,median_mortgage_burden,mortgage_10_15,mortgage_10_15_pct,mortgage_15_20,mortgage_15_20_pct,mortgage_20_25,mortgage_20_25_pct,mortgage_25_30,mortgage_25_30_pct,mortgage_30_35,mortgage_30_35_pct,mortgage_35_40,mortgage_35_40_pct,mortgage_40_50,mortgage_40_50_pct,mortgage_less_10,mortgage_less_10_pct,mortgage_over_50,mortgage_over_50_pct,mortgage_total
"Aberdeen, SD Micro Area",10100,19.6,1300,18.865186475112466,1775,25.75823537948048,1105,16.0354085038456,704,10.216224060368596,381,5.528950805398345,194,2.815266289362937,389,5.645044260629807,490,7.110724132927006,487,7.067189087215208,6891
"Aberdeen, WA Micro Area",10140,23.6,1913,16.08644466868483,2058,17.30575176589304,1835,15.43054154053145,1433,12.050117726202489,985,8.282879246552303,728,6.1217625294315505,968,8.139926000672721,600,5.045408678102927,1269,10.67103935418769,11892
"Abilene, TX Metro Area",10180,21.9,3216,14.754323989539845,4203,19.2824700646878,4584,21.030417029866495,2571,11.795201174473553,1432,6.569711428178189,970,4.450153690874891,1586,7.276230673945956,1699,7.79465063999633,1511,6.932146625682433,21797
"Ada, OK Micro Area",10220,17.4,1504,28.73519296904853,1230,23.50019105846389,564,10.775697363393197,512,9.782193351165457,224,4.279709591134887,215,4.107756973633932,111,2.1207489491784486,525,10.030569354222392,332,6.343141001146351,5234
"Adrian, MI Micro Area",10300,19.6,3848,20.688172043010752,3699,19.887096774193548,2774,14.913978494623656,1529,8.220430107526882,1118,6.010752688172043,799,4.295698924731182,897,4.82258064516129,2056,11.053763440860214,1845,9.919354838709678,18600
"Aguadilla, PR Metro Area",10380,26.0,2051,12.752595908723496,2527,15.712242740782193,1985,12.3422247093204,1926,11.975377728035815,978,6.0809550457004296,1003,6.236398681837966,1337,8.313125660635453,981,6.099608282036933,3056,19.001430081452465,16083
"Akron, OH Metro Area",10420,18.1,30770,24.352602254020514,28119,22.254495377991642,17215,13.62463593769786,10085,7.981670254527036,6223,4.925129796125111,4286,3.392110928200583,4953,3.9200012663036596,14639,11.585887045713562,9615,7.609693554514372,126352
"Alamogordo, NM Micro Area",10460,19.8,1565,21.10871324521176,1415,19.085513892635557,1154,15.565147019152953,685,9.239277043431345,394,5.314270299433504,372,5.017534394388994,362,4.88265443755058,789,10.64202859455085,662,8.929053142702994,7414
"Alamosa, CO Micro Area",10480,24.6,537,15.655976676384839,475,13.848396501457728,446,13.002915451895044,538,15.685131195335277,283,8.25072886297376,269,7.8425655976676385,188,5.481049562682216,285,8.309037900874635,390,11.370262390670554,3430
"Albany, GA Metro Area",10500,19.9,3879,21.36836886465047,3418,18.828843717291907,2456,13.52944416900788,1950,10.742026111386547,790,4.351897757946345,672,3.70186745992398,855,4.709965294992563,1831,10.08648708202501,2208,12.163278796893076,18153
"Albany, OR Metro Area",10540,22.3,3454,15.506868995241089,5033,22.595851665619108,3239,14.541618029990122,2769,12.43153452455778,1954,8.772559935350634,937,4.206698392744904,1245,5.589476519709078,1152,5.17194935799587,2474,11.10712040944599,22274
"Albany-Schenectady-Troy, NY Metro Area",10580,19.4,31451,21.07975871313673,33273,22.30093833780161,23188,15.541554959785522,14616,9.796246648793566,8769,5.877345844504021,5152,3.453083109919571,7052,4.726541554959786,13374,8.963806970509383,11937,8.000670241286862,149200
"Albemarle, NC Micro Area",10620,18.0,2553,25.681520973745098,1751,17.613922140629715,1148,11.548133990544212,879,8.842168795895786,463,4.657479126848406,419,4.2148677195453175,401,4.03379941655769,1319,13.268282868926667,922,9.274720853032894,9941
"Albert Lea, MN Micro Area",10660,18.7,1353,25.24724762082478,846,15.786527337189774,709,13.230080238850531,507,9.460720283635006,366,6.829632394103377,243,4.534428064937488,182,3.3961559992535926,674,12.576973315917147,437,8.15450643776824,5359
"Albertville, AL Micro Area",10700,19.1,3030,21.141501535026514,3092,21.57409991627128,1938,13.52218811052191,1295,9.035724253418923,906,6.321518280770304,512,3.572425341892269,559,3.900362824448786,1568,10.940552609545072,1367,9.538096567122523,14332
"Albuquerque, NM Metro Area",10740,20.6,29836,18.845376452753918,31488,19.888832743810006,22575,14.259095502779182,15097,9.535750378979282,9140,5.77311773623042,7761,4.9020970186963115,7909,4.995578575037897,14434,9.116978271854471,18749,11.842470944921677,158320
"Alexander City, AL Micro Area",10760,18.3,1224,20.248138957816376,1385,22.91149710504549,841,13.91232423490488,319,5.277088502894955,249,4.11910669975186,180,2.977667493796526,448,7.411083540115798,861,14.24317617866005,466,7.70885028949545,6045
"Alexandria, LA Metro Area",10780,19.1,3867,20.80486361435412,3887,20.912465701834616,2464,13.256577177597245,1806,9.71646849948889,1138,6.122558777640286,769,4.137300263625114,746,4.013557863022543,2156,11.59950503039759,1631,8.77495023403454,18587
"Alexandria, MN Micro Area",10820,20.5,1459,17.680562287930197,2019,24.466795928259817,1484,17.983519146873487,754,9.13717886572952,542,6.568104701890451,396,4.798836645661657,403,4.883664566165778,502,6.0833737275811925,671,8.131362094037808,8252
"Alice, TX Micro Area",10860,21.7,557,14.853333333333332,766,20.42666666666667,405,10.8,386,10.293333333333333,180,4.8,312,8.32,236,6.293333333333333,395,10.533333333333333,468,12.479999999999999,3750
"Allentown-Bethlehem-Easton, PA-NJ Metro Area",10900,20.6,26856,18.423543939082116,31238,21.42964944776017,23386,16.043081566851892,16214,11.123001989435412,9019,6.187144131165534,6828,4.684091376826507,7162,4.913219455306304,11923,8.179323591959937,12776,8.764492007957742,145770
"Alma, MI Micro Area",10940,18.7,1347,21.19257394587791,1564,24.60667086217747,1058,16.645689112649464,529,8.322844556324732,262,4.1220893643801135,152,2.391441157960982,184,2.89490245437382,652,10.258023914411579,592,9.314033983637508,6356
"Alpena, MI Micro Area",10980,19.1,945,19.593613933236576,998,20.692515032137674,652,13.51855691478333,462,9.57910014513788,274,5.6811113414887,186,3.856520837652913,165,3.4211071946921003,632,13.10387725482065,489,10.138917686087497,4823
"Altoona, PA Metro Area",11020,17.9,5039,25.291106203573584,4044,20.297129090544068,3160,15.860269022284681,1603,8.04557317807669,763,3.8295522987351935,519,2.6048986147359967,694,3.4832362979321423,2555,12.823730174663723,1505,7.55370407548685,19924
"Altus, OK Micro Area",11060,18.6,721,23.27307940606843,593,19.141381536475148,623,20.10974822466107,229,7.391865719819238,107,3.453841187863137,57,1.8398967075532604,188,6.068431245965139,403,13.008392511297611,176,5.681084570690769,3098
"Amarillo, TX Metro Area",11100,20.5,6462,18.5545697303816,7721,22.16958107215666,5793,16.633646308898268,3191,9.162431446865938,2313,6.641398914635197,1269,3.643724696356275,1675,4.809486892353633,2623,7.5315129066528845,3610,10.365521003818875,34827
"Americus, GA Micro Area",11140,20.5,693,17.874645344338404,667,17.204023729687904,549,14.160433324735619,377,9.724013412432294,284,7.325251483105494,197,5.08124838792881,190,4.900696414753676,496,12.793396956409595,371,9.569254578282177,3877
"Ames, IA Metro Area",11180,19.4,3721,20.576199955762,4040,22.3401902234019,2962,16.379119663791197,2287,12.646538376465383,1122,6.204379562043796,464,2.56580402565804,574,3.174076531740765,1734,9.588586595885866,1172,6.48086706480867,18084
"Amherst Town-Northampton, MA Metro Area",11200,22.1,3370,12.919797577058734,5431,20.821193068547768,4787,18.352246587946635,2871,11.006747431375556,1706,6.540407912896795,1490,5.71231406226039,1602,6.141696058886674,2131,8.169759239380463,2520,9.661094924091397,26084
"Amsterdam, NY Micro Area",11220,19.2,1318,19.760119940029984,1422,21.319340329835082,1077,16.146926536731634,479,7.181409295352324,285,4.272863568215892,289,4.332833583208396,339,5.082458770614692,796,11.934032983508246,637,9.550224887556222,6670
"Anchorage, AK Metro Area",11260,22.1,11455,16.820110714652806,12734,18.698148392875495,11690,17.165176277109673,7346,10.786602645992101,5404,7.935039572412375,3279,4.814765869344963,4051,5.94834295111816,4796,7.042274202311205,7097,10.420979986197377,68103
"Anderson Creek, NC Micro Area",11360,20.9,4364,19.63024605280914,4109,18.483199136341145,3712,16.69740452521254,2208,9.932076829652289,1284,5.775718591156493,828,3.7245288111196073,1128,5.07399577167019,1862,8.375691601817282,2543,11.438981602267106,22231
"Andrews, TX Micro Area",11380,24.9,528,20.935765265662173,261,10.348929421094368,274,10.864393338620143,313,12.410785091197463,308,12.212529738302933,153,6.066613798572561,20,0.7930214115781126,191,7.573354480570975,453,17.96193497224425,2522
"Angola, IN Micro Area",11420,19.0,1311,20.306691449814128,1240,19.206939281288722,888,13.754646840148698,697,10.796158612143742,394,6.102850061957868,166,2.5712515489467163,250,3.8723667905824035,895,13.863073110285008,577,8.937422552664188,6456
"Ann Arbor, MI Metro Area",11460,19.6,12147,20.688421841468816,13149,22.394999489048608,9440,16.07793711891542,5850,9.963552134073646,3716,6.328984569267977,1663,2.832373880164867,2769,4.716081343461526,5005,8.52437238137412,4737,8.067922471642197,58714
"Anniston-Oxford, AL Metro Area",11500,18.5,3645,22.477799703996055,3589,22.132461766156883,2282,14.072520966946225,1096,6.758756783423779,1035,6.382585101134682,588,3.6260483473112974,807,4.976566354218056,1887,11.636655155402071,1131,6.974592994573261,16216
"Appleton, WI Metro Area",11540,18.5,10408,23.17885219250384,11053,24.615281829721845,7392,16.462151749326324,4192,9.335679130570341,2293,5.106563035877336,1185,2.639021891633076,1535,3.4184798343095117,4179,9.306727835556645,2595,5.779123889272432,44903
"Arcadia, FL Micro Area",11580,21.7,404,12.621055920024993,691,21.587004061230868,609,19.0253045923149,373,11.652608559825055,144,4.498594189315839,34,1.0621680724773508,286,8.934707903780069,282,8.809746954076852,340,10.621680724773508,3201
"Ardmore, OK Micro Area",11620,18.7,1255,20.719828297837214,1273,21.017005118045237,734,12.118210335149413,585,9.658246656760774,351,5.794947994056463,227,3.7477298992900776,255,4.210004952947004,815,13.455506026085521,541,8.931814429585604,6057
"Arecibo, PR Metro Area",11640,23.8,2261,15.772584583188001,2540,17.718869898848972,1812,12.640390652249739,1379,9.619811649808161,1374,9.584931984652947,642,4.478549005929543,1014,7.073596093477502,888,6.194628531566097,2234,15.584234391349844,14335
"Arkadelphia, AR Micro Area",11660,16.9,577,24.97835497835498,578,25.02164502164502,115,4.978354978354979,146,6.320346320346321,184,7.965367965367966,41,1.774891774891775,96,4.1558441558441555,357,15.454545454545453,216,9.35064935064935,2310
"Arkansas City-Winfield, KS Micro Area",11680,19.5,1007,20.71590207776178,1134,23.32853322361654,720,14.81176712610574,642,13.207159020777617,217,4.46410203661798,214,4.402386340259206,190,3.908660769389015,382,7.8584653363505454,296,6.08928204073236,4861
"Asheville, NC Metro Area",11700,20.3,11653,19.05143380309322,12964,21.19478141451133,9317,15.232318608377202,5795,9.47421770264526,3989,6.521596965634504,2876,4.701958604453455,2934,4.796782526240069,5370,8.779387241277833,6060,9.907464931497891,61166
"Ashland, OH Micro Area",11740,18.3,2180,23.400601116358953,1917,20.57750107342207,1230,13.203091455560326,665,7.138256762559038,619,6.644482610562473,370,3.971661657363675,382,4.100472305710605,1192,12.79519106912838,720,7.728638900815802,9316
"Astoria, OR Micro Area",11820,24.5,876,12.85399853264857,1236,18.13646368305209,1018,14.937637564196626,908,13.323550990462216,548,8.041085840058694,353,5.179750550256786,477,6.999266324284665,380,5.575935436537051,1019,14.952311078503303,6815
"Atchison, KS Micro Area",11860,17.7,488,23.851417399804497,713,34.84848484848485,218,10.654936461388074,127,6.207233626588465,142,6.940371456500488,36,1.7595307917888565,41,2.0039100684261975,146,7.1358748778103624,114,5.571847507331378,2046
"Athens, OH Micro Area",11900,18.1,1623,24.767282160842363,1480,22.58507553792156,803,12.253929497939875,578,8.820387608728826,408,6.226155959102702,199,3.036777048679994,221,3.372501144513963,746,11.38409888600641,492,7.508011597741493,6553
"Athens, TN Micro Area",11940,18.7,2205,21.73698738170347,2218,21.865141955835963,1353,13.337933753943219,1073,10.577681388012618,458,4.514984227129338,593,5.8458201892744475,257,2.5335173501577284,1210,11.928233438485805,776,7.649842271293375,10144
"Athens, TX Micro Area",11980,20.9,2146,20.73229639648343,1688,16.307603130132353,2037,19.67925804270119,1012,9.77683315621679,720,6.955849676359772,372,3.5938556661192154,470,4.540624094290407,948,9.158535407207033,906,8.75277750941938,10351
"Athens-Clarke County, GA Metro Area",12020,19.3,5886,21.124031007751938,5877,21.09173126614987,3705,13.296726959517658,2480,8.900373241458514,2010,7.213608957795005,916,3.287395923054838,1280,4.593741027849555,2942,10.558426643697961,2694,9.66838931955211,27864
"Atlanta-Sandy Springs-Roswell, GA Metro Area",12060,19.9,215224,20.34535989404955,213256,20.159322703627065,157585,14.896682242239706,96208,9.094647365938368,64783,6.124007778018306,41315,3.9055520946672173,51738,4.8908496738204645,103686,9.801550877106743,108594,10.26550948005063,1057853
"Atlantic City-Hammonton, NJ Metro Area",12100,23.7,9131,13.939393939393941,11399,17.40172505915579,10590,16.16670483169224,7370,11.25104953820319,5222,7.971910541180062,3505,5.350736584993512,4601,7.023891306007175,4029,6.150675520952599,9061,13.832531867796352,65505
"Auburn, IN Micro Area",12140,17.2,2651,28.941048034934497,1501,16.38646288209607,1086,11.85589519650655,711,7.762008733624453,485,5.29475982532751,329,3.591703056768559,361,3.9410480349344983,1251,13.657205240174672,740,8.078602620087336,9160
"Auburn, NY Micro Area",12180,19.3,2702,22.317667465102833,2693,22.243330304782358,1669,13.785413397208227,1067,8.813083340216405,677,5.591806392995788,492,4.063764764186008,560,4.625423308829603,1043,8.614850912695134,1204,9.944660113983646,12107
"Auburn-Opelika, AL Metro Area",12220,19.2,6396,21.732925586136595,6177,20.988786952089704,4357,14.804621134896365,2356,8.00543662928984,1445,4.90995582738702,1294,4.3968739381583415,1167,3.965341488277268,2941,9.993204213387699,2962,10.064559972816854,29430
"Augusta-Richmond County, GA-SC Metro Area",12260,18.8,20564,22.884741650808486,18315,20.381931692985678,12165,13.53787600574233,7618,8.47772621551542,5381,5.9882705126921065,2894,3.2206011640458945,3920,4.362389966503077,10318,11.482433590402742,8340,9.281207224651954,89859
"Augusta-Waterville, ME Micro Area",12300,19.5,4746,20.01433812676591,5364,22.62050352127525,3439,14.502593514106184,2279,9.610762029266647,1538,6.48589381352001,699,2.9477501792265848,940,3.964070341163075,2267,9.560156875975204,2342,9.876439084046726,23713
"Austin, MN Micro Area",12380,18.7,1681,23.803455111866327,1478,20.928915321438684,1044,14.783347493627868,645,9.13338997451147,372,5.267629566694987,239,3.3843103936561882,312,4.4180118946474085,712,10.082129708297932,503,7.122628150665535,7062
"Austin-Round Rock-San Marcos, TX Metro Area",12420,21.4,64584,17.2207468083064,79101,21.091575208779958,64511,17.20128201026035,39430,10.513657355560532,26970,7.19130963427511,17487,4.662752375771926,19367,5.1640375857251035,25520,6.804680084045265,36522,9.738265126547851,375036
"Bainbridge, GA Micro Area",12460,22.3,567,17.96577946768061,622,19.7084917617237,506,16.03295310519645,252,7.984790874524715,339,10.741444866920153,240,7.604562737642586,109,3.453738910012674,146,4.6261089987325725,361,11.438529784537389,3156
"Baker City, OR Micro Area",12520,19.9,462,17.06056129985229,596,22.008862629246675,398,14.697193500738553,199,7.348596750369277,183,6.757754800590841,160,5.908419497784342,106,3.914327917282127,289,10.67208271787297,276,10.19202363367799,2708
"Bakersfield-Delano, CA Metro Area",12540,23.5,16339,14.675792442492344,19859,17.837478555325013,16225,14.573396926338104,11073,9.9458381611921,8395,7.540441737849514,6316,5.673070877457717,8175,7.342836355797472,7937,7.1290632606684445,16448,14.77369692723631,111333
"Baltimore-Columbia-Towson, MD Metro Area",12580,20.0,100124,19.18363593166821,113095,21.668863665974357,79924,15.313340639633358,50517,9.678995409293307,34493,6.608816609314766,21132,4.048865352043593,23202,4.445474820088748,45949,8.803772196718295,50630,9.700646071075482,521924
"Bangor, ME Metro Area",12620,19.2,5475,22.097998062641267,5321,21.476428802066515,3339,13.476751695188893,2589,10.449628672909267,1169,4.71827575072651,1079,4.355020988052955,1062,4.28640619954795,2346,9.468840813690669,2286,9.226670971908298,24776
"Baraboo, WI Micro Area",12660,19.5,2483,19.70165833531699,3060,24.27993334920257,2028,16.09140680790288,1335,10.592716019995239,740,5.871617868761406,426,3.380147583908593,487,3.8641593271443306,1031,8.18059192255812,983,7.799730222962786,12603
"Barnstable Town, MA Metro Area",12700,23.8,7124,14.348728071058833,8885,17.895627303671777,6184,12.45543716892586,5298,10.670909786702651,3716,7.48454148119801,3148,6.3405103828878735,3210,6.465387016858346,3971,7.9981469918830195,7846,15.802936615037563,49649
"Barre, VT Micro Area",12740,21.6,1470,12.823868097356714,2690,23.46680624618337,2252,19.645816976358716,1234,10.765070225944342,801,6.98769955509029,541,4.719532408619035,629,5.487219750501613,835,7.284306028090377,995,8.68010119514961,11463
"Bartlesville, OK Micro Area",12780,18.8,1746,22.523219814241486,1547,19.956140350877195,1101,14.202786377708978,642,8.281733746130032,450,5.8049535603715166,356,4.592363261093911,313,4.037667698658411,941,12.138802889576883,638,8.23013415892673,7752
"Batavia, NY Micro Area",12860,18.6,2628,24.21896599391761,2615,24.09916136761589,1574,14.505575522993272,940,8.662796055663073,707,6.5155285227168,357,3.290019353055018,317,2.9213897336651002,914,8.423186803059627,767,7.068472951801677,10851
"Batesville, AR Micro Area",12900,17.1,1332,26.402378592666004,1206,23.90485629335976,633,12.547076313181368,304,6.025768087215065,193,3.8255698711595643,55,1.0901883052527255,214,4.241823587710605,669,13.260654112983152,433,8.582755203171457,5045
"Baton Rouge, LA Metro Area",12940,19.4,28052,21.096805246375066,27417,20.619246736056795,18779,14.122946874435954,13007,9.782052824739788,6777,5.096714999097527,5323,4.0032188195656095,6525,4.907195716262559,13803,10.380693099091511,12412,9.334576740268336,132968
"Battle Creek, MI Metro Area",12980,19.0,5038,21.73706691979117,4524,19.519351080812875,3222,13.901712905035163,1884,8.128748328083876,1240,5.350131595978772,987,4.2585321655089095,1103,4.759028347068214,2866,12.365707382318677,2180,9.405876515511068,23177
"Bay City, MI Metro Area",13020,18.5,4238,23.683916396557507,3799,21.230580082709288,2246,12.551693305018441,1370,7.6561976081368055,1334,7.455012853470437,683,3.8169218732536043,731,4.085168212808762,1986,11.098692299094669,1320,7.376774337766849,17894
"Bay City, TX Micro Area",13060,22.0,730,20.5575894114334,426,11.996620670233737,676,19.036891016615037,442,12.44719797240214,150,4.224162207828781,152,4.280484370599831,189,5.322444381864264,309,8.701774148127289,397,11.179949310053507,3551
"Beatrice, NE Micro Area",13100,18.9,665,20.92511013215859,771,24.260541220893643,446,14.033983637507866,391,12.303335431088735,121,3.8074260541220895,57,1.7935808684707364,138,4.342353681560731,319,10.037759597230963,270,8.495909376966646,3178
"Beaumont-Port Arthur, TX Metro Area",13140,19.2,9307,21.165260500761832,9372,21.31307847997635,6924,15.746025970481886,3543,8.057216928569805,2073,4.714256475564551,1506,3.4248288722625246,1872,4.257157801378118,4681,10.645168626202443,4574,10.401837491187774,43973
"Beaver Dam, WI Micro Area",13180,20.4,2965,18.805099257943805,3700,23.466734318513353,2648,16.794570939303608,1546,9.805289528762605,1063,6.741929346102619,555,3.520010147777003,832,5.2768440413521915,1010,6.405784232891482,1443,9.152026384220207,15767
"Beckley, WV Metro Area",13220,18.4,3564,23.903420523138834,2823,18.93360160965795,2030,13.615023474178404,1341,8.993963782696177,521,3.494299128101945,371,2.488262910798122,530,3.5546613011401744,1972,13.226022803487592,1707,11.448692152917506,14910
"Bedford, IN Micro Area",13260,18.1,1815,20.037535879885183,2572,28.394789136674763,946,10.443806579818943,971,10.719805696621771,425,4.6919849856480464,217,2.3956723338485317,349,3.852947670567454,1106,12.210200927357032,605,6.679178626628395,9058
"Beeville, TX Micro Area",13300,18.8,585,27.24732184443409,418,19.469026548672566,256,11.92361434559851,163,7.591988821611551,90,4.191895668374476,46,2.1425244527247322,137,6.380996739636702,171,7.964601769911504,281,13.088029809035865,2147
"Bellefontaine, OH Micro Area",13340,19.0,2248,23.47780678851175,2025,21.148825065274153,1550,16.187989556135772,1073,11.206266318537859,355,3.7075718015665795,356,3.7180156657963446,386,4.031331592689296,933,9.744125326370758,636,6.642297650130548,9575
"Bellingham, WA Metro Area",13380,24.1,4753,12.737505024788959,6707,17.974005091786143,6035,16.173120728929387,4635,12.421278306311134,3264,8.747152619589977,2101,5.6304435213721025,2415,6.471928179016481,2186,5.858233954173925,5129,13.745142704006433,37315
"Bemidji, MN Micro Area",13420,20.5,1219,18.934451693072383,1267,19.680024852438645,1065,16.542404473438957,604,9.38179558869214,421,6.539297918608264,261,4.054054054054054,400,6.2131096613855235,621,9.645852749301024,573,8.900279589934762,6438
"Bend, OR Metro Area",13460,23.0,7154,14.626865671641792,9038,18.47883868329585,7600,15.538744632999387,4949,10.118585156409733,3924,8.022899202617053,2448,5.005111429155592,3236,6.61623389899816,3540,7.237783684318136,6553,13.398078102637498,48910
"Bennington, VT Micro Area",13540,21.8,926,14.189396261109408,1128,17.284707324547963,941,14.419246092552864,790,12.105424456022066,277,4.244560220655838,201,3.079987741342323,556,8.519767085504137,829,12.703034017775053,791,12.120747778118297,6526
"Big Rapids, MI Micro Area",13660,19.0,1323,21.414697313046293,1232,19.941728714794433,732,11.848494658465523,575,9.307219164778244,271,4.386532858530269,324,5.244415668501133,275,4.4512787309809,779,12.609258659760439,640,10.359339592101003,6178
"Big Spring, TX Micro Area",13700,18.4,989,26.17094469436359,652,17.253241598306428,776,20.534532945223603,156,4.128076210637735,174,4.60439269648055,149,3.942842021698862,161,4.260386345594073,440,11.643291876157713,260,6.880127017729558,3779
"Billings, MT Metro Area",13740,21.1,5148,16.278260869565216,6930,21.913043478260867,5919,18.71620553359684,3500,11.067193675889328,2105,6.6561264822134385,1231,3.8924901185770753,1328,4.199209486166008,2399,7.585770750988143,2982,9.429249011857706,31625
"Binghamton, NY Metro Area",13780,18.8,7840,22.071450691140452,7791,21.933504124320823,5186,14.599814194420201,3061,8.617437572140425,1691,4.760564173305932,1525,4.293234987753723,1569,4.417105374285634,3879,10.920300667210945,2747,7.733453450071788,35521
"Birmingham, AL Metro Area",13820,19.1,42149,21.74893445752794,39544,20.404751339023104,27752,14.320065222551317,17116,8.831876489953457,10598,5.468580687107194,6398,3.301375659191529,8107,4.183221705074356,21747,11.221478033829039,19234,9.924767025459499,193798
"Bishop, CA Micro Area",13860,22.7,196,9.210526315789473,463,21.757518796992482,418,19.642857142857142,212,9.962406015037594,120,5.639097744360902,109,5.12218045112782,126,5.921052631578947,174,8.17669172932331,300,14.097744360902256,2128
"Bismarck, ND Metro Area",13900,20.0,4333,19.21166977032899,5314,23.561230823800656,4003,17.748514675888977,2243,9.945020838875587,1322,5.861487984393012,1222,5.418107652744524,1019,4.518045579498094,1585,7.027578256628536,1484,6.579764121663563,22554
"Blackfoot, ID Micro Area",13940,18.6,1562,20.83500066693344,1713,22.849139655862345,1100,14.672535680939042,617,8.229958650126717,418,5.575563558756836,245,3.2679738562091507,344,4.588502067493664,945,12.605042016806722,534,7.122849139655862,7497
"Blacksburg-Christiansburg-Radford, VA Metro Area",13980,18.9,4693,20.634920634920633,5119,22.50802444708262,3526,15.50367145935013,2000,8.793914611089127,1038,4.564041683155256,828,3.640680648990898,1009,4.436529921294465,2658,11.687112518137448,1754,7.712263113925164,22743
"Bloomington, IL Metro Area",14010,18.1,6758,23.88661105612894,7020,24.8126678919836,4034,14.258447617701117,2224,7.860879400537255,1348,4.764597766152976,787,2.7817050756397568,1081,3.820868089919412,2885,10.197228898628588,1806,6.383429944860739,28292
"Bloomington, IN Metro Area",14020,18.4,5290,22.046259637424466,5268,21.954573869556157,3562,14.844759324859346,2052,8.551781621171077,1402,5.842883934152949,830,3.459053969576995,951,3.9633256928526777,3104,12.93602833923734,1491,6.213794540529277,23995
"Bloomsburg-Berwick, PA Micro Area",14100,18.8,2033,23.1364515761921,1755,19.9726869238648,1112,12.655058609309206,656,7.465574143621259,488,5.553658814157278,366,4.165244110617959,362,4.119722317059292,1003,11.414589734835552,993,11.300785250938887,8787
"Bluefield, WV-VA Micro Area",14140,17.3,2521,24.112864658058346,2206,21.09995217599235,790,7.556193208990914,918,8.780487804878048,417,3.9885222381635583,186,1.7790530846484938,663,6.341463414634147,1636,15.648015303682449,970,9.277857484457197,10455
"Blytheville, AR Micro Area",14180,15.0,1159,26.322961617079265,751,17.05655235067,604,13.717919600272541,201,4.565069270951624,171,3.8837156484215303,90,2.0440608675902796,177,4.01998637292755,1050,23.84737678855326,193,4.383374971610266,4403
"Bogalusa, LA Micro Area",14220,18.7,989,22.30994811639973,604,13.625084592826529,536,12.091134671779834,166,3.7446424543198735,198,4.466501240694789,172,3.879990976765171,186,4.195804195804196,773,17.43740130836905,791,17.84344687570494,4433
"Boise City, ID Metro Area",14260,20.3,26494,18.189807281690044,30397,20.869463725429615,23437,16.09098336457196,14323,9.833645719621293,9469,6.50106760588522,7151,4.909613945473145,7031,4.827226353044565,14241,9.777347531461762,12419,8.526429253087818,145653
"Bonham, TX Micro Area",14300,22.0,725,16.697374481805618,737,16.973744818056193,682,15.70704744357439,616,14.187010594196222,249,5.734684477199447,270,6.2183325656379544,208,4.790419161676647,430,9.903270382312298,409,9.41962229387379,4342
"Boone, NC Micro Area",14380,20.0,1107,16.080766995932596,1569,22.79198140615921,774,11.243463102847182,681,9.892504357931434,362,5.258570598489251,389,5.650784427658338,345,5.011621150493899,728,10.575246949447996,854,12.405578152237071,6884
"Borger, TX Micro Area",14420,17.5,567,25.166444740346204,479,21.260541500221926,211,9.365290723479806,275,12.20594762538837,117,5.193075898801598,98,4.349755881047492,33,1.4647137150466045,320,14.203284509542833,153,6.790945406125166,2253
"Boston-Cambridge-Newton, MA-NH Metro Area",14460,21.9,133338,16.47067252343283,157394,19.442207256394926,129313,15.973481498317579,83942,10.368996032353857,57291,7.076912054628015,39943,4.933987854951158,45783,5.65537806282024,64058,7.912810605424261,95607,11.809923562284139,809548
"Boulder, CO Metro Area",14500,21.0,9950,17.81908701803399,10979,19.661885062411578,8009,14.343021902254696,5956,10.666380128583965,3080,5.5158580920145415,2915,5.2203656942280485,2652,4.7493687207865465,5320,9.5273912498433,6934,12.417844159100271,55839
"Bowling Green, KY Metro Area",14540,18.6,5928,22.90483366175959,6472,25.00676171708976,4209,16.26289556044975,2175,8.403848382983655,1051,4.060894092191183,737,2.847648854371933,1042,4.026119547158147,2385,9.215254433754492,1821,7.0360496116842475,25881
"Bozeman, MT Metro Area",14580,22.4,2538,13.279614901632483,3797,19.867099204688156,3267,17.093972373377984,1739,9.098995395562998,1773,9.276894097948933,1104,5.776475512766848,984,5.148597739640016,1645,8.607157806613646,2194,11.479698618668898,19112
"Bradford, PA Micro Area",14620,17.3,1350,22.597924338801473,1410,23.602276531637095,726,12.152661533311013,414,6.930030130565785,299,5.005021760964178,109,1.824573150318045,348,5.825242718446602,960,16.06963508536994,323,5.406762638098426,5974
"Brainerd, MN Micro Area",14660,21.1,3673,18.771400827924566,3426,17.509071395717278,3193,16.31829100015332,1819,9.296264118158124,1125,5.749476158838862,975,4.982879337660346,1274,6.510962334542852,1972,10.078192875760209,2059,10.522819032043747,19567
"Branson, MO Micro Area",14700,20.2,1366,16.801968019680196,1858,22.853628536285363,953,11.722017220172201,894,10.99630996309963,498,6.125461254612547,304,3.7392373923739237,493,6.063960639606396,770,9.471094710947108,939,11.549815498154983,8130
"Brattleboro, VT Micro Area",14710,24.7,1002,11.674239776301992,1544,17.98904811837353,1477,17.208435279039964,890,10.369334731445882,884,10.299429104042876,325,3.7865548176628216,678,7.899335896539672,353,4.11278107887685,1404,16.35791681230339,8583
"Breckenridge, CO Micro Area",14720,21.9,1206,16.990701606086223,1288,18.14595660749507,1029,14.497041420118343,797,11.228515074668922,411,5.790363482671175,327,4.6069315300084535,602,8.481262327416173,651,9.171597633136095,780,10.989010989010989,7098
"Bremerton-Silverdale-Port Orchard, WA Metro Area",14740,22.2,8447,16.37015503875969,10033,19.443798449612405,8610,16.686046511627907,6521,12.637596899224807,4463,8.64922480620155,2929,5.676356589147287,2343,4.540697674418605,3352,6.496124031007752,4639,8.99031007751938,51600
"Brenham, TX Micro Area",14780,23.4,777,16.157205240174672,694,14.431274693283427,946,19.67144936577251,649,13.495529216053233,269,5.593678519442712,204,4.242046163443543,283,5.884799334580994,294,6.11353711790393,684,14.223331253898937,4809
"Brevard, NC Micro Area",14820,19.8,1188,22.176591375770023,1003,18.72316595109203,728,13.58969572521934,533,9.94959865596416,349,6.514840395743887,297,5.544147843942506,190,3.546761246966586,501,9.352249393317155,527,9.837595669217846,5357
"Bridgeport-Stamford-Danbury, CT Metro Area",14860,23.0,23518,15.209897621957925,26603,17.205072983967458,22169,14.337453030920367,14469,9.357598804834986,10780,6.971795916519534,8794,5.6873815667785514,9333,6.035971362604529,13457,8.70310367797805,24769,16.01896225011803,154623
"Brigham City, UT-ID Micro Area",14940,20.6,2039,19.301400984475578,2286,21.639530480878456,1556,14.729269216205982,1099,10.403256342294585,581,5.499810677773571,538,5.092767890950397,742,7.023854600530102,724,6.853464596743658,899,8.510034078000757,10564
"Brookhaven, MS Micro Area",15020,18.2,740,21.356421356421357,917,26.464646464646464,484,13.968253968253968,259,7.474747474747474,70,2.0202020202020203,47,1.3564213564213565,96,2.7705627705627704,403,11.63059163059163,438,12.640692640692642,3465
"Brookings, OR Micro Area",15060,23.7,577,13.592461719670201,545,12.838633686690223,655,15.429917550058892,511,12.037691401648999,279,6.57243816254417,82,1.9316843345111898,412,9.705535924617196,510,12.014134275618375,674,15.877502944640753,4245
"Brookings, SD Micro Area",15100,19.4,842,18.790448560589155,1343,29.970988618611916,794,17.719259093952243,548,12.229413077438071,157,3.5036822137915644,185,4.1285427359964295,166,3.704530238785985,204,4.552555233206874,231,5.155099308190136,4481
"Brownsville-Harlingen, TX Metro Area",15180,21.4,6317,18.20041488993892,6611,19.047481848565173,5249,15.123314509623142,3229,9.303330644231877,2415,6.95805001728708,1389,4.00195920248934,2493,7.182782067534863,2644,7.6178402673735155,3760,10.833237293995621,34708
"Brownwood, TX Micro Area",15220,19.6,699,16.1022805805114,1048,24.14190278737618,622,14.328495738309147,353,8.131766873992168,210,4.8375950241879755,198,4.561161022805805,320,7.371573370191201,498,11.472011057360056,368,8.47730937571988,4341
"Brunswick-St. Simons, GA Metro Area",15260,20.1,3861,22.855620671283962,2777,16.43876161723791,2050,12.13520393062215,1363,8.068430710945362,872,5.16190137926952,805,4.765287397146747,958,5.6709879831883026,1660,9.826555377967205,2306,13.65062451903155,16893
"Bucyrus, OH Micro Area",15340,16.7,1813,25.881513204853672,1414,20.185581727337613,877,12.519628836545325,430,6.138472519628837,292,4.168451106352605,304,4.3397573162027125,201,2.8693790149892937,1209,17.259100642398288,465,6.638115631691649,7005
"Buffalo-Cheektowaga, NY Metro Area",15380,18.6,43429,22.84726752383157,40696,21.409482123692683,27726,14.58618295069548,16365,8.609351655057763,9457,4.975168872708908,6602,3.473201321521012,7211,3.7935859935607414,22039,11.594347762042045,15458,8.132194187832747,190084
"Burley, ID Micro Area",15420,20.4,1224,19.02097902097902,1113,17.296037296037294,1245,19.34731934731935,557,8.655788655788657,337,5.236985236985237,265,4.118104118104118,313,4.864024864024865,757,11.763791763791765,585,9.090909090909092,6435
"Burlington, IA-IL Micro Area",15460,18.9,1813,23.20491488544733,1751,22.411365672596954,1290,16.510943299628824,810,10.36733649046461,369,4.722897734544989,208,2.6622296173044924,176,2.252655830026878,711,9.100217586074491,631,8.076283117880456,7813
"Burlington, NC Metro Area",15500,18.7,6003,21.872039641477812,6548,23.85775705020768,3963,14.439262551920134,2357,8.587772352984041,1241,4.521606062814254,964,3.512351526634118,1485,5.41062449901625,2820,10.27472127085914,1964,7.155869707789842,27446
"Burlington-South Burlington, VT Metro Area",15540,21.4,6964,16.47153433146479,9613,22.73705622176494,7954,18.813122353887273,4775,11.294023037441756,2720,6.433453960595094,1718,4.063483053052343,2283,5.3998438941318385,2312,5.46843586650583,3861,9.13219328744767,42279
"Butte-Silver Bow, MT Micro Area",15580,21.8,1008,16.527299557304474,1179,19.331037875061487,1044,17.117560255779633,700,11.477291359239219,302,4.951631414986063,288,4.722085587801279,279,4.574520413182489,480,7.870142646335465,815,13.362846368257092,6099
"Cadillac, MI Micro Area",15620,19.4,1872,21.805474665113568,1688,19.66220151426907,1338,15.585323238206172,838,9.761211415259172,484,5.637740244612697,292,3.4012813046010484,396,4.6126965637740245,912,10.623179965055328,723,8.421665695981364,8585
"Calhoun, GA Micro Area",15660,19.7,2332,26.012269938650306,1419,15.828220858895707,1478,16.486335750139432,931,10.384829894032348,376,4.194088120468488,329,3.6698271054099276,353,3.937534857780257,807,9.001673173452314,925,10.317902955939767,8965
"Cambridge, MD Micro Area",15700,21.8,937,19.75126475548061,882,18.591905564924115,656,13.827993254637436,544,11.467116357504215,200,4.215851602023609,198,4.173693086003373,319,6.724283305227656,313,6.597807757166947,681,14.354974704890388,4744
"Cambridge, OH Micro Area",15740,20.2,1304,20.652518213493824,1273,20.16154577130187,1054,16.69306303452645,669,10.595502058916693,334,5.289832119100412,298,4.71967057332911,307,4.862210959771936,503,7.9664238200823565,517,8.188153310104529,6314
"Camden, AR Micro Area",15780,16.8,685,23.079514824797844,424,14.285714285714285,364,12.264150943396226,305,10.276280323450134,171,5.761455525606469,34,1.1455525606469004,138,4.649595687331536,623,20.99056603773585,183,6.165768194070081,2968
"Campbellsville, KY Micro Area",15820,17.7,1514,30.24975024975025,912,18.221778221778223,556,11.10889110889111,524,10.469530469530469,249,4.975024975024975,131,2.617382617382617,171,3.4165834165834164,473,9.45054945054945,435,8.691308691308691,5005
"Cañon City, CO Micro Area",15860,23.4,823,11.807747489239597,1227,17.604017216642752,1056,15.150645624103301,646,9.268292682926829,617,8.85222381635581,477,6.843615494978479,414,5.93974175035868,686,9.842180774748924,951,13.644189383070302,6970
"Canton, IL Micro Area",15900,18.2,1128,21.13150992881229,1278,23.941551142750093,504,9.441738478831024,550,10.303484451105282,306,5.7324840764331215,226,4.233795428999625,161,3.01611090295991,697,13.05732484076433,428,8.017984263769202,5338
"Canton-Massillon, OH Metro Area",15940,18.1,17336,24.922369177688328,15086,21.6877515813686,9786,14.068430132259918,5933,8.529327199539965,3690,5.304772857964347,2439,3.5063254744105805,2534,3.6428982173663025,7906,11.365727429557216,4720,6.785508913168488,69560
"Cape Coral-Fort Myers, FL Metro Area",15980,23.5,17819,14.523359306230235,22171,18.070452841261044,17468,14.237277084080462,13303,10.842597724383008,8531,6.953183581651616,7006,5.710233756072116,8038,6.551364392136406,8672,7.068105499951097,18950,15.445179799823949,122692
"Cape Girardeau, MO-IL Metro Area",16020,17.9,3842,25.609918677509665,3439,22.923610185308625,1946,12.971603786161845,1226,8.172243700839887,804,5.359285428609518,427,2.8462871617117718,467,3.1129182775629918,1610,10.731902413011598,1172,7.8122916944407415,15002
"Carbondale, IL Micro Area",16060,18.6,1302,24.956871765382406,1034,19.81981981981982,587,11.251677209124018,597,11.44335825186889,256,4.907034694268737,170,3.2585777266628333,225,4.312823461759632,550,10.54245735096799,485,9.296530573126317,5217
"Carlsbad-Artesia, NM Micro Area",16100,17.3,1881,23.213624583487597,2161,26.669134888312975,1199,14.79698876959151,307,3.788720227076391,262,3.2333703566580283,144,1.7771195853387636,73,0.9009009009009009,1180,14.562507713192643,877,10.82315191904233,8103
"Carroll, IA Micro Area",16140,17.0,998,29.561611374407583,661,19.579383886255926,429,12.70734597156398,327,9.68601895734597,128,3.7914691943127963,69,2.043838862559242,83,2.4585308056872037,427,12.648104265402843,253,7.4940758293838865,3376
"Carson City, NV Metro Area",16180,22.1,1465,16.357748995087093,1769,19.752121482804824,1488,16.614560071460474,939,10.484591335417596,736,8.21795444394819,398,4.443948191156767,422,4.711924966502903,560,6.252791424743188,1061,11.846806610093791,8956
"Casper, WY Metro Area",16220,20.4,2848,19.029800881999197,3290,21.98316183348924,2366,15.809167446211411,1246,8.325537885874649,1169,7.811038353601497,700,4.677268475210477,725,4.8443137778965655,1051,7.022584524923159,1365,9.12067352666043,14966
"Cedar City, UT Micro Area",16260,22.4,1426,16.289696138907928,1543,17.626228010052547,1379,15.752798720584876,957,10.932145305003427,897,10.246744345442083,543,6.202878684030157,538,6.145761937400045,725,8.281928261366232,730,8.339045007996344,8754
"Cedar Rapids, IA Metro Area",16300,19.0,11526,21.270784505508704,12932,23.86550279587355,8464,15.619982652665767,5152,9.507815527709598,3301,6.091867052983188,1788,3.2996844261538745,2054,3.7905770756823594,5212,9.618543193016775,3668,6.76915127244542,54187
"Cedartown, GA Micro Area",16340,20.6,1158,24.109931292941912,765,15.927545284197375,919,19.13387466166979,322,6.704143243805954,322,6.704143243805954,189,3.9350405996252342,238,4.955236310639184,351,7.30793254216115,522,10.868207370393504,4803
"Celina, OH Micro Area",16380,17.3,1858,27.23940771147926,1503,22.034892244538923,1014,14.865855446415482,474,6.949127693886527,357,5.2338366808385866,167,2.448321360504325,143,2.09646679372526,864,12.666764404046326,441,6.465327664565312,6821
"Centralia, IL Micro Area",16460,19.7,1329,22.76464542651593,1225,20.983213429256594,1067,18.27680712572799,472,8.084960602946214,240,4.110996916752312,135,2.3124357656731758,352,6.029462144570058,436,7.468311065433368,557,9.540938677629326,5838
"Centralia, WA Micro Area",16500,22.6,2263,15.774431897393,2742,19.113341698034294,2213,15.425902690645476,1480,10.316464519726754,1095,7.632789627770807,783,5.4579673776662485,1053,7.340025094102885,981,6.838143036386449,1691,11.787257772201311,14346
"Chambersburg, PA Metro Area",16540,20.2,5471,19.348564153345592,6464,22.860376290847363,4706,16.643089545904655,3069,10.853727542792473,2012,7.115575045975385,1239,4.381807893620031,922,3.2607158013863344,1969,6.963502617060405,2339,8.2720328193521,28276
"Champaign-Urbana, IL Metro Area",16580,18.7,7520,23.277409769083143,7218,22.342598898037515,4925,15.244846158608308,2988,9.24905590292825,1524,4.717389958521637,1098,3.398749458304959,1003,3.104686435956169,3241,10.032192162446604,2636,8.159475020120102,32306
"Charleston, WV Metro Area",16620,17.1,7470,26.189391017775126,6374,22.346877958139046,3335,11.692318479823301,1598,5.602496231111735,1478,5.1817831223924555,698,2.4471479157171405,1131,3.9652210496792057,4037,14.153490165831084,2306,8.084703572555481,28523
"Charleston-Mattoon, IL Micro Area",16660,18.4,1422,23.080668722609964,1284,20.84077260185035,937,15.2085700373316,618,10.03083914948872,257,4.17140074663204,243,3.944164908294108,398,6.459990261321213,769,12.481739977276417,217,3.522155494237948,6161
"Charleston-North Charleston, SC Metro Area",16700,20.5,27628,18.686253821388956,28970,19.59391824256689,23109,15.629819008197387,14180,9.590671752833915,8910,6.026296566837107,5965,4.034439845250656,6601,4.4645997348700055,14071,9.516949381814246,16986,11.488515542569596,147852
"Charlotte-Concord-Gastonia, NC-SC Metro Area",16740,18.7,105427,22.25301573564953,96853,20.44325773326438,65104,13.74183403164016,39665,8.372294280919865,25845,5.4552362458180745,18212,3.844099922957585,20730,4.375587052652687,59284,12.513376885164588,40369,8.520891159118973,473765
"Charlottesville, VA Metro Area",16820,19.7,7027,18.72867803837953,8112,21.62046908315565,5609,14.949360341151385,3637,9.693496801705757,2808,7.484008528784648,1120,2.9850746268656714,1486,3.960554371002132,3946,10.517057569296377,3553,9.469616204690832,37520
"Chattanooga, TN-GA Metro Area",16860,18.6,20020,22.363717605004467,20287,22.661974977658623,12289,13.727658623771225,7636,8.52993744414656,4710,5.261394101876675,2786,3.112153708668454,4341,4.849195710455764,9755,10.897006255585344,7317,8.173592493297587,89520
"Cheyenne, WY Metro Area",16940,21.8,3256,16.307723129319843,4455,22.312931984373435,3356,16.808574576780526,2458,12.310928578583592,1365,6.836622257838325,923,4.622858860062105,1153,5.774817189221677,985,4.933386757487729,1913,9.58128818992287,19966
"Chicago-Naperville-Elgin, IL-IN Metro Area",16980,21.6,263189,17.1639328439582,305747,19.9393628732268,240712,15.69808997615731,164006,10.695690055459037,105785,6.898793778988173,70046,4.568066446500028,83769,5.463015135152056,116765,7.61485707428798,175525,11.446904363160174,1533384
"Chico, CA Metro Area",17020,23.4,4489,15.606856030316726,4830,16.792406911657338,4530,15.749400271181727,3302,11.480026422834893,2062,7.168932308869033,1533,5.329763932830373,1819,6.324096930083788,1913,6.650905677432813,4088,14.212703820880993,28763
"Chillicothe, OH Micro Area",17060,18.3,2852,24.696917215102182,2613,22.627294769657084,1708,14.790439903013509,655,5.671977831659162,620,5.368895046761344,447,3.8708001385521302,376,3.255975060616557,1193,10.330793210945618,1073,9.2916522341531,11548
"Cincinnati, OH-KY-IN Metro Area",17140,18.4,95362,23.422294924129663,91311,22.427310373284996,58127,14.276837074042964,34796,8.546403957341663,20751,5.096747572100152,15114,3.712218341512298,15301,3.7581482627682723,45759,11.239076292792195,28987,7.1196290237804005,407142
"Clarksburg, WV Micro Area",17220,16.4,3353,27.745138601572194,2782,23.020273065784032,1215,10.05378568473314,796,6.586677699627637,350,2.8961522548613985,539,4.4600744724865535,452,3.740173769135292,1885,15.597848572610673,707,5.850227554820025,12085
"Clarksdale, MS Micro Area",17260,22.0,304,17.90341578327444,354,20.848056537102476,223,13.133097762073026,130,7.656065959952886,155,9.128386336866901,72,4.240282685512367,121,7.126030624263841,78,4.593639575971731,212,12.48527679623086,1698
"Clarksville, TN-KY Metro Area",17300,20.1,9749,19.621616181946262,10680,21.495421153265575,7364,14.82137466036027,5261,10.588708865854885,2987,6.011874811311261,2401,4.8324443997182245,2114,4.254805273221294,3996,8.042668813525209,4721,9.501861728892019,49685
"Clearlake, CA Micro Area",17340,26.1,1118,10.992036181299774,1761,17.313931766787928,1270,12.486481171959493,1110,10.913381181791367,713,7.010126831186707,819,8.05230557467309,747,7.344410579097434,632,6.213744961164093,1884,18.52325238422967,10171
"Cleveland, MS Micro Area",17380,24.8,490,15.530903328050712,502,15.911251980982568,284,9.001584786053883,304,9.635499207606973,541,17.147385103011093,150,4.754358161648177,160,5.071315372424722,291,9.223454833597463,390,12.361331220285262,3155
"Cleveland, OH Metro Area",17410,18.9,82571,22.212089665060702,79603,21.413680028191823,51744,13.919443480506485,32616,8.773897815402742,20415,5.4917563128969515,13345,3.5898843005441985,17131,4.608340798248233,39581,10.647524203809661,32687,8.792997237308972,371739
"Cleveland, TN Metro Area",17420,19.2,3840,20.414673046251995,4075,21.66400850611377,3042,16.172248803827753,1730,9.197235513024987,907,4.821903242955875,517,2.7485380116959064,567,3.014354066985646,2128,11.313131313131313,1944,10.334928229665072,18810
"Clewiston, FL Micro Area",17500,21.9,891,17.144506446026554,1081,20.800461804887433,812,15.624398691552818,362,6.965557052145469,432,8.312487973831056,341,6.5614777756397915,335,6.446026553781027,307,5.907254185106792,630,12.12237829517029,5197
"Clinton, IA Micro Area",17540,18.8,2144,25.818882466281313,1522,18.328516377649326,1329,16.004335260115607,890,10.717726396917149,344,4.142581888246628,175,2.107418111753372,363,4.371387283236994,839,10.103564547206165,675,8.128612716763007,8304
"Clovis, NM Micro Area",17580,22.1,1460,17.221042698749706,1720,20.287803727294175,1240,14.62609105921208,1095,12.915782024062278,837,9.872611464968154,204,2.40622788393489,424,5.0011795234725165,519,6.121726822363764,945,11.146496815286625,8478
"Coamo, PR Micro Area",17620,25.6,815,14.692626645033352,830,14.963043086352984,679,12.240850910402019,446,8.040382188570398,369,6.652244456462952,431,7.769965747250766,486,8.761492698756085,315,5.678745267712277,1020,18.38831800973499,5547
"Coco, PR Micro Area",17640,23.1,421,19.436749769159743,415,19.159741458910435,211,9.74145891043398,221,10.203139427516158,273,12.60387811634349,132,6.094182825484765,47,2.169898430286242,101,4.66297322253001,314,14.496768236380426,2166
"Cody, WY Micro Area",17650,21.8,824,15.009107468123862,998,18.178506375227688,919,16.73952641165756,550,10.018214936247723,414,7.540983606557377,347,6.320582877959927,227,4.134790528233151,588,10.710382513661203,609,11.09289617486339,5490
"Coeur d'Alene, ID Metro Area",17660,21.7,6114,18.96696137738483,6225,19.31130758492322,4677,14.509073987901349,3064,9.505196215293935,2799,8.683108422522103,1214,3.766092756320769,2002,6.210640608034745,2184,6.7752442996742674,3874,12.017992864898403,32235
"Coldwater, MI Micro Area",17740,19.8,1848,25.218340611353714,1201,16.38919213973799,1273,17.371724890829697,647,8.82914847161572,404,5.513100436681222,230,3.138646288209607,328,4.475982532751091,639,8.719978165938864,732,9.989082969432314,7328
"College Station-Bryan, TX Metro Area",17780,21.8,4250,15.207356782481124,6025,21.558664615164417,4579,16.384585107524956,3086,11.042330124879236,1882,6.73417540344223,1682,6.018535084266648,1230,4.401187962929831,1959,7.009696926324829,3095,11.074533939242137,27947
"Colorado Springs, CO Metro Area",17820,22.1,22647,15.87948225329201,27679,19.407788638180314,23683,16.60589827371019,15246,10.690095219397271,10779,7.557952011667532,7711,5.406750901008288,8541,5.988725125860691,10387,7.283091895833625,14999,10.516905299471315,142618
"Columbia, MO Metro Area",17860,18.7,6881,21.628842647890867,7401,23.26334318224681,5220,16.407870748726975,2778,8.732004777770792,1790,5.626453762494499,994,3.1244106368265543,885,2.7817941786634814,3442,10.819136229333,2287,7.188659080907776,31814
"Columbia, SC Metro Area",17900,19.1,31971,21.878913547804306,29363,20.0941646649832,19728,13.500585107475004,13155,9.00244308033423,8680,5.940038459696018,5205,3.561970067133384,6526,4.465978224421223,16552,11.327133247106968,14251,9.752475586305064,146127
"Columbus, GA-AL Metro Area",17980,20.7,8386,19.562833881540577,7543,17.596286187510206,5372,12.531784356264724,4365,10.182657988662609,2954,6.891081717871556,2307,5.38176219469522,1825,4.257354141880701,4518,10.539575897543566,5219,12.174866447383769,42867
"Columbus, IN Metro Area",18020,17.0,4189,27.885767540939955,3456,23.00625748901611,2351,15.650379443482892,1002,6.670217015044601,394,2.6228198641991747,391,2.6028491545732924,450,2.995606443882306,1920,12.781254160564506,859,5.7182798562108905,15022
"Columbus, MS Micro Area",18060,19.2,1874,20.896520963425512,1886,21.030330062444246,893,9.957627118644067,630,7.024977698483497,619,6.902319357716324,309,3.4455842997323822,258,2.8768956289027656,1015,11.318019625334523,1460,16.280107047279216,8968
"Columbus, NE Micro Area",18100,18.2,1109,19.411867670225803,1525,26.693506038858743,797,13.950638893751094,420,7.351654122177489,304,5.321197269385611,178,3.1157010327323644,180,3.150708909504638,776,13.583056187642221,414,7.246630491860668,5713
"Columbus, OH Metro Area",18140,19.1,79270,21.963194263580498,81257,22.513728728090836,58460,16.1974055336056,33212,9.201988241226635,19350,5.361269193897851,12325,3.4148652617463053,15177,4.205063697973523,33923,9.39898371393265,26798,7.424872964241581,360922
"Concord, NH Micro Area",18180,21.7,4356,15.400933389902418,6417,22.68773865082732,4969,17.56823645877528,3292,11.63908923773158,2336,8.25908640927733,1147,4.055296280582662,1599,5.6533729316928305,1662,5.87611370386084,2464,8.711639089237732,28284
"Connersville, IN Micro Area",18220,14.7,1250,32.11716341212744,725,18.627954779033914,287,7.374100719424461,243,6.243576567317575,110,2.826310380267215,88,2.2610483042137717,195,5.0102774922918805,766,19.681397738951695,228,5.858170606372045,3892
"Cookeville, TN Micro Area",18260,20.1,3766,20.125046758937636,3726,19.911291615454495,2449,13.08715865975525,2069,11.05648479666542,1143,6.108053225030727,615,3.2864853310532784,928,4.95911932880885,1774,9.48004061347726,2192,11.713781862876075,18713
"Coos Bay-North Bend, OR Micro Area",18300,22.8,2357,20.301464254952627,1779,15.322997416020673,1702,14.659776055124892,1480,12.747631352282514,684,5.891472868217054,592,5.099052540913005,857,7.381567614125753,697,6.003445305770887,1429,12.308354866494401,11610
"Corbin, KY Micro Area",18340,18.3,3907,23.247649648934903,3847,22.890634297274783,1964,11.686302511007973,1291,7.681780316553612,810,4.819707247411639,489,2.909675116029989,814,4.843508270855647,1851,11.013923598714745,1671,9.942877543734381,16806
"Cordele, GA Micro Area",18380,18.8,447,21.490384615384617,426,20.48076923076923,260,12.5,105,5.048076923076923,138,6.634615384615385,53,2.548076923076923,243,11.682692307692308,269,12.932692307692308,139,6.6826923076923075,2080
"Corinth, MS Micro Area",18420,18.7,1108,24.737664657289574,774,17.280643000669794,532,11.877651261442287,337,7.524000893056486,274,6.117436927885689,268,5.983478455012279,366,8.171466845277964,565,12.614422862246036,255,5.693235097119893,4479
"Cornelia, GA Micro Area",18460,21.0,878,14.621149042464612,1282,21.3488759367194,1040,17.318900915903416,647,10.774354704412989,476,7.926727726894255,216,3.5970024979184014,348,5.795170691090758,622,10.358034970857618,461,7.676935886761033,6005
"Corning, NY Micro Area",18500,18.3,3598,25.23141654978962,2948,20.67321178120617,1928,13.520336605890604,1223,8.576437587657784,658,4.614305750350631,663,4.64936886395512,623,4.368863955119215,1574,11.037868162692847,1019,7.14586255259467,14260
"Corpus Christi, TX Metro Area",18580,22.2,8752,16.94154084397987,10069,19.49090205187766,8160,15.795586527293844,6179,11.960898180410377,3437,6.653116531165312,2650,5.129694154084398,2948,5.706542779713511,3230,6.252419667053813,5857,11.337591947348045,51660
"Corsicana, TX Micro Area",18620,21.2,1190,20.88818676496402,909,15.955766192733018,777,13.638757240652973,464,8.144637528523784,361,6.336668421976478,280,4.9148674741091805,289,5.072845357205546,539,9.461119887660171,855,15.00789889415482,5697
"Cortland, NY Micro Area",18660,20.0,1156,17.05014749262537,1639,24.174041297935105,949,13.997050147492626,722,10.64896755162242,482,7.109144542772862,280,4.129793510324483,298,4.3952802359882,600,8.849557522123893,633,9.336283185840708,6780
"Corvallis, OR Metro Area",18700,21.9,1845,15.0440313111546,2806,22.879973907371166,1911,15.582191780821919,1607,13.103392041748208,651,5.308219178082192,698,5.691454664057403,743,6.0583822570123935,765,6.237769080234833,1238,10.094585779517287,12264
"Coshocton, OH Micro Area",18740,18.1,1436,25.878536673274468,1075,19.37285997477023,556,10.019823391602092,533,9.605334294467472,324,5.838889890070282,248,4.4692737430167595,269,4.8477203099657595,678,12.21841773292485,425,7.659037664444043,5549
"Crawfordsville, IN Micro Area",18820,17.6,1996,25.176589303733603,1614,20.358224016145307,1205,15.199293642785067,670,8.4510595358224,431,5.436427850655903,108,1.3622603430877902,242,3.0524722502522703,1135,14.316347124117055,519,6.546417759838547,7928
"Crescent City, CA Micro Area",18860,19.9,584,17.298578199052134,799,23.667061611374407,485,14.366113744075829,302,8.945497630331753,246,7.286729857819905,159,4.709715639810427,98,2.902843601895735,315,9.330568720379146,388,11.492890995260662,3376
"Crestview-Fort Walton Beach-Destin, FL Metro Area",18880,22.2,8028,16.112393376818865,10471,21.015554440541898,7301,14.653286502759657,5443,10.924234821876567,3654,7.333667837431008,2667,5.352734570998495,2979,5.978926241846462,3168,6.358253888610135,5905,11.851480180632212,49825
"Crossville, TN Micro Area",18900,19.6,2265,20.906405759645562,2482,22.909359424035443,1472,13.586856193465016,1064,9.8209340963633,871,8.039505261214694,211,1.9475724570795643,388,3.5813180727339855,834,7.6979878161343915,1156,10.670112608454865,10834
"Cullman, AL Micro Area",18980,18.7,2746,21.61694088010706,2782,21.900338502715893,1704,13.414154136818073,1040,8.18704243092183,764,6.014327324254113,506,3.9833110288908133,482,3.794379280484925,1462,11.509092340392034,1080,8.501928678264976,12703
"Cumberland, MD-WV Micro Area",19060,17.5,3941,27.138135243079464,3165,21.794518661341414,1951,13.434788596612037,1070,7.36813111141716,502,3.456824128907864,457,3.1469494559977966,519,3.573887894229445,1729,11.906073543589036,1120,7.712436303539458,14522
"Dallas-Fort Worth-Arlington, TX Metro Area",19100,21.7,170852,15.922862857153508,227681,21.219144863270948,174388,16.252406807841208,118542,11.0477372744404,76837,7.160963953334488,54098,5.041761494429626,60019,5.593579857557982,75032,6.992743695701203,111265,10.369544025245155,1072998
"Dalton, GA Metro Area",19140,18.6,3814,21.768163917584612,4148,23.674447805490555,2808,16.026482506706238,1496,8.538325438045774,739,4.217795787911649,851,4.8570287084070545,589,3.361680269391017,1958,11.175161235089321,1076,6.141201986188003,17521
"Danville, IL Micro Area",19180,17.0,2299,26.349570200573062,1676,19.20916905444126,1007,11.541547277936964,467,5.35243553008596,360,4.126074498567335,422,4.836676217765043,353,4.045845272206304,1364,15.63323782234957,710,8.137535816618911,8725
"Danville, KY Micro Area",19220,18.7,1784,21.721660781687568,1652,20.114452696943868,1121,13.649092901497625,674,8.206501887251918,523,6.367953244855716,237,2.8856690612443687,235,2.861317423596737,1098,13.36904906854986,871,10.60513819554365,8213
"Danville, VA Micro Area",19260,19.8,2506,18.896094103453475,2455,18.51153672145981,1571,11.845875433569597,1062,8.007841954456342,724,5.459206756145378,753,5.677876640024129,774,5.836223797315639,1743,13.142814055195295,1626,12.260594178856884,13262
"Daphne-Fairhope-Foley, AL Metro Area",19300,19.8,8240,19.181079634069693,8694,20.237901254684697,6170,14.362531716287624,3484,8.110058427803255,2659,6.18962266346982,1882,4.380921343606695,1570,3.6546474545496874,4797,11.166461044251495,5202,12.109220419469727,42959
"Davenport-Moline-Rock Island, IA-IL Metro Area",19340,18.2,17349,25.15186221494121,15034,21.79567102077504,10356,15.01370021891355,5343,7.74606028096322,3746,5.4307957725038785,1876,2.719747162097511,2845,4.124563260217174,7479,10.84274468301028,4734,6.8631572843121615,68977
"Dayton-Kettering-Beavercreek, OH Metro Area",19430,18.4,32826,23.598510445572312,31545,22.67760348521229,20498,14.735949159609497,11796,8.480108122097453,7541,5.421201708099093,4744,3.4104470101076907,5205,3.74185849232937,14815,10.650457937340944,9573,6.882000258802893,139102
"Decatur, AL Metro Area",19460,17.3,6064,25.836138213114058,4639,19.764816156107536,2458,10.47249797622598,1817,7.741468194793575,1196,5.095649951003366,1034,4.405436496101572,755,3.2167355459929277,3488,14.860892164799115,1870,7.967278769545397,23471
"Decatur, IL Metro Area",19500,18.1,3933,24.529125608082825,3549,22.13421479356368,2360,14.718722714232257,962,5.999750530123488,888,5.538231258575527,411,2.563302981165024,729,4.546588499438693,1841,11.481851066483722,1280,7.983036048397156,16034
"Decatur, IN Micro Area",19540,19.0,1319,21.09050207866965,1184,18.93188359449952,897,14.342820594819317,426,6.811640550047969,411,6.571794051806844,255,4.077390470099137,330,5.276622961304765,837,13.383434601854812,553,8.842340901822833,6254
"Defiance, OH Micro Area",19580,16.6,1942,28.18577648766328,1723,25.007256894049345,650,9.433962264150944,456,6.618287373004354,254,3.6865021770682147,185,2.6850507982583456,305,4.426705370101597,947,13.744557329462989,420,6.095791001451379,6890
"Del Rio, TX Micro Area",19620,20.5,1206,25.352112676056336,940,19.76035316375867,816,17.153668278326677,469,9.859154929577464,195,4.0992221988648305,167,3.510615934412445,120,2.522598276224511,139,2.922009669960059,666,14.000420433046038,4757
"Deltona-Daytona Beach-Ormond Beach, FL Metro Area",19660,22.8,17758,14.928334244041865,21648,18.19847841620781,17325,14.564331049556555,11712,9.845739985708882,8549,7.186751292505569,7105,5.972846874868648,7609,6.396536505401203,10020,8.42335336892102,16495,13.866588205623975,118955
"Deming, NM Micro Area",19700,23.5,371,12.967493883257603,553,19.328905976931143,343,11.988815099615518,353,12.338343236630548,186,6.501223348479552,136,4.753582663404404,294,10.276127228241872,265,9.262495630898288,360,12.583012932541068,2861
"Denver-Aurora-Centennial, CO Metro Area",19740,21.5,95208,16.75577691346509,114418,20.136569226166383,89386,15.731155734675559,62166,10.940673342602206,40895,7.197163020714173,25847,4.548846377219689,32321,5.688213864592316,47276,8.320163319899333,58349,10.268914661832774,568210
"DeRidder, LA Micro Area",19760,17.5,1228,25.138178096212897,1040,21.28966223132037,565,11.566018423746161,378,7.73797338792221,174,3.5619242579324464,185,3.7871033776867966,194,3.9713408393039917,669,13.6949846468782,407,8.331627430910952,4885
"Des Moines-West Des Moines, IA Metro Area",19780,19.0,30283,21.93609608043404,33144,24.008518590955514,21944,15.895574823797002,13172,9.54140136616178,7476,5.415389964578308,5592,4.050676923745572,5185,3.755858342206866,11745,8.507725405828282,9096,6.588869330899451,138051
"Detroit Lakes, MN Micro Area",19810,21.0,1053,16.65612148054413,1374,21.73362859854476,878,13.888010123378677,787,12.448592217652642,415,6.564378361278076,291,4.602973742486554,299,4.729515975956976,542,8.573236317621006,660,10.439734261309711,6322
"Detroit-Warren-Dearborn, MI Metro Area",19820,19.4,157659,21.2319340224845,156731,21.10696028313016,107315,14.452108662511648,67022,9.025851248929374,43162,5.812625579754254,26850,3.6158889026551533,33831,4.556020017345493,75240,10.13256912609958,71335,9.60668286297599,742556
"Dickinson, ND Micro Area",19860,19.7,989,17.797372683102395,1461,26.291164297282705,981,17.653410113370523,421,7.576030232139644,445,8.007917941335254,117,2.105452582328595,269,4.840741407234119,419,7.5400395897066765,442,7.9539319776858015,5557
"Dixon, IL Micro Area",19940,19.0,1298,23.497465604634325,1130,20.45619116582187,767,13.8848660391021,521,9.43157132512672,270,4.887762490948588,191,3.457639391745112,399,7.22302679217958,554,10.02896451846488,390,7.060101375814627,5524
"Dodge City, KS Micro Area",19980,18.4,726,21.549421193232412,931,27.63431285247848,419,12.436924903532205,263,7.8064707628376375,114,3.383793410507569,95,2.8198278420896408,244,7.242505194419708,328,9.735826654793707,247,7.331552389433066,3369
"Dothan, AL Metro Area",20020,18.5,5311,23.82575927504374,4359,19.554977345116864,2974,13.341707415548875,1659,7.442465569063747,1354,6.074200349917007,772,3.4632811448566683,835,3.745906419631241,2769,12.422053743663362,2170,9.734870575568614,22291
"Douglas, GA Micro Area",20060,19.3,1095,24.220305242203054,697,15.416943154169433,548,12.121212121212121,430,9.511170095111702,444,9.82083609820836,65,1.43773501437735,155,3.4284450342844504,543,12.01061712010617,499,11.037381110373811,4521
"Dover, DE Metro Area",20100,22.0,5665,16.98497886247114,6261,18.771924564506943,5664,16.981980631427458,4326,12.970347494977963,2092,6.2722993433874015,1708,5.120978622612658,1590,4.767187359457919,2522,7.561538692171618,3490,10.46382634245795,33353
"Dublin, GA Micro Area",20140,18.9,1249,23.637395912187735,760,14.383043149129449,775,14.666919000757003,449,8.497350492051476,262,4.958364875094625,198,3.7471612414837243,120,2.2710068130204393,776,14.685844057532172,645,12.20666161998486,5284
"DuBois, PA Micro Area",20180,18.0,3092,26.422833703640404,2450,20.936592035549477,1644,14.04888053324218,1045,8.930097419244573,410,3.5036745855409333,272,2.324388993334473,409,3.495129037771321,1299,11.100666552726029,1070,9.143736113484874,11702
"Dubuque, IA Metro Area",20220,19.2,4004,21.789290378754895,4122,22.431432303003916,2652,14.431867653461037,1914,10.415759686547672,1102,5.996952546800174,771,4.195690030474532,753,4.097736177622986,1702,9.262080975185023,1326,7.215933826730518,18376
"Duluth, MN-WI Metro Area",20260,19.1,11396,22.315344246886504,11168,21.86888070807551,7853,15.37753583457351,4802,9.403148742852666,3031,5.935223623404089,1903,3.726404010339156,2278,4.4607190412782955,4867,9.530430014882118,3630,7.1081694994908755,51068
"Dumas, TX Micro Area",20300,20.3,432,19.51219512195122,530,23.938572719060524,236,10.659439927732612,290,13.098464317976513,148,6.684733514001806,223,10.07226738934056,35,1.5808491418247517,114,5.149051490514905,174,7.8590785907859075,2214
"Duncan, OK Micro Area",20340,18.3,1294,21.445144182963208,1430,23.699038780245278,586,9.71163407358303,594,9.84421610871727,326,5.402717931720251,136,2.253894597282068,350,5.800464037122969,752,12.462711302618496,533,8.833278090818695,6034
"Durango, CO Micro Area",20420,22.4,1404,14.40443213296399,1953,20.036934441366576,1748,17.93372319688109,1008,10.341643582640812,729,7.479224376731302,653,6.699497281214732,549,5.632502308402586,636,6.525084641428132,997,10.228788345131836,9747
"Durant, OK Micro Area",20460,18.7,1212,22.03235775313579,1378,25.049990910743503,676,12.288674786402472,497,9.034720959825487,399,7.253226686057081,221,4.017451372477732,188,3.4175604435557174,493,8.962006907834938,411,7.471368842028722,5501
"Durham-Chapel Hill, NC Metro Area",20500,18.8,21582,21.827339293660746,21121,21.36109874994943,14495,14.659775880901332,8000,8.090942190218051,5318,5.378453820947449,3710,3.752174440713621,4264,4.312472187386221,11816,11.950321614952061,8241,8.33468182369837,98876
"Dyersburg, TN Micro Area",20540,17.3,1577,34.53032625355814,649,14.210641559010293,826,18.08627107510401,309,6.765929494197503,87,1.9049704401138603,104,2.2772060433544996,170,3.722356032406394,411,8.999343113641341,433,9.481059776658638,4567
"Eagle Pass, TX Metro Area",20580,20.0,841,15.357925493060629,1493,27.26442658875091,597,10.902118334550767,617,11.26734842951059,302,5.514974433893353,143,2.6113951789627463,394,7.1950328707085465,384,7.012417823228634,674,12.308254200146092,5476
"Easton, MD Micro Area",20660,22.7,1293,17.671176711767117,1033,14.117807844745114,1250,17.083504168375015,721,9.853765204318709,422,5.767391007243406,282,3.8540385403854036,627,8.569085690856909,649,8.869755364220309,1013,13.844471778051116,7317
"East Stroudsburg, PA Micro Area",20700,22.1,5023,16.647885456714835,6248,20.707941137478457,4524,14.994034203897652,3361,11.13946705554819,2240,7.424101816253479,1381,4.577091342966989,1845,6.11494100490521,1858,6.158027310088824,3498,11.593530425560122,30172
"Eau Claire, WI Metro Area",20740,19.3,6058,21.679072430575435,6770,24.22702547953049,3968,14.199828227884339,3096,11.079301460062982,1620,5.797308903521328,1203,4.305038648726024,1186,4.244202691096478,1980,7.085599770970512,1969,7.046235327798454,27944
"Edwards, CO Micro Area",20780,24.5,1434,15.004708590561892,1648,17.243904991105996,976,10.21240975201423,963,10.076383802448467,854,8.935858533012452,649,6.790833943706184,608,6.36182902584493,809,8.464999476823271,1600,16.74165533117087,9557
"Effingham, IL Micro Area",20820,18.0,1663,22.80268750856986,1868,25.61360208419032,932,12.779377485259838,691,9.474838886603592,418,5.731523378582202,256,3.510215274921157,205,2.810914575620458,853,11.696146990264637,390,5.347593582887701,7293
"El Campo, TX Micro Area",20900,21.7,1027,22.873051224944323,698,15.5456570155902,687,15.30066815144766,315,7.015590200445435,246,5.478841870824054,165,3.6748329621380846,565,12.583518930957686,291,6.481069042316258,496,11.046770601336304,4490
"El Centro, CA Metro Area",20940,23.7,2203,12.980202686778222,3108,18.312514730143768,2609,15.372378034409614,1579,9.303558802733916,1182,6.964411972660852,1107,6.522507659674758,1173,6.911383455102523,1179,6.9467358001414095,2686,15.826066462408672,16972
"El Dorado, AR Micro Area",20980,19.4,1077,21.788387618854944,869,17.580416750960957,424,8.577786769168522,398,8.051790410681772,576,11.652842403398745,87,1.7600647380133523,233,4.7137365972081735,605,12.239530649403196,635,12.846449524580214,4943
"Elizabeth City, NC Micro Area",21020,21.6,1083,17.261715014344915,1496,23.844437360535544,902,14.376793114440547,831,13.245138667516738,320,5.100414408670704,279,4.4469238125597705,399,6.359579215811284,268,4.271597067261715,685,10.918074593560727,6274
"Elizabethtown, KY Metro Area",21060,18.7,4265,21.985669364400227,4054,20.897984432187226,3064,15.79462858910253,1312,6.763235218310222,958,4.9383988865405435,771,3.9744316717356565,1080,5.5672972833651215,2370,12.21712459405124,1440,7.423063044486828,19399
"Elk City, OK Micro Area",21120,23.4,355,15.190415062045357,424,18.142918271287975,372,15.917843388960208,258,11.0397946084724,173,7.40265297389816,138,5.905006418485238,97,4.150620453572957,130,5.562687205819426,374,16.003423192126657,2337
"Elkhart-Goshen, IN Metro Area",21140,18.6,6943,21.242160012238028,6838,20.920911733210954,4281,13.097751262046812,2688,8.223955943093161,2193,6.709499770536944,1392,4.258834327673244,1198,3.665289888327979,4242,12.978430472693898,2528,7.734434756004284,32685
"Elkins, WV Micro Area",21180,17.4,719,23.193548387096776,638,20.580645161290324,395,12.741935483870966,306,9.870967741935484,193,6.225806451612903,89,2.870967741935484,55,1.7741935483870968,513,16.548387096774196,173,5.580645161290323,3100
"Elko, NV Micro Area",21220,19.9,1433,18.30841957327201,1443,18.436182445381373,1111,14.194455091350452,622,7.946850645202503,552,7.052510540436948,677,8.649546441804013,146,1.8653379327967294,1048,13.389548997061453,746,9.53111025935863,7827
"Ellensburg, WA Micro Area",21260,23.7,1195,16.16831281288053,1358,18.373697740495196,1002,13.557028818833716,690,9.335678527939386,620,8.388580706264376,387,5.236097956974699,428,5.7908266810986335,386,5.222567988093627,1314,17.77837910972805,7391
"Elmira, NY Metro Area",21300,18.3,3242,24.926956789174227,2816,21.651545440565894,1770,13.6091034906966,975,7.496540058434569,645,4.9592495771182525,402,3.0908811317853297,432,3.321543902814086,1351,10.387513455328309,1310,10.072274334922342,13006
"El Paso, TX Metro Area",21340,22.7,16181,16.214239190340194,18753,18.791522621373815,14497,14.526779898792524,10236,10.25702690515557,7488,7.503381932962573,4720,4.729695876546921,7199,7.213788265945189,6589,6.602535197154166,13157,13.184027255874541,99795
"Emporia, KS Micro Area",21380,20.4,984,21.564760026298487,820,17.97063335524874,876,19.19789612097304,552,12.097304404996713,248,5.435020819636204,143,3.133903133903134,197,4.317335086565856,397,8.700416392724085,331,7.253999561691869,4563
"Enid, OK Metro Area",21420,19.0,1523,19.664299548095546,1921,24.803098773402198,1215,15.687540348612009,553,7.140090380890897,489,6.313750806972241,226,2.918011620400258,299,3.8605551969012266,757,9.774047772756617,657,8.482892188508716,7745
"Enterprise, AL Micro Area",21460,19.2,1896,23.646794711898227,1541,19.219256672486903,1041,12.98328760289349,674,8.406086305811924,390,4.8640558742828635,470,5.86181092541781,263,3.280119730606136,819,10.214517335994014,905,11.287104015964081,8018
"Erie, PA Metro Area",21500,18.9,9048,22.241341166637987,8844,21.739878567390182,4887,12.012979031980532,3833,9.422088935866867,2869,7.052432339421351,1614,3.967454094048819,1727,4.245225043632162,4319,10.616749834074875,3392,8.338044787492933,40681
"Escanaba, MI Micro Area",21540,19.6,1312,20.878421387651176,1207,19.207511139401657,806,12.826225334182052,571,9.086569064290261,402,6.397199236155315,288,4.583068109484405,282,4.487587523870147,701,11.155315085932527,681,10.837046467218332,6284
"Española, NM Micro Area",21580,19.2,807,21.57177225340818,568,15.183106121357925,459,12.269446672012831,241,6.442127773322641,166,4.437316225608126,245,6.549051055867415,130,3.475006682705159,573,15.316760224538895,517,13.819834268912057,3741
"Eufaula, AL-GA Micro Area",21640,19.0,460,16.112084063047284,786,27.530647985989493,316,11.06830122591944,147,5.148861646234676,205,7.180385288966725,174,6.094570928196147,115,4.028021015761821,312,10.928196147110333,289,10.12259194395797,2855
"Eugene-Springfield, OR Metro Area",21660,23.2,8402,14.166484007486217,10489,17.685342865332412,10265,17.307659882985718,6653,11.217521792645298,4982,8.400074187728675,3449,5.815306277293496,3483,5.872633158542548,4087,6.891028343084524,7341,12.377548095567283,59309
"Eureka-Arcata, CA Micro Area",21700,25.7,2082,12.257152949487814,2667,15.70116566584246,2517,14.81808548216178,2101,12.369009772754033,1421,8.365712940068292,974,5.734133992699871,1405,8.271517720475687,870,5.121865065347934,2822,16.613681855645826,16986
"Evanston, WY-UT Micro Area",21740,17.8,905,25.651927437641724,1077,30.52721088435374,526,14.909297052154194,145,4.109977324263038,174,4.931972789115646,23,0.6519274376417233,218,6.179138321995465,265,7.511337868480726,195,5.5272108843537415,3528
"Evansville, IN Metro Area",21780,18.4,11716,23.833353675902195,11051,22.480572846739086,7151,14.546970991496805,3801,7.732210423532283,2887,5.872899629765247,1589,3.232434191789739,1740,3.5396069815696327,5372,10.92802799137475,3700,7.526750478050369,49158
"Fairbanks-College, AK Metro Area",21820,22.1,2379,18.38769516153965,2158,16.67954861647859,2268,17.529757304065544,1492,11.531921471633947,928,7.172669655279024,491,3.7950224145926725,971,7.505023960426651,916,7.079919616633173,1249,9.653733189055496,12938
"Fairmont, MN Micro Area",21860,17.2,1055,30.65969195001453,609,17.698343504795115,523,15.199070037779716,298,8.660273176402209,116,3.3711130485324037,132,3.836094158674804,92,2.6736413833188024,398,11.566405114792211,218,6.335367625690207,3441
"Fairmont, WV Micro Area",21900,15.8,2643,29.733378332770837,1916,21.554730565867928,886,9.967375407807403,600,6.749915626054674,207,2.328720890988863,319,3.588705141185735,188,2.114973562830465,1484,16.694791315108564,627,7.053661829227134,8889
"Fallon, NV Micro Area",21980,19.8,712,19.988770353733855,860,24.143739472206626,659,18.50084222346996,204,5.727119595732734,284,7.973048848961257,88,2.470522178551376,81,2.27400336889388,238,6.681639528354857,433,12.156092083099383,3562
"Fargo, ND-MN Metro Area",22020,19.5,7865,20.068383047128165,9041,23.06907198081192,6910,17.631599091628182,4158,10.609578729810416,2137,5.452782526600495,1301,3.319639713199459,1794,4.5775815876094,3470,8.854073639355974,2440,6.225919216146565,39191
"Faribault-Northfield, MN Micro Area",22060,21.3,2055,18.598968232419224,2209,19.992759525748937,1854,16.779799076839534,1211,10.96026789754729,850,7.69300389175491,495,4.480043442845506,504,4.56149877816997,757,6.851298760068785,1039,9.403565933568649,11049
"Farmington, MO Micro Area",22100,18.6,2369,23.450801821421503,1645,16.283904177390614,1673,16.561077014452582,980,9.701049297168877,379,3.751732330231637,352,3.4844585230647396,249,2.4648584438725005,1461,14.462482676697682,946,9.364482280736487,10102
"Farmington, NM Metro Area",22140,22.0,2044,16.001252544230468,2489,19.484891185219976,1668,13.057773602630343,1149,8.994833255049318,859,6.724596837325818,506,3.9611711288554874,962,7.530922185689683,1107,8.666040394551434,1851,14.490371066228278,12774
"Fayetteville, NC Metro Area",22180,21.6,9493,17.450688431772644,10552,19.397415393665323,7378,13.562749315244766,5781,10.627033585176198,3445,6.3328370006801595,2423,4.454125994963142,3324,6.110406441294876,4559,8.380668762293425,6969,12.810897259140793,54399
"Fayetteville, TN Micro Area",22190,19.0,1181,21.10058960157227,1238,22.118992317312845,850,15.186707164552438,438,7.825620868322315,356,6.360550294800786,210,3.7520100053600145,135,2.412006432017152,572,10.21976058602823,483,8.629623012328032,5597
"Fayetteville-Springdale-Rogers, AR Metro Area",22220,17.7,20426,24.84431254257079,19155,23.29838474262917,10985,13.361146248905323,6580,8.00330835847037,4442,5.4028412960980825,2234,2.717232655444196,3198,3.8897538192079404,10193,12.39783010606208,4861,5.912474457526516,82216
"Fergus Falls, MN Micro Area",22260,20.6,2001,18.3292113217917,2204,20.18869652835028,1766,16.176605294494824,1058,9.69130713565998,833,7.630301364843821,439,4.021251259503527,659,6.036456902079325,1024,9.379866263625539,902,8.262343134560776,10917
"Findlay, OH Micro Area",22300,17.9,3180,24.525682554372978,3131,24.14777109362949,2029,15.648619466296468,858,6.6173068024062935,834,6.432207311429893,415,3.20067869813358,418,3.2238161345056304,1478,11.399043652629954,610,4.704612062316828,12966
"Fitzgerald, GA Micro Area",22340,19.2,355,19.430760810071153,489,26.76518883415435,270,14.77832512315271,156,8.538587848932677,147,8.045977011494253,0,0.0,17,0.9304871373836892,148,8.10071154898741,239,13.081554460864805,1827
"Flagstaff, AZ Metro Area",22380,20.4,3038,18.90949831943234,2919,18.1688036848002,1949,12.131208763849122,1699,10.575127598655545,1148,7.145524710568902,661,4.114278600771816,941,5.857089505788622,1859,11.571019544379435,1750,10.892568156355036,16066
"Flint, MI Metro Area",22420,19.7,14117,21.06794812482278,13823,20.629187995284074,9953,14.853672004417447,6144,9.16919127852314,3949,5.89341412091274,3270,4.88008715507335,3128,4.668168997268942,6308,9.413941826973302,5885,8.782664497739043,67007
"Florence, SC Metro Area",22500,18.3,6359,24.755713006579203,4230,16.467473819441743,3055,11.89317553626348,1858,7.233230817144859,1413,5.5008369992603265,1008,3.924163973994628,1366,5.317865067933196,3574,13.913652820492855,2624,10.21528399579554,25687
"Florence-Muscle Shoals, AL Metro Area",22520,18.3,5544,25.760884717252914,4212,19.571581246224618,2726,12.666697644161518,1919,8.916871892570049,993,4.6140978579062315,675,3.136471353561637,614,2.8530272756842154,2388,11.096138655266948,2405,11.175131267134427,21521
"Fond du Lac, WI Metro Area",22540,18.6,4036,22.809992087713347,4339,24.522436984288458,2627,14.846840736972986,1894,10.704193511924947,979,5.532949022267435,567,3.204476093591048,673,3.803549225726235,1656,9.35910478128179,895,5.05821182321691,17694
"Forest City, NC Micro Area",22580,19.5,2015,21.507097875973958,1609,17.173657807663574,1282,13.683424058063828,1048,11.185825595047497,412,4.397481054541573,345,3.682356708293308,346,3.6930302059985056,1171,12.49866581278685,1036,11.057743622585122,9369
"Forrest City, AR Micro Area",22620,19.9,373,19.147843942505133,324,16.632443531827516,395,20.277207392197123,61,3.1314168377823406,93,4.774127310061601,32,1.642710472279261,95,4.876796714579055,242,12.42299794661191,254,13.03901437371663,1948
"Fort Collins-Loveland, CO Metro Area",22660,21.5,11259,16.80146839372053,13750,20.51871306631648,9792,14.612308243299706,7042,10.508565630036411,4358,6.503312839491435,3815,5.693010207127082,3731,5.567659523667403,5461,8.149286694920313,7647,11.411389004954337,67012
"Fort Dodge, IA Micro Area",22700,17.1,1679,29.31726907630522,1338,23.363017286537456,627,10.948140387637507,398,6.949537279552994,211,3.6843024270997033,157,2.741400384145277,180,3.1430068098480883,616,10.756067749257902,516,9.009952854897852,5727
"Fort Leonard Wood, MO Micro Area",22780,19.0,1127,19.50839536091397,1444,24.995672494374244,926,16.02908083780509,374,6.473948416132941,253,4.379435693266402,328,5.677687380993595,260,4.500605850787606,610,10.559113726847844,455,7.87606023887831,5777
"Fort Madison, IA Micro Area",22800,19.4,1409,25.147242548634658,1031,18.40085668391933,837,14.938425843298234,559,9.976798143851507,274,4.890237372835981,269,4.80099946457255,305,5.443512404069248,486,8.673924683205424,417,7.442441549170087,5603
"Fort Morgan, CO Micro Area",22820,25.1,514,12.191650853889943,836,19.829222011385202,594,14.089184060721063,553,13.116698292220114,209,4.9573055028463004,212,5.028462998102467,640,15.180265654648956,148,3.510436432637571,510,12.096774193548388,4216
"Fort Payne, AL Micro Area",22840,19.3,1816,22.274009567030543,1698,20.826689562124372,1161,14.240156997424261,803,9.849135287624188,357,4.378756286029682,184,2.256837973751993,709,8.69618545320741,759,9.309456641726973,616,7.555501042561021,8153
"Fort Smith, AR-OK Metro Area",22900,18.9,6521,20.86920344353058,6867,21.976509744935512,4451,14.244567478477935,3236,10.356194194642686,1601,5.1236918744199444,618,1.9777898678273114,1249,3.9971837296380452,3714,11.885941050340833,2887,9.239286971549268,31247
"Fort Wayne, IN Metro Area",23060,17.8,20013,24.53565780278789,18385,22.53975259602535,11916,14.608849166942514,7095,8.69837066460701,4337,5.317101278703397,1959,2.4017065725109417,2640,3.236603037993306,10230,12.54183677222406,4644,5.693478980470043,81567
"Frankfort, IN Micro Area",23140,17.8,1327,24.52411753834781,1164,21.511735353908705,745,13.768249861393459,635,11.735353908704491,253,4.675660691184624,65,1.2012566993162077,221,4.084272777675106,713,13.176861947883939,256,4.7311033080761415,5411
"Frankfort, KY Micro Area",23180,18.9,3198,24.0,2778,20.848030018761726,2098,15.74484052532833,1035,7.76735459662289,872,6.544090056285179,472,3.5422138836772983,552,4.142589118198874,1269,9.523452157598499,1026,7.6998123827392115,13325
"Franklin, KY Micro Area",23190,18.8,664,21.820571804140652,639,20.99901413079198,474,15.576733486690767,252,8.281301347354585,206,6.7696352283930326,92,3.023332237923102,102,3.35195530726257,366,12.027604337824515,244,8.01840289188301,3043
"Fredericksburg, TX Micro Area",23240,24.5,369,11.161524500907442,501,15.15426497277677,487,14.730792498487599,237,7.168784029038113,463,14.004839685420448,226,6.836055656382335,237,7.168784029038113,339,10.254083484573503,436,13.188142770719905,3306
"Freeport, IL Micro Area",23300,18.9,1701,23.783557046979865,1265,17.687360178970916,867,12.12248322147651,774,10.822147651006711,245,3.4256152125279637,233,3.2578299776286355,365,5.103467561521253,872,12.192393736017896,809,11.311521252796421,7152
"Fremont, NE Micro Area",23340,18.8,1265,23.04609218436874,1190,21.679723082528692,896,16.32355620331572,427,7.779194753142649,286,5.210420841683367,125,2.277281836400073,308,5.61122244488978,570,10.384405173984332,406,7.396611404627437,5489
"Fremont, OH Micro Area",23380,17.8,2434,23.603568657874323,2091,20.27734678044996,1372,13.30488750969744,885,8.582234290147401,569,5.517843289371606,325,3.15166795965865,301,2.9189294026377035,1504,14.584949573312645,696,6.749418153607448,10312
"Fresno, CA Metro Area",23420,23.0,21869,15.724722090397918,24314,17.48277895221249,19958,14.350633475703583,14990,10.778434502495074,11175,8.03529056473532,7073,5.08578167018997,8208,5.901893955735795,10667,7.670017400808203,19755,14.20466801846499,139074
"Gadsden, AL Metro Area",23460,19.1,2618,19.448777951118046,2844,21.12770225094718,1654,12.287348636802616,1072,7.963747121313423,569,4.2270262239060985,651,4.83619344773791,864,6.418542455983954,1738,12.911373597801054,1375,10.214694302057795,13461
"Gaffney, SC Micro Area",23500,19.5,1550,21.140207310420074,1224,16.693944353518823,1048,14.293507910529188,511,6.969448990725587,354,4.828150572831424,403,5.49645390070922,427,5.823786142935079,983,13.406983087834151,762,10.39279869067103,7332
"Gainesville, FL Metro Area",23540,19.9,8944,20.026421262398962,9225,20.655605561899645,5880,13.165849398804324,4520,10.120686952822373,2901,6.4956001880835625,1741,3.898255748863662,2182,4.885694453773986,4250,9.516132643693604,4995,11.184254718882245,44661
"Gainesville, GA Metro Area",23580,20.1,5533,18.339410009943652,6242,20.689426582698044,4649,15.409347033476964,2776,9.201193238316208,1949,6.460059661915811,1555,5.154126615843553,1608,5.3297978123964205,3181,10.543586344050382,2537,8.409015578389129,30170
"Gainesville, TX Micro Area",23620,20.6,1007,18.372559751870096,948,17.296113847837987,896,16.347381864623244,663,12.096332785987958,342,6.239737274220033,263,4.798394453566868,241,4.397007845283707,680,12.406495165115855,435,7.936507936507936,5481
"Galesburg, IL Micro Area",23660,18.5,1570,21.5333973391853,1501,20.587025099437664,1063,14.57961870799616,587,8.051021807708134,416,5.7056645178987795,232,3.1820052119050883,189,2.5922370045261283,960,13.166918118227953,630,8.640790015087093,7291
"Gallipolis, OH Micro Area",23680,17.6,812,21.999458141425087,1023,27.71606610674614,338,9.157409916011922,278,7.531834191276077,217,5.879165537794635,22,0.5960444324031428,225,6.0959089677594145,491,13.302628014088322,284,7.694391763749661,3691
"Gallup, NM Micro Area",23700,18.9,509,17.89103690685413,657,23.093145869947275,327,11.493848857644991,207,7.275922671353251,68,2.390158172231986,174,6.115992970123023,147,5.166959578207382,329,11.564147627416519,282,9.91212653778559,2845
"Garden City, KS Micro Area",23780,21.2,842,18.946894689468945,942,21.197119711971197,514,11.566156615661566,533,11.993699369936994,302,6.795679567956796,213,4.792979297929794,221,4.972997299729974,312,7.020702070207021,558,12.556255625562557,4444
"Gardnerville Ranchos, NV-CA Micro Area",23820,23.0,1225,12.162430500397141,1684,16.719618745035742,1935,19.211675933280382,1045,10.375297855440827,718,7.128673550436855,563,5.589753772835584,565,5.609610802223988,927,9.203733121525019,1354,13.443208895949166,10072
"Gettysburg, PA Metro Area",23900,21.4,3503,17.35533095521205,4195,20.783789139912802,3706,18.36107808164883,2016,9.988109393579073,1496,7.411811335711454,782,3.8743559254855326,1533,7.59512485136742,1357,6.723147047166073,1570,7.778438367023385,20184
"Gillette, WY Micro Area",23940,19.3,1921,20.83062242463674,2215,24.018651051832574,1559,16.905226631967036,1010,10.952071134244198,666,7.221860767729344,218,2.363912383430926,302,3.274777705486879,785,8.51225330730861,529,5.7362828019952286,9222
"Glasgow, KY Micro Area",23980,18.4,1916,24.81543841471312,1835,23.766351508871907,923,11.954410050511592,788,10.20593187410957,248,3.212019168501489,183,2.3701593057894055,279,3.6135215645641754,675,8.742390882010103,848,10.983033285843803,7721
"Glens Falls, NY Metro Area",24020,19.7,4682,20.28244671634032,5222,22.621729336336855,3734,16.17570611679085,1804,7.814936752729162,1630,7.061167908508057,832,3.604228036735401,1377,5.965170680991163,1906,8.256801247617398,1865,8.079189048691735,23084
"Gloversville, NY Micro Area",24100,19.0,1674,20.83644510828977,1966,24.470998257406023,1074,13.368185212845408,547,6.80856360468011,465,5.78790141896938,316,3.9332835449340307,295,3.6718944485934775,756,9.410007468259895,924,11.501120238984317,8034
"Goldsboro, NC Metro Area",24140,19.6,3107,19.11882345701803,3162,19.457264168358872,2430,14.952925973786229,1703,10.47935511660821,978,6.018091194388037,530,3.261337763829918,624,3.8397637068488097,2077,12.780751953725925,1604,9.870161836194697,16251
"Granbury, TX Micro Area",24180,21.3,2273,19.68135769330678,2114,18.304615118192054,1733,15.005628192917136,934,8.087280284007273,756,6.546021300545501,748,6.476751233873062,493,4.268767858689064,933,8.078621525673219,1550,13.421075417785088,11549
"Grand Forks, ND-MN Metro Area",24220,19.9,2989,20.271278399457444,3250,22.041369955917258,2355,15.971515768056967,1748,11.854866056290268,830,5.629026788741946,570,3.8657171922685656,837,5.676500508646999,1184,8.02984062394032,930,6.3072227873855535,14745
"Grand Island, NE Metro Area",24260,20.4,1912,17.736549165120593,2098,19.461966604823747,1832,16.994434137291282,1102,10.222634508348794,833,7.727272727272727,309,2.8664192949907235,383,3.5528756957328387,1205,11.178107606679037,1043,9.675324675324676,10780
"Grand Junction, CO Metro Area",24300,22.1,5212,16.81290322580645,5931,19.13225806451613,4339,13.996774193548386,3148,10.154838709677419,2614,8.43225806451613,1612,5.2,1673,5.396774193548387,2562,8.264516129032257,3897,12.570967741935485,31000
"Grand Rapids, MN Micro Area",24330,19.9,1708,20.685478987525734,1764,21.363691413346253,1175,14.230350006055467,795,9.628194259416253,541,6.552016470873198,330,3.9966089378708975,324,3.923943320818699,680,8.235436599249121,928,11.238948770739979,8257
"Grand Rapids-Wyoming-Kentwood, MI Metro Area",24340,18.5,48000,23.734059859276805,43779,21.64694597040165,29785,14.727478602261659,18289,9.043171265964864,11022,5.449933495186436,7092,3.506707344208148,7630,3.7727265984642084,22510,11.130285154840019,13588,6.718716778496941,202241
"Grants Pass, OR Metro Area",24420,24.9,2157,14.148901279107903,2305,15.119711380780585,1810,11.872745162348311,1170,7.6746474253853725,1407,9.22925549360446,890,5.837979665464086,1262,8.278123975073795,1302,8.54050508363398,2793,18.320760905214826,15245
"Great Bend, KS Micro Area",24460,19.6,596,19.32555123216602,708,22.957198443579767,606,19.64980544747082,264,8.560311284046692,156,5.058365758754864,73,2.3670557717250325,138,4.474708171206226,294,9.53307392996109,248,8.041504539559014,3084
"Great Falls, MT Metro Area",24500,21.1,2755,19.0,3114,21.47586206896552,2321,16.006896551724136,1759,12.13103448275862,1074,7.406896551724137,557,3.841379310344827,706,4.868965517241379,858,5.9172413793103456,1304,8.993103448275862,14500
"Greeley, CO Metro Area",24540,22.8,10078,15.04897861665273,12418,18.543184804682834,12565,18.762692629315495,7626,11.387528371759647,4558,6.806235814120177,4357,6.506092462071438,3843,5.738561701110979,3659,5.463803607693227,7529,11.242683072512245,66968
"Green Bay, WI Metro Area",24580,18.6,13598,23.316586361220185,14609,25.05015518098733,8492,14.561292203227078,5389,9.240556250964522,2847,4.88177094943329,1919,3.290522814177198,2498,4.283338191669953,4945,8.479226324182514,3874,6.642775081877261,58319
"Greencastle, IN Micro Area",24600,18.0,1864,27.191830780452225,1182,17.24288840262582,1004,14.646243617797229,765,11.159737417943107,369,5.38293216630197,247,3.603209336250911,170,2.4799416484318018,813,11.859956236323852,356,5.193289569657185,6855
"Greeneville, TN Micro Area",24620,19.2,2066,19.430076177936613,2536,23.850277438164206,1251,11.765259099031319,1381,12.987867958243204,500,4.7023417661995675,342,3.216401768080504,504,4.739960500329164,1080,10.157058214991066,928,8.727546318066397,10633
"Greenfield, MA Micro Area",24640,23.1,1923,15.068171133051244,2408,18.868515906597715,1991,15.60100297758972,1532,12.004388026955022,902,7.067857702554459,531,4.160789844851904,828,6.488011283497884,798,6.252938410907381,1816,14.229744554145118,12762
"Greensboro-High Point, NC Metro Area",24660,18.9,28675,23.480425472679183,25257,20.681607887130188,16190,13.257126012299075,10191,8.344865422565775,7002,5.733563702169125,4850,3.971405877680699,5537,4.533953473137738,12498,10.233944465825438,11078,9.071182332566346,122123
"Greensburg, IN Micro Area",24700,16.4,1399,28.49867590140558,1130,23.01894479527399,627,12.772458749236096,350,7.129761662253005,138,2.8111631696883275,133,2.7093094316561417,172,3.5037685883071905,743,15.135465471582807,213,4.338969240171115,4909
"Greenville, MS Micro Area",24740,24.3,746,19.81934112646121,587,15.595111583421891,357,9.484590860786398,417,11.078639744952179,144,3.825717321997875,247,6.562167906482465,161,4.277364505844846,245,6.5090329436769405,860,22.848034006376196,3764
"Greenville, NC Metro Area",24780,19.4,5373,22.475529155860453,4793,20.04935999330712,3919,16.393374048356062,2153,9.006107253409185,1320,5.521626369948967,1079,4.513511252405254,927,3.8776876098050703,2349,9.825985108341003,1961,8.202961599598426,23906
"Greenville, OH Micro Area",24820,17.5,2204,26.917440156326332,1732,21.152906692721054,1036,12.65266243282853,813,9.929164631167563,338,4.127992183683439,224,2.7357107962872496,351,4.28676111382511,1002,12.237420615534928,478,5.83781143136297,8188
"Greenville-Anderson-Greer, SC Metro Area",24860,18.7,33228,21.41752178621152,33426,21.545145155468468,21498,13.85680400144382,14212,9.160521837776518,8190,5.278966637446501,5424,3.4961068426751924,6190,3.989841695457123,19518,12.580570308874336,12805,8.25362244108699,155144
"Greenwood, MS Micro Area",24900,20.3,780,22.52382327461738,500,14.438348252959862,432,12.47473289055732,330,9.529309846953508,93,2.6855327750505342,141,4.071614207334681,252,7.27692751949177,417,12.041582442968526,505,14.58273173548946,3463
"Greenwood, SC Micro Area",24940,20.0,2525,20.853980839114637,2069,17.08787578460522,1619,13.371324743970927,1149,9.489593657086225,690,5.698711595639247,615,5.079286422200198,572,4.72414932276181,1441,11.901222332342252,1406,11.61215725140403,12108
"Grenada, MS Micro Area",24980,21.1,748,18.6626746506986,624,15.568862275449103,564,14.071856287425149,473,11.801397205588822,204,5.089820359281437,205,5.114770459081837,183,4.565868263473054,443,11.052894211576847,432,10.778443113772456,4008
"Guayama, PR Metro Area",25020,23.5,713,11.31925702492459,1218,19.33640260358787,853,13.541832036831241,745,11.827274170503255,365,5.794570566756628,157,2.492459120495317,518,8.223527544054612,511,8.11239879345928,1004,15.93903794253056,6299
"Gulfport-Biloxi, MS Metro Area",25060,20.6,12267,20.04018819839247,11501,18.78879958178135,8054,13.157550807031301,6497,10.613931908776058,3927,6.415408743383651,2957,4.830752140103248,3108,5.077435796902567,5678,9.275958962294975,6819,11.139972554401098,61212
"Guymon, OK Micro Area",25100,19.5,629,27.980427046263344,474,21.085409252669038,247,10.987544483985765,187,8.31850533807829,83,3.692170818505338,28,1.2455516014234875,104,4.6263345195729535,68,3.0249110320284696,428,19.03914590747331,2248
"Hagerstown-Martinsburg, MD-WV Metro Area",25180,19.2,12591,22.991801033544547,11423,20.85897412486533,7861,14.35458247356792,5033,9.190511841937074,2943,5.374066431714844,2214,4.042875664225845,2783,5.081898362032759,5106,9.323813523729525,4452,8.129576538904004,54763
"Hailey, ID Micro Area",25200,24.7,871,17.426970788315327,668,13.365346138455383,517,10.344137655062024,651,13.025210084033615,474,9.483793517406964,387,7.743097238895558,467,9.343737494997999,476,9.523809523809524,487,9.74389755902361,4998
"Hammond, LA Metro Area",25220,19.5,3916,20.01328767823376,4006,20.47324577094087,2765,14.130934737057292,2226,11.37629682628916,947,4.83978126437369,1034,5.284407420657229,634,3.240149230847856,2183,11.156539070884651,1755,8.969182807788624,19567
"Hanford-Corcoran, CA Metro Area",25260,23.0,2621,16.102475886219818,3153,19.3708914419119,2291,14.075075259568717,1850,11.365730785771335,1255,7.710266019536769,954,5.8610309025004605,1141,7.009891257602751,958,5.885605455550777,1997,12.268845610370462,16277
"Hannibal, MO Micro Area",25300,18.0,1184,24.168197591345173,1090,22.249438660951213,756,15.43172075933864,305,6.2257603592569914,269,5.490916513574199,91,1.8575219432537253,154,3.143498673198612,585,11.941212492345377,407,8.307817922024903,4899
"Harrisburg-Carlisle, PA Metro Area",25420,19.5,20905,20.323148265168236,23013,22.372476011782663,15910,15.467174785880248,9980,9.702225289948768,6617,6.43282813062034,3720,3.6164607293195803,4996,4.856945646150705,9554,9.28808220642991,7708,7.4934621778482065,102863
"Harrison, AR Micro Area",25460,19.3,1286,20.267927501970053,1401,22.080378250591018,787,12.403467297084319,375,5.91016548463357,570,8.983451536643026,467,7.360126083530338,338,5.3270291568163906,673,10.606776989755714,433,6.824271079590229,6345
"Harrisonburg, VA Metro Area",25500,19.1,3744,21.2100611828688,3872,21.935191479719013,2844,16.11148878314072,1834,10.389757534556992,1040,5.891683661907999,611,3.461364151370949,638,3.6143213233627915,1902,10.774983004758667,1132,6.412871062769092,17652
"Hartford-West Hartford-East Hartford, CT Metro Area",25540,20.9,36036,17.858788896983395,43422,21.519156717860273,31565,15.643042278090821,20998,10.406228473161763,14560,7.215672281609452,8463,4.194109513685493,10312,5.110440423623397,15273,7.5690221673778275,20344,10.082117918754305,201783
"Hastings, NE Micro Area",25580,18.4,1391,23.87982832618026,1420,24.377682403433475,800,13.733905579399142,524,8.995708154506438,234,4.017167381974248,216,3.7081545064377686,239,4.103004291845493,556,9.545064377682404,443,7.605150214592276,5825
"Hattiesburg, MS Metro Area",25620,18.7,4993,24.455110936964296,4132,20.238036930009308,2280,11.167164617720527,1967,9.634128422393104,1215,5.950923250232649,1007,4.932164372826566,795,3.893813978547289,2166,10.6088063868345,1810,8.865161385120244,20417
"Hays, KS Micro Area",25700,21.7,771,17.439493327301516,875,19.791902284551007,835,18.887129608685818,411,9.296539244514817,384,8.685817688305814,350,7.916760913820403,259,5.8584030762270976,280,6.3334087310563225,255,5.767925808640579,4421
"Heber, UT Micro Area",25720,21.8,2558,17.79849707765099,2440,16.97745616476482,2097,14.590871138324522,1906,13.261898135263012,662,4.60617868076816,657,4.5713888115780685,769,5.350681881436126,1415,9.845532980795992,1798,12.510436960757026,14372
"Helena, MT Metro Area",25740,21.7,2880,17.249640632486823,3417,20.46597987541926,2355,14.105174892189746,1579,9.457355055103019,1531,9.169861044561571,927,5.552228078581696,1185,7.097508385241974,1239,7.420939147101102,1563,9.361523718255869,16696
"Hemlock Farms, PA Micro Area",25770,22.1,2370,18.04339550818424,2100,15.987818804720213,2244,17.084126379901026,1235,9.402360106585459,652,4.9638370765131326,507,3.859916254282451,664,5.055196041111534,1067,8.123334602207843,2156,16.41416063951275,13135
"Henderson, KY Micro Area",25775,18.6,1550,19.367737098588027,1868,23.341247032362862,893,11.158315631638136,438,5.472947644633262,501,6.260152442833937,415,5.1855554167187305,247,3.0863426215169314,1106,13.819817568411846,952,11.895539172810196,8003
"Henderson, NC Micro Area",25780,19.9,910,20.972574325881542,817,18.82922332334639,603,13.897211339018206,397,9.14957363447799,293,6.752707997234387,97,2.235538142429131,219,5.0472459091956665,455,10.486287162940771,537,12.376123530767458,4339
"Hereford, TX Micro Area",25820,21.1,271,18.018617021276594,242,16.090425531914892,258,17.154255319148938,204,13.563829787234042,66,4.388297872340425,42,2.7925531914893615,66,4.388297872340425,179,11.90159574468085,165,10.970744680851062,1504
"Hermiston-Pendleton, OR Micro Area",25840,18.8,2928,22.96290487020626,2768,21.708101325386245,1597,12.524507881734767,1108,8.689514547878598,805,6.313230334875695,559,4.383969884714924,441,3.4585522704101637,1337,10.485452121402243,1193,9.35612893106423,12751
"Hermitage, PA Micro Area",25850,17.1,4703,28.44957957776299,3639,22.013187344988204,2017,12.20131873449882,1143,6.914282257576675,805,4.869638860323029,579,3.5025104349404153,516,3.1214082632629605,1986,12.013792269070231,1062,6.424293751134233,16531
"Hickory-Lenoir-Morganton, NC Metro Area",25860,18.3,13604,22.66086985491313,12694,21.14503689637366,8467,14.103909516432628,5029,8.377059284060435,3284,5.470324654773208,1996,3.3248380057634965,2069,3.446437792547432,7934,13.216064497859511,4677,7.790715106691319,60033
"Hillsdale, MI Micro Area",25880,19.2,1584,19.0224570673712,1622,19.478803890957128,1104,13.258076137864776,551,6.617028941995917,577,6.929266242344181,462,5.5482166446499335,354,4.251230935510988,1203,14.446979704575478,839,10.075657499699773,8327
"Hilo-Kailua, HI Micro Area",25900,24.6,3838,12.87789819816797,4799,16.102405798074017,3867,12.975203838539745,3041,10.203670771398853,2336,7.838137100291917,1757,5.895379659765795,1805,6.056437271415629,2581,8.660201993087945,5540,18.58873267791833,29803
"Hilton Head Island-Bluffton-Port Royal, SC Metro Area",25940,22.1,6280,15.791988332034098,7660,19.262202328563884,5051,12.701486156863732,3525,8.864133578092389,3000,7.543943470716926,2319,5.831468302864184,2302,5.7887192898634545,3651,9.180979203862499,5594,14.066939925063496,39767
"Hinesville, GA Metro Area",25980,20.6,2087,20.772369861650244,1917,19.080322484323677,1157,11.51587538568727,1252,12.46143127301682,742,7.385289141037125,336,3.344281875186623,571,5.683288543843934,810,8.062108091967751,1038,10.331442221558675,10047
"Hobbs, NM Micro Area",26020,18.9,1493,21.322479291630962,1361,19.43730362753499,958,13.68180519851471,389,5.555555555555555,284,4.0559840045701225,363,5.184233076263925,401,5.726935161382462,935,13.353327620679806,795,11.353898886032562,7002
"Holland, MI Micro Area",26090,19.3,4723,20.994843527738265,4985,22.15949502133713,3895,17.31418918918919,1871,8.31703413940256,1381,6.138869132290185,785,3.4895092460881934,1069,4.751955903271693,2187,9.721728307254624,1560,6.934566145092461,22496
"Homosassa Springs, FL Metro Area",26140,22.2,4206,15.797776442307693,4733,17.777193509615387,3486,13.093449519230768,2253,8.462289663461538,1894,7.113882211538461,1434,5.386117788461538,1701,6.388972355769231,2734,10.268930288461538,3989,14.982722355769232,26624
"Hood River, OR Micro Area",26220,19.8,820,22.97562342392827,805,22.55533762958812,493,13.813393107312974,255,7.144858503782572,359,10.058840011207622,167,4.6791818436536845,119,3.3342673017652,191,5.351639114597926,360,10.086859064163631,3569
"Hot Springs, AR Metro Area",26300,20.0,2695,17.94393767894001,3313,22.058725614221984,2197,14.628137692256473,1142,7.603701977495173,920,6.1255742725880555,520,3.4622811105932487,892,5.939143751248419,1513,10.073906385245355,1791,11.924895132831747,15019
"Houghton, MI Micro Area",26340,17.9,1406,25.689749680248493,1043,19.05718984103782,719,13.137219075461356,474,8.660697971861868,365,6.669102868627809,207,3.782203544673853,178,3.252329618125343,712,13.009318472501372,361,6.596016809793531,5473
"Houma-Bayou Cane-Thibodaux, LA Metro Area",26380,19.7,5376,18.86779208928509,6109,21.440353771101677,3951,13.866563717404276,2631,9.233846909767312,1781,6.250658056364722,894,3.137612746990489,1695,5.948829537079282,3020,10.599094514442143,2871,10.076159056610395,28493
"Houston-Pasadena-The Woodlands, TX Metro Area",26420,21.5,160681,17.13925182106084,186395,19.882069710710258,146216,15.596323425098374,100644,10.73532564695793,60418,6.4445660440553265,43746,4.6662250680797825,52192,5.567128851854341,76455,8.15517390344351,106550,11.365296964383047,937503
"Hudson, NY Micro Area",26460,21.0,1600,15.16300227445034,2202,20.868081880212284,1697,16.082259287338893,1058,10.026535253980288,777,7.363532979529946,469,4.444655041698256,490,4.643669446550417,1113,10.54776345716452,1134,10.74677786201668,10552
"Huntingdon, PA Micro Area",26500,18.8,1400,22.701475595913735,1191,19.312469596238042,845,13.701962056105074,538,8.72385276471542,376,6.096967731473974,306,4.961893951678287,276,4.475433760337279,755,12.24258148208205,441,7.150964812712826,6167
"Huntington, IN Micro Area",26540,18.0,2213,28.606514994829368,1607,20.77300930713547,1146,14.813857290589452,710,9.177869700103413,459,5.93329886246122,170,2.1975180972078596,214,2.7662874870734226,677,8.75129265770424,540,6.980351602895553,7736
"Huntington-Ashland, WV-KY-OH Metro Area",26580,18.0,12863,24.571625054919867,11352,21.685227989073336,6640,12.684100937935778,4454,8.5082809604768,2259,4.315268677529657,1551,2.962807312460601,2197,4.196832795277847,6433,12.28867791170796,4391,8.387934822059638,52349
"Huntsville, AL Metro Area",26620,17.4,22675,24.95680024654127,19013,20.926290764608122,11852,13.044674598544967,6697,7.370923539187954,4544,5.001265725260574,2518,2.7713880053270525,3285,3.615571722597048,13437,14.789174196814775,6298,6.931771905301738,90857
"Huntsville, TX Micro Area",26660,22.3,1105,16.614043001052472,1588,23.876108855811157,752,11.306570440535257,720,10.825439783491204,755,11.351676439633138,253,3.803939257254548,403,6.059239212148549,281,4.224928582168095,770,11.577206435122537,6651
"Huron, SD Micro Area",26700,19.8,425,16.402933230412966,580,22.385179467387108,315,12.157468159011966,132,5.0945580856812045,432,16.67309918950212,96,3.7051331532226937,120,4.631416441528367,317,12.234658433037438,172,6.63836356619066,2591
"Hutchinson, KS Micro Area",26740,19.7,1802,18.89879391714735,2069,21.699003670686942,1637,17.16832721552176,963,10.099632931305717,646,6.775039328788673,302,3.167278447823807,322,3.377031987414788,967,10.141583639223912,690,7.236497115888831,9535
"Hutchinson, MN Micro Area",26780,20.4,1343,19.323741007194243,1491,21.453237410071942,1176,16.92086330935252,831,11.956834532374101,381,5.482014388489208,298,4.287769784172662,409,5.884892086330935,519,7.467625899280575,454,6.532374100719425,6950
"Idaho Falls, ID Metro Area",26820,19.8,5232,20.036764705882355,5225,20.00995710784314,4085,15.644148284313724,2054,7.8661151960784315,1766,6.763174019607843,1253,4.798560049019608,1283,4.9134497549019605,2793,10.69623161764706,2361,9.041819852941178,26112
"Indiana, PA Micro Area",26860,18.1,2530,23.337330504566,2125,19.60151277557421,1303,12.019186421916798,899,8.292592934231159,606,5.589890231528457,394,3.634351074624112,384,3.5421086615625867,1539,14.196107370168804,1026,9.464071580112536,10841
"Indianapolis-Carmel-Greenwood, IN Metro Area",26900,17.9,95511,24.860226136931534,84219,21.921070714642678,51032,13.282941862402131,30398,7.912189738464101,20111,5.234622272197234,12298,3.2010036648342495,14287,3.718713559886723,46699,12.155120356488421,27976,7.281775778777277,384192
"Iowa City, IA Metro Area",26980,19.6,5758,20.90473424339239,6509,23.631280859715364,4245,15.411704908510021,3076,11.16758640720302,1767,6.415190241068835,851,3.089602091199535,1261,4.578129538193436,2017,7.322828928260239,1946,7.06505954109788,27544
"Iron Mountain, MI-WI Micro Area",27020,18.1,1302,22.518159806295397,1192,20.615703908682118,685,11.847111726046352,595,10.290556900726394,318,5.499827049463853,138,2.3867173988239365,182,3.14769975786925,834,14.424074714631615,493,8.52646143203044,5782
"Ithaca, NY Metro Area",27060,19.5,2481,20.014520813165536,2886,23.281703775411422,2115,17.061955469506294,1152,9.293320425943854,722,5.824459503065505,457,3.686673120361407,516,4.162633107454018,1108,8.93836721523072,908,7.324943530171023,12396
"Jackson, MI Metro Area",27100,19.6,5811,21.461811198109025,5241,19.35662579406116,4269,15.76673068400059,2965,10.9506574087753,1397,5.15955089378047,1118,4.129118038114936,920,3.3978431082877827,2930,10.821391638351308,2370,8.75313931156744,27076
"Jackson, MS Metro Area",27140,19.7,18769,20.961347315754793,17129,19.129784121240547,13013,14.533007225740164,7682,8.579310036742944,5909,6.599211534380898,3607,4.028322221105415,4642,5.184217285936052,9733,10.869880836711673,8529,9.525245418299995,89541
"Jackson, TN Metro Area",27180,18.9,5114,20.072219169479553,5907,23.184708375853678,3541,13.898265169950546,1929,7.571237930763797,1454,5.706884370829735,710,2.7867179527435435,1290,5.063191773294607,2938,11.531517387550043,2498,9.80453724782165,25478
"Jackson, WY-ID Micro Area",27220,23.6,790,14.200970699262989,870,15.639043681466836,666,11.971957576847025,586,10.533884594643178,678,12.187668524177601,264,4.745640841272695,328,5.896099227035772,611,10.98328240158188,705,12.6730181556714,5563
"Jacksonville, FL Metro Area",27260,21.0,47646,17.270865428183054,56488,20.47594019030358,43174,15.649841413683735,28448,10.31191662890802,17749,6.4337109198006335,11804,4.278749433620299,14613,5.2969642048029,24441,8.85944721341187,29683,10.7595831445401,275875
"Jacksonville, IL Micro Area",27300,17.6,1440,23.727137913989125,1130,18.619212390838687,808,13.313560718405009,392,6.459054209919262,301,4.959630911188005,263,4.333498105124402,161,2.6528258362168398,996,16.411270390509145,569,9.375514911847093,6069
"Jacksonville, NC Metro Area",27340,21.2,5908,18.633697092033053,6336,19.983599318740932,4647,14.65653188670914,3589,11.319624045921907,2325,7.332996909102378,1829,5.768624235160537,1567,4.942282217876742,2415,7.616854853970858,2893,9.124455938939002,31706
"Jacksonville, TX Micro Area",27380,23.0,736,15.088150881508817,945,19.37269372693727,745,15.272652726527266,641,13.140631406314062,422,8.651086510865108,391,8.015580155801558,139,2.849528495284953,307,6.293562935629356,552,11.31611316113161,4878
"Jamestown, ND Micro Area",27420,18.1,755,25.77671560259474,641,21.88460225332878,267,9.115739160122908,279,9.525435302150905,214,7.306247866165927,28,0.9559576647319904,62,2.116763400477979,306,10.447251621713896,377,12.871287128712872,2929
"Jamestown-Dunkirk, NY Micro Area",27460,17.9,4449,24.17146582636097,3431,18.64066065413452,2482,13.484733239161143,1345,7.307399760947517,893,4.851678800391176,698,3.7922416603281537,642,3.4879930457459527,2707,14.707160708464631,1683,9.14375747039009,18406
"Janesville-Beloit, WI Metro Area",27500,19.6,6184,20.990461966667798,6521,22.13434710294966,4873,16.54051118427752,3110,10.55632870574658,1625,5.515766606700383,1153,3.913648552323411,1201,4.07657581209056,2498,8.47900614371542,2108,7.155222158107328,29461
"Jasper, IN Micro Area",27540,17.4,2033,25.994118399181694,1352,17.286791970336274,1261,16.123257895409797,640,8.183096790691726,246,3.145377828922133,200,2.557217747091165,225,2.8768699654775602,1222,15.624600434727018,621,7.940161104718067,7821
"Jefferson, GA Micro Area",27600,19.8,3067,20.909462776111262,2958,20.166348513771474,2313,15.769020998091083,1268,8.644668666484865,777,5.297245704935915,537,3.66103081538042,759,5.1745295882192535,1392,9.490046359421871,1498,10.212707935642214,14668
"Jefferson City, MO Metro Area",27620,17.9,6081,25.593434343434346,5723,24.086700336700336,3367,14.17087542087542,1842,7.752525252525253,1293,5.441919191919191,637,2.6809764309764312,998,4.2003367003367,2488,10.471380471380472,1260,5.303030303030303,23760
"Jesup, GA Micro Area",27700,19.8,537,14.908384230982788,918,25.485841199333702,596,16.54636313159356,142,3.9422543031649084,270,7.495835646862854,163,4.525263742365353,225,6.246529705719045,377,10.466407551360355,365,10.133259300388673,3602
"Johnson City, TN Metro Area",27740,18.7,7036,23.07339148684987,6373,20.899193283924706,3609,11.835115104610743,3008,9.864235587328654,1704,5.587984521545223,1043,3.4203449858988657,1241,4.069653046500951,3451,11.316980389584836,2938,9.634682232570341,30494
"Johnstown, PA Metro Area",27780,16.8,5045,26.451004037120533,3732,19.56692706967965,2172,11.387825722225136,1524,7.990352854820951,1029,5.3950610811094215,502,2.6319928695013894,698,3.6596235516174698,3130,16.41063283175169,1206,6.323074503224453,19073
"Jonesboro, AR Metro Area",27860,17.2,4627,26.642482869810557,3700,21.304773420855646,2257,12.995911786721944,1336,7.692750618990038,602,3.466344216041919,541,3.1151033569413253,717,4.128519606149594,2386,13.738699833016641,1128,6.495076869925722,17367
"Joplin, MO-KS Metro Area",27900,18.1,7028,23.21694030590334,6476,21.393412837369098,4429,14.631165141554622,2405,7.944897756929074,1580,5.219517029500182,885,2.9235902348782665,1320,4.360609163886227,4052,13.38574873641439,1918,6.336097254798322,30271
"Juneau, AK Micro Area",27940,23.1,699,13.528159473582349,893,17.282755951228953,969,18.753628798142056,627,12.134700987033096,223,4.315850590284498,290,5.612541126378943,403,7.799496806657635,391,7.567253725566092,672,13.00561254112638,5167
"Kahului-Wailuku, HI Metro Area",27980,27.1,2646,11.491357595761313,3638,15.799530964996093,2509,10.896378007469815,2422,10.518544254321203,2082,9.041952575349605,1456,6.3232867193607225,1908,8.286285069052376,1673,7.265699643880829,4614,20.038217666985148,23026
"Kalamazoo-Portage, MI Metro Area",28020,18.3,10438,24.91288366986491,9074,21.65735834646045,6165,14.714306172132321,3621,8.64241729915509,2178,5.198338822855506,1465,3.496586949257721,1154,2.754308081531338,4375,10.442025872356677,3287,7.845243209699746,41898
"Kalispell, MT Micro Area",28060,22.5,3026,15.808170515097691,3677,19.20906906279386,2696,14.084212725942951,2151,11.23707031658134,1381,7.21450214188695,1103,5.762198307386898,1074,5.6106989865217844,1504,7.857068226935534,2481,12.961028105736078,19142
"Kankakee, IL Metro Area",28100,19.6,3102,18.718320057929034,3929,23.708665218440743,2212,13.347815592565773,1659,10.01086169442433,1093,6.595462225440501,610,3.6809075549119,742,4.477431812696113,1498,9.039343470914796,1643,9.914313299541396,16572
"Kansas City, MO-KS Metro Area",28140,19.5,79443,21.061631578528765,84815,22.48583616344948,61842,16.395320167659527,36299,9.623455366350914,22395,5.93727879361494,14332,3.7996463349001703,15385,4.078813763776104,33033,8.757585639182064,28727,7.615994994604884,377193
"Kapaa, HI Micro Area",28180,26.6,1183,11.901408450704224,1736,17.464788732394364,999,10.050301810865191,916,9.215291750503019,769,7.736418511066398,479,4.818913480885312,978,9.839034205231387,716,7.203219315895372,2096,21.08651911468813,9940
"Kearney, NE Micro Area",28260,19.9,1637,19.511323003575683,2136,25.458879618593567,1370,16.328963051251492,977,11.64481525625745,559,6.662693682955901,362,4.314660309892729,237,2.8247914183551845,457,5.446960667461263,645,7.68772348033373,8390
"Keene, NH Micro Area",28300,22.5,2000,15.308075009567546,2617,20.030616150019135,2207,16.89246077305779,1609,12.31534634519709,1118,8.55721393034826,495,3.788748564867968,859,6.574818216609262,794,6.0773057787983165,1338,10.24110218140069,13065
"Kendallville, IN Micro Area",28340,18.0,2211,25.51939058171745,1882,21.722068328716528,1077,12.430747922437673,720,8.310249307479225,714,8.240997229916898,165,1.9044321329639888,366,4.224376731301939,942,10.87257617728532,522,6.024930747922438,8664
"Kennett, MO Micro Area",28380,17.3,804,25.645933014354068,684,21.818181818181817,427,13.620414673046252,217,6.921850079744816,99,3.1578947368421053,68,2.1690590111642742,106,3.381180223285486,444,14.162679425837322,278,8.86762360446571,3135
"Kennewick-Richland, WA Metro Area",28420,19.8,9123,19.485678891048504,10376,22.161942800999594,6989,14.927700292616244,5103,10.899421175163928,3321,7.093274098122556,1954,4.173519297721011,2133,4.555842713428309,4320,9.227023217069993,3301,7.05055639804353,46819
"Kenosha, WI Metro Area",28450,20.1,5831,19.476268412438625,6683,22.3220548448512,5144,17.18160259193694,2816,9.405791776612444,1912,6.386318848324928,997,3.3301045459100167,1367,4.565950766558669,2278,7.608804569290892,2833,9.46257390026387,29939
"Kerrville, TX Micro Area",28500,23.2,1257,19.308755760368665,1013,15.560675883256527,839,12.887864823348693,745,11.443932411674346,296,4.546850998463902,383,5.883256528417818,661,10.153609831029184,438,6.728110599078341,860,13.210445468509985,6510
"Ketchikan, AK Micro Area",28540,21.3,427,18.760984182776802,504,22.144112478031637,293,12.873462214411246,168,7.381370826010544,223,9.797891036906854,115,5.052724077328647,149,6.5465729349736375,130,5.711775043936731,267,11.731107205623902,2276
"Key West-Key Largo, FL Micro Area",28580,30.4,801,7.740626207962892,1228,11.867027444916891,1404,13.5678391959799,1045,10.098569771936607,915,8.842288364901432,681,6.580981832238114,1043,10.079242365674526,581,5.614611519134132,2581,24.94201778121376,10348
"Kill Devil Hills, NC Micro Area",28620,23.2,1020,13.303769401330376,1531,19.96869701317334,1273,16.603625929307423,771,10.05608451806443,613,7.995304551976002,318,4.1476457545324115,575,7.499673927220556,467,6.091039520020869,1089,14.203730272596843,7667
"Killeen-Temple, TX Metro Area",28660,21.2,10585,17.382664958780833,12135,19.928071731205044,9438,15.499063947186913,6049,9.9336552041252,4225,6.938286202253095,3449,5.663940618123296,2898,4.759089565474431,5205,8.547640161592275,6396,10.503497881564686,60894
"Kingsland, GA Micro Area",28680,19.9,1865,21.37290854916342,1706,19.550767820307126,1213,13.900985560394224,1119,12.823745129498052,600,6.8760027504011,382,4.377721751088701,370,4.240201696080678,790,9.053403621361449,641,7.345862938345175,8726
"Kingsport-Bristol, TN-VA Metro Area",28700,18.7,11190,23.501491158062755,8958,18.813794262191795,6476,13.601041710421304,3722,7.817028605032133,2518,5.288360566220019,1809,3.799302726088966,2186,4.59108665518545,5778,12.13508631914983,4723,9.919351451253833,47614
"Kingston, NY Metro Area",28740,22.4,4289,14.904781762579928,5953,20.68737837086461,3925,13.639838754517653,2631,9.14303586321935,2496,8.673894912427023,1473,5.1188490408673895,1662,5.775646371976647,2211,7.68348623853211,4026,13.990825688073393,28776
"Kingsville, TX Micro Area",28780,21.7,579,19.287141905396403,601,20.019986675549635,477,15.889407061958693,284,9.460359760159893,228,7.59493670886076,128,4.263824117255163,101,3.3644237175216523,144,4.796802131912059,432,14.390406395736177,3002
"Kinston, NC Micro Area",28820,21.6,1309,20.260021668472373,965,14.935768456895218,778,12.04147964711345,497,7.6923076923076925,333,5.1540009286488155,379,5.865965020894599,332,5.138523448382603,692,10.71041634421916,1139,17.62885002321622,6461
"Kirksville, MO Micro Area",28860,17.1,855,26.693724633156418,638,19.918826100530755,409,12.769278801123946,319,9.959413050265377,107,3.3406181704651887,78,2.435216984077427,83,2.5913206369029034,482,15.048392132375898,231,7.211988760536997,3203
"Kiryas Joel-Poughkeepsie-Newburgh, NY Metro Area",28880,23.8,14410,12.832729248114275,20576,18.323819362192875,18667,16.62377216339689,12497,11.12911987603637,9501,8.461052087878814,6000,5.343259922878948,6868,6.116251525055437,6758,6.018291759802655,16652,14.829327372630042,112291
"Klamath Falls, OR Micro Area",28900,22.0,2236,19.83676366217175,1871,16.5986515259049,1609,14.274308019872251,1150,10.202271114265436,732,6.493967352732434,405,3.592973740241306,647,5.739886444286728,845,7.496451383960255,1703,15.108232789212206,11272
"Knoxville, TN Metro Area",28940,18.7,34907,23.400974733356126,31249,20.948722589814235,22528,15.102333594781758,12041,8.072052504206638,7838,5.25444294726116,5867,3.933122833832767,5919,3.967982623735495,16210,10.866869121600333,12161,8.152498173212933,149169
"Kokomo, IN Metro Area",29020,17.5,4363,26.82117169730128,2890,17.76602938464376,2323,14.280445072846867,1528,9.393250138316837,776,4.7703940493022685,480,2.9507592057539807,665,4.08803098297166,2297,14.120612282535195,900,5.5326735107887135,16267
"Laconia, NH Micro Area",29060,21.7,2075,17.109168865435358,2529,20.852572559366756,2058,16.968997361477573,1246,10.273746701846965,829,6.835422163588391,704,5.804749340369393,587,4.840039577836412,737,6.076846965699208,1352,11.147757255936677,12128
"La Crosse-Onalaska, WI-MN Metro Area",29100,20.0,5497,19.902965349940256,6249,22.625728665049422,4718,17.0824432455918,2848,10.311741916796409,1548,5.604837249719396,1361,4.927767116839857,1024,3.707592599297585,2016,7.29932292986712,2323,8.410876570476846,27619
"Lafayette, LA Metro Area",29180,18.7,12632,21.887237065530027,12868,22.2961499809405,7640,13.237689295491561,4787,8.294347991821741,3570,6.185674186505874,1820,3.153480957826524,2620,4.539626433794227,6477,11.222580309803513,4982,8.632220951588868,57714
"Lafayette-West Lafayette, IN Metro Area",29200,17.6,9064,27.204514076475178,7189,21.576925385677413,3746,11.243171859055165,3097,9.295275826880365,1958,5.876703283510415,1007,3.0223902995377876,1224,3.6736898973527823,3808,11.429257458430877,2164,6.494987694339397,33318
"La Grande, OR Micro Area",29260,20.6,839,21.89457202505219,717,18.710855949895617,687,17.927974947807932,299,7.802713987473904,253,6.602296450939457,272,7.09812108559499,229,5.975991649269311,278,7.254697286012527,249,6.497912317327765,3832
"LaGrange, GA-AL Micro Area",29300,20.4,2696,19.624399475906245,2462,17.921094773620613,2140,15.577231037996796,1148,8.356383753093608,801,5.830543019362352,627,4.563983112534576,945,6.878730528461202,1511,10.998689765613626,1389,10.110642014849324,13738
"Lake Charles, LA Metro Area",29340,18.5,7831,23.27883472057075,7068,21.010701545778833,5025,14.937574316290132,2609,7.755648038049941,1537,4.568965517241379,1028,3.0558858501783592,1215,3.611771700356718,3982,11.837098692033294,3215,9.557074910820452,33640
"Lake City, FL Micro Area",29380,20.4,1722,18.70722433460076,1909,20.738728951656707,1403,15.241716458446497,971,10.548614883215643,499,5.420966865833786,343,3.7262357414448664,651,7.072243346007605,794,8.625746876697447,810,8.799565453557848,9205
"Lake Havasu City-Kingman, AZ Metro Area",29420,22.3,5609,15.074715115029026,7255,19.498494947323156,5299,14.241560954633412,3658,9.831219092668244,2307,6.200279509782843,1754,4.714039991399699,2010,5.402064072242529,3221,8.656740485917007,5936,15.953558374543109,37208
"Lakeland-Winter Haven, FL Metro Area",29460,23.0,16724,15.659176029962547,18853,17.652621722846444,16099,15.073970037453183,11341,10.618913857677903,8407,7.871722846441948,5555,5.201310861423221,6787,6.354868913857678,7828,7.329588014981274,14429,13.510299625468164,106800
"Lake of the Woods, VA Micro Area",29470,18.3,1673,21.17721518987342,2082,26.354430379746834,1011,12.79746835443038,809,10.240506329113924,373,4.7215189873417724,228,2.8860759493670884,283,3.5822784810126582,867,10.974683544303797,541,6.848101265822786,7900
"Lancaster, PA Metro Area",29540,20.5,16974,18.735719725818736,19115,21.09893263573849,14730,16.258816517103213,10064,11.108535602724153,5751,6.347892314315043,3541,3.908517942095213,4568,5.0421095621267815,7627,8.418601057430159,7995,8.824795523030565,90597
"Lansing-East Lansing, MI Metro Area",29620,18.9,17987,22.055054870945987,19107,23.428361228618723,12023,14.742198516338668,7123,8.733983201520447,5100,6.253448592974066,2951,3.618417019189504,3125,3.83176997118509,7781,9.54080068665318,6041,7.407271166697321,81555
"Laramie, WY Micro Area",29660,20.8,834,17.31008717310087,1186,24.616023246160232,857,17.787463677874637,654,13.57409713574097,270,5.603985056039851,187,3.881278538812785,202,4.192611041926111,248,5.147364051473641,380,7.887090078870901,4818
"Laredo, TX Metro Area",29700,23.9,3927,14.356743318831573,4653,17.01093115928783,4503,16.46254524183819,3191,11.665996417212005,2418,8.839980989288195,1157,4.229883376594889,2305,8.4268635981428,1494,5.461923737798413,3545,12.960187182393156,27353
"Lares, PR Micro Area",29720,30.4,232,13.45707656612529,202,11.7169373549884,160,9.280742459396752,193,11.194895591647331,221,12.819025522041763,160,9.280742459396752,230,13.34106728538283,33,1.91415313225058,244,14.153132250580047,1724
"Las Cruces, NM Metro Area",29740,20.4,5893,20.434842915597475,5553,19.255842984950412,3266,11.325334627921492,3166,10.978569942437062,2150,7.45544073791525,1002,3.474582148553991,1495,5.184132047992232,2580,8.946528885498301,3480,12.067411054858173,28838
"Las Vegas, NM Micro Area",29780,21.3,488,16.845012081463583,657,22.67863306869175,323,11.149464963755609,305,10.52813255091474,182,6.282361063168795,112,3.8660683465654127,183,6.316879530548844,218,7.525025888850536,429,14.808422506040731,2897
"Las Vegas-Henderson-North Las Vegas, NV Metro Area",29820,22.4,52492,15.88053596657621,60826,18.401841817857285,48385,14.6380349909089,35027,10.596805861869711,22871,6.91922079729415,16070,4.861697267828997,19613,5.933569913747984,27636,8.360788157667837,44738,13.534698965036318,330543
"Laurel, MS Micro Area",29860,19.1,1956,23.08781869688385,1754,20.70349386213409,1245,14.695467422096318,608,7.176581680830972,329,3.883380547686497,422,4.981114258734656,290,3.4230406043437203,805,9.501888574126534,1019,12.027856468366384,8472
"Laurinburg, NC Micro Area",29900,20.1,828,24.111822947000583,579,16.860803727431566,377,10.978450786255097,285,8.299359347699475,259,7.542224810716366,123,3.5818287711124053,177,5.154338963308096,300,8.736167734420501,498,14.502038439138031,3434
"Lawrence, KS Metro Area",29940,19.5,2914,18.182952701859477,4410,27.517783601647324,2970,18.53238487457881,1411,8.804442780481716,707,4.411581180581555,741,4.623736428304006,724,4.517658804442781,1127,7.032322475976538,1022,6.3771371521277915,16026
"Lawrenceburg, TN Micro Area",29980,21.9,1094,17.858308847535096,988,16.12797910545217,1043,17.02579170747633,678,11.067580803134183,542,8.847535096310805,189,3.085210577864838,362,5.909239307868104,571,9.320927195559909,624,10.186092066601372,6126
"Lawton, OK Metro Area",30020,19.3,3204,21.405665419561732,3242,21.659540352752536,2472,16.515232495991448,1589,10.615980758952432,668,4.462854088722609,654,4.36932121859968,446,2.9796900053447355,1422,9.50026723677178,1190,7.950293960448958,14968
"Lebanon, MO Micro Area",30060,19.4,1042,18.757875787578758,1277,22.98829882988299,753,13.555355535553556,618,11.125112511251126,345,6.210621062106211,232,4.176417641764176,243,4.374437443744374,615,11.071107110711072,411,7.398739873987399,5555
"Lebanon, PA Metro Area",30140,19.4,4826,20.514346439957492,4798,20.395324123273113,3446,14.648246546227417,2425,10.30818278427205,1362,5.789585547290117,1104,4.69287991498406,1159,4.926673751328374,2689,11.430393198724762,1634,6.945802337938363,23525
"Lebanon-Claremont, NH-VT Micro Area",30150,21.6,5800,16.151939625163607,7188,20.017265866495865,5711,15.904090896432649,4050,11.278509565847001,2551,7.104068617895236,1467,4.085326798295692,2020,5.625330697039739,3065,8.535464646745941,3879,10.802305828622352,35909
"Le Mars, IA Micro Area",30180,16.9,1069,26.499752107089737,1021,25.309866137828458,599,14.848785324739714,253,6.271690629647993,166,4.1150223103619235,112,2.7764005949429844,121,2.9995042141794745,554,13.733267228557263,138,3.4209221616261773,4034
"Lewisburg, PA Micro Area",30260,18.4,1338,23.880064251293952,1334,23.808673924683205,744,13.278600749598429,507,9.048723897911833,296,5.282884169195074,142,2.5343565946814204,322,5.746921292164911,545,9.726932000713903,375,6.692843119757273,5603
"Lewisburg, TN Micro Area",30280,21.7,1351,22.824801486737627,840,14.19158641662443,802,13.549586078729515,861,14.54637607704004,319,5.389423889170468,244,4.122317959114715,434,7.332319648589289,499,8.430478121304274,563,9.511741848285183,5919
"Lewiston, ID-WA Metro Area",30300,21.0,1931,17.426225069939534,2306,20.810396173630537,1547,13.96083385975995,1307,11.794964353397708,849,7.661763378756429,269,2.427578738381013,396,3.5736846854976987,980,8.843967150979154,1442,13.013265950726469,11081
"Lewiston-Auburn, ME Metro Area",30340,20.4,4044,19.465703971119133,4511,21.713598074608907,2833,13.636582430806257,2477,11.922984356197352,1252,6.026474127557161,1024,4.929001203369435,869,4.182912154031287,1596,7.68231046931408,2113,10.170878459687124,20775
"Lewistown, PA Micro Area",30380,18.3,1839,27.394607478027705,1368,20.378370326232684,787,11.72352152539848,412,6.137345449128557,450,6.703411291523908,401,5.9734842842246385,420,6.256517205422315,612,9.116639356472515,420,6.256517205422315,6713
"Lexington, NE Micro Area",30420,19.3,650,20.236612702366127,744,23.163138231631383,441,13.729763387297634,293,9.122042341220423,231,7.191780821917808,93,2.895392278953923,43,1.3387297633872977,320,9.9626400996264,394,12.266500622665006,3212
"Lexington-Fayette, KY Metro Area",30460,18.4,19430,22.829011526124706,19193,22.550551632573935,11535,13.552889755730751,7794,9.157453208163457,4761,5.593871532469363,3157,3.7092737718978745,3274,3.8467413142836997,9755,11.461503213450671,5869,6.895700908225728,85111
"Lexington Park, MD Metro Area",30500,19.5,9602,21.712192474674385,9726,21.992583212735166,6899,15.600126628075254,4558,10.30662083936324,2720,6.150506512301012,1466,3.3149421128798844,2054,4.644536903039074,3684,8.330318379160637,3379,7.640647612156296,44224
"Liberal, KS Micro Area",30580,23.9,225,11.182902584493041,363,18.041749502982107,344,17.09741550695825,332,16.50099403578529,198,9.840954274353876,100,4.970178926441352,26,1.2922465208747516,145,7.20675944333996,272,13.518886679920477,2012
"Lima, OH Metro Area",30620,17.5,4151,25.65195896675318,3637,22.475590161908293,1945,12.019527870473365,1330,8.219008775182301,822,5.079718205413422,443,2.7376096897787665,653,4.03534791743913,2096,12.952663453219627,1025,6.334198492151774,16182
"Lincoln, IL Micro Area",30660,17.4,1170,26.151095216808223,1270,28.386231560125168,502,11.220384443451051,393,8.784085829235583,184,4.112650871703174,142,3.173893607510058,144,3.2185963343763966,457,10.214573088958428,188,4.202056325435851,4474
"Lincoln, NE Metro Area",30700,19.5,10347,19.775620198004663,12229,23.37257750086006,8705,16.637360957149955,5095,9.737777607889607,3489,6.668323076335001,1830,3.497572722755246,1999,3.820572608080731,4768,9.11280149841367,3646,6.9683880585604525,52322
"Little Rock-North Little Rock-Conway, AR Metro Area",30780,18.6,26955,22.45407972010496,26458,22.040068307717938,16642,13.863134657836646,9652,8.040318214003083,5624,4.68490982548211,4195,3.4945228872506147,5418,4.513307509683869,13877,11.559831729768003,10588,8.820025823649464,120045
"Lock Haven, PA Micro Area",30820,18.7,1438,24.270042194092827,1300,21.940928270042196,599,10.109704641350211,562,9.485232067510548,354,5.974683544303797,141,2.3797468354430378,371,6.261603375527426,563,9.50210970464135,580,9.78902953586498,5925
"Logan, UT-ID Metro Area",30860,20.5,3674,18.393912085711424,4101,20.531691198558125,3113,15.585260839090816,2287,11.449884850305397,1238,6.198057474717132,849,4.250525683388405,926,4.636026834885351,1898,9.50235305897667,1824,9.131871432862722,19974
"Logansport, IN Micro Area",30900,16.2,1594,25.487687879756955,1151,18.404221298369045,690,11.03293891909178,339,5.42053086024944,274,4.381196034537896,181,2.8941477454429165,161,2.574352414454749,1235,19.747361688519348,600,9.593859929645026,6254
"Longview, TX Metro Area",30980,19.1,7537,21.795835743204165,7245,20.951417004048583,5322,15.3903990746096,2748,7.94679005205321,1731,5.0057836899942165,1453,4.201850780798149,1373,3.9705031810294966,3751,10.84731058415269,3337,9.650086755349912,34580
"Longview-Kelso, WA Metro Area",31020,23.8,2537,13.622207903780067,3863,20.742053264604813,2450,13.155068728522338,2466,13.2409793814433,1888,10.137457044673539,654,3.51159793814433,1541,8.274269759450172,1024,5.498281786941581,2122,11.393900343642612,18624
"Los Alamos, NM Micro Area",31060,16.3,1120,27.559055118110237,944,23.228346456692915,497,12.229330708661418,424,10.433070866141732,107,2.6328740157480315,32,0.7874015748031495,5,0.12303149606299213,644,15.846456692913385,262,6.446850393700787,4064
"Los Angeles-Long Beach-Anaheim, CA Metro Area",31080,26.2,171804,11.55187565683794,228564,15.368343621973334,211166,14.198524917649417,167986,11.295158343749726,123927,8.33268896256755,90389,6.077637824182932,117052,7.870422978418398,88453,5.947463723046531,277918,18.686841859311112,1487239
"Louisville/Jefferson County, KY-IN Metro Area",31140,19.0,52634,21.347772302326053,56223,22.803431283080855,35528,14.40976658352092,22516,9.132242298878547,13107,5.316055241224068,9844,3.9926182798969805,10640,4.315467137149926,25237,10.235850013181642,19966,8.097990306422503,246555
"Lubbock, TX Metro Area",31180,20.7,7679,18.428125749940005,8547,20.511159107271418,6974,16.73626109911207,4046,9.709623230141588,2747,6.592272618190545,1759,4.221262299016079,1615,3.8756899448044155,3542,8.500119990400767,4483,10.758339332853371,41670
"Ludington, MI Micro Area",31220,19.3,1087,22.2517911975435,1094,22.39508700102354,727,14.882292732855682,492,10.07164790174002,309,6.325486182190379,186,3.8075742067553735,208,4.257932446264074,397,8.12691914022518,356,7.2876151484135105,4885
"Lufkin, TX Micro Area",31260,20.5,1887,19.953473617426244,2152,22.755630749709212,1791,18.938352543089778,882,9.32642487046632,673,7.116421698212965,133,1.4063656550703183,414,4.377709633076028,470,4.969863593105636,953,10.077191498361003,9457
"Lumberton, NC Micro Area",31300,20.6,1981,18.829008649367932,1875,17.821499857427998,1391,13.221176694230586,931,8.84896872920825,625,5.940499952476,494,4.695371162437031,534,5.075563159395495,1123,10.673890314608878,1360,12.926527896587778,10521
"Lynchburg, VA Metro Area",31340,18.4,9354,22.00061152009784,9148,21.51609944257591,5982,14.0696662511466,3236,7.611073217771715,2378,5.593056894889104,1501,3.5303525648564102,2085,4.903920784627325,5642,13.26998612319778,3019,7.100689136110263,42517
"Macomb, IL Micro Area",31380,18.2,965,25.0844814140889,687,17.858071224330647,641,16.66233428645698,211,5.484793345463998,236,6.134650376917078,191,4.964907720301533,125,3.2492851572654016,504,13.1011177540941,269,6.992461658435143,3847
"Macon-Bibb County, GA Metro Area",31420,18.9,6522,21.68650661701137,6195,20.599188667952383,4100,13.633038505020947,2356,7.834009443373013,1462,4.861342023009909,996,3.311830817317284,1989,6.613686240606503,3598,11.963822570991555,2654,8.824898583494049,30074
"Madison, IN Micro Area",31500,18.4,1260,24.442289039767218,1015,19.689621726479146,704,13.656644034917557,451,8.74878758486906,311,6.03297769156159,183,3.5499515033947624,115,2.2308438409311346,606,11.755577109602328,484,9.38894277400582,5155
"Madison, WI Metro Area",31540,20.0,22891,19.042667354357825,29073,24.185377134823515,20779,17.285727358184495,12781,10.632315384039465,7588,6.31233934231214,5226,4.347428229167534,5069,4.216822367709573,8048,6.695006197539286,8493,7.065194785748155,120209
"Madisonville, KY Micro Area",31580,17.3,1882,27.976809870670433,1416,21.049502006838114,782,11.624795599821615,464,6.89757692879441,406,6.035379812695109,280,4.162330905306972,216,3.21094098409395,802,11.922104950200684,408,6.065110747733017,6727
"Magnolia, AR Micro Area",31620,19.9,532,20.105820105820104,438,16.55328798185941,372,14.058956916099774,270,10.204081632653061,80,3.0234315948601664,75,2.8344671201814062,181,6.8405139833711255,321,12.131519274376418,290,10.959939531368104,2646
"Malvern, AR Micro Area",31680,18.3,828,18.33887043189369,1088,24.097452934662236,472,10.454042081949058,368,8.150609080841638,196,4.341085271317829,107,2.3698781838316725,205,4.540420819490587,693,15.348837209302326,527,11.672203765227021,4515
"Manchester-Nashua, NH Metro Area",31700,21.6,12567,16.435830030996193,16094,21.04863917552739,13773,18.01310472005336,8634,11.292031231608272,5795,7.579027216489452,3988,5.215730895489204,4100,5.362210800277266,5092,6.659604242685814,6365,8.324505303357267,76461
"Manhattan, KS Metro Area",31740,20.0,2644,17.646666221717947,3782,25.241940866315154,2300,15.350730828272042,1596,10.652072348661818,1055,7.041313488620436,493,3.290395781886138,662,4.4183407862243875,1052,7.021290796235734,1341,8.95014349596209,14983
"Manitowoc, WI Micro Area",31820,18.0,3327,22.951158940397352,3503,24.16528697571744,1734,11.961920529801324,1074,7.408940397350994,870,6.001655629139073,417,2.876655629139073,553,3.8148454746136866,1743,12.024006622516556,1190,8.20916114790287,14496
"Mankato, MN Metro Area",31860,19.6,3149,19.565082323703013,3577,22.22429325877602,2714,16.86237962100031,1413,8.779123951537745,912,5.6663560111835976,788,4.895930413171793,618,3.8397017707362533,1577,9.798073936004972,1279,7.946567256912084,16095
"Mansfield, OH Metro Area",31900,18.3,4493,23.52971982194292,4547,23.812516365540716,2701,14.145064152919613,1361,7.127520293270489,1034,5.41503011259492,979,5.1269965959675305,694,3.6344592825346953,1979,10.363969625556429,1180,6.1796281749149,19095
"Marietta, OH Micro Area",31930,18.0,2202,24.21909370875495,2073,22.8002639683238,1173,12.901451825780907,829,9.117905851297845,351,3.860536735591729,281,3.0906291245050594,459,5.048394192696876,1074,11.812582490101189,622,6.841179058512978,9092
"Marinette, WI-MI Micro Area",31940,18.8,2603,22.247863247863247,2378,20.324786324786327,1761,15.05128205128205,1035,8.846153846153847,694,5.931623931623932,370,3.1623931623931623,527,4.504273504273504,1418,12.11965811965812,859,7.3418803418803416,11700
"Marion, IN Micro Area",31980,18.6,2861,25.16492215674202,2340,20.582285161403817,1675,14.73304600228692,718,6.315419122174333,625,5.497405224733925,456,4.010906851965872,382,3.360014073357375,1117,9.824962617644472,1128,9.921716949599789,11369
"Marion, NC Micro Area",32000,18.4,1225,18.396155578915753,1372,20.603694248385644,1129,16.95449767232317,472,7.0881513740801925,371,5.571407118185913,123,1.847124192821745,337,5.0608199429343745,1156,17.359963958552335,455,6.832857786454423,6659
"Marion, OH Micro Area",32020,18.1,2340,23.867809057527538,2494,25.438596491228072,1385,14.126886984904122,790,8.057935536515707,399,4.069767441860465,253,2.580579355365157,476,4.855161158710731,998,10.17951856385149,654,6.670746634026928,9804
"Marion-Herrin, IL Micro Area",32060,18.1,2762,24.029928658430485,2429,21.132764920828258,1792,15.590742996345918,1085,9.439707673568819,391,3.401774839046459,324,2.818862014964329,435,3.7845832608317385,1456,12.667478684531059,797,6.934052549156082,11494
"Marquette, MI Micro Area",32100,18.8,2524,23.100860333150283,2366,21.65476844224785,1459,13.3534687900421,1063,9.729086582463847,647,5.921654768442248,426,3.898956617243273,441,4.036243822075782,1105,10.113490755994874,859,7.861980596741717,10926
"Marshall, MN Micro Area",32140,17.6,873,23.28620965590824,814,21.712456655108028,498,13.283542277940786,246,6.561749799946652,205,5.4681248332888766,123,3.280874899973326,160,4.267804747932782,581,15.497465990930914,249,6.641771138970393,3749
"Marshall, MO Micro Area",32180,17.7,827,27.275725593667545,518,17.084432717678098,363,11.972295514511872,414,13.654353562005278,114,3.7598944591029024,94,3.100263852242744,58,1.912928759894459,405,13.357519788918207,228,7.519788918205805,3032
"Marshalltown, IA Micro Area",32260,19.3,1352,21.361984515721282,1253,19.797756359614475,1093,17.269710854795388,567,8.958761257702639,283,4.471480486648759,327,5.166693000474008,185,2.923052614947069,722,11.407805340496129,528,8.342550165902987,6329
"Martin, TN Micro Area",32280,17.2,1233,27.57155635062612,1017,22.741502683363148,597,13.349731663685152,321,7.177996422182469,251,5.612701252236136,120,2.6833631484794274,146,3.264758497316637,483,10.800536672629695,175,3.913237924865832,4472
"Martinsville, VA Micro Area",32300,18.9,1982,22.259658580413298,1652,18.553459119496853,1037,11.646451033243487,575,6.457771787960468,665,7.468553459119496,276,3.0997304582210243,463,5.199910152740341,1155,12.971698113207546,1016,11.410601976639713,8904
"Maryville, MO Micro Area",32340,18.1,553,22.146575891069283,668,26.75210252302763,266,10.65278334000801,209,8.370044052863436,108,4.325190228273929,109,4.365238285943131,122,4.885863035642771,274,10.973167801361635,165,6.607929515418502,2497
"Mason City, IA Micro Area",32380,17.8,2364,26.39571237159446,1921,21.449307726663687,1293,14.437248771773111,565,6.308619919606967,295,3.29388119696293,342,3.8186690486824473,438,4.890576150066995,1044,11.656989727556946,692,7.726663689146942,8956
"Massena-Ogdensburg, NY Micro Area",32390,18.3,3258,22.493786246893123,3006,20.75393537696769,1834,12.662247997790665,1183,8.167633250483291,575,3.969897818282243,395,2.7271471969069316,932,6.434686550676609,1987,13.71858602595968,1273,8.789008561170947,14484
"Mayagüez, PR Metro Area",32420,23.3,1932,12.627450980392158,2741,17.915032679738562,2630,17.18954248366013,1359,8.882352941176471,1084,7.0849673202614385,956,6.248366013071895,1015,6.633986928104576,1076,7.032679738562092,2181,14.254901960784313,15300
"Mayfield, KY Micro Area",32460,18.5,1296,23.397725221159053,1365,24.643437443581874,633,11.428055605705001,383,6.9146055244629,301,5.43419389781549,183,3.303845459469218,282,5.09117169164109,492,8.882469759884454,526,9.496298970933381,5539
"McAlester, OK Micro Area",32540,18.2,1500,25.680534155110422,1261,21.588769046396163,807,13.81612737544941,495,8.47457627118644,178,3.0474233864064373,155,2.6536551960280774,258,4.417051874678993,608,10.409176510871426,550,9.416195856873824,5841
"McAllen-Edinburg-Mission, TX Metro Area",32580,21.6,12444,17.33775461866414,14027,19.543288656059296,9688,13.497924039345724,6765,9.425418675286314,4647,6.474489369409535,3293,4.588012372168195,4786,6.66815281299635,5949,8.288516733078831,9615,13.396215899908045,71774
"McComb, MS Micro Area",32620,19.9,1411,24.315009477856282,1062,18.30087885576426,530,9.13320696191625,503,8.667930380837499,369,6.358779941409616,116,1.9989660520420474,362,6.238152679648458,377,6.496639669136653,922,15.8883336205411,5803
"McMinnville, TN Micro Area",32660,18.7,1124,20.84956408829531,1164,21.59154145798553,690,12.799109627156371,442,8.19884993507698,378,7.0116861435726205,91,1.6879985160452606,211,3.9139306251159343,689,12.780560192914118,567,10.51752921535893,5391
"McPherson, KS Micro Area",32700,19.5,1102,20.835696729060313,1316,24.881830213650975,870,16.449234259784458,510,9.642654566080544,357,6.749858196256381,177,3.3465683494044245,204,3.8570618264322176,355,6.712043864624692,373,7.052372849309889,5289
"Meadville, PA Micro Area",32740,18.7,2702,22.14391083428946,2584,21.176856253073268,1686,13.817406982461891,1131,9.268972299623012,508,4.163251925913785,422,3.4584494345189314,615,5.040157351253892,1483,12.153745287657761,1039,8.514997541386657,12202
"Medford, OR Metro Area",32780,22.9,4861,13.529460881182331,7099,19.75841242450388,6161,17.147707979626485,3736,10.398285507528737,3141,8.742241643240837,2042,5.683431211556124,2377,6.615825656155196,2322,6.462745971221019,3960,11.021737315260653,35929
"Memphis, TN-MS-AR Metro Area",32820,19.9,41206,20.724445249160077,40679,20.459392037338805,28055,14.110185688132457,18880,9.49564447663307,12341,6.206872271511054,7476,3.760033798056612,9417,4.736254451083348,17754,8.92932584947794,22013,11.071378276701472,198828
"Menomonie, WI Micro Area",32860,19.7,1586,21.903052064631957,1450,20.024858444966164,1241,17.138516779450352,615,8.493302030106339,539,7.443723242646043,280,3.866869216958983,263,3.6320950145007593,661,9.128573401463887,592,8.175666344427565,7241
"Merced, CA Metro Area",32900,24.8,4031,13.821835139212729,4602,15.77972843231381,4088,14.017281580030176,3197,10.962145110410095,2312,7.927581950349746,1870,6.412014812782883,2066,7.084076258400768,1929,6.6143190234535725,4856,16.650665203675764,29164
"Meridian, MS Micro Area",32940,20.2,1989,19.673590504451038,2083,20.60336300692384,1087,10.751730959446093,809,8.001978239366963,683,6.755687438180019,557,5.509396636993076,551,5.450049455984174,924,9.13946587537092,1379,13.63996043521266,10110
"Mexico, MO Micro Area",33020,18.0,592,18.494220556076225,602,18.80662293033427,541,16.900968447360203,240,7.497656982193064,284,8.87222742892846,42,1.3120899718837862,55,1.718213058419244,629,19.65010934083099,175,5.467041549515776,3201
"Miami, OK Micro Area",33060,19.7,814,21.43233280674039,799,21.037388098999475,531,13.981042654028435,338,8.89942074776198,211,5.555555555555555,204,5.371248025276461,183,4.818325434439179,319,8.399157451290153,367,9.662980516061085,3798
"Miami-Fort Lauderdale-West Palm Beach, FL Metro Area",33100,26.4,92206,11.518162410512076,121301,15.152643196294441,112525,14.056365369312966,88582,11.06546062781143,66511,8.30840184028771,50574,6.317588288714809,61675,7.704299792511684,47646,5.951829232493095,154512,19.301285278322904,800527
"Michigan City-La Porte, IN Metro Area",33140,17.6,4943,24.875446630768455,3654,18.388606512002415,2601,13.089426802878567,1650,8.303557948769564,931,4.68521966685119,583,2.933923808565246,729,3.6686628755472803,3053,15.364098434905138,1605,8.077097277439485,19871
"Middlesborough, KY Micro Area",33180,20.2,347,18.9410480349345,398,21.724890829694324,182,9.934497816593886,185,10.09825327510917,175,9.552401746724891,26,1.4192139737991267,125,6.823144104803494,157,8.569868995633188,223,12.172489082969433,1832
"Midland, MI Metro Area",33220,17.4,3968,26.074385596004728,3285,21.586279405966618,2101,13.806019187803917,1016,6.676304376396374,744,4.888947299250887,502,3.298725193849389,474,3.1147325535550006,2046,13.444605072939938,1054,6.926008673938757,15218
"Midland, TX Metro Area",33260,20.0,5158,19.733721019205756,5812,22.235825235289617,3321,12.705639299104751,2552,9.763562629122351,2261,8.650241028387788,955,3.653684291070472,1449,5.543652919121586,2050,7.842987221669599,2504,9.579921952712526,26138
"Milledgeville, GA Micro Area",33300,19.3,1249,25.437881873727086,1046,21.30346232179226,702,14.29735234215886,598,12.179226069246436,88,1.7922606924643585,132,2.6883910386965377,209,4.256619144602851,255,5.193482688391039,525,10.692464358452138,4910
"Milwaukee-Waukesha, WI Metro Area",33340,19.8,51634,20.099575306258295,56968,22.175942325733484,41036,15.97409017832466,25658,9.987893698105422,15664,6.097527745230467,9631,3.749060885745316,11968,4.658785243546873,21357,8.313642751205764,21439,8.345562904111082,256891
"Minden, LA Micro Area",33380,23.7,725,18.729010591578405,493,12.735727202273313,297,7.672436063032809,401,10.359080340997158,238,6.148282097649186,270,6.974941875484371,281,7.259106174115216,495,12.787393438388014,671,17.33402221648153,3871
"Mineral Wells, TX Micro Area",33420,23.3,469,15.990453460620524,532,18.138424821002385,406,13.842482100238662,283,9.648823729969315,151,5.148312308216843,205,6.989430617115581,360,12.274122059324924,194,6.614387998636209,324,11.04670985339243,2933
"Minneapolis-St. Paul-Bloomington, MN-WI Metro Area",33460,19.6,147844,20.502821419210612,164299,22.78478028431918,114514,15.880658613129272,71662,9.937996729955026,45307,6.283118219475766,26899,3.7303197515986195,30936,4.2901658736553365,60451,8.383269240636757,56921,7.893733245873268,721091
"Minot, ND Metro Area",33500,19.7,2301,20.23746701846966,2623,23.06948109058927,2019,17.757255936675463,901,7.924362357080035,752,6.613896218117854,613,5.391380826737027,576,5.065963060686015,899,7.9067722075637645,674,5.927880386983289,11370
"Missoula, MT Metro Area",33540,22.4,3049,15.00935315545929,4148,20.419415181648123,3507,17.26395589248794,2653,13.059958649207443,1404,6.9114896130747265,1018,5.01132224081914,1347,6.630894949296053,1285,6.325686718519248,1876,9.235010337698139,20314
"Mitchell, SD Micro Area",33580,18.2,907,24.951856946354884,775,21.320495185694636,507,13.947730398899589,275,7.565337001375516,240,6.602475928473177,149,4.099037138927097,124,3.4112792297111416,411,11.306740027510315,247,6.795048143053645,3635
"Moberly, MO Micro Area",33620,18.2,705,20.638173302107727,767,22.453161592505854,388,11.358313817330211,344,10.070257611241217,230,6.7330210772833725,128,3.747072599531616,133,3.8934426229508197,488,14.285714285714285,193,5.649882903981265,3416
"Mobile, AL Metro Area",33660,19.7,12751,20.927293615624485,11980,19.661907106515674,8299,13.620548170031183,5988,9.82767109798129,3800,6.236665025439028,2885,4.7349417364188415,2735,4.488757590677827,6164,10.116527162317414,5985,9.82274741506647,60930
"Modesto, CA Metro Area",33700,23.8,11231,15.735421862302799,12307,17.24297363185474,9796,13.724885812760949,7581,10.621514837335724,5917,8.290133662117858,4086,5.724773727127525,4970,6.963319976462016,4560,6.388881105164346,10614,14.870961414520695,71374
"Monroe, LA Metro Area",33740,18.7,5519,21.717231338291427,4540,17.86487230944792,2781,10.943218038012041,1765,6.945264234840436,1541,6.063825601070318,1119,4.403258174949829,1061,4.175028528705781,3719,14.634242316924409,3072,12.088301263133042,25413
"Monroe, MI Metro Area",33780,18.6,7527,24.257952238228754,6275,20.223017177479132,4405,14.196396919011248,2552,8.224564117438526,1422,4.582809629701247,1322,4.260530471494409,1264,4.073608559734442,3404,10.970382545360792,2729,8.79499822746463,31029
"Montgomery, AL Metro Area",33860,19.1,13091,22.30533310615096,12001,20.448117226103253,8553,14.573181121144998,4640,7.905946498551712,3410,5.810189129323565,2378,4.051797580507753,2345,3.995569943772363,6351,10.821264269892657,5599,9.539955699437723,58690
"Monticello, IN Micro Area",33900,18.6,1122,22.138910812943962,908,17.91633780584057,909,17.93606945540647,400,7.892659826361484,291,5.741910023677979,147,2.9005524861878453,138,2.722967640094712,735,14.502762430939226,371,7.320441988950275,5068
"Monticello, NY Micro Area",33910,21.2,1613,16.043365824547443,1981,19.703600556992242,1393,13.85518201710762,1075,10.69226178635369,639,6.355679331609309,424,4.217226974338572,635,6.31589417147404,1100,10.940919037199125,1183,11.766461110005967,10054
"Montrose, CO Micro Area",33940,23.1,818,12.143705463182899,1231,18.274940617577197,1205,17.88895486935867,683,10.139548693586699,483,7.170427553444181,341,5.062351543942993,448,6.65083135391924,514,7.630641330166271,910,13.509501187648457,6736
"Morehead City, NC Micro Area",33980,22.3,1942,15.233762158770004,2572,20.175713837464702,2117,16.606526513962976,1252,9.821148415437715,1032,8.095387511766551,536,4.204581110762472,807,6.330404769375589,851,6.67555695010982,1585,12.433322874176342,12748
"Morgan City, LA Micro Area",34020,18.6,791,17.492260061919502,1045,23.10924369747899,696,15.391419725785052,258,5.705440070765149,217,4.798761609907121,137,3.0296329057938967,146,3.228659885006634,689,15.236620964175144,497,10.990712074303406,4522
"Morgantown, WV Metro Area",34060,16.3,5799,30.266179540709814,4118,21.49269311064718,2120,11.064718162839249,1116,5.824634655532359,1008,5.260960334029228,376,1.962421711899791,635,3.3141962421711897,2708,14.133611691022965,1217,6.351774530271399,19160
"Morristown, TN Metro Area",34100,18.6,3848,22.801611756340364,3763,22.297937899976297,2696,15.975349608912065,1415,8.384688314766532,585,3.4664612467409337,520,3.0812988859919415,884,5.2382081061863,1817,10.766769376629533,1289,7.638065892391562,16876
"Moscow, ID Micro Area",34140,20.5,926,17.00955180014695,1180,21.675238795003672,920,16.899338721528288,688,12.637766348273328,423,7.770022042615723,179,3.2880235121234382,192,3.526818515797208,526,9.662013225569433,403,7.402645113886848,5444
"Moses Lake, WA Micro Area",34180,21.4,2559,19.121273257117238,2477,18.50855563027722,2201,16.44623776432788,1330,9.937981020697901,848,6.336396921467534,627,4.685048195471867,955,7.13591870283195,1029,7.688859000224165,1343,10.035119181050586,13383
"Moultrie, GA Micro Area",34220,19.0,692,15.079538025713662,981,21.377206363042056,707,15.406406624536936,336,7.321856613641316,137,2.9853998692525607,237,5.164523861407714,109,2.3752451514491177,810,17.650904336456744,552,12.028764436696449,4589
"Mountain Home, AR Micro Area",34260,21.7,1156,17.271776482892573,1211,18.093530554310476,1030,15.389212610189752,729,10.891976692066338,538,8.038248916778725,261,3.899596593455849,439,6.559091588226505,638,9.532347228447632,691,10.324219333632154,6693
"Mountain Home, ID Micro Area",34300,22.1,885,20.76002814919071,616,14.449917898193759,669,15.69317382125264,361,8.468214872155759,328,7.694112127609665,128,3.0025803424818203,465,10.907811400422238,317,7.436077879427633,421,9.875674407694113,4263
"Mount Airy, NC Micro Area",34340,17.8,2729,25.61479256617233,2237,20.996808710343533,1193,11.197672235779988,754,7.077154120518116,543,5.096677304298855,288,2.703210061948564,423,3.970339778486953,1270,11.920405481509293,1062,9.968087103435328,10654
"Mount Pleasant, MI Micro Area",34380,19.2,1964,22.984201287302515,1877,21.966062024575773,1231,14.406085430076068,715,8.36746635459333,436,5.102399063779988,258,3.0193095377413695,308,3.604447045055588,691,8.086600351082504,994,11.63253364540667,8545
"Mount Pleasant, TX Micro Area",34420,21.4,1181,20.94714437743881,944,16.74352607307556,690,12.238382405108194,654,11.599858105711245,431,7.644554806669032,266,4.717985101099681,194,3.4409365023057825,489,8.673288400141894,754,13.373536715147216,5638
"Mount Sterling, KY Micro Area",34460,19.6,1858,26.783912354043533,1058,15.251549661236846,1122,16.174138676661382,657,9.470952861467493,301,4.339051463168516,428,6.169814040651579,297,4.281389649704483,616,8.879919273461152,578,8.332132045552832,6937
"Mount Vernon, IL Micro Area",34500,19.2,995,19.279209455531873,1276,24.723890718852935,826,16.004650261577215,487,9.436155783762837,279,5.405929083510948,180,3.487696182910289,157,3.042046115093974,518,10.03681457081961,432,8.370470838984694,5161
"Mount Vernon, OH Micro Area",34540,18.8,2328,21.52964024784981,2862,26.468140201609174,1793,16.581892166836216,1110,10.26542125219643,523,4.836770553962823,275,2.5432349949135302,352,3.255340793489318,921,8.517525201146768,640,5.918801442707852,10813
"Mount Vernon-Anacortes, WA Metro Area",34580,23.4,3275,14.16828898983344,4360,18.862210685701925,3732,16.145360155743024,2739,11.849448410123296,2259,9.772874756651525,1320,5.710577547047372,1276,5.520224962145793,1336,5.779796668829764,2745,11.875405580791695,23115
"Muncie, IN Metro Area",34620,17.0,4895,28.13865256380777,3744,21.52218900896758,1852,10.646125546102553,1401,8.053575534605656,791,4.547022303977926,489,2.8109910324212466,447,2.5695562198206483,2245,12.905265578293863,1421,8.168544492986895,17396
"Murray, KY Micro Area",34660,19.3,895,18.7316868982838,1154,24.152365006278778,562,11.762243616575974,443,9.271661783172876,306,6.40435328589368,184,3.8509836751778983,233,4.876517371285057,502,10.50648807032231,499,10.443700293009627,4778
"Murrells Inlet, SC Micro Area",34680,20.6,1836,17.296278850682995,1836,17.296278850682995,1408,13.264248704663212,908,8.553933113518605,753,7.093735280263777,256,2.4116815826660387,826,7.781441356570891,1440,13.565708902496468,1271,11.973622232689591,10615
"Muscatine, IA Micro Area",34700,18.7,1886,25.197060788243153,1570,20.975283901135604,1185,15.831663326653306,414,5.531062124248496,502,6.706746826987307,348,4.649298597194389,279,3.7274549098196395,689,9.205076820307282,609,8.13627254509018,7485
"Muskegon-Norton Shores, MI Metro Area",34740,19.8,6412,21.177092278221814,6721,22.197635246713784,5262,17.378955016843914,2440,8.058656450227888,1791,5.915185943589405,1219,4.026025497060572,1465,4.838496598190105,2303,7.606182706915912,2612,8.626725675407886,30278
"Muskogee, OK Micro Area",34780,19.5,1635,19.235294117647058,1925,22.647058823529413,1271,14.952941176470588,652,7.670588235294118,500,5.88235294117647,426,5.011764705882353,460,5.411764705882352,825,9.705882352941178,725,8.529411764705882,8500
"Myrtle Beach-Conway-North Myrtle Beach, SC Metro Area",34820,22.2,10681,16.861098394556965,11129,17.568314205881887,9229,14.568961434637789,7033,11.102341073768292,4198,6.626991017727754,2724,4.300124709931015,4171,6.584368636241653,5578,8.805468293683996,8314,13.124536284275498,63347
"Nacogdoches, TX Micro Area",34860,18.8,1309,23.640960809102403,1015,18.331226295828067,917,16.561314791403287,449,8.109084341701282,265,4.785985190536392,145,2.6187466136897237,181,3.268918186743724,674,12.172656673288785,557,10.059599060863283,5537
"Nantucket, MA Micro Area",34880,35.9,199,7.217990569459558,218,7.907145447950671,217,7.8708741385564025,271,9.829524845846935,178,6.456293072179905,875,31.73739571998549,138,5.00544069640914,127,4.60645629307218,528,19.1512513601741,2757
"Napa, CA Metro Area",34900,25.5,2182,10.913273982194658,3045,15.229568870661197,2917,14.589376813043915,2124,10.623186956086826,1721,8.607582274682404,1335,6.677003100930278,1463,7.317195158547564,1506,7.532259677903371,3462,17.315194558367512,19994
"Naples-Marco Island, FL Metro Area",34940,24.8,7403,12.884866417196067,8687,15.11965886345836,7710,13.41919763293012,5893,10.25672265251066,4327,7.5311113044991735,3240,5.639195892437559,4585,7.980158384822905,4988,8.681576886258812,10011,17.424071012096423,57455
"Nashville-Davidson--Murfreesboro--Franklin, TN Metro Area",34980,20.3,67601,19.098269880552824,74225,20.96964663073081,55752,15.750754313998033,35010,9.890836356239618,23902,6.752664112734628,14926,4.216813009232577,16396,4.632109480060119,31438,8.881694183589293,32886,9.29077533308472,353964
"Natchez, MS-LA Micro Area",35020,23.2,768,16.942422236929186,647,14.273108316787999,622,13.721597176262962,498,10.986101919258768,233,5.14008382969336,112,2.470769909552173,332,7.324067946172513,379,8.360908890359585,793,17.493933377454223,4533
"Natchitoches, LA Micro Area",35060,17.6,921,23.996873371547682,795,20.713913496612818,437,11.386138613861387,278,7.243355914538823,177,4.611776967170401,127,3.3090151120375193,132,3.4392912975508074,572,14.903595622720168,385,10.03126628452319,3838
"New Bern, NC Micro Area",35100,19.8,3827,19.500636942675158,3920,19.97452229299363,2560,13.044585987261145,1693,8.626751592356689,989,5.039490445859872,749,3.81656050955414,1322,6.736305732484077,2193,11.17452229299363,2274,11.587261146496814,19625
"Newberry, SC Micro Area",35140,17.4,1239,23.528294720850738,804,15.267755412077477,653,12.400303835928598,392,7.443980250664641,205,3.892897835169009,213,4.044815799468287,254,4.823395366502089,1009,19.160653247246486,495,9.39992404101785,5266
"New Castle, IN Micro Area",35220,18.3,1838,22.61040718415549,1917,23.58223643744618,1260,15.500061508180588,483,5.941690244802559,273,3.358346660105794,256,3.1492188461065322,570,7.011932587034075,972,11.95719030631074,560,6.88891622585804,8129
"New Haven, CT Metro Area",35300,22.4,13576,15.1232608138667,17805,19.834241219129098,14785,16.470050908442783,10208,11.371408838240372,6416,7.147233454756097,4902,5.46068241820673,4307,4.797870088783434,6182,6.886564404192984,11183,12.45752988225334,89769
"New Iberia, LA Micro Area",35340,18.5,2062,25.62127236580517,1442,17.917495029821072,1138,14.140159045725644,393,4.883200795228628,584,7.256461232604374,136,1.6898608349900597,592,7.3558648111332,942,11.704771371769382,753,9.356361829025845,8048
"New Orleans-Metairie, LA Metro Area",35380,22.3,22645,17.443248781013857,23234,17.896950416342502,18304,14.099413808243657,13054,10.055383951748945,8487,6.537463122299165,6549,5.044638386701689,7802,6.00981351245176,10156,7.823079470963866,18640,14.358231719059319,129821
"New Philadelphia-Dover, OH Micro Area",35420,17.7,3432,24.01343408900084,3512,24.573187797369158,1714,11.992723201791213,1185,8.29135180520571,692,4.841869577385951,479,3.3515253288553035,522,3.6523929471032743,1772,12.398544640358242,927,6.486146095717885,14292
"Newport, OR Micro Area",35440,26.4,935,10.757017947537966,1046,12.03405430280718,1382,15.899677864703177,1560,17.9475379659457,701,8.06488725264611,450,5.177174413253566,816,9.387942936033134,511,5.878969167050161,1251,14.392544868844915,8692
"Newport, TN Micro Area",35460,20.4,1018,22.197993894461405,1016,22.154382904491932,713,15.547317924116877,279,6.083733100741387,310,6.759703445268207,169,3.68512865242041,276,6.018316615787178,195,4.25207152202355,602,13.126907980811165,4586
"New Ulm, MN Micro Area",35580,19.3,969,21.231375985977213,1020,22.348816827344432,747,16.367221735319895,452,9.903593339176162,214,4.688869412795793,147,3.2208588957055215,233,5.105170902716915,436,9.55302366345311,338,7.405784399649431,4564
"New York-Newark-Jersey City, NY-NJ Metro Area",35620,24.3,307790,13.171431016775076,389648,16.67442656624444,343090,14.68204382060938,249721,10.686451557685723,183249,7.84187778158165,128308,5.490756590208832,163158,6.982112290311537,168697,7.219145840465593,392450,16.794334132146524,2336800
"Niles, MI Metro Area",35660,19.7,4971,19.08253358925144,5133,19.704414587332053,3423,13.140115163147792,2281,8.756238003838773,1581,6.069097888675624,1106,4.245681381957773,1296,4.975047984644913,3128,12.007677543186182,3022,11.600767754318618,26050
"Nogales, AZ Micro Area",35700,22.0,1561,21.979724021402422,1004,14.136862855533652,1040,14.643762320473105,714,10.053506054632498,511,7.1951562940016895,611,8.603210363277949,378,5.322444381864264,547,7.702055758941144,695,9.78597578147001,7102
"Norfolk, NE Micro Area",35740,19.1,1299,18.706797235023043,1674,24.107142857142858,970,13.968894009216589,549,7.90610599078341,554,7.978110599078341,194,2.793778801843318,242,3.4850230414746544,790,11.376728110599078,623,8.971774193548388,6944
"North Platte, NE Micro Area",35820,18.8,1291,25.328624681185012,1248,24.48499117127722,853,16.73533451049637,391,7.671179124975476,236,4.630174612517167,164,3.2175789680204043,225,4.414361389052384,290,5.689621345889739,359,7.04335883853247,5097
"North Port-Bradenton-Sarasota, FL Metro Area",35840,23.1,20713,14.804199752703465,24803,17.727444912195438,20684,14.78347258653592,15706,11.225547304396304,10770,7.697640676706238,7271,5.196800869111519,8663,6.191704845153774,11120,7.947796130452496,19419,13.879339303710161,139913
"North Wilkesboro, NC Micro Area",35900,19.0,2024,22.71604938271605,1812,20.336700336700336,1267,14.219977553310887,828,9.292929292929292,545,6.11672278338945,317,3.5578002244668916,304,3.4118967452300786,967,10.85297418630752,789,8.855218855218855,8910
"Norwalk, OH Micro Area",35940,17.9,2667,25.698593177876276,2467,23.771439583734825,1221,11.765272692233571,778,7.496627481210252,610,5.877818462131431,365,3.517055309308152,506,4.8756985931778765,1066,10.271728656773945,665,6.407785700520331,10378
"Norwich-New London-Willimantic, CT Metro Area",35980,21.3,8445,18.400697243708464,9631,20.984856738206776,8249,17.97363547227367,5172,11.26920143806515,3080,6.710970693975378,1761,3.8370192831463124,2329,5.074626865671641,2632,5.7348295021244144,4470,9.73962305262011,45895
"Oak Harbor, WA Micro Area",36020,24.6,1813,10.97590507325342,2762,16.721152681922753,2815,17.042014771764137,2198,13.306695725874803,1637,9.910400774912217,704,4.262017193364814,1082,6.550429834120354,1070,6.477781813778908,2393,14.487226056423296,16518
"Ocala, FL Metro Area",36100,21.5,10304,16.944024205748864,11211,18.435506150101954,9370,15.408143129645465,5240,8.61672038413471,4344,7.143326974939157,2695,4.431691113596001,3754,6.173123725580478,5830,9.58692363349339,7571,12.449845425245018,60812
"Ocean Pines, MD Micro Area",36180,22.5,1551,14.124396685183498,2005,18.2588106729806,1445,13.159092978781532,1332,12.130042801202077,797,7.2579910754940355,561,5.108824332938712,647,5.891995264547855,1178,10.727620435297332,1403,12.7766141517166,10981
"Odessa, TX Metro Area",36220,21.6,3126,16.528313858192778,3404,17.99820229471792,2864,15.143023317294983,1762,9.316343255961508,1576,8.332892719293609,918,4.8538042616189925,1074,5.6786337439856185,1968,10.40554116216359,2174,11.494739068365673,18913
"Ogden, UT Metro Area",36260,20.0,21317,18.57803961897458,25779,22.4667299966011,19048,16.60057694151277,12070,10.519160210208902,8115,7.072326852182704,4992,4.350592192987808,5090,4.436000453186686,9948,8.669809923045415,7997,6.96948833480038,114743
"Oil City, PA Micro Area",36340,17.0,1838,25.742296918767504,1318,18.459383753501402,882,12.352941176470589,598,8.375350140056021,386,5.406162464985995,201,2.8151260504201683,253,3.5434173669467786,1205,16.876750700280112,440,6.162464985994398,7140
"Okeechobee, FL Micro Area",36380,20.3,1099,21.22441096948629,962,18.57860177674778,597,11.529548088064889,342,6.60486674391657,368,7.106991116261105,137,2.645809192738509,233,4.499806875241406,473,9.134801081498647,938,18.115102356122055,5178
"Oklahoma City, OK Metro Area",36420,19.5,43883,20.419625324560506,48381,22.51263343043005,33358,15.522135259136553,19807,9.216587717420639,12754,5.934687723935116,8506,3.9580095483606788,9615,4.474049119149768,19025,8.852707695457548,18492,8.604692284068385,214906
"Olean, NY Micro Area",36460,18.4,2382,22.974537037037038,2372,22.878086419753085,1256,12.114197530864198,857,8.265817901234568,489,4.716435185185185,485,4.677854938271605,433,4.176311728395062,1137,10.966435185185185,892,8.603395061728394,10368
"Olympia-Lacey-Tumwater, WA Metro Area",36500,22.6,8606,16.0040168110983,10250,19.06125636924908,9479,17.627477963328005,6911,12.851935879793208,4339,8.068955257187488,2338,4.3478260869565215,3043,5.658868598207312,2931,5.450589504221371,5667,10.538550228735076,53774
"Omaha, NE-IA Metro Area",36540,19.5,35865,20.93414194241287,39812,23.237977387741285,28040,16.366745854321955,17147,10.008580284024912,9960,5.813580196470993,6079,3.548268475336061,7074,4.12904280219235,14041,8.195630475767993,12777,7.457842788183723,171323
"Oneonta, NY Micro Area",36580,19.8,1940,23.05133079847909,1576,18.726235741444867,1124,13.35551330798479,752,8.935361216730039,490,5.822243346007604,368,4.3726235741444865,479,5.691539923954372,734,8.72148288973384,904,10.741444866920153,8416
"Ontario, OR-ID Micro Area",36620,21.5,1431,17.838444278234856,1421,17.713787085514834,1171,14.597357267514335,872,10.87010720518574,472,5.883819496384941,408,5.086013462976814,327,4.076290201944652,792,9.87284966342558,1089,13.575168287210172,8022
"Opelousas, LA Micro Area",36660,20.6,1415,16.411505451171422,1517,17.59452563210392,1389,16.109951287404314,500,5.799118533982835,492,5.706332637439109,521,6.042681512410113,545,6.321039202041289,1191,13.81350034794711,1007,11.679424727441429,8622
"Orangeburg, SC Micro Area",36700,21.2,1611,21.31234290250033,1046,13.837809234025663,907,11.998941658949597,530,7.011509458923138,621,8.215372403757112,249,3.2940865193808704,337,4.458261674824712,860,11.377166291837543,1326,17.54200291043789,7559
"Orlando-Kissimmee-Sanford, FL Metro Area",36740,22.5,65705,16.159417616605797,76965,18.92869000627144,59583,14.653779466558452,43363,10.66464996741309,31845,7.83192533293983,21097,5.188573677155962,24918,6.128306341535397,29712,7.30733758807688,51360,12.631423617515772,406605
"Oshkosh-Neenah, WI Metro Area",36780,18.0,7643,26.392485928381504,6822,23.55744328188128,4393,15.169722711419592,2140,7.389757933630305,1359,4.692841603646534,1100,3.798473704202493,1248,4.3095410753133745,2667,9.209572153734591,1515,5.231534238060707,28959
"Oskaloosa, IA Micro Area",36820,16.7,852,27.185705169112957,770,24.569240587109125,320,10.21059349074665,201,6.413529036375238,147,4.690491384811742,92,2.935545628589662,78,2.488832163369496,446,14.231014677728144,221,7.051691129546906,3134
"Othello, WA Micro Area",36830,20.8,283,14.50538185545874,496,25.422860071758073,236,12.096360840594567,180,9.226037929267042,160,8.200922603792925,38,1.9477191184008202,203,10.404920553562276,152,7.790876473603281,193,9.892362890825218,1951
"Ottawa, IL Micro Area",36837,18.4,5922,23.73547094188377,5690,22.80561122244489,3594,14.404809619238476,2100,8.41683366733467,1422,5.69939879759519,588,2.3567134268537075,780,3.12625250501002,2584,10.356713426853707,2143,8.589178356713427,24950
"Ottawa, KS Micro Area",36840,20.7,851,18.662280701754387,1073,23.530701754385966,800,17.543859649122805,521,11.425438596491228,281,6.162280701754385,160,3.508771929824561,274,6.008771929824562,223,4.890350877192982,323,7.083333333333333,4560
"Ottumwa, IA Micro Area",36900,17.5,1079,22.53550543024227,1206,25.18796992481203,562,11.737677527151211,253,5.284043441938178,196,4.093567251461988,216,4.511278195488721,130,2.7151211361737677,711,14.849624060150376,435,9.085213032581454,4788
"Owatonna, MN Micro Area",36940,18.4,1960,25.97746852220013,1567,20.768721007289596,1048,13.889993373094764,667,8.84029158383035,326,4.320742213386349,368,4.87740225314778,285,3.7773359840954273,715,9.476474486414844,575,7.620941020543406,7545
"Owensboro, KY Metro Area",36980,19.0,4133,23.687528656579552,3350,19.199908298945438,2618,15.004585052728107,1367,7.834708849151766,1191,6.825997248968363,791,4.533470884915176,665,3.811325080238423,1875,10.746217331499313,1357,7.777395690050436,17448
"Owosso, MI Micro Area",37020,18.9,2595,20.731804745546057,2875,22.968762483023088,1656,13.230007190221299,1218,9.730766158025087,663,5.296796356954542,538,4.298154509866581,363,2.900055923943437,1340,10.705440600782936,1119,8.939841815131421,12517
"Oxford, MS Micro Area",37060,20.0,1683,21.207157258064516,1518,19.128024193548388,1173,14.780745967741934,768,9.67741935483871,403,5.078125,414,5.216733870967742,590,7.434475806451612,709,8.933971774193548,580,7.308467741935484,7936
"Oxnard-Thousand Oaks-Ventura, CA Metro Area",37100,25.1,14723,11.901028194516297,19783,15.991173047077082,19657,15.889323590274184,15457,12.494341696844284,11077,8.953860579410243,6525,5.274346870150025,9073,7.333969218830832,7041,5.691444645628557,19806,16.009764614588722,123712
"Ozark, AL Micro Area",37120,18.2,1315,23.839738941261785,1116,20.232052211747643,630,11.421319796954315,370,6.707759245830312,231,4.187817258883249,313,5.674401740391588,269,4.876722262509064,700,12.690355329949238,522,9.463379260333575,5516
"Paducah, KY-IL Metro Area",37140,18.3,3555,23.83986051502146,3077,20.634388412017167,1983,13.298015021459229,1243,8.335568669527897,627,4.204667381974249,639,4.285139484978541,689,4.62043991416309,1866,12.513412017167383,1165,7.8125,14912
"Pahrump, NV Micro Area",37220,24.3,1560,17.857142857142858,1263,14.457417582417584,1074,12.293956043956044,754,8.630952380952381,665,7.612179487179486,720,8.241758241758241,697,7.978479853479853,588,6.730769230769231,1348,15.43040293040293,8736
"Palatka, FL Micro Area",37260,21.6,1473,16.247518199867635,1521,16.776968894771674,1462,16.12618574895213,671,7.401279505846019,714,7.8755790866975515,344,3.7943966468122654,571,6.2982572247959405,1002,11.052283256121774,1189,13.114934921685418,9066
"Palestine, TX Micro Area",37300,18.8,1308,25.462332100447732,1087,21.160210239439362,714,13.899162935565505,313,6.093050418532217,326,6.34611641035624,168,3.2703912789565894,368,7.163714230095386,435,8.467977418726884,418,8.137044967880087,5137
"Palm Bay-Melbourne-Titusville, FL Metro Area",37340,21.8,18993,17.344255109309078,19984,18.24922835278432,16205,14.798275893558344,10814,9.875257976731868,7392,6.75031505123007,4783,4.3677971983270325,6928,6.326593976585758,9474,8.651580735302176,14244,13.007506438003396,109506
"Pampa, TX Micro Area",37420,20.9,547,22.992854140395124,422,17.738545607398066,454,19.08364859184531,185,7.776376628835645,145,6.094997898276587,124,5.212274064733082,97,4.0773434216057165,130,5.46448087431694,265,11.139134089953762,2379
"Panama City-Panama City Beach, FL Metro Area",37460,22.6,5482,16.944332828485766,5545,17.139059747164094,4773,14.752882267486786,3508,10.84288937656477,2589,8.002349086638025,2146,6.633078848947547,1819,5.622353413902884,2540,7.850894816554879,3732,11.535251754087719,32353
"Paragould, AR Micro Area",37500,18.0,1353,20.824996152070185,1763,27.13560104663691,860,13.236878559335077,602,9.265814991534555,485,7.464983838694781,176,2.7089425888871785,113,1.7392642758196089,823,12.667384946898569,304,4.679082653532399,6497
"Paris, TN Micro Area",37540,20.2,984,22.963827304550758,755,17.6196032672112,546,12.742123687281214,445,10.385064177362894,264,6.1610268378063004,318,7.421236872812136,220,5.134189031505251,362,8.448074679113185,356,8.308051341890316,4285
"Paris, TX Micro Area",37580,19.0,1664,25.694873378628785,1153,17.804200123533047,706,10.901791229153798,379,5.852378011117974,391,6.037677578752317,189,2.9184681902408895,327,5.049413218035824,633,9.77455219271155,1000,15.441630636195184,6476
"Parkersburg-Vienna, WV Metro Area",37620,17.0,3998,28.427189988623436,2708,19.254835039817976,1617,11.497440273037544,973,6.918373151308304,624,4.436860068259386,637,4.52929465301479,707,5.027019340159272,1935,13.758532423208191,811,5.766496018202503,14064
"Payson, AZ Micro Area",37740,24.0,896,11.435864709636249,1217,15.532865347798342,1359,17.34524569240587,690,8.806636885768986,650,8.296107211231654,565,7.211231652839821,357,4.556477345245693,658,8.398213146139119,1315,16.783663050414805,7835
"Pella, IA Micro Area",37800,18.1,1643,25.910739630973033,1576,24.854123955212113,1100,17.34742154234348,448,7.06513168269989,206,3.248698943384324,239,3.769121589654629,172,2.7125059138937075,558,8.799873836934237,399,6.292382904904589,6341
"Pensacola-Ferry Pass-Brent, FL Metro Area",37860,20.4,15456,18.197445105080355,18802,22.136928239241772,13117,15.44357449814564,7682,9.04456348972744,5541,6.523812327073644,3469,4.0842997586389584,4240,4.992052746217696,7056,8.307529287101902,9112,10.7282039206452,84935
"Peoria, IL Metro Area",37900,18.7,15166,23.19953496909992,14812,22.658018723612557,9311,14.243101021844215,5272,8.064614819800527,3913,5.985743131615982,2174,3.3255828183320078,2508,3.8365049256562442,6570,10.050174386587528,5440,8.321605580370802,65372
"Peru, IN Micro Area",37940,16.4,1395,25.55881275192378,837,15.33528765115427,623,11.414437522902162,386,7.07218761451081,270,4.946866984243313,176,3.224624404543789,249,4.56211066324661,1078,19.750824477830708,409,7.493587394650055,5458
"Petoskey, MI Micro Area",37950,19.6,1356,21.544327931363203,1263,20.066730219256435,973,15.459167461074038,562,8.929138862408644,388,6.164601207499206,173,2.7486495074674293,276,4.38512869399428,613,9.739434381951066,670,10.645058786145535,6294
"Philadelphia-Camden-Wilmington, PA-NJ-DE-MD Metro Area",37980,20.5,197727,18.59297569232216,218456,20.542197564530536,163882,15.410409516197282,100579,9.457802435469462,66124,6.21787578165405,45126,4.243358879119845,54316,5.107527387277258,97683,9.185481216794395,114402,10.757628473364992,1063450
"Phoenix-Mesa-Chandler, AZ Metro Area",38060,20.1,158762,19.343055910912923,166823,20.325182450625633,123188,15.008833168853638,78150,9.521546840162287,50426,6.14374307053133,34904,4.2525920781704984,40341,4.915018823787419,80367,9.791659051865931,83084,10.12268966945673,820770
"Picayune, MS Micro Area",38100,20.1,1361,17.225667637007973,1730,21.8959625363878,1463,18.5166434628528,892,11.289710163270472,302,3.8223009745601826,356,4.5057587647133275,182,2.3035058853309707,785,9.935451208707759,750,9.492469307682573,7901
"Pierre, SD Micro Area",38180,19.8,734,19.020471624773258,890,23.062969681264576,839,21.741383778180875,280,7.255765742420316,216,5.597305001295672,121,3.1355273386887794,161,4.172065301891681,341,8.836486136304742,277,7.178025395180098,3859
"Pikeville, KY Micro Area",38210,19.7,2152,21.15403519119237,2217,21.792981421409614,1089,10.704806841639634,860,8.453750122874276,510,5.013270421704512,454,4.46279366951735,666,6.546741374225892,804,7.9032733706871126,1370,13.467020544578787,10173
"Pine Bluff, AR Micro Area",38220,18.3,2185,26.347522006511515,1449,17.472567225370796,928,11.19016037622091,630,7.596768358856868,464,5.595080188110455,190,2.291088870131436,457,5.510671650789823,1006,12.130712649222236,969,11.684553237670324,8293
"Pinehurst-Southern Pines, NC Metro Area",38240,20.0,3954,20.44256023162031,3799,19.641195326233067,2950,15.251783683176507,2040,10.54699617412884,1089,5.630234722365836,834,4.311860200599731,718,3.712129045600248,1869,9.66290973012098,1960,10.133388481025747,19342
"Pittsburg, KS Micro Area",38260,20.5,827,16.71044655485957,1098,22.186300262679328,999,20.185896140634473,546,11.032531824611032,276,5.576884219034149,179,3.616892301475046,293,5.920387957163063,446,9.011921600323298,283,5.71832693473429,4949
"Pittsburgh, PA Metro Area",38300,18.1,97167,23.36132675852485,92981,22.35490982879372,57370,13.793153191274515,32880,7.905157345809761,22461,5.40017454818227,13431,3.2291413720064144,15957,3.8364536425512887,51749,12.441727113391405,30682,7.376704309128197,415931
"Pittsfield, MA Metro Area",38340,22.0,3703,15.801152122893109,4407,18.80520588862812,3770,16.087049285257095,2364,10.087475997439727,1691,7.215703008320888,1055,4.50181352677619,1443,6.157456795391508,2033,8.675058672925113,2826,12.058886281203328,23435
"Plainview, TX Micro Area",38380,20.1,714,25.618945102260493,425,15.249372084678866,427,15.32113383566559,204,7.319698600645856,286,10.261930391101542,102,3.659849300322928,173,6.207391460351633,232,8.324363114459993,197,7.068532472192321,2787
"Platteville, WI Micro Area",38420,18.8,1729,23.546234509056244,1566,21.326433337872803,1232,16.777883698760725,609,8.293612964728313,316,4.303418221435381,258,3.5135503200326843,316,4.303418221435381,740,10.077624948930955,535,7.285850469835217,7343
"Plattsburgh, NY Micro Area",38460,18.8,2771,23.157278957044962,2681,22.40514791910413,1833,15.318402139394951,778,6.501754972421862,1002,8.373725555741267,379,3.167307370884172,467,3.9027243857596523,1133,9.468494066521812,865,7.228814975764666,11966
"Plymouth, IN Micro Area",38500,18.1,1977,24.72486243121561,1878,23.486743371685844,1094,13.681840920460232,562,7.028514257128564,357,4.4647323661830915,275,3.4392196098049026,411,5.1400700350175095,830,10.380190095047524,536,6.7033516758379195,7996
"Pocatello, ID Metro Area",38540,19.1,2776,20.69788249328959,3138,23.396957948106174,2154,16.06024455711303,1226,9.141067700566657,630,4.697286012526096,521,3.8845809722636444,445,3.317924246943036,1357,10.117804950790337,1124,8.38055472711005,13412
"Ponca City, OK Micro Area",38620,19.3,895,18.530020703933747,910,18.84057971014493,720,14.906832298136646,560,11.594202898550725,299,6.190476190476191,101,2.091097308488613,255,5.279503105590062,736,15.238095238095239,346,7.163561076604555,4830
"Ponce, PR Metro Area",38660,25.1,3297,15.682077625570775,3407,16.205289193302892,2317,11.020738203957382,2490,11.843607305936073,1830,8.704337899543379,1224,5.821917808219178,1398,6.649543378995435,1301,6.188165905631659,3503,16.6619101978691,21024
"Pontiac, IL Micro Area",38700,18.5,1414,24.404556437694165,1211,20.900931998619264,853,14.72212633759061,510,8.802209181912323,306,5.281325509147393,177,3.054884363134277,214,3.6934760096651713,633,10.925094925785295,461,7.956506731101139,5794
"Poplar Bluff, MO Micro Area",38740,21.8,971,17.83614988978692,929,17.064658339456283,841,15.44819985304923,543,9.974283614988979,389,7.1454812637766345,238,4.371785451873622,355,6.520940484937546,520,9.551800146950772,658,12.086700955180014,5444
"Port Angeles, WA Micro Area",38820,24.0,1760,14.127468293466046,1982,15.909455771391876,2124,17.049285599614706,1362,10.932733986193611,884,7.095842029218173,1026,8.235671857441002,702,5.634933376143843,715,5.739283994220582,1778,14.27195376464922,12458
"Portland-South Portland, ME Metro Area",38860,21.3,19118,17.223888933935154,23038,20.755515914844548,18146,16.34818959070966,11026,9.933601809057903,7713,6.948836455039325,4937,4.447867960395326,6378,5.746101245979621,8587,7.7362451237420835,11686,10.528212474211013,110997
"Portland-Vancouver-Hillsboro, OR-WA Metro Area",38900,22.0,71687,16.404573060499686,87901,20.114921486336197,68795,15.742779077058266,51751,11.842496693318443,34529,7.901481484871646,19785,4.527522117008472,24694,5.650878501764326,30821,7.052957248840945,45545,10.422339894826932,436994
"Port Lavaca, TX Micro Area",38920,17.3,604,21.556031406138473,746,26.62384011420414,429,15.310492505353318,119,4.246966452533904,255,9.100642398286936,23,0.820842255531763,95,3.390435403283369,453,16.167023554603855,78,2.7837259100642395,2802
"Port St. Lucie, FL Metro Area",38940,24.4,11075,13.315939450048694,14785,17.776628873044693,11000,13.22576378785875,10263,12.339637614072213,6490,7.803200634836662,4527,5.443002969785141,5813,6.989214990802083,5603,6.736723136670234,12931,15.547486503709226,83171
"Portsmouth, OH Micro Area",39020,17.9,2131,25.132680740653377,1802,21.252506191767896,1134,13.374218657860595,753,8.880764241066164,407,4.800094350748909,335,3.9509376105672835,252,2.9720485906356884,1053,12.418917325156269,609,7.182450760702913,8479
"Port Townsend, WA Micro Area",39040,26.0,605,9.84380084607875,1025,16.67751383013342,857,13.944028636511552,679,11.047835990888382,581,9.453302961275627,277,4.506996420436056,476,7.744874715261959,399,6.492027334851937,1147,18.6625447445493,6146
"Pottsville, PA Micro Area",39060,18.1,5069,23.890093316995003,4752,22.396078801018003,2752,12.97011970968046,1720,8.106324818550288,1278,6.023187859364691,860,4.053162409275144,849,4.001319634272788,2549,12.0133848619097,1333,6.2824017343764735,21218
"Prescott Valley-Prescott, AZ Metro Area",39150,23.2,6565,15.091607089492195,7910,18.183490034711845,5692,13.084756672260408,4511,10.369876554561964,3071,7.059607825107468,1990,4.57460748028781,2752,6.326291349624147,3598,8.271074228178662,7333,16.85708374520126,43501
"Price, UT Micro Area",39220,21.1,624,21.195652173913043,447,15.183423913043478,323,10.971467391304348,243,8.254076086956522,250,8.491847826086957,120,4.076086956521739,180,6.114130434782608,330,11.209239130434783,427,14.504076086956522,2944
"Providence-Warwick, RI-MA Metro Area",39300,22.1,44529,15.891636093703159,57427,20.494710996274144,46072,16.442306319681375,30466,10.872792679619135,21171,7.555566658577323,12630,4.50743030078086,15751,5.621261652224808,18385,6.56129105937103,33015,11.782487045152818,280204
"Provo-Orem-Lehi, UT Metro Area",39340,20.6,18387,18.427909960111446,21671,21.719216660987392,16062,16.097736976086914,10990,11.014452083625649,7533,7.549760468239492,4213,4.222373669546393,4624,4.634288119625569,7948,7.965683818076129,8151,8.169135480767304,99778
"Pueblo, CO Metro Area",39380,22.2,4504,15.265209286561598,5852,19.833926453143537,4380,14.844941535332994,3153,10.686324351804778,2114,7.164887307236062,1303,4.416200643958651,1773,6.009150991357397,2367,8.02236908998475,3846,13.035078800203356,29505
"Pullman, WA Micro Area",39420,20.7,910,18.74356333676622,858,17.672502574665295,786,16.189495365602472,599,12.337796086508753,323,6.652935118434604,231,4.757981462409886,157,3.233779608650875,547,11.266735324407827,435,8.959835221421216,4855
"Punta Gorda, FL Metro Area",39460,24.6,4209,12.585217079296735,5651,16.89690228441574,4847,14.492883626360484,3602,10.770242793924172,2615,7.819040784595144,2412,7.21205597416577,2654,7.935653629948571,2382,7.122353785432364,4978,14.884583183829687,33444
"Putnam, CT Micro Area",39480,21.8,3176,15.743815991672037,4340,21.51390472413622,3633,18.009220244881774,2037,10.097655281812322,1843,9.135973826401626,686,3.4005849402666932,891,4.416794725623358,1245,6.171615525702672,2305,11.426163684132256,20173
"Quincy, IL-MO Micro Area",39500,17.6,3186,25.780870691050335,2851,23.070076064088042,1760,14.241786696876519,994,8.043372714031397,490,3.9650428871985754,338,2.7350703997410584,409,3.309597022171872,1483,12.000323676970384,790,6.392620165075255,12358
"Racine-Mount Pleasant, WI Metro Area",39540,20.5,7204,19.364029782544417,8092,21.750934064457166,5722,15.380480068811655,4038,10.85396339004919,2537,6.819342526140365,1672,4.494261215493374,1698,4.564148052576405,2727,7.330054027900975,3446,9.262693868774024,37203
"Raleigh-Cary, NC Metro Area",39580,18.5,61992,22.86051442795243,62062,22.886328016963216,37872,13.965889185950031,24432,9.009680095879045,13960,5.147967179865401,9273,3.4195630128146033,9969,3.6762238406932797,29865,11.013183368673365,21006,7.746289296579699,271175
"Rapid City, SD Metro Area",39660,22.7,3530,13.840423446383063,4810,18.85904724563811,4737,18.572828857086847,2949,11.56243873750245,2071,8.119976475200941,1448,5.677318172907273,1562,6.124289355028425,1788,7.010390119584395,2518,9.87257400509704,25505
"Raymondville, TX Micro Area",39700,18.1,196,20.696937697993665,242,25.55438225976769,110,11.615628299894404,78,8.236536430834214,9,0.9503695881731784,5,0.5279831045406547,15,1.583949313621964,111,11.721224920802534,144,15.205913410770854,947
"Reading, PA Metro Area",39740,19.9,13295,18.873147464652774,15964,22.66197263074215,10664,15.138265856566917,7592,10.777355062177048,4059,5.7620237351655215,2840,4.031571177105218,3608,5.1217988757026855,6124,8.693430242462098,6087,8.640906251774458,70444
"Red Bluff, CA Micro Area",39780,24.1,1177,12.542625745950552,1604,17.092924126172207,1730,18.435635123614663,925,9.857203751065644,768,8.184143222506394,861,9.175191815856778,653,6.958653026427962,457,4.86999147485081,1154,12.297527706734869,9384
"Redding, CA Metro Area",39820,23.3,3996,13.840878390080011,5845,20.245228776280698,3773,13.068477018461433,3142,10.882892868276125,2225,7.706695299781788,1306,4.523570364725849,2116,7.3291538221745,2029,7.027813376744831,4298,14.886910740881854,28871
"Red Wing, MN Micro Area",39860,20.4,1603,17.148053059477963,2152,23.02096705177578,1655,17.704321780059907,910,9.734702610183996,527,5.637569533590073,444,4.7496790757381255,436,4.664099272571673,721,7.712879760376551,793,8.483097988874626,9348
"Reno, NV Metro Area",39900,21.6,15304,17.165610453704222,16967,19.0309012394145,14553,16.32325724861197,9971,11.183893219673601,6241,7.000168246312602,4166,4.672760921989793,4363,4.893724412539958,7505,8.417923840502496,9725,10.907969267006898,89155
"Rexburg, ID Micro Area",39940,20.4,1023,20.04310344827586,1080,21.15987460815047,833,16.320532915360502,571,11.18730407523511,405,7.934952978056427,251,4.917711598746082,206,4.036050156739812,377,7.386363636363637,349,6.837774294670846,5104
"Rice Lake, WI Micro Area",39960,21.0,1394,17.48400852878465,1515,19.001630502947446,1182,14.825034491408504,972,12.191145114762323,446,5.593879342781889,454,5.694217985701743,472,5.919979932271416,831,10.422676533299887,697,8.742004264392325,7973
"Richmond, IN Micro Area",39980,17.3,3145,26.797886843899114,2249,19.163258350374914,1587,13.522494887525562,654,5.5725971370143155,500,4.260395364689843,280,2.3858214042263124,618,5.265848670756646,1695,14.44274028629857,998,8.503749147920928,11736
"Richmond, VA Metro Area",40060,19.5,51095,20.69997893338087,52385,21.2225931387642,35556,14.404705958612196,23697,9.6003014147045,15218,6.165227114359332,9969,4.038713963927466,10840,4.391579834383964,24882,10.080377254533374,21802,8.832585198269296,246836
"Richmond-Berea, KY Micro Area",40080,18.7,4276,23.591724137931035,4223,23.299310344827585,2522,13.91448275862069,1680,9.268965517241378,803,4.430344827586207,871,4.80551724137931,686,3.7848275862068967,1624,8.959999999999999,1424,7.856551724137931,18125
"Rifle, CO Micro Area",40090,24.5,1905,13.79734917071051,2313,16.752371985224887,1801,13.044108061128412,1643,11.899760990801768,1051,7.612080828565221,630,4.562902875353082,1294,9.372057651915695,1059,7.670022452379229,2083,15.086550300572174,13807
"Rio Grande City-Roma, TX Micro Area",40100,24.9,560,22.284122562674096,186,7.401512136888182,418,16.63350576999602,290,11.5399920413848,232,9.23199363310784,110,4.3772383605252685,234,9.31157978511739,98,3.8997214484679668,371,14.763231197771587,2513
"Riverside-San Bernardino-Ontario, CA Metro Area",40140,25.1,80448,12.394616181038307,109022,16.797009811171918,97864,15.077897746881625,76175,11.736275452349258,54970,8.46922299462604,39951,6.155247004880935,48702,7.50351279396539,34561,5.32481018586994,103808,15.99368929645516,649056
"Riverton, WY Micro Area",40180,22.1,994,19.555380680700374,843,16.584694078300217,922,18.138894353728112,586,11.528624827857564,417,8.203816643714342,209,4.111745032461145,337,6.629942947078497,320,6.29549478654338,443,8.71532559512099,5083
"Roanoke, VA Metro Area",40220,19.4,10330,19.448732914109275,10493,19.75561998719735,7912,14.896260872839553,4624,8.705802613246979,3079,5.7969650186391535,2061,3.880332868923448,2519,4.742629062017547,6789,12.781940731257297,5038,9.485258124035093,53114
"Roanoke Rapids, NC Micro Area",40260,22.0,1560,18.13531736805394,1249,14.519879097884214,1197,13.915368518949082,632,7.347128574750059,697,8.102766798418973,386,4.487328528249244,525,6.1032318065566145,987,11.474075796326435,1322,15.368518949081608,8602
"Rochelle, IL Micro Area",40300,18.8,1888,20.774647887323944,1988,21.875,1374,15.118838028169016,881,9.694102112676056,469,5.160651408450704,254,2.794894366197183,382,4.203345070422535,1135,12.48899647887324,705,7.757482394366197,9088
"Rochester, MN Metro Area",40340,19.0,8482,19.879066279178776,10202,23.91019030655292,6675,15.644042373675823,4142,9.707509140339363,2482,5.817005718571295,1446,3.388956595106403,1466,3.435830130308428,4702,11.019968125996064,2993,7.014624542983032,42668
"Rochester, NY Metro Area",40380,19.0,39593,21.765278243517365,39506,21.717452132659737,25320,13.919047435805815,16397,9.013847583132225,10614,5.834785524630448,7537,4.143280431424504,8489,4.666619023797613,19111,10.505802351725313,14734,8.099654222715753,181909
"Rockford, IL Metro Area",40420,19.0,11890,21.643760808227906,12495,22.74506234640939,7330,13.343041776645126,5023,9.143533266587786,2964,5.395467370528807,1632,2.970783653408574,2787,5.073268408118685,5553,10.108309820697189,5092,9.269136251934103,54935
"Rockingham, NC Micro Area",40460,22.6,1134,20.340807174887892,849,15.228699551569507,810,14.52914798206278,467,8.376681614349776,548,9.829596412556054,252,4.52017937219731,287,5.147982062780269,385,6.9058295964125564,843,15.121076233183855,5575
"Rock Springs, WY Micro Area",40540,18.3,1662,25.071654849901947,1563,23.578216925629807,881,13.290089002866193,559,8.43264444109217,249,3.756222658017801,272,4.103182983858803,299,4.5104842359330215,607,9.156735555890783,514,7.753809020968472,6629
"Rocky Mount, NC Metro Area",40580,20.1,4225,22.126211050013094,3154,16.517412935323385,2416,12.652526839486777,1924,10.075936108929039,1294,6.776643100288034,749,3.922492799162084,1094,5.729248494370253,2063,10.803875360041895,2082,10.903377847604084,19095
"Rolla, MO Micro Area",40620,18.6,1659,28.797083839611176,1279,22.201006769658047,1084,18.81617774691894,286,4.964415900017358,316,5.485158826592605,228,3.9576462419718803,219,3.801423363999306,281,4.877625412254817,360,6.248915118902968,5761
"Rome, GA Metro Area",40660,18.6,2904,23.5370400389042,2487,20.15723780191279,1547,12.538498946344626,1190,9.644999189495866,662,5.3655373642405575,566,4.58745339601232,584,4.733344140055115,1419,11.501053655373642,899,7.2864321608040195,12338
"Roseburg, OR Micro Area",40700,21.9,3263,18.73994946014243,2961,17.00551343900758,2103,12.077877325982081,2071,11.894096025729382,1343,7.713071444980474,631,3.623937514357914,1141,6.55295198713531,1577,9.056972203078336,2140,12.290374454399265,17412
"Roswell, NM Micro Area",40740,19.6,1693,23.734753960465444,1441,20.201878592457593,1056,14.804430113556707,383,5.369409785503995,251,3.518856021309407,403,5.649796719472873,405,5.677835412869761,484,6.785363802046825,916,12.84172157577457,7133
"Ruidoso, NM Micro Area",40760,24.5,321,10.873983739837398,407,13.787262872628725,642,21.747967479674795,309,10.467479674796747,203,6.876693766937669,143,4.8441734417344176,273,9.247967479674797,135,4.573170731707317,438,14.83739837398374,2952
"Russellville, AL Micro Area",40770,17.4,795,23.766816143497756,1048,31.330343796711507,319,9.536621823617338,81,2.4215246636771304,96,2.8699551569506725,84,2.5112107623318383,140,4.185351270553064,378,11.300448430493274,404,12.077727952167413,3345
"Russellville, AR Micro Area",40780,19.3,2807,23.061123890897143,2022,16.611896155110088,1619,13.301018731514953,1168,9.595793624712455,914,7.509037134406836,519,4.2638843246795926,569,4.674663161353927,1522,12.504107788366744,1007,8.273085770621098,12172
"Ruston, LA Micro Area",40820,18.4,1140,27.168732125834126,922,21.973307912297425,483,11.510962821734985,281,6.696854146806483,290,6.911344137273594,234,5.5767397521449,177,4.218303145853194,326,7.7693040991420395,317,7.554814108674929,4196
"Rutland, VT Micro Area",40860,21.4,2068,19.757332569026463,2193,20.951562052163943,1405,13.423139390465272,1086,10.375465749498423,738,7.05073086844368,414,3.9552880481513326,652,6.229100984045094,559,5.340594248590809,1295,12.37221744530429,10467
"Sacramento-Roseville-Folsom, CA Metro Area",40900,23.4,52638,13.907883194707193,68755,18.16627738614866,61800,16.32864435261417,44632,11.7925575201598,30923,8.170399179868737,20310,5.366258362485335,24530,6.481256407275494,24892,6.576903158984981,48217,12.739777423139115,378476
"Safford, AZ Micro Area",40940,19.3,1232,24.729024488157368,956,19.18908069048575,611,12.264150943396226,434,8.711360899237254,302,6.061822561220393,169,3.3922119630670413,285,5.72059413890004,378,7.5873143315937375,515,10.337213970293055,4982
"Saginaw, MI Metro Area",40980,18.6,6467,22.003334354053962,6491,22.084992004355076,4052,13.786533292504508,2469,8.400530774726956,1949,6.631281684869518,858,2.919260998264775,1285,4.372086693205403,3433,11.680446395154979,2189,7.447858187880644,29391
"St. Cloud, MN Metro Area",41060,19.5,5992,19.118726269104368,7509,23.95903130085192,5236,16.706550524871574,3028,9.661465811556747,1618,5.162566606043202,1333,4.253214638971316,1240,3.956478733926805,2810,8.965891324463163,2503,7.9863437669506405,31341
"St. George, UT Metro Area",41100,22.4,4338,14.78023850085179,5612,19.120954003407157,4969,16.93015332197615,2829,9.638841567291312,2016,6.868824531516184,1425,4.855195911413969,1866,6.3577512776831355,2254,7.679727427597956,3852,13.12436115843271,29350
"St. Joseph, MO-KS Metro Area",41140,17.7,4512,26.159554730983302,3693,21.41117810760668,2084,12.08256029684601,1408,8.16326530612245,796,4.615027829313544,641,3.716372912801484,519,3.0090445269016697,2076,12.036178107606679,1438,8.337198515769945,17248
"St. Louis, MO-IL Metro Area",41180,18.7,118722,22.809221902017292,114318,21.963112391930835,76198,14.639385206532179,47266,9.08088376560999,27943,5.368491834774256,17761,3.412295869356388,20750,3.9865513928914504,55747,10.710278578290106,39780,7.64265129682997,520500
"St. Marys, PA Micro Area",41260,16.0,1186,28.359636537541842,907,21.688187470109995,470,11.238641798182687,333,7.962697274031563,61,1.4586322333811572,158,3.778096604495457,165,3.945480631276901,711,17.001434720229554,179,4.28024868483979,4182
"Salem, OH Micro Area",41400,17.7,3675,23.284546664132293,3294,20.87055692834062,1852,11.734144332509661,1284,8.135335487549895,968,6.133181270987772,496,3.142621808274726,594,3.763543052651587,2402,15.21890641829817,1168,7.400367484001774,15783
"Salem, OR Metro Area",41420,22.7,9956,15.115078642132751,12656,19.214185947652883,10331,15.684399101232769,7741,11.75229246371531,5216,7.918868039108521,3808,5.781259488674318,3921,5.9528147203497905,4606,6.9927734256391565,7329,11.126799052650755,65868
"Salina, KS Micro Area",41460,19.4,2129,22.88263112639725,1855,19.937661220980225,1446,15.54170249355116,829,8.910146173688736,631,6.782029234737748,437,4.696904557179708,546,5.868443680137575,877,9.426053310404127,529,5.685726569217541,9304
"Salinas, CA Metro Area",41500,24.5,5786,12.99961805477544,7644,17.17405468556921,6381,14.336426340740074,5442,12.226740659192522,3510,7.886045518883822,2991,6.719989215664247,2859,6.423419982475455,2947,6.6211328046013165,6805,15.28904266552832,44509
"Salisbury, MD Metro Area",41540,19.5,3934,20.437425320795885,3948,20.51015637175957,2662,13.82928983323809,1861,9.66803470310146,926,4.810639513740973,667,3.4651150709127747,1156,6.005506779572965,2059,10.69665956673074,1853,9.626474102550782,19249
"Salt Lake City-Murray, UT Metro Area",41620,20.2,40007,18.896183638768186,45469,21.476006045720762,33795,15.962119780842624,22370,10.565841677687512,13564,6.406574721330059,9517,4.495087851879841,10503,4.960797279425656,18673,8.81966748535802,17314,8.177781976194973,211720
"San Angelo, TX Metro Area",41660,20.5,2711,17.957210041730146,3617,23.958402331589056,1957,12.962840299397232,1624,10.757104060409354,958,6.345631582433596,654,4.331986487381599,915,6.060806782804531,985,6.524475061270452,1562,10.346426442339537,15097
"San Antonio-New Braunfels, TX Metro Area",41700,21.8,61453,17.077583188363914,70120,19.486113504110094,57730,16.04297393885162,38719,10.759880615596671,25650,7.128049221055674,18704,5.197779049926913,20164,5.603508167382714,26944,7.487647493650061,38945,10.822685259805583,359846
"San Diego-Chula Vista-Carlsbad, CA Metro Area",41740,25.4,52388,11.869621761728467,71197,16.131202958116013,68292,15.473013082231818,53380,12.094380576488234,37971,8.60314209197892,26817,6.075964854246627,33832,7.665363125960097,23609,5.349123848450931,71518,16.20393237297275,441362
"Sandpoint, ID Micro Area",41760,24.8,1162,14.467131474103587,1176,14.641434262948207,1039,12.935756972111554,778,9.686254980079681,491,6.11304780876494,542,6.74800796812749,612,7.6195219123505975,665,8.279382470119522,1533,19.086155378486055,8032
"Sandusky, OH Metro Area",41780,18.2,5156,24.272667357122682,4478,21.0808775068261,2827,13.30853968552867,2109,9.928443649373882,1044,4.914791450899162,712,3.351850108276057,709,3.337727144336691,2533,11.92448921947086,1610,7.579323980792769,21242
"Sanford, NC Micro Area",41820,19.8,1871,19.113290428031465,2099,21.442435386658495,1530,15.629788538155074,698,7.1304525487792425,547,5.5879047910920425,465,4.7502298498314435,425,4.341607927265298,982,10.031668198998876,1097,11.206456226376545,9789
"San Francisco-Oakland-Fremont, CA Metro Area",41860,23.9,92794,13.948174970726479,112216,16.86756042971574,101451,15.249437452369463,74378,11.180004719838504,50914,7.653052788537707,36635,5.506728776133851,45361,6.818362877417977,48016,7.217444763609744,100748,15.143767182692322,665277
"San Jose-Sunnyvale-Santa Clara, CA Metro Area",41940,22.9,38323,15.095283487084144,43521,17.142755855266785,36671,14.444566989924134,27979,11.020821352324381,20471,8.063448797434948,13404,5.279784460007721,15618,6.151870612981242,23037,9.074186407430458,33870,13.34126377651906,253874
"San Juan-Bayamón-Caguas, PR Metro Area",41980,25.0,31686,13.786651931201622,36561,15.907775713459019,32315,14.060331286902114,25535,11.110337595885673,17541,7.6321296952978495,13550,5.895636358889793,16410,7.140028977814134,12603,5.483594467238971,40253,17.514173457888624,229831
"San Luis Obispo-Paso Robles, CA Metro Area",42020,26.5,4790,11.21806131291131,6303,14.761469823649264,6017,14.09166491018525,5913,13.848099487107426,3865,9.05173423265182,2767,6.480245439003256,3164,7.410009602098409,2350,5.503641771470058,7272,17.03084381367245,42699
"Santa Cruz-Watsonville, CA Metro Area",42100,25.1,4682,12.476017906629716,5566,14.831592410999786,5776,15.391174589639736,4452,11.863142187166915,3040,8.100618205073545,1968,5.244084416968663,3041,8.103282882114687,2544,6.7789383926668085,6302,16.792794713280752,37528
"Santa Fe, NM Metro Area",42140,23.3,4052,15.47214479361564,4455,17.01095879949597,3633,13.872236435144528,2914,11.126808965596242,1784,6.812020313872237,1166,4.452250945053267,1774,6.773836343502998,2072,7.91171866050632,4153,15.857802894344955,26189
"Santa Maria-Santa Barbara, CA Metro Area",42200,24.4,6091,12.151136114269754,8531,17.01877231831149,7903,15.765954475631894,5214,10.401579986833443,4309,8.596165739022881,3246,6.475552097671914,3572,7.125900213457817,3323,6.6291619287011,7768,15.496638538113192,50127
"Santa Rosa-Petaluma, CA Metro Area",42220,25.3,8552,10.859544640702975,12822,16.281698010183998,12681,16.10265266472807,9127,11.589694099122552,6830,8.672905740879482,4257,5.405645642595014,6640,8.431638963314752,4702,5.970717832154512,12963,16.460743355639927,78751
"Sault Ste. Marie, MI Micro Area",42300,18.4,1247,23.312768741820904,1142,21.34978500654328,762,14.245653393157601,480,8.9736399326977,256,4.785941297438773,122,2.2808001495606653,150,2.8042624789680315,644,12.039633576369415,516,9.646662927650027,5349
"Savannah, GA Metro Area",42340,21.3,10983,16.915399898350504,12957,19.955643857136256,11139,17.15566233886245,6025,9.279366692849111,4780,7.361887600301868,2748,4.2323152982488565,3127,4.8160298171849245,5447,8.389163547875372,7359,11.333918587996118,64929
"Sayre, PA Micro Area",42380,18.6,1820,22.143813115950845,1624,19.759094780386906,983,11.960092468670155,603,7.3366589609441535,503,6.119965932595206,368,4.4774303443241275,358,4.355761041489233,1068,12.99428154276676,816,9.928215111327413,8219
"Scottsbluff, NE Micro Area",42420,20.1,1087,18.63854595336077,1389,23.81687242798354,943,16.169410150891633,551,9.447873799725652,260,4.458161865569274,217,3.7208504801097395,512,8.77914951989026,417,7.1502057613168715,437,7.4931412894375855,5832
"Scottsboro, AL Micro Area",42460,19.5,1254,19.81042654028436,1306,20.631911532385466,815,12.87519747235387,596,9.415481832543444,344,5.4344391785150075,279,4.407582938388625,409,6.46129541864139,726,11.469194312796208,596,9.415481832543444,6330
"Scranton--Wilkes-Barre, PA Metro Area",42540,19.4,18072,21.5494318114067,16639,19.840692558100713,12131,14.465258814972037,7235,8.62716573459094,4821,5.748661507458594,2835,3.3805134564706725,4393,5.238305331314167,8889,10.59943002277524,8345,9.950753013844007,83863
"Seaford, DE Micro Area",42580,20.7,9235,19.518948280599414,8529,18.02675797349566,6978,14.748589182677065,5014,10.597510198042821,2837,5.9962378204721745,2172,4.590704457548665,2630,5.55872593156215,4715,9.96554858072834,4741,10.020501764842644,47313
"Searcy, AR Micro Area",42620,18.8,2500,24.361722861040732,2113,20.590528162151628,1526,14.870395634379264,837,8.156304813876437,424,4.1317481972325085,454,4.424088871564997,449,4.375365425842916,958,9.33541220035081,901,8.779964919119081,10262
"Seattle-Tacoma-Bellevue, WA Metro Area",42660,22.3,105741,15.549712581560222,130266,19.156229458294547,115843,17.035259308931074,78966,11.612322596868617,53284,7.835663415286925,33446,4.918391986106271,37537,5.519992823729925,48681,7.158770563763659,73574,10.819403575488332,680019
"Sebastian-Vero Beach-West Vero Corridor, FL Metro Area",42680,23.0,3689,14.323988506639745,4549,17.663275607672592,4037,15.675234914964667,3174,12.324299137997981,2069,8.033703502368564,1386,5.381688281432011,1284,4.985633299681603,2185,8.484118971810204,3265,12.677642307990991,25754
"Sebring, FL Metro Area",42700,20.5,2331,17.30255344418052,2877,21.35540380047506,2323,17.243171021377673,997,7.400534441805226,875,6.494952494061758,374,2.776128266033254,682,5.062351543942993,1280,9.501187648456057,1674,12.425771971496436,13472
"Sedalia, MO Micro Area",42740,18.2,1661,26.751489772910293,1266,20.389756804638427,1008,16.234498308906424,454,7.311966500241585,319,5.1377033338701885,265,4.2679980673216305,308,4.96054114994363,621,10.001610565308424,291,4.6867450475116765,6209
"Selinsgrove, PA Micro Area",42780,19.4,1098,19.963636363636365,1241,22.563636363636363,864,15.709090909090909,700,12.727272727272727,212,3.854545454545454,264,4.8,200,3.6363636363636362,564,10.254545454545456,352,6.4,5500
"Selma, AL Micro Area",42820,20.3,720,23.106546854942234,457,14.666238767650835,311,9.980744544287548,307,9.85237483953787,232,7.445442875481387,83,2.663671373555841,136,4.364569961489089,340,10.911424903722722,482,15.468549422336327,3116
"Seneca, SC Micro Area",42860,19.2,2377,20.12189960213324,2173,18.3949885719123,1437,12.164564462879877,956,8.092779141623636,883,7.474815880809278,505,4.274951324811648,586,4.96063658681114,1716,14.526369254211463,1165,9.862016422585288,11813
"Seneca Falls, NY Micro Area",42900,19.3,1225,22.71041898405636,959,17.779013718946977,745,13.811642565813868,543,10.066740823136819,364,6.748238783833889,262,4.85724879495736,230,4.263997033741194,628,11.642565813867261,413,7.656655543196143,5394
"Sevierville, TN Micro Area",42940,20.5,2350,15.914939726398483,3344,22.64662061492618,2396,16.22646620614926,1134,7.679804957334417,1011,6.846810239739944,412,2.7901936882026277,770,5.214682378436949,1455,9.853718000812679,1867,12.643911689015304,14766
"Seymour, IN Micro Area",42980,15.2,2699,35.415299829418714,1475,19.354415431045794,681,8.935835192231991,561,7.361238682587587,295,3.870883086209159,236,3.0967064689673274,317,4.1595591129773,1037,13.607138170843722,317,4.1595591129773,7621
"Shawano, WI Micro Area",43020,19.7,1631,20.336658354114714,1699,21.184538653366584,1217,15.174563591022444,930,11.596009975062344,534,6.658354114713216,320,3.99002493765586,353,4.401496259351621,766,9.551122194513715,556,6.932668329177058,8020
"Shawnee, OK Micro Area",43060,18.7,2117,23.131555944055947,1978,21.612762237762237,1218,13.308566433566432,749,8.184003496503497,369,4.031905594405594,412,4.501748251748252,402,4.3924825174825175,980,10.708041958041958,909,9.932255244755245,9152
"Sheboygan, WI Metro Area",43100,18.5,4833,22.432118821072176,5320,24.692504061267115,3009,13.966117428637734,1750,8.122534230679971,1125,5.221629148294268,943,4.3768855883035505,1073,4.980273845439777,2161,10.03016941285681,1304,6.052448363889534,21545
"Shelby-Kings Mountain, NC Micro Area",43140,19.1,2860,20.98312545854732,2665,19.552457813646367,1624,11.914893617021278,1279,9.38371239911959,769,5.641966250917094,678,4.974321349963316,687,5.040352164343361,1752,12.85399853264857,1254,9.200293470286134,13630
"Shelbyville, TN Micro Area",43180,19.9,1553,19.024868308220018,1723,21.10743599166973,1003,12.287149332353302,773,9.46955776062722,465,5.6964351341418595,635,7.779002817591572,469,5.745436726693617,805,9.861570501041284,656,8.036261178488301,8163
"Shelton, WA Micro Area",43220,21.8,2243,17.054440389294403,2316,17.60948905109489,2034,15.465328467153286,1234,9.382603406326034,839,6.379257907542579,878,6.675790754257907,836,6.356447688564478,1236,9.397810218978101,1470,11.177007299270073,13152
"Sheridan, WY Micro Area",43260,22.3,792,14.991482112436117,1100,20.82150293393905,980,18.550066250236608,322,6.0950217679348855,627,11.868256672345257,183,3.4639409426462238,367,6.9468105243233005,298,5.640734431194397,614,11.622184364944161,5283
"Sherman-Denison, TX Metro Area",43300,21.5,2869,15.358672376873661,4160,22.269807280513916,3114,16.670235546038544,1916,10.25695931477516,1331,7.12526766595289,803,4.2987152034261245,1149,6.150963597430406,1381,7.392933618843683,1906,10.203426124197001,18680
"Show Low, AZ Micro Area",43320,19.5,2310,23.083841311082242,1910,19.086639352453282,1327,13.260717497751573,941,9.403417607674628,346,3.45757969421405,374,3.7373838313180774,696,6.955131408014389,907,9.063655441191166,1026,10.25282302388328,10007
"Shreveport-Bossier City, LA Metro Area",43340,20.3,9874,17.977896327585892,11048,20.115434335342204,7226,13.156601059665348,5712,10.400014565846732,2828,5.149026819365293,2858,5.203648744606085,2868,5.221856053019682,5931,10.79875462010451,6126,11.153797134169656,54923
"Sidney, OH Micro Area",43380,18.3,1665,20.40941407207649,2111,25.87644030399608,1156,14.170139740132385,642,7.8695758764403045,480,5.883795047805835,294,3.603824466781074,378,4.6334886001470945,1002,12.28242216229468,430,5.27089973032606,8158
"Sierra Vista-Douglas, AZ Metro Area",43420,19.4,4188,23.295138502614307,3376,18.778507064189565,2549,14.178440315941707,1690,9.400378240071198,1115,6.202024696851708,470,2.6143063744576702,918,5.106240961174769,1755,9.761931249304705,1807,10.051173656691512,17978
"Sikeston, MO Micro Area",43460,18.4,1421,19.535331317019523,1545,21.24003299422601,1130,15.534781413252679,621,8.537255980203465,262,3.6018696728072586,183,2.515809733296673,354,4.866648336541105,1159,15.933461644212263,581,7.987352213362661,7274
"Silver City, NM Micro Area",43500,18.5,864,28.272251308900525,328,10.732984293193718,343,11.223821989528796,294,9.620418848167539,117,3.828534031413613,123,4.024869109947644,213,6.969895287958115,397,12.990837696335078,302,9.88219895287958,3056
"Sioux City, IA-NE-SD Metro Area",43580,18.8,4647,20.864762931034484,4811,21.601113505747126,3744,16.810344827586206,1638,7.354525862068965,1051,4.718929597701149,851,3.820941091954023,787,3.5335847701149428,2827,12.693067528735632,1889,8.48150143678161,22272
"Sioux Falls, SD-MN Metro Area",43620,19.8,10059,19.78793720738089,11389,22.404296337097218,9651,18.985324782625803,5180,10.19003029468466,2861,5.628122909863477,1976,3.88716213557855,1909,3.755360585434945,4457,8.767753865523076,3231,6.355982216626667,50834
"Slidell-Mandeville-Covington, LA Metro Area",43640,21.0,9213,17.59986245630122,10389,19.846409536363115,7320,13.983609375895467,5036,9.620417597952127,3707,7.081590157984221,2711,5.178902324870576,2565,4.899994269012551,5027,9.603224635604715,6113,11.677842092192485,52347
"Snyder, TX Micro Area",43660,17.9,495,24.420325604341393,463,22.841637888505183,492,24.272323630981745,53,2.6147015293537246,103,5.081401085347805,19,0.9373458312777503,108,5.328071040947212,253,12.481499753330045,41,2.0226936359151457,2027
"Somerset, KY Micro Area",43700,18.7,2042,21.797608881298036,1783,19.032877882152007,1120,11.955593509820666,904,9.649871904355251,496,5.2946199829205804,304,3.2450896669513236,464,4.953031596925705,1283,13.695559350982068,922,9.84201537147737,9368
"Somerset, PA Micro Area",43740,18.0,2843,26.490868430860974,2247,20.937383525903837,1195,11.134923592992918,927,8.637718971300783,446,4.1557957510249715,330,3.074916138650764,388,3.6153559448378685,1160,10.80879612374208,1145,10.669027208348863,10732
"Sonora, CA Micro Area",43760,27.4,992,9.894274885298225,1185,11.819269898264512,1867,18.621583881907043,1047,10.442848593656493,1262,12.58727308996609,798,7.959305804907241,953,9.505286255735088,458,4.568122880510672,1461,14.57211250748055,10026
"South Bend-Mishawaka, IN-MI Metro Area",43780,17.7,13200,24.05028696365127,11455,20.87091190671404,7684,14.000182199143666,4002,7.291609729434271,3017,5.496948164343627,1627,2.9643800674136833,2011,3.6640247790835385,7909,14.41013027238772,3777,6.881661656190216,54885
"Sparta, WI Micro Area",43890,19.5,1600,21.636240703177823,1698,22.961460446247465,1052,14.225828262339418,659,8.911426639621366,338,4.570655848546315,315,4.259634888438134,271,3.6646382691007435,565,7.6402974983096685,855,11.561866125760648,7395
"Spartanburg, SC Metro Area",43900,18.9,12867,21.687173436709926,12867,21.687173436709926,8625,14.537333558065061,5497,9.26512725434013,3333,5.617731333220967,2005,3.379403337266138,2820,4.753076015506489,6676,11.252317545929547,4419,7.448171245575594,59330
"Spearfish, SD Micro Area",43940,20.9,647,19.278903456495826,670,19.9642431466031,564,16.805721096543504,270,8.045292014302742,230,6.853396901072706,179,5.33373063170441,155,4.618593563766389,255,7.598331346841477,369,10.99523241954708,3356
"Spencer, IA Micro Area",43980,19.1,743,26.89106044154904,508,18.38581252262034,379,13.716974303293522,300,10.857763300760045,226,8.1795150199059,86,3.112558812884546,164,5.935577271082157,216,7.81758957654723,132,4.7774158523344195,2763
"Spirit Lake, IA Micro Area",44020,20.9,606,16.800665372886055,711,19.711671749376215,579,16.052120876074298,465,12.891599667313558,168,4.6576102023842525,107,2.9664541169947327,204,5.655669531466593,388,10.756861657887441,379,10.507346825616857,3607
"Spokane-Spokane Valley, WA Metro Area",44060,21.4,16378,16.712244897959184,20171,20.58265306122449,16746,17.087755102040816,10237,10.44591836734694,7200,7.346938775510205,4434,4.524489795918368,5740,5.857142857142858,7761,7.919387755102041,9038,9.222448979591837,98000
"Springfield, IL Metro Area",44100,18.6,8714,23.24415161780789,8686,23.169463042492463,5644,15.055082824295127,3320,8.85593107311478,1713,4.569340339833017,1211,3.2302808823921683,1401,3.7370962148897005,3724,9.933580516951638,2834,7.559550801568459,37489
"Springfield, MA Metro Area",44140,22.1,12521,16.871025115877977,14435,19.449983830979843,10996,14.816212137544465,7823,10.54085372426431,5552,7.480866659480435,3503,4.720006467608063,4638,6.249326290826776,5471,7.371725773418131,9039,12.179314433545327,74216
"Springfield, MO Metro Area",44180,19.0,17650,22.49439233278956,17337,22.095483278955953,12089,15.407065660685154,7033,8.96334624796085,5036,6.418230016313213,2284,2.910889070146819,3100,3.9508564437194122,7308,9.313825448613375,6052,7.713091353996737,78464
"Springfield, OH Metro Area",44220,18.3,5293,22.75776077048757,5226,22.46968784934216,3102,13.337346289448792,2021,8.689483188580272,1250,5.374494797489036,722,3.104308195029667,988,4.248000687935334,2840,12.21085217989509,1747,7.511393928970676,23258
"Starkville, MS Micro Area",44260,18.0,1945,29.572753535046374,1533,23.308499315797476,720,10.947240383153414,800,12.163600425726015,233,3.5426486239927018,224,3.4058081192032845,226,3.436217120267599,347,5.275961684658659,392,5.960164208605747,6577
"State College, PA Metro Area",44300,19.6,4121,19.00216719693826,5162,23.80227786231383,3513,16.198644349149262,1959,9.033061280951722,1113,5.132106792087425,1086,5.00760824457048,1112,5.127495734771983,1914,8.825563701756813,1594,7.350025360815235,21687
"Statesboro, GA Micro Area",44340,19.5,1957,19.926687710009165,2032,20.690357397413706,1764,17.96151104775481,1081,11.00702576112412,275,2.800122187149985,440,4.480195499439976,291,2.96303838712962,1100,11.20048874859994,826,8.41054882394868,9821
"Staunton-Stuarts Draft, VA Metro Area",44420,19.9,4522,20.295318881558277,4724,21.2019209191688,3599,16.15277590772407,2204,9.891836093532607,1118,5.017728109151295,957,4.2951393564023155,1102,4.9459180467663035,1990,8.931376509133342,2024,9.08397289170145,22281
"Steamboat Springs, CO Micro Area",44460,22.9,1325,16.69186192995717,1207,15.205341395817587,1099,13.844797178130511,657,8.276643990929704,727,9.158478206097254,456,5.744520030234316,548,6.90350214159738,794,10.00251952632905,1101,13.869992441421013,7938
"Stephenville, TX Micro Area",44500,21.3,913,18.64406779661017,977,19.950990402287115,609,12.436185419644682,438,8.944251582601591,534,10.904635491117011,244,4.982642434143353,220,4.492546457014498,401,8.188686951194608,561,11.455993465386971,4897
"Sterling, CO Micro Area",44540,20.5,709,23.562645397141907,515,17.115320704553007,469,15.586573612495847,229,7.6105018278497845,208,6.912595546693254,99,3.290129611166501,203,6.746427384513128,198,6.580259222333002,310,10.30242605516783,3009
"Sterling, IL Micro Area",44580,17.6,2544,26.455906821963392,1927,20.03951747088186,1747,18.167637271214645,632,6.572379367720465,361,3.7541597337770383,231,2.4022462562396005,311,3.2341930116472546,1241,12.90557404326123,582,6.052412645590683,9616
"Stevens Point-Plover, WI Micro Area",44620,18.4,2573,21.923994546693933,2990,25.477164280845262,1678,14.297886843899112,1085,9.24505794137696,512,4.3626448534424,392,3.3401499659168374,519,4.422290388548057,1265,10.778800272665304,699,5.956032719836401,11736
"Stillwater, OK Micro Area",44660,21.0,1848,20.16586643387167,1849,20.176778699257966,1084,11.828895678742906,963,10.508511567001309,513,5.597992143168922,262,2.859013531209079,622,6.787429070274989,653,7.125709297250109,1327,14.480576167612396,9164
"Stockton-Lodi, CA Metro Area",44700,23.8,14597,14.021420681043178,17685,16.987656692762116,17138,16.462225637577447,11876,11.407713366312858,7952,7.638441957638922,5908,5.675039623457087,7390,7.0986023726045815,6383,6.131309735363335,14703,14.123240958647521,104105
"Storm Lake, IA Micro Area",44740,18.0,674,22.886247877758915,592,20.101867572156195,379,12.869269949066215,333,11.307300509337862,161,5.466893039049236,129,4.380305602716469,47,1.595925297113752,447,15.178268251273344,183,6.213921901528013,2945
"Sturgis, MI Micro Area",44780,19.3,2261,22.680308957769086,2103,21.095395726752933,1323,13.271140535660548,925,9.278764168923663,683,6.851238840405256,399,4.002407463135721,444,4.453806801083358,907,9.098204433744609,891,8.937706891363225,9969
"Sulphur Springs, TX Micro Area",44860,22.2,643,16.08304152076038,632,15.807903951975987,607,15.182591295647823,400,10.005002501250624,250,6.253126563281642,190,4.752376188094047,137,3.4267133566783388,430,10.755377688844423,666,16.65832916458229,3998
"Summerville, GA Micro Area",44900,19.4,285,14.36491935483871,547,27.570564516129032,250,12.600806451612904,111,5.594758064516129,156,7.862903225806452,102,5.141129032258065,185,9.324596774193548,231,11.643145161290322,117,5.897177419354839,1984
"Sumter, SC Metro Area",44940,20.5,3263,22.56413802641588,2198,15.199502109121084,1923,13.297835557706936,1280,8.851393402945854,951,6.576308692344927,793,5.4837148191687985,688,4.757623954083397,1522,10.524859968190304,1748,12.087684115897932,14461
"Sunbury, PA Micro Area",44980,18.6,3923,23.01149694978883,3795,22.26067573908963,2438,14.300797747536368,1252,7.343969967151572,847,4.968324730173627,554,3.2496480525574847,660,3.871421867667762,1840,10.793054903801032,1656,9.71374941342093,17048
"Susanville, CA Micro Area",45000,21.3,691,19.575070821529746,724,20.509915014164307,549,15.55240793201133,332,9.405099150141643,153,4.3342776203966,155,4.390934844192635,275,7.790368271954675,194,5.495750708215297,437,12.379603399433428,3530
"Sweetwater, TX Micro Area",45020,18.6,205,17.74891774891775,211,18.26839826839827,132,11.428571428571429,89,7.705627705627706,51,4.415584415584416,40,3.463203463203463,30,2.5974025974025974,191,16.536796536796537,148,12.813852813852813,1155
"Syracuse, NY Metro Area",45060,18.7,25314,23.24902187689425,24124,22.15609558972098,15023,13.797505556473983,10170,9.340386840800132,5438,4.994397604746423,3708,3.4055215738138536,4504,4.136588233133116,10874,9.986958358590032,9220,8.467882661964328,108882
"Tahlequah, OK Micro Area",45140,19.7,1161,20.662039508809396,1051,18.704395799964406,683,12.15518775582844,534,9.503470368392952,425,7.5636234205374615,217,3.8618971347214806,249,4.431393486385478,628,11.176365901405944,613,10.909414486563445,5619
"Talladega-Sylacauga, AL Micro Area",45180,19.1,2756,21.487603305785125,2760,21.51878995789802,1748,13.628566973335413,1099,8.568532668018088,718,5.598004054264774,371,2.8925619834710745,540,4.210198035240917,1367,10.658038359582099,1396,10.884141587400592,12826
"Tallahassee, FL Metro Area",45220,20.5,9712,18.445993428424913,10924,20.747944008660806,8043,15.276063132704031,5846,11.103302881236823,3479,6.607661772805834,2061,3.914455565896184,2306,4.37978385975575,4713,8.951396934531159,5251,9.973219881863592,52651
"Tampa-St. Petersburg-Clearwater, FL Metro Area",45300,22.2,85286,16.622909857074085,95915,18.694585265357276,74818,14.582614610681338,53214,10.37182568222616,36543,7.122517117780857,25675,5.004258736256561,31968,6.230813759713719,40586,7.910529506123029,65598,12.785564345899042,513063
"Taos, NM Micro Area",45340,20.6,924,20.857787810383748,642,14.492099322799096,439,9.909706546275395,371,8.374717832957112,271,6.1173814898419865,108,2.4379232505643342,152,3.4311512415349887,598,13.498871331828443,925,20.880361173814897,4430
"Taylorville, IL Micro Area",45380,18.3,1252,23.108157991878922,1232,22.739018087855296,655,12.089331856773718,459,8.471760797342192,245,4.521963824289406,277,5.112587670727206,160,2.9531192321889996,570,10.520487264673312,444,8.194905869324474,5418
"Terre Haute, IN Metro Area",45460,17.9,6580,23.733092876465285,6128,22.10279531109107,3116,11.238954012623987,2181,7.866546438232643,1258,4.537421100090171,1080,3.8954012623985577,1388,5.006311992786294,3680,13.27321911632101,2135,7.700631199278629,27725
"Texarkana, TX-AR Metro Area",45500,19.7,3406,20.334328358208957,3017,18.01194029850746,2017,12.041791044776119,1479,8.829850746268656,1253,7.480597014925373,794,4.740298507462687,887,5.295522388059702,2080,12.417910447761194,1653,9.86865671641791,16750
"The Dalles, OR Micro Area",45520,21.8,592,15.0828025477707,778,19.821656050955415,707,18.012738853503187,482,12.280254777070065,327,8.331210191082802,102,2.5987261146496814,256,6.522292993630573,337,8.585987261146496,343,8.738853503184714,3925
"Thomaston, GA Micro Area",45580,19.6,558,17.86743515850144,436,13.960934998398974,411,13.160422670509126,230,7.364713416586616,130,4.1626641050272175,90,2.881844380403458,260,8.325328210054435,605,19.372398334934356,403,12.904258725584375,3123
"Thomasville, GA Micro Area",45620,19.0,1837,19.443268416596105,2506,26.524132091447928,1261,13.346740050804403,893,9.451735817104149,595,6.297629127857747,260,2.75190516511431,229,2.4237933954276034,849,8.986028789161727,962,10.182049110922947,9448
"Tiffin, OH Micro Area",45660,17.3,2331,27.420303493706623,2072,24.373603105517,1032,12.139748264910011,664,7.810845782849077,354,4.164215974591225,233,2.74085401717445,312,3.670156452182096,969,11.398658981296318,501,5.893424303023174,8501
"Tifton, GA Micro Area",45700,18.6,1547,24.951612903225808,993,16.016129032258064,474,7.64516129032258,603,9.725806451612904,310,5.0,457,7.370967741935484,324,5.225806451612904,791,12.758064516129034,595,9.596774193548386,6200
"Toccoa, GA Micro Area",45740,19.5,533,15.395725014442519,783,22.616984402079723,493,14.240323512420566,233,6.730213749277874,201,5.805892547660312,123,3.552859618717504,292,8.434430964760255,498,14.384748700173311,304,8.781051415366841,3462
"Toledo, OH Metro Area",45780,18.3,22823,23.40484443259429,22697,23.27563221691244,13402,13.743667575937815,7884,8.084992924092951,5178,5.3100067682589165,3181,3.2620956990791066,4030,4.13273991426872,10720,10.993293270709847,7291,7.476875115368049,97514
"Topeka, KS Metro Area",45820,19.1,7919,20.817013222575643,9073,23.85058226650193,6061,15.932809337293971,3357,8.82468915117899,2157,5.67019794432323,1309,3.441024158145159,1584,4.163928393049604,3537,9.297862832207356,2902,7.628611235246181,38041
"Torrington, CT Micro Area",45860,22.6,3879,17.306920091018604,3861,17.226609556953555,3401,15.174229241957793,2631,11.738723062508367,1323,5.902824253781288,1380,6.157140944987284,1337,5.96528800249855,1667,7.437647793691162,2888,12.885379021103823,22413
"Town of Pecos, TX Micro Area",45880,22.8,69,8.34340991535671,156,18.863361547763,130,15.719467956469165,75,9.068923821039904,20,2.418379685610641,6,0.7255139056831923,139,16.807738814993954,115,13.905683192261185,117,14.147521160822249,827
"Traverse City, MI Metro Area",45900,19.7,6673,21.153907116817244,6076,19.261372642257093,4632,14.68378506894912,2899,9.190045966080202,2287,7.249960374068791,1219,3.864320811539071,1432,4.539546679346965,3344,10.600729117134252,2778,8.806466951973372,31545
"Trenton-Princeton, NJ Metro Area",45940,22.2,8385,15.251277760599502,11064,20.124047363538804,9694,17.632186834973353,6507,11.835428072536788,3624,6.5916077047599995,3107,5.65124865857873,2887,5.251095872969679,3664,6.664362756688917,5839,10.62041870532385,54979
"Troy, AL Micro Area",45980,19.3,912,24.050632911392405,701,18.486286919831223,500,13.185654008438819,250,6.5928270042194095,193,5.089662447257385,152,4.008438818565401,159,4.193037974683545,369,9.731012658227849,529,13.95042194092827,3792
"Truckee-Grass Valley, CA Micro Area",46020,27.2,2113,11.028759329818884,3109,16.22736050942116,2642,13.789863771595595,1856,9.687353202150426,1561,8.14760686883449,1041,5.433477738921655,1890,9.864815491413957,861,4.493971501644136,4018,20.971867007672635,19159
"Tucson, AZ Metro Area",46060,20.4,31197,18.68374717021812,34242,20.507384383197383,24776,14.838238288595829,15636,9.3643321714758,11367,6.807646699486147,6937,4.154539030028627,8788,5.2630948530909,15463,9.260723226370573,17569,10.521997436726677,166974
"Tullahoma-Manchester, TN Micro Area",46100,21.1,1790,18.927778365232104,1860,19.66797081526911,1379,14.581791265729088,1010,10.679919636248282,557,5.8898170667230625,575,6.080152268161151,565,5.974410489584435,759,8.02580099397272,926,9.79168869620387,9457
"Tulsa, OK Metro Area",46140,19.3,31904,20.859240661919987,32575,21.297948989532458,22332,14.600945413176941,14408,9.42013350855514,9319,6.092880633413753,5465,3.573086453654486,7142,4.66953036633126,15938,10.420466953036634,13105,8.568215548973841,152949
"Tupelo, MS Micro Area",46180,17.7,5074,25.08900316455696,4172,20.62895569620253,2564,12.678006329113925,1935,9.567840189873419,767,3.792523734177215,426,2.1064082278481013,761,3.7628560126582276,2714,13.419699367088608,1644,8.128955696202532,20224
"Tuscaloosa, AL Metro Area",46220,18.9,8719,22.91639288248745,7806,20.516729308486873,5395,14.179830210003416,3481,9.149210187399795,1928,5.0674166162903775,1155,3.035718979157358,1451,3.813704102820196,4052,10.649985544195337,3864,10.155859857544616,38047
"Twin Falls, ID Metro Area",46300,21.1,2931,15.279153417088045,4377,22.817077620810092,2889,15.060209560548401,1470,7.6630349788875565,1523,7.939321274044728,1258,6.557889798258874,893,4.655163425950059,1622,8.45540322160246,2154,11.228692071104623,19183
"Tyler, TX Metro Area",46340,20.5,5726,19.284655799541962,6293,21.194261080425704,4523,15.23305940994207,3086,10.393371952040955,1802,6.0689748080290995,1110,3.738380708608379,1438,4.843055368449415,2185,7.358884548026405,3127,10.531456284521083,29692
"Ukiah, CA Micro Area",46380,25.2,1422,13.65600691443388,1673,16.06645539229809,1524,14.635551714203398,1100,10.563718428886968,720,6.914433880726016,549,5.2722558340535866,878,8.431767982329779,473,4.542398924421397,1928,18.515317391721887,10413
"Union City, TN Micro Area",46460,16.4,1263,30.463096960926194,845,20.381090207428848,336,8.104196816208393,344,8.297153883260973,194,4.6792088760250845,106,2.5566811384466956,205,4.944524843222383,535,12.90400385914134,244,5.885190545103714,4146
"Urbana, OH Micro Area",46500,18.9,1633,23.80119516105524,1405,20.478064422095905,1026,14.954088325317008,748,10.90220084535782,291,4.241364232619152,288,4.19763882815916,177,2.579798863139484,686,9.998542486518,594,8.657630083078269,6861
"Urban Honolulu, HI Metro Area",46520,26.0,14592,11.076951105645511,19349,14.688043238975807,19503,14.80494636879142,15524,11.784442774399732,12081,9.17082280066498,8290,6.29303211799625,11151,8.464849354375897,9093,6.9025984377490825,21418,16.258644379160877,131733
"Utica-Rome, NY Metro Area",46540,18.6,10334,24.171403176385283,9028,21.116646785020933,6229,14.569737796178044,3399,7.950319275840292,2042,4.776273010081164,1596,3.7330713634130936,2086,4.879189764460974,4513,10.55598437536547,3441,8.04855799593011,42753
"Utuado, PR Micro Area",46580,29.1,177,11.72962226640159,169,11.19946984758118,137,9.078860172299535,155,10.271703114645462,96,6.36182902584493,55,3.6447978793903246,128,8.482438701126574,74,4.903909874088801,376,24.91716368455931,1509
"Uvalde, TX Micro Area",46620,20.7,529,26.046282619399307,357,17.57754800590842,403,19.84244214672575,72,3.5450516986706058,149,7.336287543082226,156,7.680945347119645,139,6.843919251600197,75,3.6927621861152145,151,7.434761201378631,2031
"Valdosta, GA Metro Area",46660,19.7,3632,18.941329856584094,4054,21.142112125162974,2677,13.960886571056063,1718,8.959582790091265,1129,5.887874837027379,903,4.709256844850065,706,3.681877444589309,1947,10.153846153846153,2027,10.571056062581487,19175
"Vallejo, CA Metro Area",46700,24.4,9608,13.546704265068735,12613,17.78357419809658,10964,15.458583010222066,8489,11.968981318293972,6199,8.74021854071202,4065,5.731406415227353,5406,7.622136059217484,3294,4.644342615438844,9873,13.92033838561861,70925
"Van Wert, OH Micro Area",46780,17.1,1158,22.953419226957383,1233,24.4400396432111,527,10.445986124876114,436,8.642220019821606,231,4.578790882061447,95,1.8830525272547076,130,2.576808721506442,838,16.610505450941528,389,7.710604558969276,5045
"Vermillion, SD Micro Area",46820,19.2,338,19.537572254335263,410,23.699421965317917,210,12.138728323699421,153,8.84393063583815,155,8.959537572254336,46,2.6589595375722546,90,5.202312138728324,184,10.635838150289018,144,8.323699421965317,1730
"Vernal, UT Micro Area",46860,20.8,852,17.198223657650384,1071,21.618893823173195,944,19.05530884134033,544,10.981025433992734,258,5.2079127977392,159,3.20952765442067,144,2.9067420266451354,389,7.852240613645539,555,11.203068227694791,4954
"Vernon, TX Micro Area",46900,18.7,321,24.88372093023256,280,21.705426356589147,112,8.682170542635658,154,11.937984496124031,18,1.3953488372093024,13,1.0077519379844961,167,12.945736434108527,118,9.147286821705427,107,8.294573643410853,1290
"Vicksburg, MS Micro Area",46980,19.9,1155,18.82640586797066,1017,16.577017114914426,905,14.751426242868787,453,7.383863080684597,443,7.220863895680521,283,4.612876935615322,202,3.292583537082314,890,14.506927465362674,735,11.98044009779951,6135
"Victoria, TX Metro Area",47020,20.5,2374,22.02430652194081,2260,20.96669449856202,2039,18.91641154095927,1237,11.476018183504962,632,5.863252620836812,364,3.3769366360515822,376,3.488264217459876,517,4.7963632990073295,929,8.618610260692087,10779
"Vidalia, GA Micro Area",47080,19.5,899,21.024321796071092,819,19.153414405986904,396,9.260991580916745,376,8.793264733395697,359,8.395696913002807,65,1.5201122544434051,133,3.110383536014967,493,11.529466791393826,730,17.07202993451824,4276
"Vincennes, IN Micro Area",47180,16.7,1299,22.90197461212976,1378,24.294781382228493,750,13.222849083215795,394,6.946403385049366,264,4.65444287729196,185,3.2616361071932296,114,2.0098730606488013,1062,18.723554301833566,217,3.8258110014104374,5672
"Vineland, NJ Metro Area",47220,23.7,3156,14.763530897693784,3637,17.01361276137905,3346,15.652336623473829,1797,8.406230995930205,1743,8.15362305281377,1634,7.643729241708379,1557,7.283529026523834,1335,6.245029704822941,2951,13.80455629882584,21377
"Vineyard Haven, MA Micro Area",47240,30.8,291,9.67741935483871,448,14.898570003325574,415,13.801130695044893,179,5.9527768540073165,222,7.382773528433654,254,8.446957100099766,501,16.661124043897573,137,4.556035916195544,560,18.623212504156967,3007
"Virginia Beach-Chesapeake-Norfolk, VA-NC Metro Area",47260,22.1,50323,15.824892531108588,62044,19.510753178469116,54058,16.99942452649222,34352,10.802549693552495,23172,7.286815367343922,15438,4.854732247585685,17394,5.469828521473338,23075,7.256312126767694,36670,11.531482803405043,317999
"Visalia, CA Metro Area",47300,22.8,8366,15.107627853221612,9958,17.982519503033807,8528,15.400173360300492,5125,9.254911875180584,4876,8.805258595781567,3094,5.587258017913898,3908,7.057208899162092,4444,8.025137243571221,6818,12.312193007801213,55376
"Wabash, IN Micro Area",47340,16.4,1768,27.992400253324888,1438,22.767574414186193,487,7.710576314122862,461,7.2989233692210265,183,2.897403419886004,325,5.145661811272958,244,3.8632045598480054,965,15.278657378087395,413,6.538948701709943,6316
"Waco, TX Metro Area",47380,20.8,6365,18.370998932086472,7057,20.368285854475136,5615,16.20630934857275,3405,9.827690709152307,2213,6.387277397754495,1472,4.248564089242936,1993,5.75230178659047,2884,8.323953011804775,3387,9.775738159147979,34647
"Wahpeton, ND-MN Micro Area",47420,18.4,770,22.53438688908399,703,20.573602575358503,569,16.652033947907523,308,9.013754755633595,212,6.20427275387767,96,2.809482001755926,113,3.306994439566872,464,13.579163008486978,182,5.326309628328944,3417
"Walla Walla, WA Metro Area",47460,21.9,1569,17.64110636384079,1728,19.428828423656398,1590,17.87722059815606,1089,12.244209579491793,612,6.881043400044974,595,6.68990330559928,428,4.812232966044524,504,5.666741623566449,681,7.656847312795143,8894
"Wapakoneta, OH Micro Area",47540,16.7,2242,28.25456836798992,1913,24.10838059231254,1008,12.703213610586012,381,4.801512287334594,331,4.171392564587271,279,3.516068052930057,255,3.213610586011342,1059,13.34593572778828,444,5.595463137996219,7935
"Warner Robins, GA Metro Area",47580,19.0,7603,23.662506613550775,6289,19.572998039276712,5115,15.919205751454982,2401,7.472534312657558,1942,6.044007344931686,1004,3.124708225701036,1645,5.119666365814945,3332,10.370047617565591,2568,7.9922815972114165,32131
"Warren, PA Micro Area",47620,16.9,1433,27.058157099697883,1142,21.563444108761328,588,11.10271903323263,343,6.476586102719033,252,4.758308157099698,177,3.34214501510574,162,3.0589123867069485,763,14.407099697885196,398,7.515105740181268,5296
"Warrensburg, MO Micro Area",47660,19.4,1905,23.541769649036084,1613,19.933267424616904,1262,15.595650024715768,763,9.429065743944637,511,6.314878892733564,339,4.189322787938705,267,3.299555116164113,724,8.947108255066732,688,8.502224419179436,8092
"Warsaw, IN Micro Area",47700,16.4,4608,30.472159767226557,2933,19.395582594894854,1982,13.10673191376802,861,5.6936913106731915,773,5.111757704007407,374,2.473217828329586,463,3.0617643168893003,2150,14.217696071948154,959,6.34175373627827,15122
"Washington, IN Micro Area",47780,16.7,1287,29.1374235906724,1059,23.975549015168667,502,11.36517998641612,267,6.044826805524112,218,4.935476567806203,75,1.6979850577314919,161,3.6450079239302693,543,12.293411817976002,256,5.7957889970568255,4417
"Washington, NC Micro Area",47820,19.3,1260,20.48780487804878,1288,20.94308943089431,718,11.674796747967479,590,9.59349593495935,438,7.121951219512194,357,5.8048780487804885,288,4.682926829268292,719,11.691056910569106,492,8.0,6150
"Washington-Arlington-Alexandria, DC-VA-MD-WV Metro Area",47900,20.6,209574,18.570628537806904,238114,21.099595577940743,180489,15.993368328896858,117093,10.375765158738316,75784,6.715320188139552,49251,4.364196064948552,52913,4.6886907145971195,94234,8.35019902102215,107305,9.508437569781414,1128524
"Washington Court House, OH Micro Area",47920,17.1,1194,25.51282051282051,1173,25.064102564102562,479,10.235042735042734,139,2.9700854700854697,242,5.17094017094017,127,2.713675213675214,160,3.418803418803419,645,13.782051282051283,509,10.876068376068377,4680
"Waterbury-Shelton, CT Metro Area",47930,22.2,12359,15.50884678127745,16616,20.850796837746266,12443,15.614255239051325,9099,11.417994729577112,5227,6.559166771238549,3242,4.068264525034508,5462,6.854059480486886,5233,6.566695946793826,9450,11.858451499560799,79690
"Waterloo-Cedar Falls, IA Metro Area",47940,18.8,6399,22.141868512110726,6894,23.85467128027682,4575,15.83044982698962,2472,8.55363321799308,1465,5.069204152249135,1004,3.4740484429065743,1208,4.179930795847751,2726,9.432525951557093,2022,6.996539792387543,28900
"Watertown, SD Micro Area",47980,19.5,909,18.777112166907663,1166,24.085932658541623,733,15.141499690146665,571,11.795083660400744,263,5.432761826068995,229,4.730427597603801,74,1.5286097913654202,473,9.770708531295186,423,8.737864077669903,4841
"Watertown-Fort Atkinson, WI Micro Area",48020,20.0,3200,20.370488255140366,3945,25.112992552040232,2471,15.7298363995162,1672,10.643580113310842,1042,6.633140238080082,548,3.488446113692788,905,5.761028709656885,708,4.5069705264498054,1199,7.632567318097906,15709
"Watertown-Fort Drum, NY Metro Area",48060,19.3,3439,23.687835790053725,2859,19.692795150847225,1903,13.107866097258574,1615,11.124121779859484,806,5.551728888276622,488,3.361344537815126,760,5.234880837580934,1325,9.126601460256234,1285,8.851081416173026,14518
"Wausau, WI Metro Area",48140,17.9,6050,24.705978438418818,5887,24.040346292061418,3426,13.990525971904608,2174,8.87781770663182,1130,4.614505063704671,682,2.7850375694217577,738,3.013721006207122,2802,11.44233910486769,1529,6.243874550800392,24488
"Waycross, GA Micro Area",48180,20.0,1613,24.945870708320445,928,14.351995051036189,991,15.326322301268172,598,9.248376121249613,537,8.304979894834519,143,2.2115682029075163,440,6.804825239715434,682,10.547479121558924,510,7.8874110733065255,6466
"Waynesville, NC Micro Area",48200,19.6,2124,20.61935734394719,1990,19.3185127657509,1236,11.99883506455684,845,8.203087078924376,647,6.28094359770896,364,3.53363751092127,686,6.659547616736239,1145,11.115425686826521,1139,11.05717891466848,10301
"Weatherford, OK Micro Area",48220,19.8,931,19.766454352441613,734,15.583864118895965,837,17.770700636942674,458,9.723991507430998,174,3.694267515923567,167,3.545647558386412,332,7.048832271762208,701,14.883227176220807,333,7.070063694267516,4710
"Weirton-Steubenville, WV-OH Metro Area",48260,16.4,4763,28.81079119283813,3411,20.632712315509316,1669,10.095572223566416,1139,6.889668521654972,676,4.089039438664408,332,2.008226469876603,733,4.4338253084926205,2529,15.29760464553593,1225,7.409871763851923,16532
"Wenatchee-East Wenatchee, WA Metro Area",48300,20.3,3580,20.163334272036046,3784,21.312306392565475,2753,15.505491410870178,1805,10.1661503801746,1271,7.158546888200506,597,3.3624331174317095,1015,5.716699521261616,1295,7.2937200788510275,1576,8.876372852717545,17755
"West Plains, MO Micro Area",48460,19.3,1009,19.535333978702806,1209,23.40755082284608,754,14.598257502420136,439,8.499515972894482,368,7.124878993223621,252,4.878993223620523,144,2.7879961277831558,519,10.048402710551791,459,8.886737657308808,5165
"Wheeling, WV-OH Metro Area",48540,16.9,4713,24.26754544050255,4090,21.059677668503166,2088,10.751248648370321,1446,7.445548632923124,949,4.886463106946089,395,2.033880850625611,957,4.927655630503064,3419,17.60465475516194,1312,6.755573863343803,19421
"Whitewater-Elkhorn, WI Micro Area",48580,19.8,4066,21.428194993412387,3964,20.890645586297758,2615,13.78129117259552,2130,11.225296442687748,1105,5.823451910408433,721,3.799736495388669,970,5.111989459815547,1508,7.94729907773386,1756,9.254281949934123,18975
"Wichita, KS Metro Area",48620,19.3,20933,21.216451795994487,22516,22.820887051001378,16046,16.263277385875295,10011,10.146558015081489,5533,5.60792183572529,3660,3.7095597178302118,3698,3.7480742722776297,8549,8.664761209762425,7038,7.1333009000243255,98664
"Wichita Falls, TX Metro Area",48660,20.1,3698,21.33748773873406,3561,20.546996711095726,3058,17.64468293808782,1848,10.662973861866021,951,5.487277133460274,677,3.906295078183602,656,3.785124920662397,1331,7.679879983843979,1509,8.706941319023715,17331
"Wildwood-The Villages, FL Metro Area",48680,23.3,3549,14.257020045796006,4306,17.298035592335196,4240,17.032900815490297,2872,11.537379986341541,1552,6.234684449443619,2012,8.082593500180774,1352,5.431245731731813,1667,6.6966617121279075,3123,12.54569557706986,24893
"Williamsport, PA Metro Area",48700,19.8,3729,20.08726567550097,4201,22.629821159232925,3014,16.23572505925447,2084,11.226028873087698,956,5.1497522085757375,641,3.452919629390218,798,4.298642533936651,1500,8.080155138978668,1556,8.381814264167204,18564
"Williston, ND Micro Area",48780,17.4,938,21.386228910168718,946,21.568627450980394,417,9.507523939808483,507,11.559507523939809,252,5.745554035567715,37,0.84359325125399,223,5.084359325125399,782,17.829457364341085,243,5.540355677154583,4386
"Willmar, MN Micro Area",48820,19.9,1597,21.390302705598714,1679,22.488615054915616,1121,15.014733458344494,735,9.84462898473078,556,7.447093490490222,283,3.790517010447361,314,4.205732654701313,499,6.68363246718457,668,8.947227431020627,7466
"Wilmington, NC Metro Area",48900,21.3,13979,16.46835681636115,17697,20.8484520050893,12745,15.014608171151217,9116,10.739361952782621,6038,7.113236887988314,3333,3.926535036049197,3926,4.625135479006644,7342,8.64945101550351,10405,12.257904905518119,84884
"Wilmington, OH Micro Area",48940,18.3,1593,22.660028449502136,1570,22.33285917496444,1076,15.305832147937412,529,7.524893314366999,242,3.4423897581792318,186,2.6458036984352775,351,4.992887624466571,870,12.375533428165006,594,8.44950213371266,7030
"Wilson, NC Micro Area",48980,20.6,2250,20.432255721031602,2051,18.62513621503814,1596,14.493280058118415,1348,12.2411914275336,418,3.7958590628405378,697,6.329458772248456,499,4.531420268797675,923,8.381765346894298,1024,9.29894660370505,11012
"Winchester, TN Micro Area",49010,19.2,1460,21.58486102897694,1525,22.5458308693081,885,13.083973979893553,572,8.45653459491425,530,7.835600236546422,191,2.8237729154346543,355,5.248373743347131,608,8.98876404494382,569,8.412182140745122,6764
"Winchester, VA-WV Metro Area",49020,19.3,5051,21.12328537972566,5299,22.160421545667447,3962,16.569086651053862,2152,8.99966543994647,1204,5.035128805620609,877,3.667614586818334,1076,4.499832719973235,2328,9.735697557711608,1827,7.640515222482436,23912
"Winnemucca, NV Micro Area",49080,20.3,766,23.78143433716237,557,17.292766221670288,635,19.714374417882645,270,8.38248990996585,158,4.905308910276312,132,4.098106178205526,240,7.451102142191866,248,7.699472213598262,215,6.674945669046879,3221
"Winona, MN Micro Area",49100,19.1,2017,23.679267433669875,1783,20.932143695703218,1328,15.590514205212491,849,9.967128433904673,535,6.280817093214369,196,2.301009626672928,431,5.059873209673632,773,9.07490021131721,598,7.02042733035924,8518
"Winston-Salem, NC Metro Area",49180,18.6,26206,23.367127660523053,23340,20.811598855094562,15895,14.173108988934363,8750,7.802120393405201,6045,5.390150603215365,4013,3.5782753301411514,4821,4.298745419040741,12990,11.582805018323837,9540,8.506540406066929,112149
"Wisconsin Rapids-Marshfield, WI Micro Area",49220,18.1,3351,26.218605742899616,2699,21.117283467647287,1618,12.659416321101634,1176,9.201157968860027,740,5.7898443001330095,379,2.965339175338393,400,3.1296455676394648,1307,10.22611689226195,1017,7.957123855723339,12781
"Woodward, OK Micro Area",49260,20.8,526,18.586572438162545,488,17.24381625441696,392,13.851590106007066,580,20.49469964664311,102,3.604240282685512,45,1.5901060070671376,53,1.872791519434629,337,11.908127208480565,303,10.706713780918728,2830
"Wooster, OH Micro Area",49300,18.9,3986,20.842919891236143,4391,22.960677682493202,2849,14.897510980966326,2062,10.782263124869274,981,5.129679983267099,553,2.891654465592972,623,3.2576866764275256,2099,10.975737293453253,1510,7.895837690859652,19124
"Worcester, MA Metro Area",49340,21.3,28354,18.736536047049494,30973,20.467190907288707,24465,16.16665565320822,15872,10.488336747505452,11321,7.481001784180269,6277,4.147888720015859,7526,4.973237295975682,9974,6.590894072556665,16186,10.69583030463226,151330
"Worthington, MN Micro Area",49380,19.0,431,17.620605069501227,613,25.061324611610793,330,13.49141455437449,209,8.544562551103843,136,5.560098119378577,140,5.723630417007359,117,4.783319705641864,307,12.551103843008995,163,6.663941128372854,2446
"Yakima, WA Metro Area",49420,21.5,5069,16.39073918385824,6357,20.555519627497898,5022,16.238763499967664,3245,10.49278923882817,2740,8.859859018301751,1243,4.019271810127401,1622,5.244777856819505,2448,7.915669663066676,2976,9.622970962943802,30926
"Yankton, SD Micro Area",49460,20.6,660,16.87547941702889,888,22.70519048836615,905,23.13986192789568,410,10.48325236512401,299,7.645103554078241,139,3.5540782408591154,96,2.4546151879314753,297,7.593965737663002,217,5.548453081053439,3911
"York-Hanover, PA Metro Area",49620,20.0,16652,19.09633027522936,20254,23.227064220183486,14040,16.10091743119266,8982,10.300458715596331,5493,6.299311926605504,3751,4.301605504587156,3673,4.212155963302752,6465,7.413990825688073,7629,8.748853211009175,87200
"Youngstown-Warren, OH Metro Area",49660,18.2,16606,24.326145552560646,13412,19.647251845775227,9294,13.614789640220321,5934,8.692722371967655,3091,4.528008906597914,2544,3.7267080745341614,2347,3.4381225829133952,8546,12.519043712645026,5879,8.612152818469472,68264
"Yuba City, CA Metro Area",49700,24.0,3300,13.364652519034506,4068,16.474971650737082,3883,15.7257411307306,2605,10.549975700631784,2384,9.654948971326746,1308,5.297262271180949,1774,7.184513202656731,1821,7.374858253685404,3439,13.92758788271505,24692
"Yuma, AZ Metro Area",49740,20.7,5335,18.04559599512921,6274,21.221756189960765,4391,14.852523339196319,2757,9.325531051278583,1826,6.176430794209174,1279,4.3262075497226355,1484,5.019618454877554,2485,8.405493167365716,3512,11.879312677580842,29564
"Zanesville, OH Micro Area",49780,18.7,3016,21.544396028287736,3134,22.38731337952711,1863,13.308093435245375,1245,8.893492392313737,927,6.621901564397457,399,2.8502035859704264,460,3.2859489963568826,1667,11.907993428102007,1269,9.064933209514965,13999
"Zapata, TX Micro Area",49820,21.5,112,11.727748691099476,202,21.151832460732983,114,11.937172774869111,91,9.528795811518325,50,5.2356020942408374,20,2.094240837696335,0,0.0,130,13.612565445026178,236,24.712041884816756,955
