NAME,metropolitan statistical area/micropolitan statistical area,median_rent_burden,rent_burden_less_10,rent_burden_less_10_pct,rent_burden_less_15,rent_burden_less_15_pct,rent_burden_less_20,rent_burden_less_20_pct,rent_burden_less_25,rent_burden_less_25_pct,rent_burden_less_30,rent_burden_less_30_pct,rent_burden_less_35,rent_burden_less_35_pct,rent_burden_less_40,rent_burden_less_40_pct,rent_burden_less_50,rent_burden_less_50_pct,rent_burden_over_50,rent_burden_over_50_pct,total_rent_burden
"Aberdeen, SD Micro Area",10100,22.8,511,8.640514034494421,824,13.933040243490025,1045,17.669935745688196,761,12.86777138992222,328,5.546161650321271,534,9.029421711193777,159,2.6885356780520797,393,6.645248562732499,1069,18.075752451809265,5914
"Aberdeen, WA Micro Area",10140,28.1,322,3.921091086215295,927,11.288358499756454,1066,12.981003409644423,932,11.349245007306381,853,10.387238188017536,580,7.062834875791525,553,6.734047735021919,858,10.448124695567461,1473,17.937165124208477,8212
"Abilene, TX Metro Area",10180,29.5,636,2.651657285803627,2412,10.056285178236397,3006,12.532833020637899,2642,11.015217844486138,2553,10.644152595372107,2046,8.530331457160726,2043,8.517823639774859,1829,7.625599332916407,4839,20.175109443402125,23985
"Ada, OK Micro Area",10220,24.6,194,3.860696517412935,542,10.786069651741293,842,16.756218905472636,772,15.363184079601991,533,10.606965174129353,397,7.900497512437811,197,3.920398009950249,287,5.711442786069652,820,16.318407960199004,5025
"Adrian, MI Micro Area",10300,29.4,318,3.8359469240048254,732,8.829915560916767,975,11.761158021712907,916,11.049457177322076,889,10.723763570566948,750,9.047044632086852,482,5.814234016887817,609,7.3462002412545235,1764,21.278648974668275,8290
"Aguadilla, PR Metro Area",10380,29.0,624,2.0414172146432428,1616,5.286747145614552,1848,6.04573559721268,1510,4.9399679392809235,1254,4.102463440965747,1267,4.144992966270815,731,2.391467922923414,1160,3.7949422579906433,3205,10.485163738672425,30567
"Akron, OH Metro Area",10420,29.4,3473,3.6810531224827234,9139,9.686479840590154,11671,12.370161529656167,10755,11.3992877432484,9896,10.488828592021028,7843,8.312841819646415,5033,5.33450629584093,7566,8.019247890787298,22092,23.415440708865056,94348
"Alamogordo, NM Micro Area",10460,28.4,484,5.700153103285832,712,8.385349193263455,807,9.504180897420799,1024,12.059828053232835,1104,13.002002119891651,844,9.9399364032505,585,6.889647862442587,768,9.044871039924626,1240,14.603698033211634,8491
"Alamosa, CO Micro Area",10480,28.4,241,6.031031031031031,312,7.807807807807808,530,13.263263263263264,360,9.00900900900901,425,10.635635635635635,381,9.534534534534535,198,4.954954954954955,289,7.232232232232231,723,18.093093093093092,3996
"Albany, GA Metro Area",10500,30.4,1019,4.058144165671047,2335,9.299084030266826,3283,13.07447232178415,2561,10.199123855037834,2197,8.749502190362406,1569,6.248506571087216,1421,5.659099960175229,1602,6.379928315412187,7082,28.203902827558743,25110
"Albany, OR Metro Area",10540,29.8,526,3.1585900438359453,1461,8.773194019095659,1740,10.448567825617005,2061,12.376148441722211,2074,12.454212454212454,1257,7.54818951540263,1075,6.455293340539242,1637,9.830060649732781,3766,22.614543926019337,16653
"Albany-Schenectady-Troy, NY Metro Area",10580,28.1,5498,4.04904812755459,12940,9.52977132967559,19024,14.010384063040837,17380,12.799646499981588,15440,11.37091725890194,10999,8.100305630224252,6795,5.0042346356372205,9695,7.139963913539788,31083,22.89133556725706,135785
"Albemarle, NC Micro Area",10620,25.1,621,9.644354713464825,623,9.675415437179687,820,12.734896723093648,594,9.22503494331418,423,6.569343065693431,498,7.734120205000776,241,3.7428172076409383,473,7.345861158564995,1034,16.05839416058394,6439
"Albert Lea, MN Micro Area",10660,26.9,180,6.756756756756757,284,10.66066066066066,309,11.5990990990991,330,12.387387387387387,214,8.033033033033032,175,6.569069069069069,199,7.46996996996997,188,7.057057057057057,490,18.393393393393392,2664
"Albertville, AL Micro Area",10700,27.1,554,6.281891370903731,940,10.658804853157955,1214,13.765733076312506,681,7.721963941489965,868,9.84238575802245,953,10.806213856446309,482,5.465472275768227,555,6.293230525002835,1263,14.321351627168614,8819
"Albuquerque, NM Metro Area",10740,30.8,4179,3.5921195138303905,9101,7.822895356633258,13978,12.014990802661211,13337,11.464010039711873,11856,10.1909952036308,9562,8.219154532482937,7413,6.371950695387578,9911,8.519142498581719,28783,24.74084134160807,116338
"Alexander City, AL Micro Area",10760,25.4,247,6.118404756006936,354,8.768887787961358,595,14.738667327223185,376,9.313846916026753,495,12.26158038147139,142,3.5174634629675503,110,2.7247956403269753,294,7.2826356205102805,611,15.135001238543472,4037
"Alexandria, LA Metro Area",10780,30.9,524,2.882763932442097,1537,8.455740771304395,1958,10.771854541453486,2002,11.01391868845244,1820,10.012653353138582,1454,7.999119766738186,950,5.2263849920228855,1599,8.796831160257469,4333,23.837817021510702,18177
"Alexandria, MN Micro Area",10820,24.6,160,3.898635477582846,310,7.553606237816764,604,14.717348927875243,917,22.344054580896685,363,8.845029239766083,421,10.258284600389864,119,2.8996101364522415,236,5.750487329434698,695,16.93469785575049,4104
"Alice, TX Micro Area",10860,32.8,379,6.674885523071504,243,4.2796759422331805,628,11.060232476224023,469,8.25995068686157,191,3.363860514265586,486,8.559351884466361,164,2.8883409651285663,469,8.25995068686157,1334,23.494188094399437,5678
"Allentown-Bethlehem-Easton, PA-NJ Metro Area",10900,30.7,3526,3.432732653796353,8910,8.674318759309559,11566,11.260064059503296,11898,11.583282222027512,11046,10.75381874470633,9278,9.032584674396643,6426,6.256023832471742,9440,9.190299560929544,24478,23.830524645384894,102717
"Alma, MI Micro Area",10940,30.2,183,5.962854349951124,216,7.038123167155426,191,6.223525578364288,410,13.359400456174649,351,11.436950146627565,502,16.357119582926035,175,5.702183121537961,131,4.268491365265559,578,18.83349625285109,3069
"Alpena, MI Micro Area",10980,28.8,125,4.770992366412214,146,5.572519083969466,218,8.3206106870229,296,11.297709923664122,465,17.748091603053435,254,9.694656488549619,180,6.870229007633588,259,9.885496183206106,329,12.557251908396946,2620
"Altoona, PA Metro Area",11020,29.5,513,3.6834924965893587,1262,9.061535147555109,1596,11.459754433833561,1287,9.241042579162777,1719,12.34293099734329,1367,9.815466360307317,1169,8.393767501974581,1057,7.589574208372227,2423,17.397860271415237,13927
"Altus, OK Micro Area",11060,23.7,163,4.305335446381405,518,13.681986265187533,642,16.957210776545168,585,15.451664025356576,211,5.573164289487586,474,12.519809825673534,284,7.501320655044902,285,7.527733755942948,356,9.403063919704174,3786
"Amarillo, TX Metro Area",11100,27.8,1688,4.596824705209554,3094,8.425696467961112,4851,13.210424552708261,5385,14.664633316086162,3460,9.422401350725742,2703,7.360910650581411,2003,5.45464448135944,3357,9.141907900111653,7362,20.048473625445933,36721
"Americus, GA Micro Area",11140,29.6,271,5.185610409491007,733,14.026023727516264,337,6.448526597780329,234,4.477611940298507,695,13.298890164561804,591,11.308840413318025,326,6.238040566398776,305,5.836203597397628,937,17.92958285495599,5226
"Ames, IA Metro Area",11180,29.7,897,4.6933863541230645,1625,8.502511511092507,2333,12.206990372540812,2196,11.490163248221014,2121,11.097739640016743,1552,8.120552532440351,711,3.720175805776475,1538,8.047300125575555,5097,26.66910841356216,19112
"Amherst Town-Northampton, MA Metro Area",11200,31.4,636,3.2985840983351484,1167,6.052590633265909,2098,10.881178362118147,2135,11.073077122555883,2459,12.75348788963228,1933,10.025413619625539,1090,5.653233753436025,1689,8.759919091333437,4832,25.060940822571443,19281
"Amsterdam, NY Micro Area",11220,30.0,350,5.93421498813157,373,6.3241776873516455,918,15.564598168870802,493,8.358765683282469,582,9.867751780264497,468,7.934893184130214,309,5.239064089521872,448,7.59579518480841,1482,25.127161749745675,5898
"Anchorage, AK Metro Area",11260,29.5,1941,4.0113251219310575,3804,7.8614532528726135,6146,12.701496238736876,6598,13.635612135240141,5050,10.43647185252542,4670,9.651153178474003,3814,7.8821195337687024,4264,8.81210217409275,9680,20.004959907415063,48388
"Anderson Creek, NC Micro Area",11360,26.9,434,2.9249224962933007,1796,12.104057150559374,2025,13.64739183178326,1755,11.82773958754549,1690,11.38967515837714,1039,7.002291413937188,690,4.650222401940962,1228,8.276047984903625,2669,17.987599406928155,14838
"Andrews, TX Micro Area",11380,21.3,171,10.640945861854387,310,19.290603609209708,92,5.7249533291848165,259,16.11698817672682,110,6.845052893590542,63,3.9203484754200373,30,1.8668326073428747,75,4.667081518357187,168,10.4542626011201,1607
"Angola, IN Micro Area",11420,24.0,131,4.802052785923753,387,14.186217008797655,395,14.479472140762464,401,14.699413489736072,251,9.200879765395895,249,9.127565982404692,118,4.325513196480939,116,4.252199413489736,425,15.5791788856305,2728
"Ann Arbor, MI Metro Area",11460,32.5,1968,3.436474121673535,5053,8.823426695536774,5834,10.187190053782217,5953,10.394984982887475,6006,10.487532304253683,4547,7.939861702870712,3105,5.4218760913599215,5155,9.001536634769854,16465,28.750785779143673,57268
"Anniston-Oxford, AL Metro Area",11500,27.9,726,5.432911771308838,1217,9.107236399012198,1830,13.694529671480954,1355,10.139938636533714,1390,10.401855870687719,927,6.937065030307565,619,4.632193369752302,955,7.146598817630771,2842,21.267679413305395,13363
"Appleton, WI Metro Area",11540,23.8,1220,4.713882771144855,3627,14.014141648313435,4932,19.05645067810363,3459,13.365016807696767,2928,11.313318650747654,2148,8.299524747884549,1229,4.7486573161778916,1794,6.93172597658514,3467,13.395927514392797,25881
"Arcadia, FL Micro Area",11580,30.5,223,6.1415587992288625,243,6.692371247590195,301,8.28972734783806,360,9.914624070503994,435,11.980170751858992,356,9.804461580831726,104,2.8642247314789318,470,12.944092536491326,701,19.305976315064722,3631
"Ardmore, OK Micro Area",11620,24.9,351,5.74656188605108,757,12.393582187295351,724,11.853307138179437,848,13.883431565160445,444,7.269155206286837,348,5.697445972495088,307,5.026195153896529,532,8.70988867059594,1022,16.73215455140799,6108
"Arecibo, PR Metro Area",11640,28.1,449,2.171810002902196,836,4.043726419657541,1295,6.263906355809229,1358,6.568636935281029,1366,6.607332881880623,607,2.9360549482441716,528,2.5539324755731836,687,3.323014414240108,2446,11.831285672825771,20674
"Arkadelphia, AR Micro Area",11660,27.7,386,12.320459623364188,246,7.851899138206192,367,11.714012128949888,278,8.873284391956592,218,6.958187041174593,189,6.032556654963294,137,4.372805617618895,233,7.436961378870093,733,23.396105968720075,3133
"Arkansas City-Winfield, KS Micro Area",11680,29.3,295,7.48921045950749,261,6.626047220106626,440,11.17034780401117,498,12.642802741812641,298,7.565371921807565,343,8.707793856308708,214,5.432850977405433,475,12.05889819751206,682,17.314039096217314,3939
"Asheville, NC Metro Area",11700,30.7,2216,4.313969786637595,2975,5.791543373306339,5499,10.70510823859212,6183,12.036676530135493,5623,10.946503659866066,5163,10.051004516430464,3404,6.626693661423453,4981,9.696698333592899,10495,20.43100763121009,51368
"Ashland, OH Micro Area",11740,24.6,224,5.134082053632821,604,13.843685537474215,682,15.6314462525785,489,11.207884483153792,250,5.730002292000917,278,6.37176254870502,154,3.529681411872565,257,5.890442356176942,988,22.644969057987623,4363
"Astoria, OR Micro Area",11820,29.7,159,2.2927180966113916,787,11.348233597692863,663,9.560201874549387,847,12.213410237923576,777,11.204037490987744,646,9.315068493150685,410,5.912040374909877,531,7.656813266041818,1568,22.609949531362652,6935
"Atchison, KS Micro Area",11860,24.4,90,5.7655349135169764,123,7.879564381806533,158,10.121716848174248,335,21.46060217809097,125,8.00768737988469,90,5.7655349135169764,102,6.534272901985906,49,3.1390134529147984,255,16.335682254964766,1561
"Athens, OH Micro Area",11900,33.9,227,2.6239741070396483,598,6.912495665241012,728,8.415212114206449,829,9.582707201479598,872,10.079759565368166,865,9.998844064270026,264,3.0516703271298113,534,6.172696798058028,2952,34.12322274881517,8651
"Athens, TN Micro Area",11940,26.1,419,6.30834086118639,792,11.924119241192411,783,11.788617886178862,802,12.07467630231858,492,7.4074074074074066,351,5.284552845528456,327,4.923215898825655,730,10.990665462210178,1115,16.7871123155676,6642
"Athens, TX Micro Area",11980,30.4,179,2.3374249151214417,721,9.414990859232175,782,10.211543483938366,859,11.217027944633063,701,9.15382606424654,481,6.281013319404543,728,9.506398537477148,308,4.021937842778794,1807,23.596239226952207,7658
"Athens-Clarke County, GA Metro Area",12020,34.4,1279,3.3518528224749726,3020,7.914460925625033,3702,9.701766339954924,3873,10.149903034750249,3440,9.015147544420566,2582,6.766602023166833,2378,6.231982808323287,3171,8.310183971906286,11757,30.81136327899785,38158
"Atlanta-Sandy Springs-Roswell, GA Metro Area",12060,31.6,22424,2.8747243731090713,55021,7.053612635249475,87814,11.257627813958258,98208,12.59012358340598,83874,10.75252551151223,68788,8.818522127070407,52715,6.757986769909236,73200,9.384134146966822,197562,25.327162709604632,780040
"Atlantic City-Hammonton, NJ Metro Area",12100,32.9,1385,3.136677612954365,2862,6.481712150379345,4346,9.842599932057524,5059,11.457366096704789,4590,10.395198731740459,3654,8.275393500169855,2567,5.813611142565961,3614,8.184803533008719,12693,28.74646132940777,44155
"Auburn, IN Micro Area",12140,25.4,209,6.934306569343065,279,9.256801592568015,428,14.200398142003982,459,15.228931652289315,419,13.901791639017915,264,8.75912408759124,114,3.78234903782349,159,5.2753815527538155,490,16.257465162574654,3014
"Auburn, NY Micro Area",12180,29.4,334,3.795023292807635,840,9.544369957959322,1140,12.953073514373367,906,10.294284740370413,894,10.157936598113851,824,9.362572434950573,405,4.6017498011589595,1004,11.407794568799,1680,19.088739915918644,8801
"Auburn-Opelika, AL Metro Area",12220,34.8,897,3.47647469188435,2051,7.948996201844818,2321,8.995426711107667,2436,9.441128594682583,1820,7.053716766142159,1746,6.7669172932330826,1409,5.460816990930936,1654,6.41035578637315,8092,31.361909929462833,25802
"Augusta-Richmond County, GA-SC Metro Area",12260,31.5,3168,4.427239822798608,5615,7.846891289461548,7339,10.256159425353214,8105,11.32663471079,6505,9.090655002305855,6177,8.632279162066604,3691,5.1581256900093635,6411,8.95929119443241,18096,25.288930502955687,71557
"Augusta-Waterville, ME Micro Area",12300,29.0,466,3.1713624608683815,1049,7.138968286375391,1506,10.249081257656186,1807,12.29753640941881,2075,14.121410099360283,1368,9.309922417313189,901,6.131754457601742,1068,7.26827276439363,2773,18.87164829181979,14694
"Austin, MN Micro Area",12380,27.2,160,4.289544235924933,519,13.914209115281501,302,8.096514745308312,576,15.44235924932976,425,11.394101876675604,234,6.273458445040214,222,5.951742627345844,252,6.756032171581769,791,21.206434316353885,3730
"Austin-Round Rock-San Marcos, TX Metro Area",12420,29.4,13239,3.3947111328781068,29658,7.604829879817123,49875,12.788822248832659,55046,14.114757082892082,45605,11.693919572090493,35043,8.985638056458003,26225,6.724548641115518,33937,8.702040313957573,86781,22.25216608673578,389989
"Bainbridge, GA Micro Area",12460,27.6,264,6.606606606606606,411,10.285285285285285,252,6.306306306306306,364,9.10910910910911,638,15.965965965965967,176,4.404404404404405,170,4.2542542542542545,189,4.72972972972973,770,19.26926926926927,3996
"Baker City, OR Micro Area",12520,26.1,231,11.684370257966616,147,7.435508345978755,235,11.886697015680324,159,8.042488619119878,120,6.0698027314112295,66,3.338391502276176,61,3.0854830551340413,67,3.388973191704603,513,25.948406676783005,1977
"Bakersfield-Delano, CA Metro Area",12540,33.2,3159,2.7932269331093327,8162,7.216941509350545,11774,10.410716654140325,12083,10.68393828197533,11631,10.2842742826827,9418,8.327512268446881,8432,7.455678854060746,11499,10.167558247491048,29487,26.07277067951722,113095
"Baltimore-Columbia-Towson, MD Metro Area",12580,30.7,14156,3.858303556584,28388,7.73732137357351,42294,11.527485915665704,44022,11.998462783833066,40972,11.167166807033038,30994,8.44760246063609,23491,6.402614357708021,33916,9.244011262016315,89759,24.464359207079916,366897
"Bangor, ME Metro Area",12620,29.2,587,3.0495090654059953,1339,6.956205517169724,2609,13.55395085458985,2123,11.029144371136162,2708,14.06826328640449,1704,8.852407917294405,1468,7.626370201049405,1789,9.293989298145359,3521,18.291859317367138,19249
"Baraboo, WI Micro Area",12660,26.1,495,6.715506715506716,1006,13.648080314746982,865,11.735178401845069,848,11.504544837878171,1011,13.715913715913716,551,7.475240808574142,435,5.901505901505902,500,6.78334011667345,1173,15.913715913715915,7371
"Barnstable Town, MA Metro Area",12700,34.5,760,3.79487691616318,1693,8.453587656663505,1431,7.145353772407251,1596,7.969241523942677,1866,9.31742148100065,1763,8.803115793678534,1375,6.865731262795226,1704,8.508513506765865,5694,28.43161731662256,20027
"Barre, VT Micro Area",12740,28.3,330,4.808392831123416,686,9.995628733789887,930,13.550925251347806,739,10.767885764243042,901,13.128369517703629,750,10.92816552528049,357,5.201806790033513,482,7.023167710913595,1380,20.1078245665161,6863
"Bartlesville, OK Micro Area",12780,30.0,309,5.324831983456833,404,6.961916250215405,751,12.941581940375668,571,9.839738066517318,612,10.546269171118388,544,9.374461485438566,384,6.617266930897811,556,9.581251077029123,1154,19.886265724625193,5803
"Batavia, NY Micro Area",12860,27.3,458,7.169693174702567,392,6.136505948653726,1031,16.13963681903569,822,12.867877269881026,587,9.189104571070757,622,9.73700688791484,322,5.04070131496556,485,7.592360676268002,1225,19.176581089542893,6388
"Batesville, AR Micro Area",12900,26.3,453,9.640349010427752,458,9.746754628644393,641,13.641200255373484,437,9.299851032134496,388,8.257075973611407,385,8.193232602681421,197,4.192381357735688,322,6.852521813151734,893,19.004043413492234,4699
"Baton Rouge, LA Metro Area",12940,32.3,4493,4.4646051114909175,8054,8.003100282205175,9330,9.271036209706269,9321,9.26209308796057,9296,9.237251083111412,7763,7.71393934576096,5897,5.859732103819707,8271,8.218728884295878,25850,25.686633014030765,100636
"Battle Creek, MI Metro Area",12980,29.1,576,3.9077340569877883,1192,8.086838534599728,2015,13.670284938941654,1761,11.94708276797829,1669,11.322930800542741,1548,10.50203527815468,599,4.063772048846675,1314,8.914518317503392,3175,21.54002713704206,14740
"Bay City, MI Metro Area",13020,27.9,696,6.554906762102091,1220,11.489922772650218,1109,10.444528159728762,917,8.63627801845922,1623,15.2853644754191,836,7.873422490111132,519,4.887926163119231,766,7.214164626106612,2088,19.664720286306274,10618
"Bay City, TX Micro Area",13060,33.8,186,4.014677314914742,234,5.050723073602417,677,14.612562054824089,397,8.56896179581265,294,6.345780271962012,309,6.669544571551911,338,7.295488884092381,299,6.453701705158645,1313,28.340168357435786,4633
"Beatrice, NE Micro Area",13100,25.7,305,12.007874015748031,254,10.0,385,15.157480314960631,155,6.102362204724409,364,14.330708661417324,160,6.299212598425196,169,6.653543307086614,157,6.181102362204725,350,13.779527559055119,2540
"Beaumont-Port Arthur, TX Metro Area",13140,29.8,2419,5.093167701863354,3801,8.00294767870302,5776,12.161280134751026,4999,10.525318454574165,4482,9.436782819244131,3368,7.091272765554269,2638,5.5542688704074115,4003,8.428255605853249,11197,23.57511316980735,47495
"Beaver Dam, WI Micro Area",13180,23.0,599,5.834226161488263,1604,15.622869387357555,1757,17.113080744131683,1514,14.746274471608064,778,7.577676049478913,683,6.652381416187786,524,5.103730398363689,851,8.288691925586832,1408,13.713840459725334,10267
"Beckley, WV Metro Area",13220,31.0,427,3.7844544890543292,843,7.471417176282904,1141,10.112558716653371,735,6.5142249401754855,1052,9.323761410972258,778,6.895329256403439,553,4.901178764512984,602,5.33546042719135,2576,22.830807409376938,11283
"Bedford, IN Micro Area",13260,27.7,183,4.771838331160365,354,9.230769230769232,418,10.899608865710562,558,14.55019556714472,305,7.953063885267275,452,11.786179921773142,183,4.771838331160365,236,6.153846153846154,669,17.44458930899609,3835
"Beeville, TX Micro Area",13300,30.5,146,6.101128290848307,75,3.134141245298788,244,10.19640618470539,298,12.452987881320517,249,10.405348934391977,188,7.856247388215628,52,2.173004596740493,140,5.850396991224405,666,27.831174258253238,2393
"Bellefontaine, OH Micro Area",13340,24.4,242,5.54410080183276,612,14.02061855670103,717,16.42611683848797,411,9.415807560137457,383,8.774341351660938,225,5.154639175257731,213,4.879725085910653,342,7.835051546391752,723,16.56357388316151,4365
"Bellingham, WA Metro Area",13380,34.6,815,2.418182357653621,1763,5.2309883393169745,3531,10.47681215322078,3784,11.227487167314482,3466,10.283950983591964,3021,8.963593745363914,2886,8.56303593151945,3463,10.275049698839867,9561,28.368394504940213,33703
"Bemidji, MN Micro Area",13420,26.2,298,5.4508871410279855,505,9.237241631607828,789,14.432046826413023,770,14.084507042253522,684,12.51143222974209,469,8.578745198463508,169,3.0912749222608378,290,5.304554600329248,1087,19.882933967441012,5467
"Bend, OR Metro Area",13460,29.9,1135,3.859231553893234,2038,6.9296157769466165,3629,12.339340360421627,3288,11.179870792247534,3578,12.165929955797347,2736,9.30295817749065,1623,5.518531111866712,2497,8.490309418565115,6686,22.733764025841552,29410
"Bennington, VT Micro Area",13540,35.7,155,4.351487928130264,152,4.267265581134194,320,8.983717012914093,304,8.534531162268388,287,8.057271195957327,430,12.071869736103313,224,6.288601909039865,298,8.366086468276249,1191,33.43627175743964,3562
"Big Rapids, MI Micro Area",13660,31.6,89,2.2652074319165183,348,8.857215576482567,337,8.577246118605244,441,11.224230083990836,347,8.831763807584627,412,10.486128785950624,273,6.948332909137185,163,4.14863833036396,981,24.968185288877574,3929
"Big Spring, TX Micro Area",13700,25.8,225,6.014434643143544,416,11.120021384656509,706,18.871959369152634,247,6.602512697139802,292,7.805399625768511,326,8.714247527399092,163,4.357123763699546,224,5.987703822507351,680,18.1769580326116,3741
"Billings, MT Metro Area",13740,28.7,1502,6.467168998923574,1761,7.582346609257266,3168,13.640473627556512,2539,10.932185145317545,2810,12.099031216361679,2159,9.296017222820236,1444,6.217438105489774,2236,9.627556512378902,4441,19.1216361679225,23225
"Binghamton, NY Metro Area",13780,30.4,1588,4.758195002097441,3503,10.496194642536107,3534,10.589081320788637,3491,10.460238509018998,3113,9.32762030323006,2373,7.11032540300833,1692,5.0698148259123865,2769,8.29687780907293,8733,26.16707616707617,33374
"Birmingham, AL Metro Area",13820,30.6,5788,4.271366054890153,10198,7.525810474735622,15469,11.415646424169969,13497,9.960371050942017,14597,10.772137232762883,10752,7.934645442670858,8083,5.965005497870958,10675,7.877821809943397,32690,24.124214985203714,135507
"Bishop, CA Micro Area",13860,22.5,457,17.529727656309934,277,10.62523973916379,355,13.617184503260452,157,6.022247794399693,287,11.008822401227466,266,10.203298810893747,133,5.1016494054468735,125,4.794783275795933,279,10.701956271576526,2607
"Bismarck, ND Metro Area",13900,25.0,934,6.269297892334541,1717,11.525036917707075,2361,15.84776480064438,2103,14.115988723318566,1095,7.349979863068869,969,6.504228755537655,820,5.504094509330112,1070,7.182172103638072,3122,20.955832997717813,14898
"Blackfoot, ID Micro Area",13940,26.3,305,9.838709677419356,292,9.419354838709678,310,10.0,316,10.193548387096774,461,14.870967741935484,220,7.096774193548387,76,2.4516129032258065,304,9.806451612903226,408,13.161290322580646,3100
"Blacksburg-Christiansburg-Radford, VA Metro Area",13980,29.3,1196,4.550643025644928,2958,11.254851228978008,3025,11.509778555665475,1970,7.495624381706111,2528,9.618750475610684,1409,5.361083631382695,961,3.6564949395023207,1779,6.768891256373183,6827,25.975953123810974,26282
"Bloomington, IL Metro Area",14010,26.9,1140,4.744859735286773,2860,11.903770914842255,2736,11.387663364688255,2997,12.473986514609173,2070,8.615666361441772,1272,5.294264546741031,1492,6.209939232498127,1528,6.359776908349287,4973,20.69841005577291,24026
"Bloomington, IN Metro Area",14020,35.0,798,2.853873113511194,1856,6.637579572276661,3225,11.533509763250125,2713,9.702453329518633,2250,8.0466347185466,1948,6.966597525212789,1403,5.017523782275946,2490,8.904942421858236,8861,31.68943566268507,27962
"Bloomsburg-Berwick, PA Micro Area",14100,27.8,176,2.300052273915316,892,11.657083115525353,911,11.905384213277575,800,10.454783063251437,967,12.637219027705173,732,9.566126502875065,493,6.4427600627286985,285,3.7245164662833243,1389,18.152117093570308,7652
"Bluefield, WV-VA Micro Area",14140,29.6,601,5.142465987849747,825,7.059125524086592,1018,8.710533070933515,1090,9.326602207581074,1286,11.003679301788312,1115,9.540515102250364,959,8.20569863951399,681,5.826987250791478,1850,15.82955420552751,11687
"Blytheville, AR Micro Area",14180,25.0,491,7.867328953693319,533,8.540298029161992,806,12.91459701970838,847,13.57154302195161,270,4.326229770870053,439,7.034129145970197,274,4.390322063771832,423,6.777759974363083,1276,20.445441435667362,6241
"Bogalusa, LA Micro Area",14220,34.2,175,3.2383419689119166,209,3.8675055514433754,353,6.53219837157661,317,5.866025166543301,402,7.438934122871947,590,10.917838638045891,471,8.715766099185789,534,9.88156920799408,854,15.803108808290157,5404
"Boise City, ID Metro Area",14260,28.7,2606,3.241979025415822,6419,7.9855193262256945,11282,14.035305972655909,11156,13.878556411181469,8722,10.850552977619646,8123,10.105370538546708,5545,6.898224749014095,6861,8.535386835524925,15056,18.730328552057028,80383
"Bonham, TX Micro Area",14300,25.2,87,2.77511961722488,361,11.515151515151516,434,13.843700159489632,431,13.748006379585325,312,9.952153110047847,123,3.923444976076555,82,2.615629984051037,141,4.497607655502392,679,21.658692185007975,3135
"Boone, NC Micro Area",14380,47.1,154,1.872340425531915,417,5.069908814589666,771,9.373860182370821,812,9.872340425531915,391,4.753799392097265,435,5.288753799392097,254,3.0881458966565347,553,6.723404255319148,3471,42.20060790273556,8225
"Borger, TX Micro Area",14420,26.0,104,7.8431372549019605,144,10.85972850678733,121,9.125188536953242,132,9.95475113122172,103,7.7677224736048265,33,2.48868778280543,128,9.653092006033184,58,4.374057315233785,222,16.7420814479638,1326
"Boston-Cambridge-Newton, MA-NH Metro Area",14460,30.2,29910,4.0619050076457786,55201,7.49653020150634,83904,11.394519483835222,89942,12.2145055231587,87508,11.883957987598356,66737,9.063167987136623,47750,6.484652762122566,60412,8.204206129117244,178174,24.19678578509793,736354
"Boulder, CO Metro Area",14500,34.8,1226,2.4148594614824006,3363,6.624121018731903,5478,10.79004904567748,4727,9.310799897575292,4725,9.30686048572948,4894,9.639740786700546,3035,5.97805747601883,4633,9.125647540822156,16434,32.37014713703244,50769
"Bowling Green, KY Metro Area",14540,28.3,1267,4.629494299912306,2794,10.209003215434084,3287,12.01037708272435,3052,11.151710026308097,3223,11.77652733118971,1960,7.16164864074832,1840,6.723180356620871,1627,5.94489915229465,6051,22.10976322712657,27368
"Bozeman, MT Metro Area",14580,29.4,1124,5.838657732065867,1845,9.583917718560075,2365,12.28507609994286,2105,10.934496909251468,1950,10.129343930185444,1855,9.635863072048204,1350,7.012622720897616,1325,6.88275933717729,4368,22.689730403615396,19251
"Bradford, PA Micro Area",14620,26.8,313,9.069834830483918,443,12.836858881483629,292,8.461315560707042,302,8.751086641553172,402,11.64879745001449,326,9.44653723558389,110,3.187481889307447,242,7.012460156476384,565,16.372066067806433,3451
"Brainerd, MN Micro Area",14660,27.6,503,5.959715639810426,859,10.177725118483412,1010,11.966824644549764,943,11.172985781990521,971,11.504739336492891,864,10.23696682464455,585,6.93127962085308,466,5.521327014218009,1438,17.03791469194313,8440
"Branson, MO Micro Area",14700,26.7,375,5.116659844453541,427,5.826170009551098,1351,18.433619866284623,974,13.28967116932733,762,10.397052803929595,590,8.050211488606903,448,6.112702960840497,442,6.03083640332924,1388,18.938463637604038,7329
"Brattleboro, VT Micro Area",14710,29.9,217,4.053044452745611,264,4.930892790437056,630,11.766903249906612,512,9.562943593574898,797,14.886066492342174,459,8.573029510646247,288,5.3791557713858795,529,9.880463205080314,1103,20.60141949943967,5354
"Breckenridge, CO Micro Area",14720,27.3,270,5.986696230598669,371,8.226164079822617,567,12.572062084257208,771,17.095343680709536,346,7.671840354767184,257,5.698447893569845,231,5.121951219512195,562,12.46119733924612,898,19.911308203991133,4510
"Bremerton-Silverdale-Port Orchard, WA Metro Area",14740,31.1,977,3.051313282738374,2302,7.1894812455104775,3462,10.812330178956245,3880,12.117805053249633,3883,12.127174490146475,3215,10.040913207782879,2574,8.038976857490866,2719,8.491832974171585,7350,22.955120397264125,32019
"Brenham, TX Micro Area",14780,28.5,216,5.260594252313687,381,9.279103750608865,443,10.789089137847053,447,10.886507549926936,256,6.234778373112518,488,11.885046273745738,236,5.747686312713103,186,4.529956161714564,684,16.658548465660008,4106
"Brevard, NC Micro Area",14820,28.8,201,5.538715899696886,223,6.144943510608983,379,10.443648387985672,327,9.010746762193442,552,15.210801873794432,207,5.704050702672912,122,3.3618076605125378,149,4.105814273904657,929,25.599338660788096,3629
"Bridgeport-Stamford-Danbury, CT Metro Area",14860,32.0,4341,3.6328791885649245,7631,6.386201586717102,12936,10.82582934422388,13976,11.69618049743916,14028,11.739698055099923,9951,8.327754159274262,7868,6.584541224517122,11187,9.362133029826264,31687,26.51809326147357,119492
"Brigham City, UT-ID Micro Area",14940,26.5,238,4.8591261739485505,457,9.330338913842384,509,10.391996733360555,854,17.435688035933033,505,10.310330747243773,332,6.778276847692936,355,7.247856267864434,286,5.8391180073499385,875,17.86443446304614,4898
"Brookhaven, MS Micro Area",15020,27.6,242,7.0926143024619,171,5.011723329425557,298,8.73388042203986,326,9.55451348182884,444,13.012895662368113,117,3.4290738569753807,85,2.4912075029308323,206,6.0375146541617815,643,18.84525205158265,3412
"Brookings, OR Micro Area",15060,30.9,50,1.7624250969333801,293,10.32781106802961,357,12.583715192104336,270,9.517095523440254,206,7.261191399365527,376,13.25343672893902,142,5.0052872752908,208,7.331688403242863,581,20.47937962636588,2837
"Brookings, SD Micro Area",15100,24.0,258,4.649486393944855,589,10.614525139664805,1151,20.742476121823753,786,14.16471436294828,538,9.695440619931519,479,8.632185979455757,269,4.8477203099657595,323,5.820868624977473,852,15.354117859073707,5549
"Brownsville-Harlingen, TX Metro Area",15180,30.1,2232,4.740765914062997,4027,8.553344236528536,5580,11.851914785157494,5099,10.830271234680657,4097,8.702024171109365,4050,8.602196215033665,2872,6.100125315944862,3708,7.8757885346530445,10529,22.363586160022088,47081
"Brownwood, TX Micro Area",15220,31.9,207,4.339622641509433,193,4.046121593291405,521,10.922431865828091,475,9.958071278825996,552,11.572327044025158,340,7.127882599580712,423,8.867924528301886,334,7.002096436058699,1111,23.29140461215933,4770
"Brunswick-St. Simons, GA Metro Area",15260,27.7,538,3.8688335970084857,1566,11.261326046310945,1662,11.951675535739968,1570,11.290090608370488,1666,11.98044009779951,720,5.177621170717676,964,6.932259456349778,979,7.040126564073063,2811,20.214295987343593,13906
"Bucyrus, OH Micro Area",15340,27.6,427,8.124048706240487,455,8.656773211567732,517,9.836377473363775,563,10.711567732115677,783,14.897260273972604,542,10.312024353120243,303,5.764840182648402,308,5.859969558599695,842,16.01978691019787,5256
"Buffalo-Cheektowaga, NY Metro Area",15380,30.0,7815,4.656913863480618,16322,9.726186574501682,19352,11.53174626821202,17807,10.611089592706254,17264,10.287518994130442,13303,7.927181717963233,9713,5.78792122277508,12487,7.440931978666984,42823,25.517981110151062,167815
"Burley, ID Micro Area",15420,25.9,381,8.288013922123124,676,14.705242549488798,543,11.812051337829018,286,6.2214487709375685,615,13.37829018925386,264,5.742875788557756,143,3.1107243854687843,423,9.201653252120948,672,14.618229279965195,4597
"Burlington, IA-IL Micro Area",15460,32.5,63,1.2406459235919653,404,7.955888144938952,547,10.771957463568334,522,10.279637652619142,509,10.023631350925562,408,8.034659314690822,170,3.347774714454509,318,6.26230799527373,1565,30.81922016541946,5078
"Burlington, NC Metro Area",15500,28.1,1126,4.783753929815617,2337,9.928626051491205,3369,14.313025745602856,2574,10.935508539383125,2414,10.25575664882318,1863,7.914861075707366,1120,4.758263233919619,2209,9.38482453904325,4824,20.49451950038236,23538
"Burlington-South Burlington, VT Metro Area",15540,31.4,970,3.204598764412435,1911,6.313389936899137,3531,11.665400244474545,3664,12.104793683306353,3559,11.757904126333873,2818,9.309854967128086,2031,6.709835144867686,2734,9.032343321550101,7666,25.32624136905745,30269
"Butte-Silver Bow, MT Micro Area",15580,29.8,136,3.0028703908147496,368,8.125413998675205,416,9.185250607198057,352,7.772135129167587,642,14.175314638993155,152,3.356149260322367,244,5.387502759991168,365,8.059174210642526,1098,24.24376241996026,4529
"Cadillac, MI Micro Area",15620,29.2,129,3.75,302,8.779069767441861,301,8.75,354,10.290697674418604,508,14.767441860465116,364,10.58139534883721,116,3.372093023255814,275,7.994186046511628,674,19.593023255813954,3440
"Calhoun, GA Micro Area",15660,28.4,281,4.9186066865044635,532,9.312095221424821,814,14.24820584631542,391,6.84403990897952,678,11.867670225800806,411,7.194118676702257,524,9.172063714335724,527,9.224575529494135,798,13.968142832137232,5713
"Cambridge, MD Micro Area",15700,30.3,83,1.8497882772453753,549,12.235346556719412,451,10.051259193224872,497,11.076443057722308,381,8.491196790728772,249,5.549364831736127,462,10.29641185647426,351,7.822598618230443,933,20.793403164698017,4487
"Cambridge, OH Micro Area",15740,30.2,211,4.578993055555555,592,12.847222222222221,288,6.25,357,7.747395833333333,530,11.50173611111111,262,5.685763888888888,366,7.942708333333333,414,8.984375,955,20.72482638888889,4608
"Camden, AR Micro Area",15780,27.6,186,6.917069542580885,280,10.412792859799183,356,13.239122350316102,125,4.648568240981778,215,7.9955373744886575,187,6.95425808850874,185,6.87988099665303,253,9.408702119747119,332,12.346597248047601,2689
"Campbellsville, KY Micro Area",15820,25.6,237,5.527052238805971,777,18.120335820895523,459,10.70429104477612,267,6.226679104477612,534,12.453358208955224,220,5.130597014925374,146,3.404850746268657,323,7.532649253731344,636,14.832089552238806,4288
"Cañon City, CO Micro Area",15860,26.4,264,6.2559241706161135,523,12.393364928909953,551,13.05687203791469,494,11.706161137440759,366,8.672985781990521,377,8.933649289099527,201,4.76303317535545,272,6.4454976303317535,816,19.33649289099526,4220
"Canton, IL Micro Area",15900,26.6,211,6.870726147834581,239,7.7824812764571805,323,10.517746662324976,434,14.132204493650278,226,7.359166395310973,283,9.215239335721263,238,7.7499185932920875,227,7.391729078476067,380,12.373819602735265,3071
"Canton-Massillon, OH Metro Area",15940,26.7,2860,5.568535825545172,5879,11.446651090342678,7221,14.059579439252337,5973,11.629672897196262,5657,11.014408099688474,3799,7.396806853582555,3126,6.086448598130842,3800,7.398753894080996,9306,18.119158878504674,51360
"Cape Coral-Fort Myers, FL Metro Area",15980,34.4,1284,1.5441043833804342,4131,4.967831158679574,6433,7.736155372497144,10288,12.372076243160363,9980,12.001683602910228,7970,9.584510853225904,6114,7.352534423666647,8037,9.66508327821538,24116,29.00126270218267,83155
"Cape Girardeau, MO-IL Metro Area",16020,28.1,608,4.958003751121259,1192,9.720296827856153,1520,12.395009377803147,1329,10.83747859414499,1419,11.57139362309386,981,7.999673815542689,653,5.324961265595694,801,6.531843757644948,2550,20.794259153551334,12263
"Carbondale, IL Micro Area",16060,30.9,820,7.0085470085470085,1032,8.82051282051282,1497,12.794871794871796,1123,9.598290598290598,741,6.333333333333334,1145,9.786324786324787,500,4.273504273504273,831,7.102564102564103,3135,26.794871794871796,11700
"Carlsbad-Artesia, NM Micro Area",16100,25.0,376,6.382617552198269,950,16.126294347309454,498,8.45357324732643,486,8.249872687149889,993,16.856221354608724,214,3.632659989814972,155,2.6311322356136477,338,5.737565778305891,603,10.23595314887116,5891
"Carroll, IA Micro Area",16140,26.0,116,5.304069501600366,331,15.134887974394148,379,17.329675354366714,159,7.270233196159122,187,8.550525834476453,268,12.254229538180155,130,5.944215820759031,172,7.864654778235025,306,13.991769547325102,2187
"Carson City, NV Metro Area",16180,29.8,312,3.585382670650425,776,8.917490232130545,949,10.90553895656171,1066,12.250057458055618,1154,13.261319236957023,1143,13.134911514594346,530,6.0905538956561704,548,6.2974028958860035,1956,22.477591358308434,8702
"Casper, WY Metro Area",16220,27.9,302,3.4325983177994996,871,9.899977267560809,1053,11.9686292339168,1258,14.298704250966129,1113,12.650602409638553,624,7.092521027506252,474,5.387588088201864,755,8.58149579449875,1799,20.447829052057287,8798
"Cedar City, UT Micro Area",16260,28.7,280,4.372950179603311,765,11.947524597844762,718,11.213493674839919,597,9.323754490082774,842,13.150085897235671,717,11.19787599562705,524,8.18366390754334,509,7.949398719350305,1004,15.680149929720443,6403
"Cedar Rapids, IA Metro Area",16300,27.2,1087,3.810959576482137,3148,11.036707218735756,4200,14.72495880517477,3461,12.134067243978544,3476,12.186656382568453,2243,7.86382919047786,1695,5.942572660659819,2199,7.709567717280791,5361,18.795358132033797,28523
"Cedartown, GA Micro Area",16340,31.1,397,7.172538392050587,489,8.83468834688347,598,10.803974706413731,264,4.769647696476965,619,11.18337850045167,428,7.732610659439927,464,8.383017163504968,203,3.667570009033424,1468,26.522131887985545,5535
"Celina, OH Micro Area",16380,23.4,309,9.32689405372774,543,16.389978871113794,366,11.04738907334742,374,11.288862058557198,305,9.206157561122849,198,5.976456383942046,130,3.9239360096589198,335,10.111681255659523,392,11.832176275279203,3313
"Centralia, IL Micro Area",16460,26.6,274,6.934953176411035,603,15.261958997722095,408,10.32649962034928,349,8.833206783092889,317,8.023285244241963,291,7.365223993925589,226,5.720070868134649,274,6.934953176411035,730,18.4763351050367,3951
"Centralia, WA Micro Area",16500,29.6,413,4.9467002036172,740,8.863336926578032,806,9.653850760570128,1014,12.145167085878548,867,10.384477182896156,825,9.881422924901186,359,4.2999161576236675,672,8.048868127919512,1828,21.894837705114384,8349
"Chambersburg, PA Metro Area",16540,25.7,856,5.070489278521502,2317,13.72467717095131,2063,12.220116099988152,2425,14.364411799549817,2081,12.326738538087904,1572,9.311692927378273,760,4.501836275322829,1127,6.67574931880109,2721,16.117758559412394,16882
"Champaign-Urbana, IL Metro Area",16580,31.4,1146,2.7626440383780917,3510,8.461501374089966,5034,12.13538402198544,4729,11.400125355575913,3271,7.885347861723158,2728,6.576346367098982,2353,5.672339810038088,3164,7.627404657441781,10976,26.459669254134322,41482
"Charleston, WV Metro Area",16620,28.1,1495,5.93607305936073,2153,8.548739328965654,2566,10.188604327973,2993,11.884057971014492,2156,8.560651181258686,1793,7.119317053801866,1389,5.515187611673615,1599,6.349017272185825,4967,19.722056779829263,25185
"Charleston-Mattoon, IL Micro Area",16660,26.6,584,7.249255213505462,1021,12.673783515392254,1181,14.659880834160873,775,9.620158887785502,696,8.639523336643496,554,6.876861966236346,537,6.665839126117181,544,6.752730883813307,1667,20.692651439920557,8056
"Charleston-North Charleston, SC Metro Area",16700,30.9,3604,3.5126020935264424,7175,6.993041071324145,11230,10.945205746476677,11777,11.478333755677276,11956,11.652794292508919,8319,8.108029083253737,7201,7.018381707958909,9129,8.897487378413677,24155,23.542426073565817,102602
"Charlotte-Concord-Gastonia, NC-SC Metro Area",16740,29.1,13939,3.8843311448730953,30164,8.405693712171034,46540,12.969134907984351,45872,12.78298574342626,39341,10.96301539353271,30814,8.586826881276961,23141,6.448619486584999,30503,8.500161626520125,76982,21.45229788324992,358852
"Charlottesville, VA Metro Area",16820,29.9,1144,3.7411295333398735,2734,8.940776349782531,3661,11.972268550312306,3088,10.098433565518821,3503,11.45557408679159,2453,8.021845057065306,1982,6.481572320873802,2246,7.344909905490696,7339,24.000130808724943,30579
"Chattanooga, TN-GA Metro Area",16860,28.3,3549,4.923900828280867,6203,8.60607405968617,9489,13.165087337153322,8919,12.374266409534249,7892,10.94940133468374,5100,7.075766194486452,4616,6.404262108578326,6435,8.927952051278494,14533,20.16315884401404,72077
"Cheyenne, WY Metro Area",16940,28.9,651,5.24576954069299,1134,9.137792103142626,1552,12.506043513295728,1363,10.983078162771958,1356,10.926672038678484,1290,10.394842868654312,836,6.736502820306205,920,7.413376309427881,2394,19.29089443996777,12410
"Chicago-Naperville-Elgin, IL-IN Metro Area",16980,29.2,49430,3.9394647014239617,110544,8.810119076556958,157431,12.546912146669548,156158,12.44545678423959,135896,10.830618957408673,103569,8.254226576204294,72932,5.812523560676762,99307,7.914554341580201,289949,23.108311768423555,1254739
"Chico, CA Metro Area",17020,35.1,1127,3.2801676465452005,1940,5.646428779323593,3102,9.028464986320508,3327,9.6833343035101,3838,11.170615286105129,2486,7.235578322370335,2390,6.956167413702777,3302,9.610571046044589,10269,29.88823563653298,34358
"Chillicothe, OH Micro Area",17060,30.5,447,5.167630057803469,864,9.988439306358382,1062,12.277456647398843,818,9.45664739884393,623,7.202312138728324,830,9.595375722543352,641,7.410404624277457,563,6.508670520231213,1947,22.508670520231213,8650
"Cincinnati, OH-KY-IN Metro Area",17140,28.0,12592,4.38339378833555,29601,10.304386874882514,38493,13.399775817534968,34164,11.892810148085745,31047,10.807753092952177,22003,7.65945151880139,16458,5.729184797365508,20020,6.9691505433988015,62756,21.8459546204563,287266
"Clarksburg, WV Micro Area",17220,28.2,359,4.338368580060423,707,8.54380664652568,846,10.223564954682779,837,10.114803625377643,935,11.299093655589123,671,8.108761329305135,330,3.9879154078549846,763,9.220543806646525,1243,15.021148036253775,8275
"Clarksdale, MS Micro Area",17260,32.0,48,1.1811023622047243,182,4.478346456692913,486,11.958661417322833,392,9.645669291338582,385,9.473425196850393,325,7.997047244094488,401,9.867125984251969,195,4.798228346456693,832,20.47244094488189,4064
"Clarksville, TN-KY Metro Area",17300,28.2,1938,4.219464402351404,3454,7.520139342477683,6394,13.921184411060308,6102,13.285434356629654,5085,11.071195297191379,4300,9.362072719355542,2658,5.787067276290006,3908,8.508600043544524,8452,18.401915959068145,45930
"Clearlake, CA Micro Area",17340,33.6,150,1.9574579146548348,656,8.560615946757144,803,10.478924703118883,682,8.899908651963981,741,9.669842098394884,511,6.668406629257471,875,11.418504502153205,518,6.759754665274696,1868,24.37687589716821,7663
"Cleveland, MS Micro Area",17380,33.9,117,2.516670251667025,501,10.776511077651108,325,6.99075069907507,300,6.453000645300065,428,9.206280920628092,302,6.496020649602065,328,7.05528070552807,426,9.163260916326092,1083,23.295332329533235,4649
"Cleveland, OH Metro Area",17410,28.8,13526,4.303408429284557,27299,8.685401945219514,40094,12.756236697008358,38430,12.2268213764162,34849,11.087496699108202,26678,8.487825674734099,16630,5.2909716234660795,23966,7.6249805128074595,70156,22.320709874677465,314309
"Cleveland, TN Metro Area",17420,28.6,803,5.447022113688781,1732,11.748745082078415,1247,8.458825125491792,1713,11.61986161986162,1520,10.310676977343643,1255,8.51309184642518,717,4.8636548636548635,1277,8.662325328991995,2898,19.65811965811966,14742
"Clewiston, FL Micro Area",17500,33.8,200,4.184975936388366,437,9.14417242100858,449,9.395270977191881,479,10.023017367650136,217,4.540698890981377,418,8.746599707051685,384,8.035153797865663,636,13.308223477715003,974,20.38083281021134,4779
"Clinton, IA Micro Area",17540,28.3,179,3.4278054385292993,547,10.474913826120261,562,10.762160091918807,698,13.366526235158943,665,12.734584450402146,375,7.1811566449636155,312,5.974722328609728,438,8.387590961317501,1061,20.317885867483724,5222
"Clovis, NM Micro Area",17580,29.5,410,4.142250959789857,893,9.022024651444736,1295,13.083451202263083,984,9.941402303495655,1009,10.193978581531622,872,8.809860577894524,426,4.303899777732875,821,8.294604970701151,2275,22.984441301272984,9898
"Coamo, PR Micro Area",17620,33.4,129,2.6959247648902824,119,2.4869383490073145,248,5.182863113897597,493,10.303030303030303,304,6.353187042842215,211,4.409613375130617,171,3.5736677115987465,342,7.147335423197493,858,17.93103448275862,4785
"Coco, PR Micro Area",17640,24.1,116,4.9806784027479605,122,5.2382996994418205,165,7.084585659081151,286,12.27994847574066,107,4.594246457707171,38,1.6316015457277802,33,1.4169171318162301,63,2.7050236152855303,350,15.0279089738085,2329
"Cody, WY Micro Area",17650,26.5,122,3.6559784237338926,394,11.807012286484866,415,12.436320047947259,372,11.147737488762361,470,14.084507042253522,323,9.679352712016781,89,2.667066227150135,237,7.102187593646988,467,13.994605933473178,3337
"Coeur d'Alene, ID Metro Area",17660,30.4,493,2.567307191584648,1238,6.446909337082747,2281,11.878352340780086,2261,11.774201947612353,2709,14.107170754569598,1780,9.269384991928344,1674,8.717387908139353,2104,10.956621361245638,3683,19.179294901838254,19203
"Coldwater, MI Micro Area",17740,25.3,190,4.988185875557889,477,12.522971908637437,501,13.153058545550014,471,12.365450249409292,488,12.811761617222366,159,4.174323969545812,221,5.802047781569966,295,7.7448149120504075,533,13.993174061433447,3809
"College Station-Bryan, TX Metro Area",17780,35.6,1951,3.8821235275390005,2796,5.563514804202483,4762,9.475485514167463,4992,9.933142311365808,4786,9.523241006049028,3827,7.615011142948106,3416,6.797198344476281,4381,8.717367080547596,16132,32.099649793059534,50256
"Colorado Springs, CO Metro Area",17820,31.7,2290,2.3559670781893005,5995,6.167695473251029,11146,11.46707818930041,12585,12.947530864197532,11505,11.836419753086421,9458,9.73045267489712,7540,7.757201646090535,9437,9.708847736625515,23681,24.363168724279834,97200
"Columbia, MO Metro Area",17860,29.8,950,2.837769214684709,3585,10.70884487857335,4145,12.381635152492757,4027,12.029154344774023,3241,9.68127371030857,2191,6.544791946709681,1776,5.305134868715835,3105,9.275024643785287,8631,25.781880096782867,33477
"Columbia, SC Metro Area",17900,32.2,3750,3.6420142766959644,7257,7.04802602826203,10708,10.399650366629437,10763,10.453066576020978,10246,9.950954207740494,8712,8.461127567620066,5983,5.810712377992521,8844,8.589326470159762,26981,26.20404991987569,102965
"Columbus, GA-AL Metro Area",17980,29.4,2256,4.177932516019112,4624,8.563280121485981,6842,12.670839660728175,6064,11.23004555724286,5886,10.900403718656246,4317,7.994740545946147,3249,6.01688951442646,4540,8.407718804400163,12261,22.706396533204934,53998
"Columbus, IN Metro Area",18020,27.0,605,6.098175587138393,1553,15.653663945166818,1100,11.08759197661526,862,8.688640258038504,1121,11.299264187077917,820,8.265295837113195,475,4.787823808083862,465,4.68702751738736,2122,21.388972885797802,9921
"Columbus, MS Micro Area",18060,30.4,388,4.074774207099349,945,9.924385633270322,783,8.223062381852552,924,9.703843730308758,709,7.445914723797522,651,6.836798991808443,562,5.902121403066583,682,7.162360848561226,1962,20.604914933837428,9522
"Columbus, NE Micro Area",18100,23.2,391,8.58397365532382,425,9.330406147091107,661,14.511525795828758,965,21.185510428100987,305,6.695938529088913,397,8.71569703622393,62,1.3611416026344676,300,6.586169045005488,677,14.862788144895719,4555
"Columbus, OH Metro Area",18140,27.7,12911,3.8980957873030344,30504,9.209783432413584,45494,13.735571973322303,45893,13.856038259367839,41461,12.517926530661539,26492,7.99847832059732,20059,6.056223638564911,24685,7.452907947453753,67306,20.321062277144918,331213
"Concord, NH Micro Area",18180,28.0,436,2.7217679006180164,1432,8.939384480928897,2227,13.902241088707159,2085,13.015793744927898,2453,15.31306573444035,1321,8.246457331918347,921,5.749422560709158,1535,9.582370934515264,2892,18.053561395842436,16019
"Connersville, IN Micro Area",18220,31.5,111,3.977069150841992,345,12.361160874238625,346,12.396990326048012,268,9.602293084915802,149,5.338588319598711,213,7.631673235399498,120,4.299534217126478,336,12.03869580795414,680,24.364027230383375,2791
"Cookeville, TN Micro Area",18260,28.8,469,2.569722207002356,1381,7.5667086734973426,2447,13.407484521396087,2211,12.114404690153965,2079,11.391156648950743,965,5.287381513341734,1210,6.629773711029532,1298,7.11193907183168,4079,22.34946030354501,18251
"Coos Bay-North Bend, OR Micro Area",18300,30.3,398,4.78135511773186,564,6.775588659298415,907,10.896203748197982,1008,12.109562710235464,782,9.394521864488228,659,7.916866890917829,565,6.7876021143680925,668,8.02498798654493,1839,22.092743873137916,8324
"Corbin, KY Micro Area",18340,28.0,1055,6.271922002259081,1811,10.76630402473099,1588,9.440580227097081,1003,5.962784614470007,1672,9.939956007371737,1080,6.420545746388442,712,4.232804232804233,933,5.546638130907794,3098,18.41745437251055,16821
"Cordele, GA Micro Area",18380,35.8,399,10.821806346623271,227,6.156767019256849,403,10.930295633306212,279,7.5671277461350686,170,4.6107946840249525,120,3.254678600488202,177,4.800650935720097,346,9.384323298074316,1132,30.702468131272038,3687
"Corinth, MS Micro Area",18420,26.5,365,7.387168589354381,639,12.932604735883423,663,13.418336369156043,412,8.33839303784659,349,7.06334750050597,241,4.8775551507791945,181,3.6632260675976527,496,10.038453754300749,1027,20.7852661404574,4941
"Cornelia, GA Micro Area",18460,27.4,296,7.285257199113955,319,7.851341373369432,579,14.250553777996554,409,10.066453359586513,335,8.245139059808023,301,7.408318976126014,256,6.300762983017474,232,5.710066453359587,796,19.59143490031996,4063
"Corning, NY Micro Area",18500,27.7,634,6.154144826247331,1267,12.298582799456415,1082,10.502814987381091,1060,10.289264220539701,1200,11.648223645894001,996,9.668025626092021,499,4.843719666084255,568,5.51349252572316,2064,20.034944670937683,10302
"Corpus Christi, TX Metro Area",18580,30.9,1768,2.791637718688815,5228,8.254910629697468,6686,10.557064359249669,7061,11.14918208804396,7725,12.197625213162382,4973,7.85227057411735,4648,7.339101875828964,6164,9.732836480768016,14527,22.93785132318575,63332
"Corsicana, TX Micro Area",18620,28.9,364,6.16009477068878,372,6.295481468945677,778,13.166356405483162,566,9.57860890167541,626,10.594009138602132,611,10.340159079370451,390,6.600101540023692,563,9.527838889829074,879,14.875613470976475,5909
"Cortland, NY Micro Area",18660,27.8,292,4.629042485732404,833,13.205453392517438,696,11.033608116677234,734,11.636017755231451,588,9.32149651236525,500,7.926442612555486,224,3.551046290424857,376,5.960684844641725,1533,24.302473050095116,6308
"Corvallis, OR Metro Area",18700,38.1,476,2.827610787691577,1049,6.231436378757277,1529,9.082808601639538,1642,9.754069145776405,1407,8.35808482832363,1172,6.962100510870857,846,5.025543542829987,1515,8.99964357847214,5966,35.44018058690745,16834
"Coshocton, OH Micro Area",18740,28.8,153,3.7463271302644463,480,11.753183153770813,403,9.86777668952008,382,9.353574926542606,409,10.014691478942213,240,5.8765915768854065,216,5.288932419196866,224,5.484818805093046,953,23.33496571988247,4084
"Crawfordsville, IN Micro Area",18820,28.0,109,3.1640058055152394,415,12.046444121915819,245,7.111756168359943,454,13.178519593613933,514,14.920174165457183,334,9.695210449927432,167,4.847605224963716,222,6.44412191582003,598,17.358490566037734,3445
"Crescent City, CA Micro Area",18860,30.7,52,1.8772563176895307,254,9.169675090252708,162,5.8483754512635375,291,10.505415162454874,541,19.530685920577618,171,6.173285198555957,202,7.292418772563177,148,5.342960288808665,825,29.783393501805055,2770
"Crestview-Fort Walton Beach-Destin, FL Metro Area",18880,31.5,973,2.813195709370573,2184,6.314511232544019,3458,9.997976118194698,3875,11.203631422210657,4507,13.030907566426691,4046,11.698036834648857,2989,8.641975308641975,3588,10.373839882036604,6779,19.599849654494463,34587
"Crossville, TN Micro Area",18900,23.9,447,8.241150442477876,647,11.928466076696164,568,10.471976401179942,704,12.979351032448378,404,7.448377581120943,428,7.890855457227139,185,3.410766961651918,273,5.033185840707965,767,14.140855457227138,5424
"Cullman, AL Micro Area",18980,24.7,311,3.8080078364148404,1016,12.440308558834333,1288,15.77078486592384,934,11.43626790743235,779,9.538386188318844,540,6.611975021427696,455,5.571201175462226,417,5.105914044324721,1237,15.14632055834456,8167
"Cumberland, MD-WV Micro Area",19060,29.1,563,5.4522564400542315,900,8.715862870424171,938,9.083865969397637,1043,10.100716637613791,1004,9.723029246562076,845,8.183226806120473,389,3.767189618438892,925,8.9579701723804,1947,18.85531667635096,10326
"Dallas-Fort Worth-Arlington, TX Metro Area",19100,30.5,30307,2.682457944702794,81466,7.210516346822773,138061,12.219712485683585,148697,13.161099713052144,132158,11.697240804303686,105063,9.299075429580943,81237,7.190247667331668,109475,9.689579420475084,255610,22.623917749875645,1129822
"Dalton, GA Metro Area",19140,25.5,1272,8.143405889884763,1833,11.73495518565941,1649,10.55697823303457,2142,13.713188220230474,1508,9.654289372599232,908,5.813060179257362,795,5.0896286811779765,1543,9.878361075544175,2444,15.64660691421255,15620
"Danville, IL Micro Area",19180,27.1,503,5.4167564074951535,901,9.702778376049968,1156,12.448847727762223,1212,13.051906095197072,1019,10.973508507430541,790,8.507430540598751,555,5.976739177256085,527,5.67520999353866,1755,18.8994184794314,9286
"Danville, KY Micro Area",19220,27.4,354,6.145833333333333,747,12.968750000000002,561,9.739583333333334,580,10.069444444444445,641,11.128472222222221,392,6.805555555555555,279,4.84375,311,5.399305555555555,1240,21.52777777777778,5760
"Danville, VA Micro Area",19260,27.9,1051,7.134614079152807,1335,9.062521213766885,1939,13.16271807752359,1490,10.114724051320344,1536,10.426990699884598,851,5.776932998438667,678,4.602538863620936,1218,8.268277781549115,3300,22.401737831783315,14731
"Daphne-Fairhope-Foley, AL Metro Area",19300,27.7,643,3.0243168242321623,1823,8.574385024222755,2760,12.981515450825453,3513,16.52321151403979,1530,7.196274869479328,1617,7.605474813037957,1507,7.088095574055783,1847,8.687267767273411,3910,18.39048022200273,21261
"Davenport-Moline-Rock Island, IA-IL Metro Area",19340,28.5,2035,4.388613327582489,5288,11.403924951477249,5378,11.598015958593919,4827,10.409747681690748,4979,10.737545827043347,3732,8.048307095104594,2916,6.288548630580117,3783,8.158291999137374,9156,19.74552512400259,46370
"Dayton-Kettering-Beavercreek, OH Metro Area",19430,27.6,5166,4.289308280540356,13853,11.502088194023532,16125,13.388520329793504,14677,12.186251961573909,13551,11.25133885203298,10684,8.870880694791554,7070,5.8701915492489976,8562,7.108992934182449,24314,20.187812917742594,120439
"Decatur, AL Metro Area",19460,27.2,860,5.426894680381144,1850,11.674133905471066,1734,10.942134157884773,1411,8.903893481416041,2019,12.740581813592478,1298,8.190824761784565,584,3.685240108537893,917,5.786584211522686,2774,17.504890515554994,15847
"Decatur, IL Metro Area",19500,25.7,631,4.828958444937629,1048,8.020203566235555,2015,15.420524986607484,1721,13.170582383102472,1152,8.816101630060459,1016,7.775311854289431,545,4.170811969082421,872,6.673299150531873,2144,16.407744700390296,13067
"Decatur, IN Micro Area",19540,26.0,99,4.5040946314831665,354,16.10555050045496,179,8.143767060964514,300,13.64877161055505,361,16.424021838034577,202,9.1901728844404,55,2.502274795268426,173,7.8707916287534125,284,12.92083712465878,2198
"Defiance, OH Micro Area",19580,25.4,159,4.8298906439854195,520,15.795868772782503,490,14.88456865127582,279,8.475091130012151,459,13.942891859052247,154,4.678007290400972,101,3.0680437424058327,214,6.500607533414337,586,17.800729040097206,3292
"Del Rio, TX Micro Area",19620,25.5,168,3.0335861321776814,411,7.421451787648971,843,15.222101841820152,939,16.95557963163597,585,10.56338028169014,443,7.999277717587577,267,4.821235102925243,258,4.658721560130011,934,16.865294330083064,5538
"Deltona-Daytona Beach-Ormond Beach, FL Metro Area",19660,34.0,1941,2.627944760357433,4631,6.269970213918223,7694,10.41700514486867,7586,10.270782561603033,7714,10.444083401028974,5589,7.567018683996752,5014,6.788518819388031,7738,10.476577308421337,20177,27.31789872732196,73860
"Deming, NM Micro Area",19700,30.7,171,6.107142857142857,112,4.0,237,8.464285714285715,414,14.785714285714285,216,7.7142857142857135,369,13.178571428571429,186,6.642857142857143,127,4.535714285714286,567,20.25,2800
"Denver-Aurora-Centennial, CO Metro Area",19740,30.6,10593,2.468166408425271,28037,6.532614140755152,49530,11.540477882498223,57878,13.485559840162168,55840,13.010706338758343,42227,9.838880669175296,29567,6.889103766441044,39474,9.197432342696041,100628,23.44629938138565,429185
"DeRidder, LA Micro Area",19760,28.3,163,7.074652777777778,248,10.76388888888889,166,7.204861111111111,180,7.8125,236,10.243055555555555,255,11.067708333333332,128,5.555555555555555,182,7.899305555555555,270,11.71875,2304
"Des Moines-West Des Moines, IA Metro Area",19780,27.0,3355,3.8010967098703885,8327,9.43419740777667,12452,14.107676969092722,13825,15.663237560047131,10136,11.48373062630291,8117,9.196274811927854,5412,6.13160518444666,6298,7.135411945980241,16113,18.2554608900571,88264
"Detroit Lakes, MN Micro Area",19810,28.4,110,3.440725680325305,202,6.318423522051924,360,11.260556771973725,438,13.700344072568033,415,12.980919612136377,306,9.571473256177667,76,2.37722865186112,296,9.25868001251173,584,18.26712543009071,3197
"Detroit-Warren-Dearborn, MI Metro Area",19820,30.0,20436,4.005912033025839,46501,9.115233678201927,58807,11.527484288811438,58014,11.372038592873412,52688,10.328023742222815,42836,8.396811893065907,28833,5.6519114135953235,39016,7.648006649076931,125520,24.604721001438804,510146
"Dickinson, ND Micro Area",19860,25.6,464,9.046597777344513,952,18.561123025930982,442,8.617664262039385,370,7.213881848313511,645,12.575550789627608,275,5.361668941314096,301,5.8685903684928835,325,6.336517839734841,848,16.53343731721583,5129
"Dixon, IL Micro Area",19940,24.5,173,4.835103409726104,568,15.874790385690329,465,12.996087199552822,497,13.890441587479039,292,8.16098378982672,347,9.698155394074902,163,4.555617663499162,191,5.3381777529346,616,17.216321967579653,3578
"Dodge City, KS Micro Area",19980,20.6,274,6.555023923444976,750,17.942583732057415,801,19.16267942583732,597,14.282296650717704,358,8.564593301435407,253,6.052631578947368,229,5.478468899521531,211,5.047846889952154,326,7.7990430622009566,4180
"Dothan, AL Metro Area",20020,27.8,811,4.283299883806908,2205,11.645716700116193,2209,11.666842716805746,2054,10.848209570085562,1894,10.003168902503432,1455,7.684588570824971,848,4.478715538185275,1345,7.103623111862259,3891,20.55033273476286,18934
"Douglas, GA Micro Area",20060,25.5,246,3.6283185840707963,878,12.949852507374631,633,9.336283185840708,758,11.179941002949853,344,5.073746312684365,509,7.507374631268436,340,5.014749262536873,442,6.519174041297935,950,14.011799410029498,6780
"Dover, DE Metro Area",20100,31.6,468,2.301563883151372,1183,5.817842037965968,2503,12.309432477623684,1631,8.021048490213435,3054,15.01917969902626,1898,9.334120192780565,1563,7.686633225140159,1800,8.85216878135143,4808,23.645126389298714,20334
"Dublin, GA Micro Area",20140,28.7,451,6.352112676056337,509,7.169014084507042,735,10.352112676056338,1060,14.929577464788732,454,6.394366197183099,506,7.126760563380281,467,6.577464788732394,492,6.929577464788732,1511,21.28169014084507,7100
"DuBois, PA Micro Area",20180,27.3,347,4.989933851020996,787,11.317227494966925,955,13.7331032499281,669,9.620362381363243,556,7.995398331895312,592,8.513085993672705,345,4.961173425366695,462,6.643658326143227,1323,19.02502157031924,6954
"Dubuque, IA Metro Area",20220,27.3,489,4.4903581267217625,1116,10.24793388429752,1761,16.170798898071624,1290,11.84573002754821,903,8.292011019283747,650,5.968778696051423,635,5.831037649219467,650,5.968778696051423,2651,24.343434343434346,10890
"Duluth, MN-WI Metro Area",20260,30.4,1391,4.300909034691732,2643,8.172036361387669,3330,10.296209263496383,3764,11.638117617958073,3480,10.760002473563787,2940,9.090346917321131,2006,6.202461195968091,2755,8.518335291571331,7435,22.988683445674354,32342
"Dumas, TX Micro Area",20300,21.6,196,7.08092485549133,639,23.085260115606935,306,11.054913294797688,410,14.8121387283237,146,5.27456647398844,328,11.849710982658959,100,3.6127167630057806,139,5.021676300578035,282,10.1878612716763,2768
"Duncan, OK Micro Area",20340,26.2,265,6.030951297223487,566,12.881201638598089,570,12.97223486572599,379,8.625398270368684,364,8.284023668639055,243,5.530268548020027,186,4.233045061447428,364,8.284023668639055,795,18.09285389167046,4394
"Durango, CO Micro Area",20420,30.9,345,5.120213713268032,590,8.75630750964678,639,9.48352626892253,736,10.923122588305135,666,9.884238646482636,538,7.98456515286435,340,5.046007717423568,693,10.284951024042744,1602,23.775601068566342,6738
"Durant, OK Micro Area",20460,28.3,249,3.7477423239012646,768,11.55930162552679,779,11.724864539434074,689,10.370258880192655,698,10.505719446116798,562,8.458759783263096,349,5.252859723058399,668,10.054184226369657,1127,16.962673088500903,6644
"Durham-Chapel Hill, NC Metro Area",20500,29.6,2739,2.9544057211273986,7328,7.904302710632193,10679,11.51883851621741,12996,14.018056499368994,10541,11.369985654035746,8848,9.543841482488217,5182,5.589532839314414,6997,7.547271570181967,21555,23.250169886418796,92709
"Dyersburg, TN Micro Area",20540,25.4,290,5.179496338631898,755,13.484550812645116,689,12.305768887301303,721,12.877299517771029,360,6.429719592784426,331,5.911769958921236,327,5.84032863011252,400,7.1441328808715845,1094,19.539203429183782,5599
"Eagle Pass, TX Metro Area",20580,29.4,362,6.315422191207258,800,13.956734124214934,418,7.292393579902303,502,8.757850662944872,441,7.693649685973482,564,9.839497557571528,411,7.170272156315423,431,7.519190509420795,1018,17.759944173063502,5732
"Easton, MD Micro Area",20660,30.3,120,2.710639259091936,401,9.058052857465553,455,10.277840524056923,605,13.666139597921841,424,9.577592048791507,219,4.946916647842783,259,5.850463067540095,392,8.854754913033656,1161,26.225434831714477,4427
"East Stroudsburg, PA Micro Area",20700,32.2,398,3.210195192773028,1303,10.509759638651396,1462,11.792224552347152,828,6.67849653169866,1205,9.719309566059042,1107,8.928859493466689,726,5.855783190837232,1145,9.235360542022907,3176,25.617035005646073,12398
"Eau Claire, WI Metro Area",20740,24.9,954,4.1801770221715895,3129,13.71045482429235,3670,16.080974498291123,3194,13.995267724125842,2327,10.196301814039085,1663,7.286828498816932,1257,5.507843309087723,1705,7.470861449478574,3917,17.1632635176584,22822
"Edwards, CO Micro Area",20780,36.6,197,2.90517622769503,646,9.526618492847664,384,5.662881580887775,532,7.845450523521605,748,11.030821412770978,457,6.739418964754461,559,8.243621884677776,754,11.119303937472349,1999,29.479427813006932,6781
"Effingham, IL Micro Area",20820,21.6,355,9.423944783647464,596,15.821608707194054,592,15.71542341385718,487,12.928059463764269,341,9.052296256968411,217,5.760552163525352,165,4.380143350146005,233,6.185293336872843,415,11.016724183700557,3767
"El Campo, TX Micro Area",20900,27.1,217,4.782896186907648,589,12.982146793035046,587,12.938064800528984,504,11.10866211152744,375,8.265373594886489,238,5.245757108221292,199,4.386158254353097,447,9.852325325104696,949,20.916905444126073,4537
"El Centro, CA Metro Area",20940,31.2,968,4.585070102311482,1874,8.87646835922698,1853,8.77699886320576,2270,10.75217885562713,2490,11.794240242516105,1935,9.165403561955285,1368,6.4797271693823415,1697,8.038082607048125,5409,25.620500189465705,21112
"El Dorado, AR Micro Area",20980,27.9,240,5.862237420615535,404,9.86809965803615,491,11.993160723009282,385,9.40400586223742,391,9.550561797752808,320,7.816316560820713,158,3.859306301905227,341,8.329262335124572,758,18.514899853444064,4094
"Elizabeth City, NC Micro Area",21020,31.2,428,7.961309523809524,322,5.989583333333334,338,6.2872023809523805,538,10.007440476190476,815,15.159970238095239,398,7.403273809523809,399,7.421875,741,13.783482142857142,1090,20.27529761904762,5376
"Elizabethtown, KY Metro Area",21060,23.7,1300,7.288221113415933,2220,12.446039132141056,2717,15.232382127039301,2699,15.131468296238157,1611,9.03178785670236,1357,7.607781577619555,695,3.8963951337108256,859,4.815832258787913,3006,16.852609743790996,17837
"Elk City, OK Micro Area",21120,28.7,223,8.09437386569873,71,2.577132486388385,331,12.014519056261342,162,5.88021778584392,250,9.074410163339383,176,6.388384754990925,96,3.4845735027223235,163,5.916515426497278,473,17.16878402903811,2755
"Elkhart-Goshen, IN Metro Area",21140,30.2,811,3.930406125811767,1562,7.570030047494426,2460,11.9220703692934,2335,11.316274110691092,2099,10.172530774449937,1846,8.946399147038868,1315,6.372976640496268,1452,7.036929339924397,4789,23.20926625957158,20634
"Elkins, WV Micro Area",21180,27.9,181,7.617845117845118,126,5.303030303030303,161,6.776094276094276,298,12.542087542087543,270,11.363636363636363,173,7.281144781144781,153,6.4393939393939394,74,3.1144781144781146,409,17.213804713804713,2376
"Elko, NV Micro Area",21220,22.9,396,6.748466257668712,977,16.64962508520791,825,14.059304703476483,725,12.355146557600545,371,6.322426721199727,295,5.027266530334015,338,5.760054533060668,466,7.941376959781868,845,14.40013633265167,5868
"Ellensburg, WA Micro Area",21260,32.6,298,4.0379403794037945,431,5.84010840108401,942,12.764227642276424,601,8.143631436314363,668,9.051490514905149,686,9.29539295392954,375,5.08130081300813,431,5.84010840108401,2166,29.34959349593496,7380
"Elmira, NY Metro Area",21300,31.4,294,2.7914925939992403,746,7.083175085453855,1066,10.121534371439422,1432,13.596657804785417,1200,11.393847322445879,794,7.538928978351691,580,5.507026205848842,683,6.484998101025447,3114,29.567033801747055,10532
"El Paso, TX Metro Area",21340,31.2,4408,4.086589718629768,7566,7.014323459880406,12469,11.55982014555231,12533,11.619153571594122,10756,9.97172391415195,9681,8.975107773605897,7456,6.912344133871043,10252,9.504473184072683,24847,23.03527557595142,107865
"Emporia, KS Micro Area",21380,25.9,433,7.3452078032230705,713,12.094995759117896,774,13.129770992366414,700,11.874469889737066,520,8.821034775233247,354,6.005089058524173,167,2.8329092451229854,522,8.854961832061068,1241,21.051738761662424,5895
"Enid, OK Metro Area",21420,24.6,246,2.9043683589138136,1286,15.182998819362457,1615,19.067296340023614,739,8.724911452184179,481,5.678866587957497,624,7.367178276269186,622,7.343565525383708,560,6.6115702479338845,1475,17.414403778040143,8470
"Enterprise, AL Micro Area",21460,25.8,278,4.331567466500467,791,12.324711748208165,723,11.265191648488626,833,12.979121221564348,741,11.545652851355563,379,5.905266438142723,234,3.645995637270177,292,4.5497039576191955,1216,18.94671237145528,6418
"Erie, PA Metro Area",21500,29.9,1519,4.3568048185859745,3273,9.387638032410726,4009,11.498637602179837,3687,10.57507529040585,3726,10.686935321956117,2576,7.388498494191883,2049,5.8769539652947085,2782,7.979348917252259,8713,24.990678330704146,34865
"Escanaba, MI Micro Area",21540,26.3,141,4.149499705709241,347,10.211889346674514,351,10.329605650382579,581,17.098293113596235,441,12.978222483814008,151,4.4437904649794,221,6.503825779870512,175,5.150088287227781,662,19.482048263684522,3398
"Española, NM Micro Area",21580,22.4,360,10.965580261955528,376,11.452939384709108,398,12.12305817849528,188,5.726469692354554,251,7.6454462381967705,103,3.1373743527261655,183,5.57416996649406,125,3.8074931465123365,464,14.133414559853794,3283
"Eufaula, AL-GA Micro Area",21640,24.9,211,6.696286893049826,211,6.696286893049826,405,12.853062519834973,428,13.582989527134243,245,7.775309425579182,231,7.3310060298318,165,5.236432878451285,166,5.268168835290385,425,13.487781656616946,3151
"Eugene-Springfield, OR Metro Area",21660,32.0,1824,2.815423085234464,4212,6.5014046244559,6964,10.749235946037725,7198,11.11042509184083,8271,12.766647115117463,5427,8.376809804587412,3836,5.921032321797919,6051,9.33998086006236,17585,27.14320995276757,64786
"Eureka-Arcata, CA Micro Area",21700,36.6,584,2.433434726446935,1346,5.608567023625985,2330,9.70873786407767,2252,9.383724321846744,2364,9.850410433768074,1652,6.883620150839619,1720,7.166965290220426,2752,11.467144464352682,7169,29.872078003250135,23999
"Evanston, WY-UT Micro Area",21740,20.5,53,2.7676240208877285,348,18.172323759791123,419,21.879895561357703,315,16.449086161879894,201,10.49608355091384,123,6.422976501305483,11,0.5744125326370757,103,5.3785900783289815,136,7.101827676240209,1915
"Evansville, IN Metro Area",21780,27.8,1696,5.050324578643321,3044,9.064379727234828,5061,15.07057352152939,3684,10.970162587100232,4038,12.024298731463285,2304,6.860818295515454,1769,5.267702936096718,2503,7.453397653504854,7343,21.86588053123697,33582
"Fairbanks-College, AK Metro Area",21820,29.1,666,4.805888295569346,951,6.8624621157454175,1908,13.76822052244191,1633,11.783807187184298,1696,12.238418242170587,1119,8.074758262375523,692,4.993505556357339,1604,11.574541780920768,2797,20.183287631692885,13858
"Fairmont, MN Micro Area",21860,29.4,201,8.23433019254404,178,7.2920934043424825,228,9.34043424825891,165,6.759524784924212,313,12.822613682916836,264,10.815239655878738,203,8.316263826300696,200,8.19336337566571,340,13.928717738631708,2441
"Fairmont, WV Micro Area",21900,27.3,214,3.8530788620813827,750,13.503781058696434,455,8.192293842275838,736,13.2517104789341,388,6.9859560676989565,572,10.29888368743248,292,5.257472092185813,262,4.717320849837955,993,17.87900612171408,5554
"Fallon, NV Micro Area",21980,27.0,250,8.043758043758045,266,8.558558558558559,527,16.956241956241957,270,8.687258687258687,251,8.075933075933076,422,13.577863577863578,203,6.531531531531531,149,4.794079794079794,491,15.797940797940798,3108
"Fargo, ND-MN Metro Area",22020,26.7,1905,3.980608897339992,6361,13.291681467705875,6818,14.246609691372214,5992,12.520634389953402,6099,12.744217146916856,3559,7.436738617130201,2776,5.8006143301920305,3814,7.96957602858516,8880,18.555279269490356,47857
"Faribault-Northfield, MN Micro Area",22060,28.9,266,4.723850115432428,462,8.20458177943527,564,10.01598295151838,706,12.537737524418398,817,14.508968211685314,506,8.985970520333867,298,5.292132836085953,507,9.003729355354288,1142,20.280589593322677,5631
"Farmington, MO Micro Area",22100,27.5,548,7.362622598414617,943,12.66962246406019,874,11.742576917909444,641,8.612118769313447,930,12.494961708988312,564,7.577589681580007,529,7.107349187155716,642,8.625554212011286,1255,16.8614805857853,7443
"Farmington, NM Metro Area",22140,28.6,654,5.342264335892828,1247,10.186244077765071,1040,8.495343898055873,1332,10.8805750694331,1441,11.770952458748571,989,8.078745303055056,510,4.165985950008168,1082,8.8384250939389,2349,19.188041169743506,12242
"Fayetteville, NC Metro Area",22180,30.2,1998,3.0886240319065066,4971,7.684459490794417,7452,11.519732875759402,8415,13.00839400825488,6768,10.46236609006168,5065,7.829770130934162,4374,6.7615823401196495,6115,9.452920898452597,14503,22.41957674411415,64689
"Fayetteville, TN Micro Area",22190,22.6,251,7.490301402566398,396,11.817367949865712,586,17.487317218740674,351,10.474485228290064,104,3.1035511787526113,146,4.35690838555655,332,9.907490301402566,220,6.565204416592062,450,13.428827215756492,3351
"Fayetteville-Springdale-Rogers, AR Metro Area",22220,25.0,4140,5.23573452043707,10654,13.473796033994335,11571,14.633498583569404,10194,12.892047753945771,8416,10.64346418454067,6259,7.9155706191825175,4342,5.49119789558883,5012,6.338526912181303,12481,15.784348441926346,79072
"Fergus Falls, MN Micro Area",22260,28.0,325,6.194015627977892,553,10.539355822374691,500,9.52925481227368,483,9.205260148656375,643,12.254621688583953,456,8.690680388793597,253,4.821802935010482,321,6.117781589479702,965,18.391461787688204,5247
"Findlay, OH Micro Area",22300,25.9,381,3.9113027409916845,996,10.224822913458578,1467,15.060055435786882,1511,15.511754439995892,1358,13.941073811723642,644,6.61123087978647,535,5.492249255723232,520,5.3382609588337955,1795,18.42726619443589,9741
"Fitzgerald, GA Micro Area",22340,23.8,94,3.265022577283779,327,11.358110455019103,255,8.857242097950676,542,18.825981243487323,171,5.939562348037513,219,7.606807919416464,40,1.3893713094824591,24,0.8336227856894755,509,17.679749913164294,2879
"Flagstaff, AZ Metro Area",22380,31.3,1525,6.907641436789419,1679,7.605199981881597,2000,9.05920188431399,2397,10.857453458350319,2155,9.761290030348327,1944,8.8055442315532,1570,7.1114734791864835,1702,7.709380803551206,5544,25.112107623318387,22077
"Flint, MI Metro Area",22420,31.1,2102,4.333127190270048,3833,7.901463615749329,5520,11.379097093382807,5429,11.19150690579262,4634,9.552669552669553,3521,7.258297258297258,3098,6.386312100597815,4023,8.293135435992578,12428,25.619459905174192,48510
"Florence, SC Metro Area",22500,31.5,1660,6.3873177113394135,2038,7.841779214282966,2542,9.781061218207704,2101,8.084189464773559,2259,8.692138981876948,1238,4.763553811227827,1572,6.048712917003347,2624,10.096579322020855,5911,22.744237946823656,25989
"Florence-Muscle Shoals, AL Metro Area",22520,27.0,932,4.7687269750307,2221,11.364101514531313,2155,11.02640196479738,2101,10.750102333196889,1925,9.849570200573066,1480,7.57265656979124,831,4.251944330740892,1202,6.150225133033156,3537,18.097625869832175,19544
"Fond du Lac, WI Metro Area",22540,24.8,642,5.032925682031985,1756,13.76607086861085,1752,13.734713076199437,1998,15.663217309501412,1093,8.56851677641894,977,7.659140796487927,705,5.52681091251176,1184,9.281906553778613,2006,15.72593289432424,12756
"Forest City, NC Micro Area",22580,27.1,301,4.368650217706822,639,9.274310595065312,848,12.307692307692308,832,12.075471698113208,507,7.3584905660377355,409,5.936139332365747,292,4.238026124818578,433,6.284470246734397,1408,20.43541364296081,6890
"Forrest City, AR Micro Area",22620,31.9,73,2.069160997732426,245,6.944444444444445,280,7.936507936507936,350,9.920634920634921,424,12.01814058956916,431,12.21655328798186,147,4.166666666666666,302,8.560090702947845,819,23.214285714285715,3528
"Fort Collins-Loveland, CO Metro Area",22660,32.4,1194,2.2078402366863905,2806,5.188609467455621,5711,10.560281065088757,6848,12.662721893491124,6799,12.572115384615385,4782,8.842455621301776,3671,6.788091715976331,4878,9.019970414201184,14569,26.939718934911244,54080
"Fort Dodge, IA Micro Area",22700,25.4,371,7.929044667664032,450,9.617439623851249,763,16.306903184441122,511,10.921136995084419,589,12.588159863218637,332,7.095533233596922,137,2.9279760632613807,404,8.634323573413122,737,15.751228895063047,4679
"Fort Leonard Wood, MO Micro Area",22780,23.3,269,4.032378953680108,717,10.748013791035827,1343,20.131914255733776,1070,16.03957427672013,578,8.664368160695547,414,6.205966122020687,286,4.2872133113476245,422,6.325888172687753,969,14.525558387048418,6671
"Fort Madison, IA Micro Area",22800,28.6,135,3.851640513552068,340,9.700427960057063,472,13.46647646219686,422,12.039942938659058,270,7.703281027104136,472,13.46647646219686,184,5.249643366619115,191,5.449358059914408,636,18.145506419400856,3505
"Fort Morgan, CO Micro Area",22820,27.0,170,4.415584415584416,491,12.753246753246753,594,15.428571428571427,250,6.493506493506493,494,12.831168831168831,244,6.337662337662338,266,6.909090909090909,192,4.987012987012987,700,18.181818181818183,3850
"Fort Payne, AL Micro Area",22840,26.9,149,2.470978441127695,680,11.276948590381426,845,14.013266998341626,420,6.965174129353234,547,9.071310116086236,517,8.57379767827529,271,4.494195688225539,325,5.389718076285241,841,13.9469320066335,6030
"Fort Smith, AR-OK Metro Area",22900,25.9,1398,4.587216170101064,3298,10.821630135188345,4507,14.788686179288622,4306,14.129150807192545,2488,8.163801023756397,2130,6.9891061819136375,1624,5.328783304895655,2634,8.642866517915737,5511,18.08308176926106,30476
"Fort Wayne, IN Metro Area",23060,27.2,2044,3.8520975462666316,6020,11.345218800648297,7392,13.930873318005352,7008,13.20719158719988,5468,10.30492631261543,4102,7.730579322302213,2932,5.525611548754288,4020,7.5760431193697935,10817,20.38558667219479,53062
"Frankfort, IN Micro Area",23140,25.6,93,2.859778597785978,486,14.944649446494465,396,12.177121771217712,481,14.790897908979089,409,12.576875768757686,348,10.70110701107011,129,3.9667896678966788,238,7.318573185731856,433,13.314883148831488,3252
"Frankfort, KY Micro Area",23180,27.9,612,6.042654028436019,1298,12.815955766192733,1249,12.33214849921011,1040,10.268562401263823,1035,10.219194312796208,760,7.50394944707741,757,7.47432859399684,712,7.03001579778831,2128,21.011058451816748,10128
"Franklin, KY Micro Area",23190,28.1,95,3.665123456790124,307,11.844135802469136,425,16.396604938271604,159,6.1342592592592595,265,10.223765432098766,289,11.149691358024691,106,4.089506172839506,63,2.430555555555556,589,22.723765432098766,2592
"Fredericksburg, TX Micro Area",23240,29.8,146,4.467564259485924,191,5.844553243574051,236,7.221542227662178,344,10.526315789473683,473,14.473684210526317,250,7.649938800489596,357,10.924112607099143,268,8.200734394124847,469,14.351285189718482,3268
"Freeport, IL Micro Area",23300,27.4,325,5.757307351638618,613,10.859167404782994,796,14.100974313551815,605,10.717449069973428,507,8.981399468556244,612,10.841452612931798,302,5.349867139061116,422,7.475642161204606,973,17.236492471213463,5645
"Fremont, NE Micro Area",23340,25.5,196,3.9684146588378217,1033,20.915165013160557,754,15.266248228386313,277,5.608422757643248,779,15.772423567523791,297,6.013363028953229,255,5.162988459202268,273,5.527434703381251,806,16.319092933792266,4939
"Fremont, OH Micro Area",23380,26.3,413,6.5712012728719165,586,9.32378679395386,1055,16.785998408910103,600,9.54653937947494,746,11.86953062848051,456,7.255369928400955,320,5.0914876690533015,322,5.123309466984885,1201,19.10898965791567,6285
"Fresno, CA Metro Area",23420,32.7,6025,3.7899040729674476,11482,7.222519264035225,16936,10.65324736593804,16927,10.647586098443151,15272,9.606541909105205,13703,8.619594275829533,10372,6.524296272998899,13988,8.798867746501022,43375,27.284164176757354,158975
"Gadsden, AL Metro Area",23460,30.0,449,4.368129195447028,1006,9.786944255277751,1158,11.265687323669619,1060,10.312287187469598,812,7.899601128514447,832,8.094172584881798,349,3.3952719136102734,928,9.028115575445081,2388,23.2318318902617,10279
"Gaffney, SC Micro Area",23500,29.0,180,3.082719643774619,531,9.094022949135127,766,13.118684706285322,395,6.76485699606097,678,11.611577324884397,534,9.145401609864704,269,4.606953245418736,490,8.39184791916424,979,16.76656961808529,5839
"Gainesville, FL Metro Area",23540,37.1,1323,2.3394811762833547,3351,5.925624657388905,4872,8.615232268218069,5752,10.171349755088327,4745,8.390656221817475,3869,6.841611996251172,3655,6.463192516489541,5340,9.442803840780888,18060,31.93577478736008,56551
"Gainesville, GA Metro Area",23580,30.5,1180,5.31962852763502,1898,8.556487241907854,2365,10.66179785411595,2546,11.47777477233793,2258,10.179424758813452,1558,7.023712920385898,1772,7.988459110990894,1878,8.466324046524209,5374,24.22685059958525,22182
"Gainesville, TX Micro Area",23620,27.9,188,4.154696132596685,226,4.9944751381215475,666,14.718232044198896,734,16.22099447513812,356,7.867403314917127,288,6.364640883977901,446,9.85635359116022,257,5.679558011049723,882,19.49171270718232,4525
"Galesburg, IL Micro Area",23660,32.2,312,4.972111553784861,506,8.063745019920319,654,10.422310756972111,717,11.426294820717132,506,8.063745019920319,552,8.796812749003983,425,6.772908366533864,404,6.438247011952192,1809,28.828685258964143,6275
"Gallipolis, OH Micro Area",23680,25.9,140,5.237560793116349,225,8.417508417508419,282,10.549943883277217,363,13.580246913580247,309,11.560044893378226,70,2.6187803965581744,139,5.200149644594089,161,6.0231949120838015,448,16.760194537972314,2673
"Gallup, NM Micro Area",23700,22.9,660,10.031919744642043,965,14.667882656938744,836,12.707098343213255,569,8.648730810153518,393,5.973552211582307,387,5.88235294117647,285,4.331965344277246,378,5.745554035567715,1098,16.689466484268127,6579
"Garden City, KS Micro Area",23780,19.5,695,14.63465992840598,893,18.803958728153294,757,15.940197936407666,412,8.675510633817646,332,6.9909454622025695,284,5.980206359233523,293,6.169719941040219,210,4.421983575489577,676,14.234575700147401,4749
"Gardnerville Ranchos, NV-CA Micro Area",23820,31.3,223,4.791577137945853,397,8.530296519123334,431,9.260850880962613,561,12.054146970348087,431,9.260850880962613,261,5.608079071766222,138,2.965191233347658,473,10.163300386764075,1311,28.16931671680275,4654
"Gettysburg, PA Metro Area",23900,27.4,495,5.848989719957462,737,8.70849580527,1260,14.888337468982629,779,9.204773720902754,1168,13.801252510929931,744,8.791208791208792,409,4.832801606995155,594,7.018787663948954,1492,17.62968214581118,8463
"Gillette, WY Micro Area",23940,30.8,326,8.44559585492228,282,7.305699481865285,566,14.663212435233161,219,5.673575129533679,322,8.341968911917098,234,6.062176165803109,375,9.71502590673575,420,10.880829015544041,761,19.71502590673575,3860
"Glasgow, KY Micro Area",23980,28.2,301,4.117083846259062,692,9.465189440569006,929,12.706880043769662,757,10.354260703050198,858,11.735740664751743,482,6.592805361783614,324,4.431678292983176,495,6.770619614279852,1624,22.21310354260703,7311
"Glens Falls, NY Metro Area",24020,28.7,580,4.068177035842043,1271,8.9149189871642,2003,14.049238970330363,1864,13.074279301395805,1205,8.451988496878727,1432,10.04418881952725,644,4.517079329452199,972,6.81770358420425,3270,22.93610156414393,14257
"Gloversville, NY Micro Area",24100,26.9,252,3.619649525998277,820,11.778224648089628,1115,16.01551278368285,768,11.031312841137604,647,9.293306521114623,613,8.80494110887676,294,4.222924446997989,495,7.110025854639472,1401,20.12352772191899,6962
"Goldsboro, NC Metro Area",24140,28.0,844,4.677973617115619,1870,10.364704578206407,2051,11.367919299412483,2128,11.794701252632747,1955,10.835827513579426,1585,8.78505708901452,715,3.96297527990245,1554,8.613235783172597,3433,19.027823966300854,18042
"Granbury, TX Micro Area",24180,30.4,129,2.763496143958869,515,11.032562125107113,386,8.269065981148243,553,11.846615252784918,470,10.068551842330763,373,7.990574121679519,184,3.941730934018852,485,10.389888603256212,1065,22.81491002570694,4668
"Grand Forks, ND-MN Metro Area",24220,28.4,699,3.8084341288002617,2062,11.234608259779884,2224,12.117249645853764,2528,13.773564345646724,1777,9.681813228723984,1355,7.382586902037704,1358,7.398932112890923,1548,8.434128800261522,3920,21.35774218154081,18354
"Grand Island, NE Metro Area",24260,27.5,435,4.247632067180939,1298,12.674543501611172,1413,13.797480714773949,1101,10.75090323210624,995,9.715848061712723,1210,11.815252416756177,481,4.6968069524460505,1045,10.204081632653061,1493,14.57865442827849,10241
"Grand Junction, CO Metro Area",24300,29.6,863,4.755869062052243,1581,8.712663947977516,1950,10.746169954810977,2044,11.264190455196738,2103,11.589330982034609,1289,7.103493882949411,1307,7.202689297916896,1609,8.866967926815828,4038,22.252838091039347,18146
"Grand Rapids, MN Micro Area",24330,33.5,158,4.727707959305805,239,7.151406343506881,277,8.288450029922203,258,7.719928186714542,339,10.143626570915618,363,10.861759425493716,287,8.587672052663075,161,4.817474566128067,966,28.904847396768403,3342
"Grand Rapids-Wyoming-Kentwood, MI Metro Area",24340,29.1,3520,3.1391574216102454,10079,8.988513537616381,14705,13.114008489993937,14485,12.917811151143296,12297,10.966539435665108,9916,8.84314914564977,7436,6.631470053151643,9091,8.107409124959869,24303,21.673563300395962,112132
"Grants Pass, OR Metro Area",24420,33.4,437,4.248080101098474,649,6.308933605521531,1167,11.344415281423155,763,7.417128414503743,1006,9.779333138913191,1180,11.470788373675513,745,7.242150286769709,1023,9.944590259550889,2692,26.168951103334305,10287
"Great Bend, KS Micro Area",24460,24.9,325,9.417560127499277,322,9.330628803245435,331,9.591422776006954,629,18.226600985221676,273,7.910750507099391,295,8.54824688496088,217,6.288032454361055,299,8.664155317299334,500,14.488554042306578,3451
"Great Falls, MT Metro Area",24500,27.5,536,5.144447643727805,906,8.695652173913043,1465,14.060850369517228,1288,12.362030905077264,1244,11.939725501487667,925,8.878011325463095,557,5.346002495441021,860,8.254151070160285,1830,17.56406564929456,10419
"Greeley, CO Metro Area",24540,33.1,865,2.9476912591582893,1926,6.56329868802181,2646,9.016868291020618,3672,12.513204975293919,3001,10.226614414721418,2635,8.97938319986369,2190,7.462940875788039,2970,10.12097461237008,7549,25.724995740330552,29345
"Green Bay, WI Metro Area",24580,25.3,2383,5.568017197065283,5851,13.67119958876583,6559,15.325482499182206,5232,12.22487032104304,4241,9.90934155801673,3735,8.727043319781298,2158,5.042291695873638,2994,6.995654002523483,7481,17.47978877517641,42798
"Greencastle, IN Micro Area",24600,27.6,266,7.195022991614823,335,9.061401136056261,539,14.5793886935353,308,8.331079253448742,513,13.876115769542874,389,10.5220449012713,351,9.494184473897754,508,13.740870976467406,230,6.221260481471464,3697
"Greeneville, TN Micro Area",24620,24.1,562,8.303782505910165,708,10.460992907801419,781,11.539598108747045,599,8.85047281323877,500,7.387706855791961,281,4.151891252955083,367,5.4225768321513,388,5.732860520094563,887,13.10579196217494,6768
"Greenfield, MA Micro Area",24640,33.8,477,4.843623070674249,545,5.534118602761982,1046,10.62144597887896,968,9.82940698619009,953,9.677091795288383,750,7.615759545085296,542,5.503655564581641,1118,11.35255889520715,2710,27.518277822908203,9848
"Greensboro-High Point, NC Metro Area",24660,29.6,4684,4.1537342816097045,10663,9.455864356277601,13561,12.025787914797013,13128,11.641806927620028,10798,9.575581292233474,10113,8.968128691272192,7614,6.7520351879112495,10083,8.941524927726443,23342,20.699501622829576,112766
"Greensburg, IN Micro Area",24700,21.9,160,6.132617861249521,439,16.826370256803372,399,15.293215791490994,422,16.17477960904561,146,5.596013798390188,116,4.446147949405903,86,3.2962821004216174,95,3.641241855116903,457,17.516289766193943,2609
"Greenville, MS Micro Area",24740,31.9,403,5.409395973154362,532,7.140939597315437,760,10.201342281879194,669,8.979865771812081,630,8.456375838926174,655,8.791946308724832,445,5.973154362416108,400,5.369127516778524,1989,26.69798657718121,7450
"Greenville, NC Metro Area",24780,28.8,2071,5.749583564686286,3251,9.025541365907829,4812,13.359244863964465,4215,11.701832315380344,3206,8.900610771793447,2955,8.203775680177678,1900,5.274847307051638,2583,7.1710161021654635,8524,23.664630760688507,36020
"Greenville, OH Micro Area",24820,24.0,378,6.328478151682572,914,15.30219320274569,873,14.61577096936213,668,11.183659802444334,606,10.145655449522852,502,8.404486857525532,205,3.4321111669177964,467,7.818516658295664,785,13.14247446844132,5973
"Greenville-Anderson-Greer, SC Metro Area",24860,29.8,4534,4.1049134020805225,9577,8.670656297248604,13047,11.812264039908376,13162,11.916380723022462,11241,10.177179433786316,9544,8.64077933600717,7388,6.6888178682335475,8690,7.867599793577358,25177,22.79431070228966,110453
"Greenwood, MS Micro Area",24900,30.3,221,4.069981583793739,503,9.263351749539595,549,10.11049723756906,353,6.500920810313075,548,10.09208103130755,600,11.049723756906078,117,2.154696132596685,385,7.0902394106813995,1145,21.086556169429098,5430
"Greenwood, SC Micro Area",24940,29.0,473,4.078289360234523,823,7.096051043283325,1089,9.389549922400414,1405,12.114157613381618,1306,11.26056216589067,939,8.09622348680807,756,6.518365235385411,601,5.1819279186066565,2265,19.52922917744439,11598
"Grenada, MS Micro Area",24980,27.0,262,6.208530805687204,444,10.52132701421801,596,14.123222748815165,384,9.09952606635071,273,6.469194312796208,430,10.189573459715639,110,2.6066350710900474,327,7.748815165876777,764,18.104265402843602,4220
"Guayama, PR Metro Area",25020,27.3,373,4.948262138498275,734,9.737330856991244,442,5.863624303528788,680,9.020960466967365,521,6.911647651897054,377,5.0013266118333775,197,2.613425311753781,399,5.293181215176439,1221,16.19793048553993,7538
"Gulfport-Biloxi, MS Metro Area",25060,29.8,1515,2.8293958352787376,5417,10.11672425063031,5475,10.225044355215239,6949,12.977869082080492,4939,9.224017181809693,4152,7.754225417872817,3069,5.731627602950788,5131,9.582594079746007,11565,21.59865533663274,53545
"Guymon, OK Micro Area",25100,26.5,39,1.8562589243217515,170,8.09138505473584,410,19.51451689671585,218,10.376011423131843,167,7.948595906711089,248,11.803902903379344,18,0.8567348881485007,107,5.092812946216087,397,18.89576392194193,2101
"Hagerstown-Martinsburg, MD-WV Metro Area",25180,29.1,1397,4.153658609104154,2795,8.310290488508311,4145,12.324205393512324,3922,11.66116611661166,4085,12.145809175512145,3523,10.474831266910476,2275,6.764189932506764,2142,6.368744982606368,6913,20.554217583920554,33633
"Hailey, ID Micro Area",25200,26.6,90,3.088538091969801,229,7.858613589567605,257,8.81949210706932,512,17.57035003431709,453,15.54564172958133,335,11.496225120109816,45,1.5442690459849004,245,8.407687028140014,299,10.260809883321894,2914
"Hammond, LA Metro Area",25220,33.5,910,6.365862189576775,741,5.183630640083946,1404,9.82161594963274,1376,9.62574326687653,1107,7.743966421825814,885,6.190975865687303,710,4.966771598461,1205,8.429520811472543,3993,27.932843651626442,14295
"Hanford-Corcoran, CA Metro Area",25260,29.8,575,2.909919028340081,1908,9.65587044534413,1864,9.433198380566802,2983,15.096153846153845,2014,10.192307692307692,1761,8.911943319838056,1259,6.371457489878543,1625,8.223684210526317,4514,22.844129554655872,19760
"Hannibal, MO Micro Area",25300,24.1,334,8.45997973657548,457,11.57548125633232,502,12.715298885511652,566,14.336372847011145,376,9.523809523809524,206,5.2178318135764945,152,3.850050658561297,216,5.47112462006079,696,17.62917933130699,3948
"Harrisburg-Carlisle, PA Metro Area",25420,26.9,3744,4.827479498684821,7669,9.888338748775078,11161,14.390891742740731,10443,13.465109082469443,9011,11.618701325493836,5607,7.229614730001548,4383,5.651400278508432,6139,7.915570684408685,14784,19.062354943524678,77556
"Harrison, AR Micro Area",25460,25.0,497,9.262020126723817,362,6.746179649645918,706,13.15691390234812,615,11.461051062243758,363,6.764815505031681,468,8.721580320536711,269,5.013045098770034,315,5.8702944465150955,765,14.256429370108087,5366
"Harrisonburg, VA Metro Area",25500,27.1,855,4.655848399041603,1796,9.78000435634938,2741,14.925942060553258,2091,11.386408189936834,2248,12.241341755608799,1368,7.449357438466565,714,3.8880418209540406,1133,6.169679808320627,3943,21.471357002831624,18364
"Hartford-West Hartford-East Hartford, CT Metro Area",25540,30.0,6033,3.945741960379074,12956,8.473567518427197,17729,11.595236070870312,17913,11.715576949489533,16773,10.969986723261762,12410,8.116469041654948,9779,6.39572528270296,11918,7.794687996651383,37259,24.368373893877656,152899
"Hastings, NE Micro Area",25580,28.5,259,5.3947094355342635,531,11.06019579254322,574,11.955842532805667,645,13.43470110393668,316,6.581962091230993,403,8.394084565715476,206,4.290772755675901,413,8.602374505311392,1116,23.245157258904396,4801
"Hattiesburg, MS Metro Area",25620,30.7,968,4.470925130478961,1894,8.74786384000739,2652,12.248856865733684,1715,7.921112188813449,1840,8.498452727356703,1716,7.925730913121795,1264,5.838067525749388,2128,9.828645328160363,4425,20.437855064431204,21651
"Hays, KS Micro Area",25700,31.1,266,5.81039755351682,507,11.07470511140236,489,10.681520314547837,474,10.35386631716907,315,6.8807339449541285,495,10.812581913499345,260,5.679335954565312,374,8.169506334643948,1149,25.09829619921363,4578
"Heber, UT Micro Area",25720,26.4,329,6.126629422718808,458,8.528864059590315,565,10.521415270018622,888,16.53631284916201,399,7.430167597765363,454,8.45437616387337,348,6.4804469273743015,354,6.592178770949721,903,16.81564245810056,5370
"Helena, MT Metro Area",25740,26.5,862,8.10759969902182,885,8.32392776523702,1387,13.045522949586156,1422,13.374717832957112,1118,10.515425131677954,943,8.869450714823175,471,4.4300225733634315,1027,9.659518434913469,1667,15.6790820165538,10632
"Hemlock Farms, PA Micro Area",25770,31.4,115,3.4596871239470515,231,6.949458483754513,359,10.800240673886883,530,15.944645006016847,239,7.190132370637786,184,5.535499398315283,174,5.234657039711191,271,8.152827918170878,947,28.48977135980746,3324
"Henderson, KY Micro Area",25775,26.5,598,7.556229466767754,895,11.309072529694213,947,11.966135961587062,920,11.62496841041193,797,10.070760677280768,525,6.633813495072024,439,5.547131665403083,571,7.21506191559262,1522,19.231741218094516,7914
"Henderson, NC Micro Area",25780,30.8,271,3.9521656701181276,509,7.423071313985707,645,9.406445967624325,1006,14.671138982062127,439,6.402216712848184,758,11.05439696660347,337,4.914685722619221,469,6.839725827621408,1548,22.57547032229838,6857
"Hereford, TX Micro Area",25820,21.9,199,9.77886977886978,369,18.13267813267813,240,11.793611793611793,333,16.363636363636363,136,6.683046683046682,107,5.257985257985258,40,1.9656019656019657,66,3.2432432432432434,384,18.86977886977887,2035
"Hermiston-Pendleton, OR Micro Area",25840,25.6,585,5.560307955517536,1336,12.698412698412698,1417,13.468301492253588,1358,12.907518296739854,947,9.001045527991636,1134,10.778443113772456,582,5.531793555745652,556,5.28466875772265,1692,16.08212147134303,10521
"Hermitage, PA Micro Area",25850,27.7,768,6.060127830821432,1300,10.258028880296694,1333,10.518424998027303,1462,11.53633709461059,1424,11.236487019648072,899,7.093821510297483,765,6.036455456482285,897,7.078039927404718,2435,19.214077171940346,12673
"Hickory-Lenoir-Morganton, NC Metro Area",25860,25.0,2179,5.749492071030898,5187,13.686376949259873,4424,11.673131217182512,4839,12.768146916805193,3726,9.83139396817858,3012,7.947439246418112,1606,4.237578827937413,2583,6.815483258133461,5620,14.828887305733659,37899
"Hillsdale, MI Micro Area",25880,27.2,165,4.867256637168142,482,14.218289085545724,330,9.734513274336283,278,8.200589970501476,491,14.48377581120944,279,8.230088495575222,113,3.3333333333333335,282,8.31858407079646,518,15.280235988200591,3390
"Hilo-Kailua, HI Micro Area",25900,30.2,600,3.0573248407643314,2013,10.257324840764332,2006,10.221656050955415,1935,9.859872611464967,1967,10.022929936305733,1581,8.056050955414012,1101,5.610191082802548,1375,7.006369426751593,4561,23.24076433121019,19625
"Hilton Head Island-Bluffton-Port Royal, SC Metro Area",25940,29.9,893,4.039809997738068,1597,7.224609816783534,2225,10.065596019000226,2322,10.504410766794843,2895,13.096584483148611,1683,7.613662067405564,1617,7.3150870843700515,2200,9.952499434517078,4317,19.5295182085501,22105
"Hinesville, GA Metro Area",25980,29.6,394,2.8427128427128427,995,7.178932178932179,1266,9.134199134199134,1890,13.636363636363635,1987,14.336219336219337,1389,10.021645021645021,1643,11.854256854256855,1013,7.308802308802309,2183,15.75036075036075,13860
"Hobbs, NM Micro Area",26020,28.4,454,6.056563500533619,582,7.764140875133404,958,12.780149413020277,650,8.67129135538954,649,8.65795090715048,587,7.830843116328709,464,6.189967982924227,419,5.589647812166489,1414,18.86339381003202,7496
"Holland, MI Micro Area",26090,28.7,233,3.714331260959668,541,8.624262713215368,647,10.314044316913758,605,9.64450820978798,816,13.008130081300814,497,7.922843934321697,407,6.488123704766459,574,9.15032679738562,938,14.952973059142355,6273
"Homosassa Springs, FL Metro Area",26140,33.0,224,2.118804388951949,653,6.176693151721529,1077,10.187287173666288,1138,10.764283011729097,1053,9.960272417707152,847,8.011729095724556,707,6.687476352629587,675,6.384790011350738,2916,27.582292849035188,10572
"Hood River, OR Micro Area",26220,29.0,114,3.959708232025009,96,3.334491142757902,382,13.268496005557484,292,10.142410559221952,345,11.983327544286212,228,7.919416464050018,101,3.5081625564432097,164,5.696422368878083,596,20.701632511288643,2879
"Hot Springs, AR Metro Area",26300,26.8,528,3.921277385815076,1301,9.662086891942073,2222,16.50204233197178,1667,12.380245079836612,702,5.2135165243223165,1139,8.458967694021537,757,5.6219829186780546,842,6.2532491645005575,2785,20.683252877831414,13465
"Houghton, MI Micro Area",26340,32.3,239,5.69861707200763,290,6.914639961850262,218,5.197901764425369,483,11.516452074391989,455,10.848831664282308,364,8.679065331425846,271,6.461611826418694,361,8.60753457319981,1017,24.248927038626608,4194
"Houma-Bayou Cane-Thibodaux, LA Metro Area",26380,28.9,1381,7.212618164725544,1709,8.925680263226615,2039,10.649187862328303,1922,10.03812607719225,1261,6.585888128688568,832,4.345328249856374,1264,6.601556379589492,1060,5.5361153183266305,4581,23.9254191257116,19147
"Houston-Pasadena-The Woodlands, TX Metro Area",26420,31.2,29902,2.962996727048963,75115,7.44316430848381,114944,11.389829971035919,126953,12.579804812020837,110151,10.914890391317316,88583,8.777711827709796,69959,6.932254967146627,94195,9.333806324138088,245292,24.30604618993025,1009181
"Hudson, NY Micro Area",26460,31.8,421,6.547433903576982,574,8.926905132192847,582,9.051321928460341,557,8.662519440124417,473,7.356143079315708,437,6.796267496111976,325,5.05443234836703,417,6.485225505443235,1734,26.96734059097978,6430
"Huntingdon, PA Micro Area",26500,24.3,172,5.004364271166716,607,17.660750654640676,338,9.834157695664823,403,11.72534186790806,334,9.717777131219087,172,5.004364271166716,184,5.3535059645039285,153,4.451556590049462,561,16.322374163514695,3437
"Huntington, IN Micro Area",26540,26.7,147,4.0518191841234845,414,11.411245865490628,494,13.616317530319735,357,9.840132304299889,549,15.132304299889746,285,7.855567805953694,235,6.477398015435501,263,7.249173098125689,462,12.734288864388093,3628
"Huntington-Ashland, WV-KY-OH Metro Area",26580,29.8,1525,3.7686889904856047,3268,8.076115161250463,4680,11.565550475719757,4326,10.690720375633262,3282,8.110712961818855,3074,7.5966884962313115,2201,5.439268503645126,2472,6.108983071790436,9059,22.38724823921908,40465
"Huntsville, AL Metro Area",26620,27.0,2689,4.501623865805069,7656,12.816821240834367,7183,12.024977399805806,8074,13.516590216627048,5471,9.158937958281715,5072,8.490976663206883,3286,5.5010546757290655,4301,7.200254461445743,11814,19.777681052666825,59734
"Huntsville, TX Micro Area",26660,36.3,234,2.1680718984527005,530,4.9105901973501345,1121,10.386361530621699,907,8.40359492263504,1219,11.294357453905308,704,6.522746224404708,934,8.653757064764198,1073,9.941628833503197,3206,29.70443806170666,10793
"Huron, SD Micro Area",26700,27.1,109,4.8922800718132855,263,11.804308797127469,282,12.657091561938957,264,11.8491921005386,289,12.971274685816875,249,11.175942549371634,94,4.21903052064632,77,3.4560143626570916,456,20.46678635547576,2228
"Hutchinson, KS Micro Area",26740,27.1,281,3.6007175807278315,1131,14.492567913890312,945,12.109174782162993,832,10.661199384930804,798,10.225525371604306,544,6.970784213223988,278,3.562275756022552,740,9.482316760635571,1498,19.19528446950282,7804
"Hutchinson, MN Micro Area",26780,24.6,117,3.517739025856885,482,14.491882140709562,463,13.92062537582682,542,16.29585087191822,313,9.410703547805172,297,8.929645219482863,148,4.449789536981359,165,4.960914010823812,602,18.09981960312688,3326
"Idaho Falls, ID Metro Area",26820,26.4,490,3.4287313693933243,1479,10.349170806801483,2168,15.170386956825974,1986,13.896858162479884,1731,12.112518368203764,899,6.29067245119306,1215,8.501854313903856,1051,7.3542789168007845,2202,15.408298929396125,14291
"Indiana, PA Micro Area",26860,28.5,577,6.186340731210464,1056,11.321968478610486,919,9.853114613487723,862,9.24198563310818,999,10.710839498230943,719,7.7088024016296774,501,5.371502090704407,717,7.687359279511097,1887,20.23158571888067,9327
"Indianapolis-Carmel-Greenwood, IN Metro Area",26900,29.1,10324,3.729526259130548,23820,8.604931760217905,36068,13.029499526764878,36426,13.158826376897457,30506,11.020237123308457,24963,9.017838435361861,17954,6.485849908604209,21817,7.881351646207977,60939,22.014103129131776,276818
"Iowa City, IA Metro Area",26980,32.4,1004,3.569650856858423,2394,8.511697361871578,3001,10.669842850032,3273,11.636919576192845,2566,9.123231174002703,2498,8.88146199246249,1606,5.710019199317357,2571,9.141008319704188,7965,28.318993102467466,28126
"Iron Mountain, MI-WI Micro Area",27020,27.3,235,9.923986486486488,240,10.135135135135135,235,9.923986486486488,216,9.121621621621621,294,12.41554054054054,221,9.33277027027027,58,2.449324324324324,185,7.8125,443,18.70777027027027,2368
"Ithaca, NY Metro Area",27060,36.1,522,2.6128741615777358,1266,6.336970667734508,1848,9.250175192711984,1673,8.374211632796076,2054,10.281309440384423,1510,7.558314145560116,1290,6.457102813094403,1599,8.003804184603064,6545,32.761037140854945,19978
"Jackson, MI Metro Area",27100,29.0,942,6.086057630184778,1230,7.9467631476935,2056,13.283369944437265,1496,9.665331438170305,1824,11.78446827755524,883,5.704871430417366,891,5.756557694792609,1299,8.392557177929966,3755,24.260240341129343,15478
"Jackson, MS Metro Area",27140,31.9,2056,2.6719342932889747,5710,7.420595726984456,7303,9.490824972708841,7805,10.14321359879399,8128,10.562977595259136,7450,9.681863076363257,4761,6.187295316317513,6138,7.976815511774185,18399,23.91095285127619,76948
"Jackson, TN Metro Area",27180,30.9,709,2.871026523587771,2720,11.014375379631504,2383,9.649726665316866,2823,11.431463859080786,1927,7.803199028143348,2072,8.390362421542823,1311,5.3087669568738605,1911,7.738408584733751,6007,24.324762097590604,24695
"Jackson, WY-ID Micro Area",27220,23.6,594,13.101014556682841,536,11.821790913101013,674,14.865460961623292,403,8.888398764887516,435,9.594177326863697,333,7.344508160564622,235,5.183061314512571,268,5.910895456550507,709,15.637406263784737,4534
"Jacksonville, FL Metro Area",27260,31.9,6965,3.212045748016971,14127,6.514941892639735,24603,11.346153846153847,25186,11.61501567976388,22559,10.403523335178011,21749,10.029976019184653,14331,6.60902047592695,20430,9.42169341449917,53770,24.7970854085962,216840
"Jacksonville, IL Micro Area",27300,23.4,256,6.174626145682586,505,12.180414857694164,671,16.184273999035213,702,16.931982633863964,406,9.792571152918475,365,8.803666184273998,325,7.838880849011096,153,3.6903039073806077,446,10.75735648818138,4146
"Jacksonville, NC Metro Area",27340,29.8,606,2.1407376006782535,2230,7.877631764872121,2745,9.696905468418821,4286,15.140596297866328,3456,12.208562950402712,2622,9.262399321746503,1408,4.973858979793698,2704,9.552070086194716,6280,22.1845414723753,28308
"Jacksonville, TX Micro Area",27380,26.5,280,5.679513184584178,572,11.602434077079108,312,6.328600405679513,514,10.425963488843813,348,7.0588235294117645,239,4.847870182555781,177,3.5902636916835697,326,6.612576064908722,795,16.12576064908722,4930
"Jamestown, ND Micro Area",27420,26.5,172,5.088757396449704,357,10.562130177514794,577,17.071005917159763,423,12.514792899408283,184,5.44378698224852,353,10.44378698224852,99,2.9289940828402368,224,6.627218934911243,780,23.076923076923077,3380
"Jamestown-Dunkirk, NY Micro Area",27460,30.6,696,4.197322397780726,1717,10.354601374984924,1984,11.964781087926667,1519,9.160535520443855,1511,9.112290435411891,1520,9.16656615607285,937,5.650705584368593,1226,7.393559281148233,4132,24.918586419008566,16582
"Janesville-Beloit, WI Metro Area",27500,26.7,935,4.77869774097925,2003,10.237146069712768,2711,13.855667995502403,2895,14.796074823673719,1944,9.935602575896963,1740,8.892977614228764,1044,5.335786568537258,1401,7.1603802514566075,3733,19.079014617193092,19566
"Jasper, IN Micro Area",27540,22.8,509,12.055897678825202,630,14.921837991473236,469,11.108479393652297,631,14.945523448602557,472,11.179535765040265,162,3.837044054950261,290,6.868782567503552,81,1.9185220274751305,668,15.821885362387494,4222
"Jefferson, GA Micro Area",27600,25.8,253,4.640498899486427,580,10.638297872340425,953,17.47982391782832,530,9.721203228173147,526,9.647835656639765,417,7.648569332355098,152,2.7879677182685256,441,8.088774761555392,944,17.31474688187821,5452
"Jefferson City, MO Metro Area",27620,22.7,1093,6.779555886366456,2242,13.906463217963033,3079,19.098126783277507,1838,11.400570648802878,1594,9.88711078030021,907,5.6258528718521275,877,5.439771740478848,748,4.6396228755737505,2467,15.302071703262623,16122
"Jesup, GA Micro Area",27700,24.2,199,5.285524568393094,371,9.853917662682603,654,17.37051792828685,424,11.261620185922974,193,5.126162018592297,202,5.365205843293492,214,5.683930942895087,141,3.745019920318725,766,20.345285524568393,3765
"Johnson City, TN Metro Area",27740,28.6,1531,5.392743923916872,2686,9.461077844311378,3254,11.461782317717507,2721,9.584360690383937,3056,10.764353645649877,2069,7.287777386403663,1451,5.110954561465305,2316,8.157802042972879,5705,20.095103909827404,28390
"Johnstown, PA Metro Area",27780,27.9,802,5.953087885985748,1266,9.397268408551069,1418,10.525534441805226,1408,10.451306413301662,1743,12.937945368171022,955,7.088776722090261,550,4.082541567695961,883,6.554334916864608,2756,20.457244655581945,13472
"Jonesboro, AR Metro Area",27860,30.6,631,3.009060562708631,2126,10.138292799237005,2215,10.56270863137816,2475,11.802575107296137,1596,7.6108726752503575,1896,9.041487839771102,1256,5.989508822126848,1793,8.550309966618979,4580,21.84072484501669,20970
"Joplin, MO-KS Metro Area",27900,28.7,1307,5.220899576575857,2246,8.971798354238237,3417,13.649436765998244,2422,9.67484221458816,2557,10.214108812015658,2298,9.17951585843253,1451,5.796117280498522,1914,7.645601981305425,4926,19.67723895502117,25034
"Juneau, AK Micro Area",27940,24.8,104,2.2241231822070144,743,15.889649272882805,594,12.70316509837468,812,17.365269461077844,474,10.136869118905047,345,7.378100940975192,270,5.774165953806673,264,5.645851154833191,832,17.792985457656115,4676
"Kahului-Wailuku, HI Metro Area",27980,32.6,836,4.299305734121883,1439,7.4003599897145795,1816,9.33916173823605,1584,8.146052969915145,2036,10.470557984057598,1681,8.644895860118282,1199,6.166109539727437,1739,8.943173052198508,4852,24.952429930573413,19445
"Kalamazoo-Portage, MI Metro Area",28020,29.9,1723,4.498342166409942,2873,7.500717959428766,4744,12.385452836592433,4682,12.223585619925332,4064,10.610134976372608,2890,7.5451009059342615,2713,7.0829961099652765,3360,8.772158838733258,9026,23.564733832859044,38303
"Kalispell, MT Micro Area",28060,30.7,370,3.271730480148554,867,7.666460341321072,1336,11.813599787779644,1321,11.68096206561146,1107,9.788663896012025,1519,13.431779998231496,892,7.88752321160138,467,4.129454416836148,2574,22.760633124060483,11309
"Kankakee, IL Metro Area",28100,29.5,643,5.03484456972829,1230,9.631195677707307,1250,9.787800485474904,1802,14.110093179860622,1025,8.025996398089422,1125,8.809020436927414,614,4.807767598465273,1155,9.043927648578812,2843,22.26137342416412,12771
"Kansas City, MO-KS Metro Area",28140,27.9,10786,3.5528296479780233,28741,9.467075552803296,41864,13.789695937599847,41901,13.80188346745106,35062,11.549166801168685,26623,8.769421816996005,18166,5.983747764247058,23985,7.900483877874363,60296,19.861062159696168,303589
"Kapaa, HI Micro Area",28180,29.9,580,7.555034518692197,489,6.369675654552559,923,12.022925621987754,871,11.345577699622249,547,7.125179106421779,688,8.961834049759021,411,5.353653771004298,835,10.876644522599973,1452,18.9136381398984,7677
"Kearney, NE Micro Area",28260,24.9,596,8.010752688172044,730,9.811827956989246,1120,15.053763440860216,1035,13.911290322580644,781,10.49731182795699,393,5.282258064516129,347,4.663978494623656,493,6.626344086021506,1416,19.032258064516128,7440
"Keene, NH Micro Area",28300,28.4,356,3.9263262380059554,655,7.223999117679497,1161,12.804676298665491,1189,13.113488474688431,1248,13.764199845593911,802,8.845263041799933,539,5.944634388441601,743,8.194551670894452,1702,18.771368699680156,9067
"Kendallville, IN Micro Area",28340,26.4,267,6.251463357527511,426,9.974244907515804,512,11.987824865371108,636,14.891126199953172,396,9.271833294310467,673,15.757433856239755,196,4.589089206274878,217,5.080777335518614,573,13.416061812221963,4271
"Kennett, MO Micro Area",28380,27.7,181,4.242850445382091,456,10.68917018284107,397,9.306141584622598,485,11.36896390060947,576,13.502109704641349,268,6.282231598687295,288,6.751054852320674,400,9.376465072667605,608,14.252226910454757,4266
"Kennewick-Richland, WA Metro Area",28420,29.0,1512,4.599099647159022,3489,10.612604939773696,3496,10.633897067769801,4088,12.434602749726244,3654,11.114490813967635,2910,8.851441781238593,2006,6.101715537169972,3210,9.763961552500303,6583,20.023725514052803,32876
"Kenosha, WI Metro Area",28450,28.6,1031,4.710343567251462,2380,10.873538011695906,2684,12.262426900584796,2382,10.882675438596491,2506,11.449195906432749,1459,6.665752923976608,1399,6.391630116959064,1797,8.209978070175438,4974,22.724780701754383,21888
"Kerrville, TX Micro Area",28500,28.2,351,5.3230209281164695,703,10.661207158022444,649,9.842280861389142,951,14.422202001819837,699,10.600545950864422,725,10.994843797391567,482,7.309675462541705,457,6.930542917804064,1174,17.80406430087959,6594
"Ketchikan, AK Micro Area",28540,29.8,57,3.104575163398693,163,8.877995642701524,196,10.675381263616558,276,15.032679738562091,178,9.694989106753813,148,8.061002178649238,162,8.823529411764707,122,6.64488017429194,422,22.984749455337692,1836
"Key West-Key Largo, FL Micro Area",28580,35.6,355,2.8001262028711156,547,4.31456065625493,849,6.696639848556554,1304,10.285533995898406,1395,11.003312825366777,1281,10.104117368670137,988,7.793027291370878,1081,8.526581479728664,3899,30.754062154914024,12678
"Kill Devil Hills, NC Micro Area",28620,31.9,251,6.854178044784271,364,9.9399235390497,309,8.43801201529219,408,11.141452758055708,295,8.055707263790278,180,4.915346805024576,386,10.540688148552704,317,8.656471873293283,882,24.085199344620424,3662
"Killeen-Temple, TX Metro Area",28660,29.7,2464,3.3772855615559636,5409,7.413854546451383,9153,12.545574165958499,9852,13.503659639792758,8183,11.216042106417392,7069,9.68913621535678,5234,7.173990515090874,6603,9.050412566133941,15151,20.766742509388962,72958
"Kingsland, GA Micro Area",28680,32.8,183,2.4034672970843185,368,4.833201996322564,1174,15.418965064355136,897,11.78092986603625,717,9.41686367218282,420,5.516154452324665,769,10.099816128184923,571,7.499343314946152,2043,26.832151300236408,7614
"Kingsport-Bristol, TN-VA Metro Area",28700,26.2,2295,6.902878455198966,3811,11.462688362859808,3816,11.477727313742593,3519,10.58441363130508,3409,10.25355671188378,2377,7.149517249676663,1710,5.143321201912954,2186,6.575029325954221,5389,16.2089812614672,33247
"Kingston, NY Metro Area",28740,34.2,865,3.9422112842949595,1445,6.585543706134354,2066,9.415732385379636,1883,8.581715431592379,2329,10.614346914593018,1554,7.082307902652447,1536,7.000273448181569,1645,7.497037644699662,6490,29.577978306444265,21942
"Kingsville, TX Micro Area",28780,30.2,377,6.937799043062201,468,8.61244019138756,383,7.048214942951785,760,13.986013986013987,510,9.38535149061465,431,7.931542142068458,279,5.13433934486566,270,4.968715495031285,1558,28.671328671328673,5434
"Kinston, NC Micro Area",28820,27.7,721,7.7178334403767925,729,7.803468208092486,1085,11.614215371440805,910,9.74095482766003,1169,12.513380432455575,576,6.165703275529865,635,6.7972596874330975,686,7.343181331620638,1623,17.37315350032113,9342
"Kirksville, MO Micro Area",28860,25.6,220,5.827814569536424,445,11.788079470198676,357,9.456953642384105,407,10.781456953642383,300,7.9470198675496695,275,7.28476821192053,121,3.205298013245033,194,5.139072847682119,608,16.105960264900663,3775
"Kiryas Joel-Poughkeepsie-Newburgh, NY Metro Area",28880,32.3,2222,2.803714732751224,4978,6.281229495785595,8841,11.155554433957503,9333,11.776358956240852,8685,10.958713975672538,7009,8.84394084691869,4776,6.026346338262757,7231,9.124059960631909,21392,26.992378741230503,79252
"Klamath Falls, OR Micro Area",28900,31.2,308,3.4153914393435354,796,8.826790862719006,788,8.738079396762032,1138,12.619206032379685,894,9.91350632069195,642,7.119095143047238,533,5.910401419383455,732,8.117099135063206,2324,25.770680860501223,9018
"Knoxville, TN Metro Area",28940,28.8,4200,3.7956151607714137,9909,8.954940625734272,12655,11.436549966562438,13730,12.408046704140835,12286,11.103078063151807,9399,8.49404449906917,5948,5.375314041968659,9210,8.323241816834456,22480,20.31557828908128,110654
"Kokomo, IN Metro Area",29020,30.0,344,3.4810767051204206,1081,10.939081157660393,990,10.018214936247723,1080,10.92896174863388,928,9.390811576603927,836,8.459825946164743,890,9.006274033596439,620,6.2740335964379685,2060,20.845982594616473,9882
"Laconia, NH Micro Area",29060,30.4,139,2.4977538185085355,290,5.211141060197664,629,11.302785265049415,662,11.895777178796047,688,12.362982929020665,354,6.361185983827493,296,5.318957771787961,656,11.787960467205751,1160,20.844564240790657,5565
"La Crosse-Onalaska, WI-MN Metro Area",29100,27.6,1131,5.015743491950862,2135,9.468269102842699,3351,14.860969444321256,2600,11.530444809082443,2589,11.481662157967094,1677,7.437136901858175,946,4.195307995919997,1888,8.372876845979867,4793,21.25593152689698,22549
"Lafayette, LA Metro Area",29180,30.6,2465,4.886994448850119,4026,7.981760507533703,5191,10.291435368754955,5182,10.273592386994448,4491,8.90364789849326,2685,5.323156225218081,3548,7.034099920697859,4536,8.992862807295797,11209,22.222442505947658,50440
"Lafayette-West Lafayette, IN Metro Area",29200,32.9,700,1.8835938971557733,2449,6.589887791620698,4163,11.202001991227833,3677,9.894249656916825,3664,9.859268627398219,3569,9.603638027069936,2261,6.084008287813147,3234,8.702203804859671,9776,26.305734197992624,37163
"La Grande, OR Micro Area",29260,26.9,212,5.513654096228868,370,9.622886866059819,636,16.540962288686607,378,9.830949284785435,523,13.602080624187257,289,7.516254876462939,71,1.8465539661898571,342,8.894668400520157,777,20.208062418725618,3845
"LaGrange, GA-AL Micro Area",29300,31.3,456,3.055481104261592,1558,10.43956043956044,1380,9.246850710265345,1749,11.719378182792816,1239,8.302063789868667,1219,8.168051460734388,1120,7.5046904315197,1384,9.2736531760922,3313,22.19914232109354,14924
"Lake Charles, LA Metro Area",29340,30.4,1821,7.523549826474962,1920,7.932573128408528,2874,11.874070401586515,1698,7.015369360436291,2170,8.965460254503387,1704,7.040158651462567,1027,4.243100313997687,1913,7.903652288877872,6091,25.165261940175178,24204
"Lake City, FL Micro Area",29380,29.3,402,5.165767154973015,663,8.519660755589822,930,11.95065535851966,855,10.986892829606786,680,8.738113595476742,716,9.200719609354922,533,6.849139038807504,595,7.6458493960421485,1495,19.21099974299666,7782
"Lake Havasu City-Kingman, AZ Metro Area",29420,29.7,882,3.4517845961177205,1806,7.067939887288666,2984,11.678146524733876,3239,12.676111458985599,2605,10.194896681277395,2107,8.245929868503445,1810,7.083594239198497,2204,8.625547902316843,5090,19.92016280525986,25552
"Lakeland-Winter Haven, FL Metro Area",29460,32.1,2121,2.5571161613117126,5918,7.134848393513773,8580,10.344203990596178,9330,11.248417626137803,8947,10.786665862921213,6928,8.352522756043161,5792,6.982940502742781,7497,9.038519500874074,20409,24.60546145035867,82945
"Lake of the Woods, VA Micro Area",29470,26.9,103,3.163390663390663,329,10.104422604422604,506,15.54054054054054,356,10.933660933660933,238,7.309582309582309,226,6.941031941031942,259,7.954545454545454,164,5.036855036855037,586,17.997542997542997,3256
"Lancaster, PA Metro Area",29540,28.4,2558,4.042543104129463,6219,9.82821562337026,8730,13.796482134108759,7692,12.156075667304075,7167,11.326390315596505,4860,7.680515827235805,3918,6.191823253314791,4916,7.7690155980846125,14136,22.339870727120438,63277
"Lansing-East Lansing, MI Metro Area",29620,29.5,2077,3.2370176422916277,5484,8.546848700205722,8870,13.823951125241567,7799,12.154790848450844,6892,10.741225609375975,4845,7.550963156910417,3728,5.810111589053051,5274,8.219562371423228,15813,24.644660557321863,64164
"Laramie, WY Micro Area",29660,32.8,309,3.6737605516585425,603,7.169183212459875,876,10.41493282606111,899,10.688384258708835,789,9.380573059089288,737,8.762335037450956,403,4.7913446676970635,644,7.65664011413625,2518,29.936987278563787,8411
"Laredo, TX Metro Area",29700,31.4,1342,4.670912951167728,2356,8.200201872541854,3189,11.099509240889631,2863,9.964846333228916,2491,8.670077616511781,2602,9.056419894887057,1468,5.109463645539661,2495,8.683999860777556,7119,24.7781142320142,28731
"Lares, PR Micro Area",29720,30.9,141,3.8778877887788776,121,3.3278327832783274,290,7.975797579757976,273,7.508250825082509,277,7.618261826182618,161,4.427942794279428,94,2.585258525852585,221,6.078107810781078,687,18.894389438943897,3636
"Las Cruces, NM Metro Area",29740,33.0,576,1.9870291154960675,2664,9.190009659169311,2749,9.483234441838002,2453,8.462122257485856,3268,11.273630467779771,1844,6.361252932247827,2226,7.679039602594178,2752,9.493583551814543,7103,24.503242721125986,28988
"Las Vegas, NM Micro Area",29780,31.4,78,2.290748898678414,377,11.071953010279001,293,8.604992657856094,282,8.28193832599119,352,10.337738619676946,241,7.077826725403819,83,2.4375917767988255,302,8.869309838472834,893,26.226138032305435,3405
"Las Vegas-Henderson-North Las Vegas, NV Metro Area",29820,33.2,9113,2.5038259383508765,24200,6.649027511038209,38520,10.583493377074044,40802,11.21048018617277,38164,10.485681236829018,32071,8.811609971343241,24983,6.864159268936677,37415,10.279891087830356,97999,26.92553913447246,363963
"Laurel, MS Micro Area",29860,31.2,516,6.8580542264752795,604,8.027644869750134,433,5.75491759702286,640,8.506113769271664,654,8.692185007974482,635,8.43965975544923,356,4.731525784157363,378,5.023923444976076,1788,23.76395534290271,7524
"Laurinburg, NC Micro Area",29900,30.5,250,4.913522012578617,524,10.29874213836478,524,10.29874213836478,432,8.49056603773585,300,5.89622641509434,345,6.780660377358491,284,5.581761006289308,284,5.581761006289308,1180,23.19182389937107,5088
"Lawrence, KS Metro Area",29940,30.4,1030,4.085032125009915,2035,8.070912984849686,3700,14.674387245181247,2768,10.978028079638296,2442,9.685095581819624,2138,8.479416197350679,1733,6.873165701594353,1775,7.039739827080194,6651,26.378202585864997,25214
"Lawrenceburg, TN Micro Area",29980,27.5,310,7.77722027094832,449,11.264425489212243,400,10.035122930255895,247,6.1966884094330155,340,8.529854490717511,171,4.290015052684396,246,6.171600602107376,379,9.508278976417461,604,15.153035624686403,3986
"Lawton, OK Metro Area",30020,27.1,888,4.3201167599124295,1933,9.40403794697154,2941,14.307954269034298,2761,13.432254925808806,2409,11.719776210167844,1617,7.866699099975675,1189,5.7844806616395035,1196,5.818535636098273,4088,19.888105083921186,20555
"Lebanon, MO Micro Area",30060,27.2,223,5.160842397593149,495,11.455681555195557,381,8.817403378847489,530,12.265679240916455,708,16.385096042582738,291,6.734552186993752,272,6.294839157602407,396,9.164545244156445,579,13.399676000925712,4321
"Lebanon, PA Metro Area",30140,28.8,493,3.0708857605581166,1458,9.081848760433536,1975,12.302229973838296,2182,13.59162825464059,1857,11.56721066400897,1377,8.577301607076118,847,5.275943690046094,1491,9.28740500809767,3342,20.81724180889498,16054
"Lebanon-Claremont, NH-VT Micro Area",30150,29.0,855,3.692347555709104,2076,8.965278977370875,2731,11.79391950250475,2920,12.610122646398342,2593,11.197961651407843,1878,8.1102090171014,1568,6.771463119709795,1623,7.008982553117983,5104,22.04180342027984,23156
"Le Mars, IA Micro Area",30180,17.7,429,15.830258302583026,549,20.25830258302583,501,18.487084870848708,138,5.0922509225092245,150,5.535055350553505,217,8.007380073800737,92,3.394833948339483,70,2.5830258302583027,352,12.988929889298891,2710
"Lewisburg, PA Micro Area",30260,29.1,366,8.96399706098457,299,7.323046779328925,494,12.09894685280431,394,9.649767327945138,351,8.596620132255694,372,9.110947832476121,386,9.453832965956405,295,7.225079598334558,724,17.732059759980405,4083
"Lewisburg, TN Micro Area",30280,26.0,297,9.923154026060809,360,12.028065486134313,256,8.553291012362179,313,10.457734714333444,377,12.596057467423991,192,6.4149682592716335,238,7.951887738055463,125,4.17641162712997,441,14.734380220514534,2993
"Lewiston, ID-WA Metro Area",30300,29.0,390,5.349060485530106,624,8.55849677684817,1031,14.140721437388562,641,8.791660951858455,829,11.370182416678096,623,8.544781237141681,373,5.115896310519819,559,7.666986695926485,1615,22.150596625977233,7291
"Lewiston-Auburn, ME Metro Area",30340,28.7,634,4.165024306924189,1285,8.44172907633688,1856,12.192878728156616,1936,12.718433845749574,2023,13.289975036131915,1378,9.052686900538694,958,6.293522533175667,1287,8.454867954276704,3045,20.003941663381948,15222
"Lewistown, PA Micro Area",30380,25.1,414,7.839424351448589,905,17.136905889036168,541,10.24427191819731,525,9.941298996402196,579,10.963832607460708,424,8.028782427570535,118,2.23442529823897,369,6.98731300889983,910,17.231584927097142,5281
"Lexington, NE Micro Area",30420,22.7,456,13.763960156957442,427,12.888620585571989,437,13.190461817084215,228,6.881980078478721,282,8.511922728644732,147,4.437066103229701,94,2.837307576214911,194,5.855719891337157,619,18.683972230606702,3313
"Lexington-Fayette, KY Metro Area",30460,29.1,3662,4.243632233990776,7431,8.611259183720769,10004,11.59292650705727,10962,12.703084803114933,10005,11.594085336176327,7559,8.759589310960205,5063,5.8671518297911796,6942,8.044591744501355,18960,21.971400097341647,86294
"Lexington Park, MD Metro Area",30500,28.0,523,3.327183663082893,1885,11.991856988358037,2171,13.811311152108912,1931,12.284496469241047,1454,9.249952287041161,998,6.3490043895922135,1065,6.775240155226159,1205,7.665882053565748,3527,22.43781411031236,15719
"Liberal, KS Micro Area",30580,24.0,256,9.16249105225483,559,20.007158196134576,251,8.98353614889048,323,11.560486757337152,311,11.130994989262707,151,5.404438081603436,128,4.581245526127415,182,6.513958482462419,493,17.644953471725124,2794
"Lima, OH Metro Area",30620,26.9,656,5.058605798889575,1554,11.983343615052437,1885,14.53578038247995,1298,10.00925354719309,1643,12.669648365206662,706,5.444170265268353,1034,7.973473164713141,749,5.7757557063541025,2479,19.11628624305984,12968
"Lincoln, IL Micro Area",30660,27.7,195,5.710102489019034,390,11.420204978038068,439,12.855051244509516,320,9.370424597364568,321,9.399707174231333,315,9.224011713030746,86,2.518301610541728,307,8.989751098096633,663,19.414348462664716,3415
"Lincoln, NE Metro Area",30700,28.1,2089,3.7137777777777776,5908,10.503111111111112,7327,13.025777777777778,7350,13.066666666666665,6966,12.384,4507,8.012444444444444,3474,6.176,4500,8.0,11828,21.027555555555555,56250
"Little Rock-North Little Rock-Conway, AR Metro Area",30780,28.4,4115,3.6919074107303067,10171,9.125246725282613,14440,12.955320294275975,13480,12.094024762246546,12193,10.939350439619593,9332,8.372510317602726,5479,4.915664812488785,8607,7.722052754351337,23122,20.74466176206711,111460
"Lock Haven, PA Micro Area",30820,28.4,267,6.170556967876126,500,11.555350127108852,515,11.902010630922117,341,7.880748786688237,508,11.740235729142592,372,8.597180494568986,283,6.54032817194361,344,7.95008088745089,807,18.650335105153687,4327
"Logan, UT-ID Metro Area",30860,27.8,777,4.598993785143533,2003,11.855578573542468,1995,11.808227286179344,2262,13.388576501923646,2051,12.13968629772122,1349,7.984610831606985,1002,5.93074874223143,1554,9.197987570287067,3353,19.846108316069845,16895
"Logansport, IN Micro Area",30900,25.2,233,6.333242729002446,532,14.460451209567818,557,15.13998369122044,308,8.371840173960315,439,11.932590377820059,150,4.077194889915738,262,7.121500407719489,395,10.736613210111443,424,11.524870888828485,3679
"Longview, TX Metro Area",30980,28.9,1193,3.6853974236199063,2980,9.205770597139415,3924,12.121961014488276,4080,12.603873837694232,3221,9.950264125297334,2765,8.541595872849154,1878,5.801488987056316,2369,7.31827870624942,6942,21.44512063266504,32371
"Longview-Kelso, WA Metro Area",31020,29.8,435,2.960593479888382,1134,7.71796093377799,1434,9.759749540597564,1814,12.34601510923569,2235,15.211325120805826,1292,8.793302933369631,1231,8.378139249982986,1179,8.024229224800926,3183,21.66337711835568,14693
"Los Alamos, NM Micro Area",31060,16.8,394,18.851674641148325,512,24.497607655502392,346,16.555023923444974,155,7.4162679425837315,185,8.851674641148326,100,4.784688995215311,93,4.449760765550239,171,8.181818181818182,108,5.167464114832536,2090
"Los Angeles-Long Beach-Anaheim, CA Metro Area",31080,33.8,63319,2.7576808635179018,142220,6.193991888840885,231074,10.063777821136398,254567,11.08694932616058,244863,10.664318913494906,206418,8.989955123827576,154749,6.739657226875531,221593,9.65085954594233,665411,28.980103619360865,2296096
"Louisville/Jefferson County, KY-IN Metro Area",31140,28.1,7350,4.254604813781446,16802,9.725968718524607,23317,13.49722727114857,20811,12.046609629878324,19759,11.437651226599673,14247,8.246987045162484,10398,6.018963381455712,13670,7.912986095835698,34407,19.91676024867731,172754
"Lubbock, TX Metro Area",31180,31.2,1512,2.5419881979119383,4817,8.098384358030296,7511,12.627561742405138,6740,11.331349506565122,5635,9.47361342277366,5087,8.552310821943141,3084,5.184848943360064,4662,7.83779694356181,15818,26.59336594879037,59481
"Ludington, MI Micro Area",31220,28.1,55,2.016868353502017,342,12.541254125412541,257,9.424275760909424,354,12.981298129812982,331,12.137880454712139,285,10.45104510451045,145,5.317198386505318,267,9.79097909790979,396,14.521452145214523,2727
"Lufkin, TX Micro Area",31260,30.7,381,3.3165041782729805,930,8.095403899721449,1616,14.066852367688023,987,8.591573816155988,1089,9.479456824512535,1271,11.063718662952645,630,5.483983286908078,1048,9.122562674094707,2426,21.117688022284124,11488
"Lumberton, NC Micro Area",31300,29.9,656,4.464103436543041,1271,8.649200408302143,1524,10.370874447090847,1021,6.947941476692752,1338,9.105137801973461,1199,8.15923783599864,737,5.015311330384485,1000,6.805035726437564,2820,19.190200748553927,14695
"Lynchburg, VA Metro Area",31340,27.7,1901,6.468186457978904,3137,10.673698536917318,3883,13.21197686287853,2748,9.350119088125213,3148,10.711126233412726,2047,6.964954066008847,1479,5.032323919700579,1937,6.59067710105478,6430,21.878189860496768,29390
"Macomb, IL Micro Area",31380,30.5,249,5.587971274685817,462,10.368043087971275,435,9.762118491921006,570,12.791741472172353,304,6.822262118491921,240,5.385996409335727,135,3.0296229802513466,265,5.947037701974865,1424,31.956912028725316,4456
"Macon-Bibb County, GA Metro Area",31420,33.6,1061,3.191361366780966,2403,7.227937195452085,3188,9.589123503579378,3489,10.494495578415448,2963,8.912350357937797,2618,7.874631534620706,2360,7.098598327618361,2319,6.975275221079228,9607,28.89670937857186,33246
"Madison, IN Micro Area",31500,27.3,285,7.339685809940767,256,6.592840587174866,462,11.89801699716714,442,11.382951326294103,674,17.357713108421326,444,11.434457893381406,177,4.558331187226371,264,6.79886685552408,499,12.850888488282255,3883
"Madison, WI Metro Area",31540,28.0,3377,2.9164867432420762,11371,9.820364452888851,15507,13.392348216599014,16546,14.289662319716728,13969,12.06408152690215,9369,8.091372311944037,6656,5.748337507556784,8837,7.631919854909751,24653,21.291130494861388,115790
"Madisonville, KY Micro Area",31580,25.0,330,6.430241621200312,583,11.360093530787218,365,7.112236944660951,888,17.30319563522993,348,6.780982073265783,393,7.657833203429462,238,4.637568199532346,265,5.163678877630554,922,17.965705378020267,5132
"Magnolia, AR Micro Area",31620,26.1,46,1.7829457364341086,393,15.232558139534882,184,7.131782945736434,277,10.736434108527131,334,12.945736434108527,210,8.13953488372093,25,0.9689922480620154,92,3.565891472868217,385,14.922480620155037,2580
"Malvern, AR Micro Area",31680,24.9,107,3.907962016070124,210,7.669831994156319,285,10.409057706355004,387,14.134404674945216,243,8.87509130752374,106,3.871439006574142,87,3.177501826150475,67,2.4470416362308254,471,17.20233747260774,2738
"Manchester-Nashua, NH Metro Area",31700,29.6,1781,3.270470279302936,4163,7.644563600639036,6654,12.218814844739887,6773,12.43733587968489,7581,13.921075343849276,5831,10.707530712305122,3717,6.825568797399784,4793,8.80143966799493,11383,20.902730594781204,54457
"Manhattan, KS Metro Area",31740,29.2,806,3.297467577629587,2073,8.480955692836394,2974,12.167082600335474,3661,14.977703227918013,2400,9.818762017755594,1845,7.548173301149613,1232,5.040297835781205,2441,9.986499202225586,5614,22.967720819866628,24443
"Manitowoc, WI Micro Area",31820,22.9,686,8.262073949174997,1178,14.187643020594965,1449,17.451523545706372,864,10.405877393713116,888,10.69492954353848,528,6.359147296158015,319,3.8419848247621338,496,5.973744429724196,1207,14.536914368300613,8303
"Mankato, MN Metro Area",31860,28.2,649,4.636045431816559,1136,8.114865347524823,1846,13.186656189727838,1909,13.636688334881065,1597,11.407957711265091,926,6.614758197014073,829,5.921851560825774,1175,8.39345667547682,3083,22.0230016429745,13999
"Mansfield, OH Metro Area",31900,27.9,927,5.871548011147707,1835,11.622751456802636,1917,12.142133265771472,1615,10.229288066886243,1848,11.705092475297695,1536,9.728908031416266,855,5.41550544717507,1081,6.846972384089181,3088,19.55915885482645,15788
"Marietta, OH Micro Area",31930,30.0,273,4.355456285896618,684,10.912571793235482,588,9.380982769623484,658,10.497766432673899,581,9.269304403318444,561,8.95022335673261,444,7.083599234205488,586,9.3490746649649,1193,19.033184428844926,6268
"Marinette, WI-MI Micro Area",31940,23.5,446,7.943009795191451,830,14.781834372217276,736,13.107747105966162,618,11.006233303650935,446,7.943009795191451,424,7.55120213713268,234,4.167408726625111,281,5.004452359750668,871,15.512021371326803,5615
"Marion, IN Micro Area",31980,26.3,410,5.427588032830288,860,11.384696849351338,1015,13.43658988615303,901,11.927455652634364,713,9.438707969287794,474,6.274821286735505,394,5.215779719353985,465,6.155679110405083,1518,20.095313741064334,7554
"Marion, NC Micro Area",32000,23.8,382,7.97827903091061,511,10.67251461988304,496,10.35923141186299,862,18.00334168755221,444,9.273182957393484,208,4.344193817878028,127,2.6524644945697577,417,8.709273182957393,642,13.408521303258144,4788
"Marion, OH Micro Area",32020,29.4,308,3.9016974917658978,686,8.690144413478592,989,12.52850266024829,692,8.766151507474031,984,12.46516341525209,611,7.740055738535596,402,5.092475297694452,738,9.348872561439068,1664,21.07930073473524,7894
"Marion-Herrin, IL Micro Area",32060,28.2,478,5.754183218971951,774,9.317443120260021,1162,13.988202720597087,1069,12.868664981341038,523,6.295895028289395,895,10.77404598531359,823,9.90730709040568,437,5.260623570482725,1470,17.69591910436981,8307
"Marquette, MI Micro Area",32100,31.4,175,2.1809571286141574,728,9.072781655034895,885,11.029411764705882,864,10.767696909272182,966,12.038883349950149,799,9.957627118644067,507,6.318544366899302,739,9.2098703888335,2025,25.23678963110668,8024
"Marshall, MN Micro Area",32140,26.8,210,7.128309572301425,359,12.18601493550577,478,16.225390359809914,204,6.924643584521386,223,7.569585879158181,306,10.386965376782078,193,6.5512559402579775,125,4.243041412084183,568,19.280380176510523,2946
"Marshall, MO Micro Area",32180,30.8,183,7.827202737382379,225,9.62360992301112,286,12.23267750213858,114,4.875962360992301,211,9.02480752780154,339,14.499572284003422,236,10.094097519247219,200,8.554319931565441,352,15.055603079555175,2338
"Marshalltown, IA Micro Area",32260,23.4,377,9.093101784852871,873,21.05643994211288,407,9.816690786300049,361,8.707187650747708,553,13.338157260009648,250,6.02990834539315,162,3.907380607814761,304,7.332368547998071,525,12.662807525325615,4146
"Martin, TN Micro Area",32280,26.4,80,1.794526693584567,677,15.186182144459398,350,7.851054284432481,696,15.612382234185734,433,9.71287572902647,246,5.518169582772544,426,9.55585464333782,247,5.540601166442351,696,15.612382234185734,4458
"Martinsville, VA Micro Area",32300,26.9,483,6.583072100313479,668,9.104538639771024,1132,15.428649311707781,725,9.881422924901186,454,6.187815183317432,564,7.687065558130025,269,3.6663486438598882,508,6.923810821861796,1549,21.112171187133704,7337
"Maryville, MO Micro Area",32340,27.6,136,4.296998420221168,314,9.921011058451818,354,11.18483412322275,498,15.734597156398102,320,10.110584518167457,306,9.66824644549763,159,5.023696682464455,175,5.529225908372828,669,21.137440758293838,3165
"Mason City, IA Micro Area",32380,23.1,445,7.287913527677695,839,13.740583033082215,948,15.525712414018997,887,14.526695054045202,738,12.086472322305928,310,5.0769734687192924,205,3.357353422862758,370,6.059613494923027,831,13.609564362921716,6106
"Massena-Ogdensburg, NY Micro Area",32390,30.9,554,4.658594012781702,1062,8.930373360242179,1081,9.090144635048771,956,8.039017827110664,1511,12.70602085435587,1002,8.425832492431887,449,3.7756474941136897,897,7.542885973763874,3172,26.673393878237473,11892
"Mayagüez, PR Metro Area",32420,33.0,493,1.7355488277124551,1258,4.428641836231782,1521,5.354502569879603,1545,5.438991762303739,2110,7.428008167288601,1256,4.421601070196438,934,3.2880377385059494,1507,5.30521720763219,4738,16.679574737731464,28406
"Mayfield, KY Micro Area",32460,29.3,100,2.9922202274087373,357,10.682226211849192,323,9.664871334530222,234,7.001795332136446,425,12.716935966487133,233,6.971873129862358,219,6.552962298025135,172,5.146618791143029,704,21.06523040095751,3342
"McAlester, OK Micro Area",32540,30.7,178,3.5310454274945444,339,6.724856179329499,476,9.442570918468558,519,10.2955762745487,511,10.13687760365007,417,8.272168220591153,255,5.05852013489387,452,8.966474905772664,1017,20.174568537988495,5041
"McAllen-Edinburg-Mission, TX Metro Area",32580,29.7,3901,4.554423079168272,7985,9.322498920061177,10014,11.691359321915169,8987,10.492335353110807,7764,9.064481103989353,6216,7.257188890056391,4743,5.537459283387622,5674,6.624403114893816,21196,24.746360314291387,85653
"McComb, MS Micro Area",32620,28.3,219,3.5546177568576534,322,5.22642428177244,720,11.686414543093655,547,8.878428826489207,663,10.761240058432072,437,7.093004382405453,121,1.9639668884921277,332,5.388735594870962,1133,18.38987177406265,6161
"McMinnville, TN Micro Area",32660,28.4,260,5.533092147265376,419,8.916790806554587,559,11.896148116620557,479,10.193658225154287,263,5.596935518195361,435,9.257288784847841,265,5.639497765482018,600,12.76867418599702,514,10.938497552670782,4699
"McPherson, KS Micro Area",32700,25.1,215,7.312925170068027,424,14.421768707482993,337,11.462585034013607,349,11.870748299319727,298,10.136054421768707,159,5.408163265306123,190,6.462585034013606,192,6.530612244897959,503,17.108843537414966,2940
"Meadville, PA Micro Area",32740,26.7,571,6.45124844650322,1082,12.224607388995594,1037,11.71619026098746,828,9.354875155349678,896,10.123149926561972,658,7.434188227318947,415,4.68873573607502,695,7.852220088125636,1478,16.698678115467178,8851
"Medford, OR Metro Area",32780,32.1,694,2.1853449633151745,2027,6.382844727146771,4150,13.067985011178637,3365,10.596089051232799,3065,9.651415435966873,2836,8.930314576313883,2185,6.880372831186825,3206,10.095412035141859,7444,23.4405013067985,31757
"Memphis, TN-MS-AR Metro Area",32820,31.3,6173,3.0256985868963184,16483,8.079149490978782,21417,10.497551698616306,23804,11.667540768261778,22115,10.839676696778241,15946,7.8159387115905865,13107,6.424401648866036,17056,8.360005685744955,52163,25.567716732265133,204019
"Menomonie, WI Micro Area",32860,25.4,170,2.9234737747205504,636,10.937231298366294,1125,19.34651762682717,716,12.312983662940672,660,11.349957007738606,394,6.775580395528805,237,4.075666380051591,333,5.726569217540843,1140,19.604471195184868,5815
"Merced, CA Metro Area",32900,30.0,1178,2.9816745975498633,3468,8.777969018932874,4272,10.812999898754683,4414,11.17242077553913,4619,11.69130302723499,3150,7.973068745570518,2421,6.127872835881341,3135,7.935101751543991,9166,23.200364483142653,39508
"Meridian, MS Micro Area",32940,31.1,668,5.8107167710508,905,7.872303409881698,1071,9.316283924843423,1028,8.94224077940153,1062,9.237995824634655,695,6.0455810716771055,302,2.627000695894224,1043,9.072720946416144,3006,26.148225469728605,11496
"Mexico, MO Micro Area",33020,27.8,153,6.24235006119951,188,7.670338637290902,321,13.096695226438188,270,11.015911872705018,160,6.527947776417789,190,7.751937984496124,124,5.059159526723786,163,6.650346797225621,473,19.298245614035086,2451
"Miami, OK Micro Area",33060,27.2,185,4.807692307692308,349,9.069646569646569,456,11.85031185031185,464,12.058212058212058,323,8.393970893970893,308,8.004158004158004,160,4.158004158004158,320,8.316008316008316,627,16.294178794178794,3848
"Miami-Fort Lauderdale-West Palm Beach, FL Metro Area",33100,37.2,17978,1.9616037185145583,41799,4.560745012247748,73997,8.073912023524406,92124,10.051773332096738,94060,10.263012891505136,83214,9.07959126891036,69994,7.637139318817887,101720,11.098805776354482,292970,31.96635006192069,916495
"Michigan City-La Porte, IN Metro Area",33140,27.5,347,3.123031230312303,1431,12.879128791287913,1567,14.103141031410313,1150,10.35010350103501,977,8.79308793087931,1108,9.97209972099721,450,4.050040500405004,915,8.235082350823507,2009,18.081180811808117,11111
"Middlesborough, KY Micro Area",33180,32.8,185,4.987867349689943,283,7.630088972768941,228,6.147209490428687,272,7.333513076300889,296,7.98058775950391,366,9.86788891884605,296,7.98058775950391,224,6.03936370989485,784,21.137772984631976,3709
"Midland, MI Metro Area",33220,30.3,316,4.197104529153938,776,10.306813653871696,1046,13.892947270553858,686,9.111435781644309,660,8.766104396334175,566,7.517598618674459,452,6.003453313853101,656,8.712976490901845,1886,25.049807411342805,7529
"Midland, TX Metro Area",33260,28.7,1915,8.706920069109756,1833,8.334091115758843,2181,9.916340820223697,2597,11.807765754296625,2309,10.498317723015369,1696,7.7111939619896335,901,4.096571792306992,1882,8.55687914885878,5126,23.306356278985177,21994
"Milledgeville, GA Micro Area",33300,33.2,362,6.2945574682663885,531,9.233176838810643,505,8.781081551034603,461,8.015997217875153,410,7.129194922622152,553,9.615719005390366,341,5.929403581985741,487,8.46809250565119,1585,27.560424274039296,5751
"Milwaukee-Waukesha, WI Metro Area",33340,28.7,10476,4.072319037197423,26171,10.173411752815365,34419,13.379643847012037,31421,12.214236012579253,26913,10.461848248195329,19959,7.758630742976649,15603,6.06532970001827,20762,8.070779672612915,58709,22.821857422186287,257249
"Minden, LA Micro Area",33380,43.8,86,1.8321261184490838,150,3.1955688112484024,160,3.4086067319982956,380,8.095440988495954,171,3.6429484448231784,351,7.477631018321261,243,5.176821474222412,509,10.843630166169579,1415,30.144865786109925,4694
"Mineral Wells, TX Micro Area",33420,30.9,94,2.7843601895734595,504,14.928909952606634,264,7.819905213270142,456,13.507109004739338,156,4.62085308056872,352,10.42654028436019,229,6.783175355450237,189,5.598341232227488,837,24.79265402843602,3376
"Minneapolis-St. Paul-Bloomington, MN-WI Metro Area",33460,29.1,13903,3.2793961552069817,35117,8.28328812359948,54605,12.880056610449344,58621,13.827338129496402,51264,12.091991980186343,39262,9.260997759169713,26832,6.3290482368203795,34325,8.096473640759523,94125,22.201910602665407,423950
"Minot, ND Metro Area",33500,23.5,709,6.225305118974449,1610,14.136447449293177,1749,15.356923347089296,1760,15.453507770655897,817,7.173588550355606,625,5.487751339011327,636,5.5843357625779255,838,7.3579769953463865,1836,16.120818333479672,11389
"Missoula, MT Metro Area",33540,29.2,668,3.1429377999435397,1755,8.257269219911546,2693,12.670556130610708,2795,13.150465794673943,2624,12.34591135786205,1785,8.398419121106615,1498,7.0480850663404535,1645,7.739719582196293,4818,22.668674131928107,21254
"Mitchell, SD Micro Area",33580,25.2,115,3.232152894884767,374,10.511523327712197,454,12.759977515458123,583,16.385609893198428,478,13.4345137717819,324,9.106239460370995,175,4.91849353569421,201,5.649241146711636,390,10.961214165261383,3558
"Moberly, MO Micro Area",33620,29.7,108,3.938730853391685,298,10.86797957695113,156,5.689277899343545,329,11.99854121079504,416,15.171407731582786,243,8.86214442013129,172,6.272793581327499,429,15.645514223194748,410,14.952589350838805,2742
"Mobile, AL Metro Area",33660,32.2,2797,4.961067063977722,4481,7.947994820766597,4846,8.5953989960801,4591,8.143102928395326,5294,9.390021107149824,5659,10.037425282463328,3417,6.060767306976002,4600,8.159066319019495,13285,23.563738271342167,56379
"Modesto, CA Metro Area",33700,31.4,1986,2.8860825716071092,5669,8.238268931742548,8478,12.320346446165695,7183,10.438434598113728,7398,10.750875561303824,5348,7.7717873076308255,4520,6.56852629590339,6060,8.806475520613837,17784,25.843953904058825,68813
"Monroe, LA Metro Area",33740,34.9,1041,3.2275066658398956,2339,7.251813728529795,2861,8.870217647423576,2495,7.735474669808395,2275,7.053388726979599,2538,7.868791467724934,1435,4.449060581633286,2801,8.684194208470267,9225,28.60110373907112,32254
"Monroe, MI Metro Area",33780,31.6,529,4.491806062664516,860,7.3023690243695345,1128,9.577990999405621,1204,10.223316634117348,1347,11.437547762588096,1083,9.1958902946421,837,7.107073108601511,1257,10.673346353061051,2570,21.822195805383373,11777
"Montgomery, AL Metro Area",33860,29.4,2090,3.979512176545631,4132,7.867628858127534,6310,12.014699442106666,6071,11.559626040099772,5845,11.129305584645557,3279,6.243454749709628,2742,5.220967649802929,4211,8.018050610255337,12826,24.421637883432663,52519
"Monticello, IN Micro Area",33900,27.5,65,3.1878371750858268,153,7.503678273663561,222,10.887690044139283,354,17.361451692005886,272,13.339872486512997,170,8.337420304070623,105,5.149583128984796,117,5.7381069151544875,406,19.911721432074547,2039
"Monticello, NY Micro Area",33910,29.2,508,5.473548109039974,631,6.798836332291779,1111,11.970692813274432,1388,14.955284990841506,677,7.29447257838595,790,8.512013791617283,595,6.41094709621808,543,5.850662644111626,2171,23.391875875444455,9281
"Montrose, CO Micro Area",33940,29.9,151,3.397839783978398,508,11.431143114311432,354,7.965796579657966,520,11.701170117011701,562,12.646264626462647,390,8.775877587758776,271,6.098109810981098,299,6.728172817281728,1111,25.0,4444
"Morehead City, NC Micro Area",33980,33.9,372,4.500362932494556,835,10.101621098475684,566,6.847326397290105,932,11.275102830873458,456,5.5165739172513915,496,6.000483909992741,860,10.404064843939027,1082,13.08976530365352,1490,18.02564722961529,8266
"Morgan City, LA Micro Area",34020,30.6,235,4.165928026945577,518,9.182769012586421,699,12.391419960999823,571,10.122318737812444,277,4.910476865803935,385,6.825031022868286,514,9.111859599361816,387,6.860485729480588,1105,19.58872540329729,5641
"Morgantown, WV Metro Area",34060,32.8,911,4.276794516689357,1456,6.835359842260927,2094,9.83052438852636,2468,11.586310501854372,1789,8.398666729261537,1500,7.041922914417163,982,4.610112201305103,2095,9.835219003802639,5793,27.195906295479084,21301
"Morristown, TN Metro Area",34100,27.4,1020,7.445255474452554,1411,10.299270072992702,1682,12.277372262773723,1494,10.905109489051094,1045,7.627737226277373,1134,8.277372262773723,1008,7.357664233576642,948,6.91970802919708,2486,18.145985401459853,13700
"Moscow, ID Micro Area",34140,29.7,226,3.5753836418288247,575,9.096661920582186,992,15.693719348204398,767,12.134155987976586,525,8.305647840531561,373,5.900965037177662,340,5.378895744344249,719,11.374782471127986,1589,25.13842746400886,6321
"Moses Lake, WA Micro Area",34180,25.6,1023,8.630726398380157,1239,10.453049860794735,1527,12.882814477347507,1332,11.237661351556568,986,8.318569138614697,982,8.28482240782924,593,5.002952838943727,685,5.779127647009196,2108,17.78452712393487,11853
"Moultrie, GA Micro Area",34220,28.2,301,4.896697576053359,503,8.182853424434684,910,14.803969415975274,401,6.523507401984709,735,11.957052220595413,495,8.052708638360176,347,5.64503009598178,445,7.239303725394501,1032,16.78867740361152,6147
"Mountain Home, AR Micro Area",34260,30.5,201,4.161490683229814,300,6.211180124223603,499,10.331262939958592,554,11.469979296066253,415,8.592132505175984,370,7.6604554865424435,257,5.320910973084886,508,10.5175983436853,908,18.799171842650104,4830
"Mountain Home, ID Micro Area",34300,26.9,211,5.6102100505184795,320,8.50837543206594,433,11.512895506514225,428,11.379952140388195,489,13.001861207125764,261,6.939643711778783,334,8.880616857218824,286,7.6043605424089336,399,10.608880616857219,3761
"Mount Airy, NC Micro Area",34340,27.7,573,7.316138917262513,628,8.018386108273749,992,12.665985699693566,751,9.588866189989785,848,10.827374872318693,761,9.716547497446374,234,2.9877425944841676,736,9.397344228804902,1288,16.44535240040858,7832
"Mount Pleasant, MI Micro Area",34380,32.6,266,2.753908272077855,924,9.566207681954655,729,7.5473651516720155,1320,13.666010974220935,787,8.14784139144839,750,7.764778962625531,469,4.855575111295165,799,8.272077854850398,2794,28.926389895434312,9659
"Mount Pleasant, TX Micro Area",34420,28.4,371,6.456665506439261,481,8.3710407239819,830,14.444831186912635,439,7.640097459101984,627,10.911938739993039,523,9.101983988861818,331,5.7605290636964845,490,8.527671423599026,1013,17.629655412460842,5746
"Mount Sterling, KY Micro Area",34460,22.3,275,4.880212954747116,830,14.729370008873113,731,12.972493345164152,779,13.824312333629104,568,10.07985803016859,110,1.9520851818988465,179,3.176574977817214,182,3.229813664596273,736,13.061224489795919,5635
"Mount Vernon, IL Micro Area",34500,24.8,234,5.615550755939525,468,11.23110151187905,499,11.97504199664027,599,14.37485001199904,231,5.543556515478762,305,7.319414446844252,149,3.5757139428845695,334,8.015358771298295,735,17.63858891288697,4167
"Mount Vernon, OH Micro Area",34540,29.1,195,3.335043612108773,626,10.706345134256884,801,13.699332991277577,561,9.594663930220626,396,6.7727039507439715,527,9.013169146570892,359,6.139900803831024,474,8.106721395587481,1069,18.282880109457842,5847
"Mount Vernon-Anacortes, WA Metro Area",34580,31.4,400,2.644802962179318,1089,7.200476064533193,1786,11.809045226130653,1541,10.189103411795822,1671,11.0486643745041,1578,10.433747685797409,858,5.673102353874636,1521,10.056863263686855,3421,22.619677334038617,15124
"Muncie, IN Metro Area",34620,31.2,648,4.190377651319193,1210,7.824624935333678,1471,9.512415933781687,1686,10.902741852043455,1812,11.717537506466632,1114,7.203828246249354,855,5.528970512157269,899,5.8135023279875835,4512,29.17744438696327,15464
"Murray, KY Micro Area",34660,28.8,223,4.070828769623951,409,7.4662285505659,702,12.814895947426066,573,10.460021905805037,605,11.04417670682731,491,8.963125228185469,232,4.235122307411464,376,6.863818912011683,1134,20.700985761226725,5478
"Murrells Inlet, SC Micro Area",34680,29.3,92,2.047174009790832,298,6.631063640409435,364,8.09968847352025,661,14.708500222518914,603,13.41789052069426,524,11.659991099243436,172,3.8273253226524258,492,10.947930574098798,650,14.463729417000446,4494
"Muscatine, IA Micro Area",34700,26.2,158,3.66079703429101,460,10.658016682113068,587,13.600556070435587,654,15.15291936978684,530,12.279888785912881,222,5.143651529193698,217,5.0278035217794255,401,9.291010194624652,749,17.354031510658015,4316
"Muskegon-Norton Shores, MI Metro Area",34740,29.8,622,4.264070747926236,1211,8.30191266195928,1663,11.40056214437513,1857,12.730513470898746,1262,8.651539041612395,999,6.848563789675739,677,4.64111880441489,1400,9.597586892438473,3428,23.50037704805649,14587
"Muskogee, OK Micro Area",34780,28.7,408,4.7064251932172105,1113,12.838851078555773,994,11.466143730534087,710,8.190102664667204,891,10.278002076364055,755,8.709193678624985,477,5.502364747952474,666,7.682547006575152,1770,20.41757988233937,8669
"Myrtle Beach-Conway-North Myrtle Beach, SC Metro Area",34820,31.0,1386,3.8164996144949885,2876,7.919374380438374,4207,11.584425597532768,3910,10.766604251569555,3347,9.21632338363256,2905,7.99922898997687,2448,6.740830487939201,2979,8.202995924661307,8529,23.485516025994052,36316
"Nacogdoches, TX Micro Area",34860,34.6,270,2.561426809600607,967,9.173702684754767,849,8.054264301299687,811,7.693767194763305,1147,10.881320557821839,792,7.513518641495115,634,6.014609619580685,1034,9.809316004174178,3050,28.934636182525374,10541
"Nantucket, MA Micro Area",34880,28.6,262,22.072451558550966,45,3.7910699241786014,58,4.886267902274642,69,5.812973883740522,135,11.373209772535803,103,8.677337826453243,71,5.981465880370682,178,14.995787700084245,143,12.047177759056444,1187
"Napa, CA Metro Area",34900,31.6,318,1.798846023305804,990,5.600181015952031,2041,11.545423690462723,2358,13.338612965267565,2174,12.297771241090622,1635,9.248783799072294,1295,7.325489308745333,1845,10.436700984274239,4127,23.345401063468717,17678
"Naples-Marco Island, FL Metro Area",34940,36.5,1132,2.9294549971533566,2416,6.252264375549919,2780,7.194244604316546,3708,9.595776616117178,3760,9.730345220226697,3417,8.842710004658144,2904,7.51513896796232,3839,9.93478598416231,12239,31.672791263392163,38642
"Nashville-Davidson--Murfreesboro--Franklin, TN Metro Area",34980,29.8,9651,3.4805595727109124,22083,7.964065593635383,32764,11.816086813832799,35107,12.661071901270542,32591,11.753695682750115,26090,9.40915959507074,19856,7.160915021836896,23779,8.575715063671412,59573,21.484548277391692,277283
"Natchez, MS-LA Micro Area",35020,29.7,308,4.864181933038535,361,5.701200252684776,505,7.97536323436513,564,8.907138344914719,738,11.655085281111813,465,7.343651295009476,198,3.1269740998104867,406,6.411876184459886,1322,20.878079595704357,6332
"Natchitoches, LA Micro Area",35060,35.0,347,6.5188803306406164,268,5.034754837497651,413,7.75878264136765,441,8.28480180349427,499,9.37441292504227,202,3.794852526770618,272,5.109900432087168,478,8.979898553447304,1425,26.7706180725155,5323
"New Bern, NC Micro Area",35100,28.7,607,4.247725682295311,1389,9.720083974807556,1782,12.470258922323303,1431,10.013995801259622,1561,10.92372288313506,1235,8.642407277816655,1126,7.87963610916725,1015,7.102869139258222,2606,18.236529041287614,14290
"Newberry, SC Micro Area",35140,29.3,201,4.965415019762846,352,8.695652173913043,531,13.117588932806324,382,9.436758893280633,267,6.595849802371541,251,6.200592885375494,292,7.213438735177865,173,4.273715415019764,940,23.221343873517785,4048
"New Castle, IN Micro Area",35220,24.9,417,9.387663214768123,622,14.002701485817198,508,11.436289959477714,519,11.683926159387664,520,11.706438541197658,330,7.429085997298514,240,5.40297163439892,387,8.712291760468258,567,12.764520486267447,4442
"New Haven, CT Metro Area",35300,31.6,3437,3.826073404504013,6426,7.1534325566897845,9073,10.100076810900468,10816,12.040386948826129,10363,11.53610668922755,7107,7.9115227482717545,5693,6.337455889392303,8219,9.14940276741882,23572,26.240384722423215,89831
"New Iberia, LA Micro Area",35340,30.2,532,6.184608230644036,675,7.847012322715647,995,11.567077423854917,718,8.346896070681236,556,6.463613113229481,604,7.021622878400372,379,4.405952104161822,529,6.149732620320856,2015,23.42478493373634,8602
"New Orleans-Metairie, LA Metro Area",35380,33.3,5529,3.508582669670337,11864,7.5286353396579635,16082,10.205286036107497,15827,10.043468604245327,14260,9.049084620998192,12154,7.71266300726592,8422,5.344417298600755,12428,7.886537424247233,46437,29.46790620934734,157585
"New Philadelphia-Dover, OH Micro Area",35420,28.0,733,6.138000334952269,1354,11.338134315859989,1689,14.143359571261097,927,7.762518841065148,1116,9.345168313515325,830,6.950259588008708,804,6.732540612962652,1089,9.119075531736726,2219,18.581477139507623,11942
"Newport, OR Micro Area",35440,31.6,176,2.692366528988833,576,8.811381367599816,380,5.813064096680434,590,9.0255468869512,985,15.068074040079546,620,9.484472999847023,340,5.201162612819337,388,5.935444393452654,1760,26.923665289888326,6537
"Newport, TN Micro Area",35460,24.8,411,9.424443934877322,458,10.502178399449667,433,9.928915386379272,538,12.336620041274937,158,3.623022242604907,290,6.649850951616602,354,8.117404265076818,273,6.260032102728733,729,16.71634946113277,4361
"New Ulm, MN Micro Area",35580,28.0,132,5.864060417592181,362,16.081741448245225,230,10.217681030653043,182,8.085295424255886,184,8.174144824522434,283,12.572190137716571,68,3.020879609062639,112,4.975566414926699,481,21.368280764104842,2251
"New York-Newark-Jersey City, NY-NJ Metro Area",35620,31.0,176221,4.9326722884592025,300068,8.39932305601135,397767,11.134054727663283,399705,11.188302058543451,363997,10.18878519008679,304433,8.521505511786339,219554,6.145623572788553,290019,8.118037489440246,943440,26.40820528667951,3572526
"Niles, MI Metro Area",35660,29.4,739,4.261822376009227,1515,8.737024221453288,1908,11.003460207612457,2308,13.310265282583622,1797,10.36332179930796,1442,8.31603229527105,900,5.190311418685121,1312,7.566320645905421,4186,24.14071510957324,17340
"Nogales, AZ Micro Area",35700,27.8,286,5.377961639714178,534,10.041368935690109,733,13.783377209477246,539,10.13538924407672,429,8.066942459571267,370,6.9575028206092515,319,5.998495675065814,460,8.649868371568258,1002,18.841669800676947,5318
"Norfolk, NE Micro Area",35740,24.7,324,5.657412257726559,756,13.200628601361968,777,13.56731272917758,712,12.432338047843547,633,11.05290728129911,416,7.263837960537803,185,3.230312554566091,439,7.6654443862406145,811,14.160991793259997,5727
"North Platte, NE Micro Area",35820,26.4,288,5.4390934844192635,507,9.575070821529746,758,14.315391879131257,746,14.08876298394712,463,8.744098205854579,503,9.499527856468367,427,8.064211520302173,452,8.53635505193579,713,13.465533522190745,5295
"North Port-Bradenton-Sarasota, FL Metro Area",35840,33.9,3576,3.9177019654243086,4992,5.469006770525208,7548,8.269243410241241,10192,11.165888823155633,9878,10.821884791516027,7920,8.676789587852495,6351,6.957864983895353,9801,10.737527114967461,24514,26.8564166611889,91278
"North Wilkesboro, NC Micro Area",35900,26.9,386,5.487631504122832,550,7.819164060278647,1000,14.21666192777936,666,9.46829684390105,563,8.003980665339778,562,7.989764003411999,487,6.923514358828547,411,5.843048052317315,1011,14.37304520898493,7034
"Norwalk, OH Micro Area",35940,23.7,457,7.3828756058158325,900,14.539579967689823,856,13.82875605815832,814,13.150242326332794,483,7.802907915993538,350,5.654281098546042,187,3.0210016155088852,480,7.754442649434572,1116,18.029079159935378,6190
"Norwich-New London-Willimantic, CT Metro Area",35980,29.9,1151,2.9026075553538107,3029,7.638573662177839,4625,11.66338830887174,4939,12.455237807030816,4963,12.515761335552531,3749,9.454279517829223,2510,6.329752357895798,3596,9.068442023503303,8676,21.879255560599184,39654
"Oak Harbor, WA Micro Area",36020,31.7,238,2.642095914742451,713,7.915186500888099,788,8.74777975133215,1199,13.310390763765541,868,9.63587921847247,1156,12.833037300177619,691,7.670959147424511,836,9.280639431616342,1907,21.17007104795737,9008
"Ocala, FL Metro Area",36100,31.5,1619,4.344792421436814,2003,5.375305262592921,3923,10.527869468373453,3989,10.70498886294716,4013,10.769395915519416,3220,8.641279553444434,2068,5.549741029976116,3143,8.434640259775113,9010,24.179480986501357,37263
"Ocean Pines, MD Micro Area",36180,31.4,263,4.746435661432955,642,11.586356253383865,412,7.435480960115502,526,9.49287132286591,450,8.12127774769897,563,10.160620826565602,308,5.558563436202851,473,8.536365277025808,1270,22.920050532394875,5541
"Odessa, TX Metro Area",36220,30.8,1536,6.917360954739923,2269,10.218419274938077,2335,10.515649628462057,2245,10.110335510020265,1129,5.08444044134204,2328,10.484125197027696,1314,5.917586129250169,1702,7.664940328754785,4883,21.990542670569692,22205
"Ogden, UT Metro Area",36260,27.7,2033,4.084872109144246,4236,8.511322309067895,7168,14.402539733569089,6910,13.884144748739175,6119,12.294801985171492,4669,9.381341799111897,3231,6.491993007695554,4348,8.73636199240491,8668,17.416464063975567,49769
"Oil City, PA Micro Area",36340,25.7,262,5.040400153905348,717,13.793766833397461,518,9.96537129665256,625,12.023855328972683,319,6.136975759907657,429,8.253174297806849,306,5.886879569065025,277,5.328972681800693,886,17.045017314351675,5198
"Okeechobee, FL Micro Area",36380,28.0,44,1.1387163561076603,307,7.945134575569359,319,8.255693581780537,760,19.66873706004141,270,6.987577639751552,220,5.693581780538302,401,10.377846790890269,103,2.665631469979296,761,19.694616977225675,3864
"Oklahoma City, OK Metro Area",36420,28.9,8314,4.091233422729621,18759,9.231109908225278,25743,12.667864084836259,24747,12.17774278473538,21059,10.36291612331767,16560,8.149004748665206,12021,5.915409787663313,16140,7.9423270919961615,44999,22.143542553453237,203215
"Olean, NY Micro Area",36460,28.9,402,4.9690976514215075,783,9.678615574783683,1036,12.80593325092707,875,10.815822002472189,678,8.380716934487022,727,8.986402966625464,433,5.352286773794809,696,8.603213844252164,1620,20.024721878862795,8090
"Olympia-Lacey-Tumwater, WA Metro Area",36500,31.9,944,2.498676548438327,2365,6.259925886712546,4149,10.98200105876125,5045,13.353626257278982,3947,10.44732662784542,4243,11.230809952355743,2486,6.580201164637374,3096,8.194812069878243,9854,26.082583377448387,37780
"Omaha, NE-IA Metro Area",36540,28.5,4603,3.555648251143246,12749,9.848133728834508,17510,13.525831170436287,16252,12.554072426152516,14357,11.090254603880856,11309,8.735786676554195,8357,6.455475219379557,10922,8.436843406253862,26486,20.45946112965023,129456
"Oneonta, NY Micro Area",36580,26.8,214,3.68901913463196,595,10.256852266850542,1024,17.652128943285643,653,11.25667988277883,621,10.705050853301156,485,8.36062747802103,337,5.809343216686778,498,8.584726771246338,1000,17.238407171177382,5801
"Ontario, OR-ID Micro Area",36620,26.4,453,7.435981615233092,720,11.818778726198293,653,10.718975705843729,667,10.948785292186473,869,14.264609323703217,379,6.221273801707157,376,6.172028890347998,300,4.9244911359159556,1039,17.055154300722258,6092
"Opelousas, LA Micro Area",36660,30.1,410,4.325350775398248,1089,11.48855364489925,1047,11.045468931321869,709,7.4796919506277035,829,8.745648275134508,697,7.353096318177023,461,4.86338221331364,654,6.899461968562084,2290,24.15866652600485,9479
"Orangeburg, SC Micro Area",36700,33.8,397,3.5414808206958073,575,5.129348795718109,803,7.163247100802854,881,7.8590544157002675,920,8.206958073148975,706,6.297948260481713,457,4.07671721677074,707,6.306868867082962,2784,24.834968777876895,11210
"Orlando-Kissimmee-Sanford, FL Metro Area",36740,34.4,7153,1.9756666804767231,19655,5.428733203518803,33628,9.288091588294597,41361,11.42395492397564,40190,11.10052340114071,33911,9.366256507989117,27046,7.47013575285523,41221,11.385286765822872,99920,27.59801687588902,362055
"Oshkosh-Neenah, WI Metro Area",36780,25.7,1177,4.781248730552058,3373,13.701913311938904,3510,14.258439289921599,3340,13.567859609213146,2715,11.028963724255595,2162,8.782548645245155,1341,5.4474550107649184,1973,8.014786529633993,4004,16.265182597392048,24617
"Oskaloosa, IA Micro Area",36820,21.9,323,11.293706293706293,398,13.916083916083915,357,12.482517482517483,268,9.37062937062937,219,7.657342657342657,151,5.27972027972028,157,5.489510489510489,180,6.293706293706294,305,10.664335664335663,2860
"Othello, WA Micro Area",36830,29.5,55,2.8205128205128207,470,24.102564102564102,105,5.384615384615385,107,5.487179487179487,158,8.102564102564102,165,8.461538461538462,124,6.3589743589743595,115,5.897435897435897,459,23.53846153846154,1950
"Ottawa, IL Micro Area",36837,26.1,980,6.290519288786187,1574,10.10334424545863,1965,12.613133063739648,2187,14.038128249566725,1773,11.380704794916234,1032,6.624301944925862,714,4.583092624687079,1072,6.881057834264073,2883,18.505680724051608,15579
"Ottawa, KS Micro Area",36840,28.0,141,5.162943976565361,387,14.170633467594287,399,14.610032954961552,214,7.835957524716221,214,7.835957524716221,208,7.616257781032589,216,7.909190772610765,242,8.861222995239839,516,18.894177956792387,2731
"Ottumwa, IA Micro Area",36900,28.5,313,6.823632003488118,449,9.788532810115544,631,13.756267713102247,400,8.720296490080663,478,10.420754305646392,292,6.365816437758884,273,5.951602354480053,266,5.798997165903641,1160,25.28885982123392,4587
"Owatonna, MN Micro Area",36940,33.4,168,5.5721393034825875,237,7.860696517412935,252,8.358208955223882,376,12.470978441127695,154,5.107794361525705,304,10.082918739635158,225,7.462686567164178,443,14.693200663349918,630,20.8955223880597,3015
"Owensboro, KY Metro Area",36980,26.8,698,4.8617399178101275,1645,11.457825450999511,1636,11.39513826008219,1873,13.045900954238352,1509,10.510552343804417,1296,9.02695549209445,902,6.282649578602772,671,4.67367834505816,2559,17.82405795082538,14357
"Owosso, MI Micro Area",37020,29.0,274,4.796079117801506,615,10.764922107474181,766,13.40801680378085,490,8.576929809207073,637,11.150008751969192,357,6.248906003850867,456,7.981795904078417,454,7.946788027306144,1260,22.054962366532468,5713
"Oxford, MS Micro Area",37060,31.3,172,2.0717899301373164,621,7.480125271019032,990,11.924837388581064,877,10.563719585642014,733,8.829197783666586,545,6.5646832088653335,493,5.9383281137075405,340,4.095398699108649,2303,27.74030354131535,8302
"Oxnard-Thousand Oaks-Ventura, CA Metro Area",37100,34.4,2203,2.210582297279669,5559,5.578132996176887,9570,9.60293807760619,10659,10.695686203678617,10354,10.389636453033907,9929,9.963173685742095,7071,7.095337005930341,11264,11.302768495941077,27709,27.80436898562068,99657
"Ozark, AL Micro Area",37120,24.7,261,3.415336299398063,892,11.672337084532845,1235,16.160690918607695,1100,14.39413766029835,760,9.945040565297043,615,8.047631510075897,491,6.425019628369537,391,5.116461659251505,1119,14.642763674430778,7642
"Paducah, KY-IL Metro Area",37140,27.7,637,5.446772124839675,1409,12.047883710987602,1305,11.15861479264643,1276,10.910645575032065,1191,10.183839247541684,960,8.208636169303121,843,7.208208636169303,896,7.661393758016247,2013,17.212483967507485,11695
"Pahrump, NV Micro Area",37220,28.3,207,3.8086476540938365,626,11.517939282428703,497,9.144434222631096,558,10.266789328426864,714,13.13707451701932,342,6.292548298068078,82,1.5087396504139836,594,10.92916283348666,1090,20.055197792088318,5435
"Palatka, FL Micro Area",37260,31.0,215,2.561353347629259,583,6.945437217059805,967,11.520133428639506,835,9.947581605908983,676,8.053371455801765,1028,12.246842983083155,604,7.19561591613057,685,8.160590898260663,1374,16.368834882058614,8394
"Palestine, TX Micro Area",37300,33.2,154,2.998442367601246,454,8.83956386292835,416,8.09968847352025,560,10.903426791277258,315,6.133177570093458,274,5.334890965732087,385,7.496105919003115,351,6.83411214953271,1237,24.084890965732086,5136
"Palm Bay-Melbourne-Titusville, FL Metro Area",37340,32.2,1773,3.049850345752916,3531,6.073898235111982,6455,11.103657068152888,6948,11.951697801630715,6390,10.991846423779544,4798,8.253345718512401,3617,6.221832318436715,5674,9.760209171913166,15270,26.26690060893797,58134
"Pampa, TX Micro Area",37420,30.2,35,1.6309412861136998,204,9.50605778191985,280,13.047530288909599,160,7.455731593662628,217,10.11183597390494,165,7.688723205964585,208,9.692451071761417,110,5.125815470643056,425,19.804287045666356,2146
"Panama City-Panama City Beach, FL Metro Area",37460,32.8,578,2.221624322558327,1110,4.266441173079141,2444,9.393857862167044,3430,13.18368758888419,2669,10.258677018872275,3741,14.379059845485646,2372,9.11711573202137,2738,10.523888226928547,5526,21.23995848868048,26017
"Paragould, AR Micro Area",37500,28.8,170,2.7208706786171577,418,6.690140845070422,898,14.37259923175416,906,14.500640204865556,549,8.786811779769527,495,7.922535211267606,277,4.433418693982074,506,8.098591549295776,1398,22.37516005121639,6248
"Paris, TN Micro Area",37540,24.2,275,8.532423208191126,230,7.136208501396214,366,11.35587961526528,523,16.227117592305305,264,8.19112627986348,175,5.429723859757989,163,5.0573999379460135,140,4.343779087806392,484,15.017064846416384,3223
"Paris, TX Micro Area",37580,29.3,422,5.0648103696591456,815,9.781565050408066,822,9.865578492558809,732,8.785405664906385,1002,12.025924147863657,377,4.5247239558329335,261,3.132501200192031,598,7.177148343734998,2261,27.13634181469035,8332
"Parkersburg-Vienna, WV Metro Area",37620,30.3,365,3.875557443193884,1107,11.75408791675515,925,9.821618177957102,697,7.400722021660649,899,9.545551072414526,827,8.781057549373541,811,8.611170099808877,875,9.29071989806753,1592,16.90380123168401,9418
"Payson, AZ Micro Area",37740,27.7,362,6.818609907703898,425,8.005274062912036,817,15.388962139762667,476,8.96590695046148,525,9.88886796006781,306,5.763797325296666,304,5.72612544735355,354,6.667922395931438,1166,21.962704840836317,5309
"Pella, IA Micro Area",37800,24.9,224,7.506702412868632,391,13.103217158176944,515,17.258713136729224,280,9.383378016085791,273,9.148793565683647,238,7.975871313672922,99,3.3176943699731907,214,7.171581769436998,570,19.101876675603215,2984
"Pensacola-Ferry Pass-Brent, FL Metro Area",37860,29.8,2058,3.4044665012406945,4616,7.636062861869314,7441,12.309346567411083,7415,12.266335814722911,6848,11.328370554177006,4625,7.650951199338296,4302,7.116625310173698,5782,9.564929693961952,13252,21.922249793217535,60450
"Peoria, IL Metro Area",37900,28.1,1962,4.730332473419003,4346,10.478096294331799,5669,13.667815897967547,4536,10.936181498179714,3993,9.627022205077512,2968,7.155773079055862,2002,4.826771463702776,2684,6.471056248041084,9744,23.49253803312679,41477
"Peru, IN Micro Area",37940,25.0,249,7.515846664654393,449,13.552671294898882,525,15.84666465439179,291,8.783579837005735,263,7.938424388771506,315,9.507998792635073,114,3.4409900392393604,229,6.912164201629943,596,17.989737398128586,3313
"Petoskey, MI Micro Area",37950,26.0,149,4.3952802359882,384,11.327433628318584,417,12.300884955752213,512,15.103244837758112,404,11.91740412979351,314,9.262536873156343,115,3.392330383480826,320,9.43952802359882,471,13.893805309734514,3390
"Philadelphia-Camden-Wilmington, PA-NJ-DE-MD Metro Area",37980,30.5,30388,3.7636392910664966,64281,7.961382692807867,94436,11.696164278371583,98601,12.21201124583545,86155,10.670539131296367,68445,8.477105807458416,48688,6.030145774761274,66108,8.187661782737395,204416,25.317496686937247,807410
"Phoenix-Mesa-Chandler, AZ Metro Area",38060,30.5,19363,3.100739193932717,44983,7.203457685310923,70076,11.221783801788414,81243,13.010037408081171,73284,11.735504368546465,55430,8.876412411283917,43259,6.927380921878604,59084,9.46155422890671,142725,22.8556009633862,624464
"Picayune, MS Micro Area",38100,28.9,148,4.016282225237449,289,7.842605156037992,268,7.2727272727272725,580,15.739484396200815,370,10.040705563093622,212,5.753052917232022,191,5.1831750339213025,220,5.970149253731343,862,23.3921302578019,3685
"Pierre, SD Micro Area",38180,24.8,168,8.080808080808081,217,10.437710437710438,336,16.161616161616163,230,11.063011063011064,175,8.417508417508419,236,11.351611351611352,123,5.916305916305916,172,8.273208273208272,230,11.063011063011064,2079
"Pikeville, KY Micro Area",38210,31.7,643,6.361297981796597,792,7.835377918480411,687,6.796596755045509,671,6.638306292045905,707,6.9944598337950135,526,5.203798971111991,417,4.125445191927186,793,7.845271072417886,2132,21.09220419469727,10108
"Pine Bluff, AR Micro Area",38220,29.3,572,6.000209797545368,829,8.69610825553341,987,10.353508863946292,953,9.99685303681947,905,9.493338927934543,926,9.713626350571698,632,6.629602433651527,713,7.479282492394838,1709,17.927200251757057,9533
"Pinehurst-Southern Pines, NC Metro Area",38240,29.0,377,3.7205171222737587,858,8.46738379551959,1345,13.273462942859963,1126,11.112207638409158,1011,9.977301884930426,991,9.77992697128195,770,7.598934175466299,642,6.335734728116056,1909,18.839435507746966,10133
"Pittsburg, KS Micro Area",38260,30.6,477,7.527221082531166,353,5.570459207827048,652,10.28878017989585,794,12.529588133186051,581,9.16837620325075,650,10.257219504497396,285,4.497396244279628,529,8.347798642890957,1546,24.396402083004574,6337
"Pittsburgh, PA Metro Area",38300,27.3,17809,5.687032773326606,31905,10.188375576000077,39577,12.638311868715094,38510,12.297581677848706,33547,10.71272325491536,25141,8.028395247021406,15971,5.100095481093785,22478,7.178006776283646,61794,19.73297227216263,313151
"Pittsfield, MA Metro Area",38340,32.4,796,4.689248895434463,1334,7.85861561119293,1504,8.860088365243005,1857,10.939617083946981,1686,9.932253313696613,1602,9.43740795287187,1484,8.742268041237114,1511,8.901325478645067,4102,24.164948453608247,16975
"Plainview, TX Micro Area",38380,26.6,346,7.0814572247237,527,10.785918952108064,561,11.481784690953747,529,10.826852230863693,602,12.320916905444127,324,6.63119115841179,211,4.318460908718788,261,5.341792877609496,946,19.361440851412198,4886
"Platteville, WI Micro Area",38420,27.1,347,5.636777128005198,677,10.99740090968161,717,11.647173489278751,796,12.930474333983105,614,9.974009096816113,467,7.58609486679662,343,5.571799870045484,533,8.658219623131904,1102,17.901234567901234,6156
"Plattsburgh, NY Micro Area",38460,28.5,614,5.923781958514231,960,9.261939218523878,989,9.54172696575012,1504,14.510371442354074,1020,9.84081041968162,742,7.158707187650748,434,4.1871683550410035,691,6.666666666666667,2616,25.238784370477568,10365
"Plymouth, IN Micro Area",38500,26.8,180,4.41717791411043,299,7.337423312883436,501,12.294478527607362,588,14.429447852760735,693,17.006134969325153,271,6.6503067484662575,278,6.822085889570552,165,4.049079754601228,662,16.245398773006134,4075
"Pocatello, ID Metro Area",38540,28.5,402,3.843947217441193,951,9.093516924842227,1203,11.503155479059094,1559,14.907248039778159,1170,11.187607573149743,644,6.157965194109773,676,6.463951042264296,964,9.217823675655001,2299,21.9831707783515,10458
"Ponca City, OK Micro Area",38620,24.9,345,6.395995550611791,637,11.809417871709305,477,8.843159065628477,982,18.205413422321097,383,7.100482017055988,376,6.970708194289951,420,7.786429365962181,442,8.194289951798295,768,14.238042269187986,5394
"Ponce, PR Metro Area",38660,31.8,438,1.492791656726083,1032,3.5172625336559764,1532,5.221362598411779,1911,6.513070447496677,2131,7.262874475989229,1747,5.954125626256774,1046,3.564977335469139,1185,4.038717153471252,4304,14.668893357417948,29341
"Pontiac, IL Micro Area",38700,23.4,240,6.294256490952006,551,14.450563860477313,443,11.61814843954891,681,17.859952793076317,340,8.91686336218201,289,7.579333857854707,162,4.248623131392605,191,5.0091791240493055,495,12.981904012588513,3813
"Poplar Bluff, MO Micro Area",38740,28.4,281,4.867486575437381,361,6.253247878053006,910,15.763034817252727,550,9.527108955482417,759,13.147410358565736,398,6.8941624805127315,501,8.678330157630349,561,9.717651134592066,908,15.728390784687338,5773
"Port Angeles, WA Micro Area",38820,30.5,309,3.2998718496369075,824,8.799658265698419,1108,11.832550192225545,996,10.636480136693722,980,10.465612985903459,761,8.126868859461768,528,5.638615976078599,1222,13.049978641606153,1847,19.724476719350704,9364
"Portland-South Portland, ME Metro Area",38860,28.9,2163,3.3982717989002356,5067,7.960722702278083,8192,12.870384917517674,7338,11.528672427336998,8517,13.380989787902593,6421,10.087981146897093,4336,6.812254516889238,4481,7.040062843676355,12321,19.35742340926944,63650
"Portland-Vancouver-Hillsboro, OR-WA Metro Area",38900,30.8,10953,2.882171219863904,27150,7.144248025135122,43954,11.56605074389647,49587,13.04831774668049,45168,11.88550257087673,34643,9.115955224116243,25798,6.788482893275723,36328,9.55934593948835,90907,23.92125801918816,380026
"Port Lavaca, TX Micro Area",38920,24.5,105,5.29500756429652,79,3.983862834089763,309,15.582450832072617,475,23.953605648008068,12,0.6051437216338881,254,12.808875441250631,199,10.035300050428644,212,10.690872415532022,191,9.631870902672718,1983
"Port St. Lucie, FL Metro Area",38940,34.7,771,1.796909595170951,1945,4.533059873680285,4038,9.411051809728017,4714,10.986552310811756,4196,9.779290092525695,4175,9.730347029622207,2705,6.30433262637798,4002,9.327149416179179,12683,29.5592793716643,42907
"Portsmouth, OH Micro Area",39020,31.8,372,4.192494083173673,801,9.027386453285247,610,6.874788684774033,854,9.624704158683647,739,8.328637439422968,820,9.241519215597881,533,6.006987490138623,692,7.798940606333822,1911,21.537247830497012,8873
"Port Townsend, WA Micro Area",39040,28.6,83,2.529716549832368,260,7.924413288631514,594,18.104236513258154,171,5.21182566290765,401,12.221883572081682,347,10.576043889058214,228,6.949100883876867,250,7.619628162145688,457,13.928680280402316,3281
"Pottsville, PA Micro Area",39060,25.9,790,5.790090882439167,1654,12.122544708296687,1453,10.649369686309,1749,12.81882145998241,1203,8.817062445030782,1003,7.351216652008209,635,4.654060392846673,923,6.764878334799179,2299,16.84989739079449,13644
"Prescott Valley-Prescott, AZ Metro Area",39150,28.4,1342,4.6522914788878875,2677,9.280316161686196,2413,8.365111280593498,4031,13.974207862441935,3742,12.972335852457881,1933,6.701102405879499,1411,4.8914927546280245,2470,8.562712334465784,5979,20.727310545656245,28846
"Price, UT Micro Area",39220,31.0,182,7.114933541829554,196,7.66223612197029,264,10.320562939796716,257,10.046911649726349,208,8.131352619233777,237,9.26505082095387,173,6.7630961688819395,236,9.225957779515246,555,21.696637998436277,2558
"Providence-Warwick, RI-MA Metro Area",39300,29.4,11665,4.699516954922507,20302,8.179133580697535,30126,12.13696080445739,30986,12.483431835853306,27358,11.021807531313327,23480,9.459464903693139,14139,5.696225480124246,19474,7.845554494655886,56861,22.907778274654838,248217
"Provo-Orem-Lehi, UT Metro Area",39340,28.5,2273,3.6051896967389925,6237,9.892462885420631,8252,13.088440553229287,7911,12.547582794061668,7589,12.03686080446644,5811,9.216787209744956,3673,5.825720086283467,5966,9.462631645730237,12387,19.64693566806243,63048
"Pueblo, CO Metro Area",39380,31.6,1133,5.272955740680412,1457,6.780844231395728,2482,11.551170475171034,2114,9.838507004235119,2204,10.257364918322706,1730,8.051379904128078,1502,6.990273188439522,1555,7.236933960068879,5744,26.732442872434497,21487
"Pullman, WA Micro Area",39420,39.2,266,2.774590591425889,706,7.364138938145405,917,9.565035986231354,840,8.76186502555544,696,7.259831021174507,497,5.184103473453635,551,5.747366225096485,737,7.687493480755189,3561,37.144049233336816,9587
"Punta Gorda, FL Metro Area",39460,35.2,382,2.5975792193662453,761,5.174758601931185,1304,8.867129062967496,1259,8.561131510947913,1552,10.553515571875426,1328,9.030327757377941,1169,7.949136406908745,1567,10.655514755881953,3943,26.812185502515977,14706
"Putnam, CT Micro Area",39480,27.5,638,6.845493562231759,714,7.660944206008584,1302,13.969957081545065,888,9.527896995708154,1419,15.225321888412017,911,9.774678111587983,648,6.9527896995708165,482,5.171673819742489,1515,16.255364806866954,9320
"Quincy, IL-MO Micro Area",39500,26.1,429,5.120553831463356,1122,13.392217713058008,1102,13.153497254714729,998,11.912150871329672,864,10.312723800429696,453,5.407018381475293,520,6.20673191692528,539,6.433516352351397,1668,19.909286225829554,8378
"Racine-Mount Pleasant, WI Metro Area",39540,26.5,1009,4.420397791991588,2980,13.055287829667922,3230,14.150530097257514,2738,11.995093314641199,2631,11.526329624112854,1695,7.425742574257425,1037,4.543064925961623,1658,7.263646718654167,4479,19.62236046613511,22826
"Raleigh-Cary, NC Metro Area",39580,28.9,6673,3.638971293953407,17758,9.683928104004886,22797,12.431834045894774,23947,13.058960823662858,20888,11.390803594799756,17791,9.701923915888667,11444,6.240729430241689,15171,8.27316551784312,38443,20.964030189337755,183376
"Rapid City, SD Metro Area",39660,28.4,852,4.751282623243363,1539,8.582422484943118,1902,10.606736560339058,2498,13.93040374749052,2228,12.424715592237341,2189,12.207227303145215,1140,6.357349988846754,1382,7.706892705777381,2849,15.88779834931965,17932
"Raymondville, TX Micro Area",39700,29.1,97,6.190172303765156,170,10.848755583918315,228,14.550095724313975,36,2.297383535417996,113,7.211231652839821,130,8.296107211231654,33,2.105934907466496,178,11.359285258455648,262,16.719846841097638,1567
"Reading, PA Metro Area",39740,29.8,1841,3.9321642922745035,4691,10.019436553535957,5972,12.755505243597684,4996,10.67088147974113,4571,9.763130353061792,3985,8.51150174074628,2680,5.724171810589718,4352,9.295371537196436,10773,23.009889147568295,46819
"Red Bluff, CA Micro Area",39780,31.8,161,2.024647887323944,654,8.224346076458753,851,10.701710261569417,1157,14.549798792756539,567,7.130281690140845,530,6.664989939637827,452,5.684104627766599,1036,13.028169014084506,1754,22.057344064386317,7952
"Redding, CA Metro Area",39820,30.5,936,3.779985461594378,2195,8.864388983119294,2562,10.346498667312819,2953,11.925531055649786,2582,10.427267587432357,2324,9.385348517890316,1582,6.388821581455456,2064,8.335352556336321,5711,23.063565140134077,24762
"Red Wing, MN Micro Area",39860,29.3,235,5.441074322759897,361,8.358416300069461,529,12.248205603148877,347,8.03426719147951,595,13.776337115072934,436,10.094929381801343,262,6.066219032183376,378,8.752025931928689,814,18.846955313730028,4319
"Reno, NV Metro Area",39900,30.1,2772,3.2668261581794393,6447,7.5978456860688475,11342,13.366645846346033,10249,12.078535820772395,9837,11.592990230162751,8024,9.45635392973731,5541,6.530116790213664,8482,9.996110921240263,18934,22.313884011172263,84853
"Rexburg, ID Micro Area",39940,30.1,1012,12.119760479041917,573,6.862275449101797,563,6.74251497005988,976,11.688622754491018,835,10.0,1001,11.988023952095809,583,6.982035928143712,733,8.778443113772456,1679,20.107784431137723,8350
"Rice Lake, WI Micro Area",39960,27.3,213,4.676180021953897,520,11.416026344676181,614,13.479692645444565,475,10.428100987925356,506,11.10867178924259,556,12.206366630076838,190,4.171240395170143,407,8.93523600439078,633,13.89681668496158,4555
"Richmond, IN Micro Area",39980,29.4,234,2.88106377739473,716,8.815562669293278,946,11.647377493228268,1116,13.740458015267176,898,11.056390051711402,588,7.239596158581631,522,6.426988426495937,741,9.123368628416646,1834,22.58064516129032,8122
"Richmond, VA Metro Area",40060,30.8,6288,3.650825906465004,13468,7.819548872180452,20114,11.678230324846867,19129,11.106337271750807,19886,11.545853049612449,15955,9.26350625598746,11008,6.391267744651204,14784,8.583621215200163,42224,24.515342410079253,172235
"Richmond-Berea, KY Micro Area",40080,27.6,606,3.5741669124152162,1756,10.356826894721321,2150,12.680625184311412,1927,11.36537894426423,1957,11.542317900324388,1308,7.714538484222944,926,5.461515777056915,1076,6.346210557357712,3176,18.73193748156886,16955
"Rifle, CO Micro Area",40090,30.1,220,2.2172949002217295,960,9.675468655513003,1329,13.394476919975812,904,9.111066317274744,1254,12.638580931263856,1063,10.713565813344083,743,7.48840959483975,1066,10.743801652892563,1832,18.46401935093731,9922
"Rio Grande City-Roma, TX Micro Area",40100,34.6,179,3.3716330759088344,262,4.935016010548126,271,5.104539461292146,404,7.609719344509323,457,8.608024110001883,367,6.912789602561688,208,3.917875306084008,367,6.912789602561688,1304,24.562064418911284,5309
"Riverside-San Bernardino-Ontario, CA Metro Area",40140,34.1,11365,2.2992807793074848,29472,5.962551969005736,48532,9.818626905530211,56236,11.377241874626986,49376,9.989378597367915,47419,9.593453169730013,35235,7.128478509362007,51479,10.414841639944566,139250,28.172006028910445,494285
"Riverton, WY Micro Area",40180,25.6,333,7.671043538355218,461,10.6196728864317,594,13.683483068417415,471,10.850034554250172,434,9.997696383321815,345,7.947477539737388,280,6.450126698917299,368,8.47730937571988,536,12.34738539507026,4341
"Roanoke, VA Metro Area",40220,27.3,2324,5.709091802392709,4382,10.764733338246494,4786,11.757191637801851,5292,13.000221092195446,4374,10.745080698651337,3025,7.43115434691822,2154,5.291473210995652,3669,9.013191834328248,7531,18.500503598889626,40707
"Roanoke Rapids, NC Micro Area",40260,30.9,409,4.333545242636152,891,9.44055944055944,1171,12.407289680016953,481,5.096418732782369,896,9.49353676626404,816,8.645899554990464,558,5.912269548633185,590,6.2513244331426145,2176,23.055732146641237,9438
"Rochelle, IL Micro Area",40300,24.4,446,8.454976303317535,850,16.113744075829384,583,11.052132701421801,580,10.995260663507109,535,10.142180094786731,400,7.5829383886255926,171,3.2417061611374405,506,9.592417061611375,704,13.345971563981044,5275
"Rochester, MN Metro Area",40340,28.8,1017,4.290596127072523,2079,8.771041640298696,2964,12.50474623465384,2938,12.395055478209509,2680,11.306585664261908,2605,10.990170020672489,1520,6.41269037674556,1436,6.05830485592541,4873,20.55857908281652,23703
"Rochester, NY Metro Area",40380,29.9,5772,3.970557886771686,12507,8.603563321180436,17616,12.118043612849968,17408,11.974960445759098,15884,10.92660108688175,12560,8.640022012794937,8545,5.878104148036046,11797,8.11515443351448,35772,24.607553140262777,145370
"Rockford, IL Metro Area",40420,29.6,1976,4.555304532251371,3741,8.624187376089262,5396,12.439485453455669,5326,12.278113329337453,4219,9.726128452210798,3467,7.992530775969385,2298,5.297616303195167,3662,8.44206740744156,10495,24.194292037438334,43378
"Rockingham, NC Micro Area",40460,32.2,141,2.3681558616056435,660,11.084984884111522,512,8.599261001007726,344,5.777628485052066,395,6.634195498824321,414,6.953308700033591,79,1.3268390997648638,301,5.055424924420557,1630,27.376553577426936,5954
"Rock Springs, WY Micro Area",40540,24.6,430,9.801686801914748,674,15.36357419648963,390,8.889901983131981,584,13.312058354228402,466,10.622293138819238,266,6.063369044905402,161,3.6699338956006384,430,9.801686801914748,666,15.181217232733074,4387
"Rocky Mount, NC Metro Area",40580,27.0,1270,5.833716123105191,2209,10.146991272393201,2776,12.751492880110243,2783,12.783647220946257,1815,8.337161231051907,1560,7.165824529168581,1247,5.728066146072576,1946,8.938906752411576,3936,18.0799265043638,21770
"Rolla, MO Micro Area",40620,32.0,222,3.30307989882458,526,7.8262163368546345,726,10.801963993453354,734,10.920993899717304,498,7.4096116649308135,870,12.944502306204434,673,10.013390864454694,348,5.177800922481773,1524,22.67519714328225,6721
"Rome, GA Metro Area",40660,30.1,712,5.1167804527488325,1345,9.665828242903341,1884,13.539346029464609,1290,9.270571325907294,1090,7.833273445921667,1023,7.351778656126482,772,5.54796981674452,1385,9.953287818900467,3176,22.824290334171756,13915
"Roseburg, OR Micro Area",40700,29.1,466,3.535391851908049,1081,8.201198695091419,1484,11.258629845990441,1662,12.60905849328579,1370,10.393748577497913,1069,8.11015856156589,885,6.714209847507776,824,6.251422502086336,2779,21.083377588953798,13181
"Roswell, NM Micro Area",40740,27.8,435,5.885536463266135,758,10.255716411852253,853,11.541063455554053,715,9.673927749966175,817,11.053984575835475,468,6.332025436341496,226,3.0577729671221756,351,4.749019077256122,1806,24.435123799215262,7391
"Ruidoso, NM Micro Area",40760,33.3,61,3.1754294638209264,107,5.570015616866216,195,10.15096304008329,111,5.778240499739719,162,8.433107756376886,144,7.496095783446122,64,3.331598125976054,279,14.523685580426863,341,17.751171264966164,1921
"Russellville, AL Micro Area",40770,22.4,269,8.216249236408062,497,15.18020769700672,317,9.682345754428834,485,14.813683567501526,163,4.978619425778864,99,3.0238240684178375,110,3.3598045204642637,279,8.521686010995724,418,12.767257177764202,3274
"Russellville, AR Micro Area",40780,27.8,596,6.246724661985117,895,9.380568074625302,1070,11.214757362959856,823,8.625930195996228,1093,11.455822240855257,638,6.68693009118541,634,6.645005764594907,687,7.200503091919086,1541,16.15134681899172,9541
"Ruston, LA Micro Area",40820,39.5,255,2.9905007622845083,451,5.2890817403541694,544,6.379734959540285,816,9.569602439310426,477,5.593995543567491,605,7.095109651694617,427,5.007622845080333,720,8.443766858215081,2767,32.44986513427935,8527
"Rutland, VT Micro Area",40860,30.9,187,2.689873417721519,545,7.839470655926352,572,8.227848101265822,807,11.608170310701956,1069,15.37686996547756,610,8.774453394706558,565,8.127157652474109,563,8.098388952819333,1664,23.935558112773304,6952
"Sacramento-Roseville-Folsom, CA Metro Area",40900,32.9,8309,2.529137280804551,22241,6.7698329837975715,34076,10.372232757334924,37647,11.459192587609692,36139,11.000179587314438,29958,9.118774179605579,22799,6.939679969317964,32361,9.850212004346622,88117,26.821517604122597,328531
"Safford, AZ Micro Area",40940,23.0,334,10.130421595389748,271,8.21959356991204,490,14.8619957537155,564,17.10646041856233,303,9.1901728844404,247,7.4916590840157715,75,2.2747952684258417,132,4.003639672429482,457,13.861085835608128,3297
"Saginaw, MI Metro Area",40980,32.1,664,3.23208722741433,1867,9.08781152647975,1931,9.399338006230531,2034,9.900700934579438,2022,9.842289719626168,2159,10.509151090342678,1093,5.320288161993769,1740,8.4696261682243,5357,26.07573987538941,20544
"St. Cloud, MN Metro Area",41060,27.7,1083,4.346779048765804,2698,10.828817981135861,3234,12.980132450331125,3048,12.233594220349188,3347,13.433674493277142,1612,6.4699979931768015,1289,5.17359020670279,1912,7.674091912502509,5522,22.163355408388522,24915
"St. George, UT Metro Area",41100,32.3,651,3.549618320610687,1031,5.6215921483097055,2183,11.902944383860415,1827,9.961832061068703,2143,11.68484187568157,1673,9.122137404580153,1497,8.162486368593239,1718,9.367502726281353,4494,24.50381679389313,18340
"St. Joseph, MO-KS Metro Area",41140,28.1,812,5.458823529411765,1673,11.24705882352941,1961,13.183193277310925,1605,10.789915966386554,1221,8.208403361344537,1263,8.490756302521008,853,5.734453781512605,900,6.050420168067227,3352,22.534453781512607,14875
"St. Louis, MO-IL Metro Area",41180,28.0,14959,4.330419175544233,34931,10.112031032885595,46546,13.474409448818896,42918,12.424154701250579,36837,10.66379110699398,27242,7.8861741547012505,20238,5.85861509958314,25693,7.43776053728578,73270,21.210629921259844,345440
"St. Marys, PA Micro Area",41260,27.5,220,7.719298245614035,198,6.947368421052631,432,15.157894736842106,231,8.105263157894736,296,10.385964912280702,144,5.052631578947368,317,11.12280701754386,189,6.631578947368421,427,14.982456140350878,2850
"Salem, OH Micro Area",41400,26.1,439,3.947841726618705,1676,15.071942446043165,1167,10.494604316546763,1308,11.762589928057555,665,5.98021582733813,582,5.233812949640288,591,5.3147482014388485,881,7.922661870503597,2176,19.568345323741006,11120
"Salem, OR Metro Area",41420,31.5,1585,2.69164147675169,4632,7.8660462588730775,6454,10.960160309751044,7230,12.277960805624428,6796,11.540943517983902,5164,8.769486805013075,3920,6.656930339978942,4864,8.260027850422851,15781,26.799239207961143,58886
"Salina, KS Micro Area",41460,27.3,214,2.6996341617257475,876,11.050838905008199,1053,13.28371388923931,1139,14.368613599091711,635,8.01059669484042,512,6.458937807493377,460,5.802951936419831,452,5.7020310331777475,1818,22.93427526176359,7927
"Salinas, CA Metro Area",41500,32.7,1433,2.274133908875946,3795,6.02256677193595,6146,9.75354291971498,7229,11.47223588783267,7892,12.524399727040453,6590,10.458159427419739,4272,6.7795534254836305,6937,11.008839445828638,15891,25.218605684541284,63013
"Salisbury, MD Metro Area",41540,30.7,989,5.396704136199935,1446,7.890428898832261,1984,10.826148641274692,2471,13.483575248281129,1467,8.00502018989414,1535,8.376077703808797,1404,7.661246316708501,1382,7.541198297500819,4483,24.46251227763833,18326
"Salt Lake City-Murray, UT Metro Area",41620,28.9,4268,3.0164675948830304,11373,8.038023888614036,19023,13.444766414587603,19603,13.854689377341156,17365,12.272952152095556,13883,9.812000848116474,9195,6.498692487101562,12075,8.53417202629161,28897,20.423351473602374,141490
"San Angelo, TX Metro Area",41660,30.1,413,2.689502474602761,1324,8.622036988799167,1532,9.976556394894503,1967,12.809325345141964,1790,11.656681427455066,1178,7.671268559520708,1263,8.224798124511592,1587,10.334722584006252,3042,19.80984631414431,15356
"San Antonio-New Braunfels, TX Metro Area",41700,30.9,9847,2.8430121435046973,24912,7.192557989132633,39046,11.273306809717115,45142,13.033335450603134,38644,11.157241928871283,30132,8.699669128474007,24214,6.99103240000231,32896,9.497687363941356,81787,23.61342887994503,346358
"San Diego-Chula Vista-Carlsbad, CA Metro Area",41740,33.7,10665,2.021310468739339,29052,5.50615206167982,53412,10.123041233596396,60285,11.42566353567286,61728,11.699151675043781,50513,9.573601097743106,38684,7.331680653793961,52421,9.935219510715882,148483,28.14160734456852,527628
"Sandpoint, ID Micro Area",41760,27.5,243,5.546678840447386,331,7.555352659210227,708,16.160693905501027,415,9.472723122574754,499,11.390093585939283,551,12.577037206117325,115,2.624971467701438,277,6.322757361333029,750,17.11937913718329,4381
"Sandusky, OH Metro Area",41780,26.4,567,4.627815866797257,1444,11.785830884753508,1505,12.283708782239634,1641,13.39373163565132,1121,9.149526607900752,889,7.255958210904343,461,3.762650995755795,790,6.447926869082599,2544,20.763956904995105,12252
"Sanford, NC Micro Area",41820,27.2,315,3.751786565030967,1032,12.291567413053835,1049,12.49404478323011,1112,13.244402096236302,730,8.694616484040019,583,6.9437827536922345,349,4.156741305383516,856,10.195331110052406,1643,19.56884230585993,8396
"San Francisco-Oakland-Fremont, CA Metro Area",41860,28.8,38715,5.001601959558273,73342,9.475074026034426,98701,12.751210512988791,96987,12.529778361143695,82205,10.620087539338442,63963,8.26339832466036,45080,5.82389813604254,64847,8.377602538330759,176798,22.840584353505967,774052
"San Jose-Sunnyvale-Santa Clara, CA Metro Area",41940,27.6,15346,5.130176644424535,32834,10.976425123356913,40541,13.552879665164545,38284,12.798363264378269,32296,10.796571413289117,24964,8.345479587606809,19545,6.5339047644518145,23495,7.854392040971879,60718,20.298062393859567,299132
"San Juan-Bayamón-Caguas, PR Metro Area",41980,31.3,7656,2.9883953768867757,12009,4.687518296895676,17784,6.941695844116304,17447,6.810153362139966,19160,7.478795117705149,12484,4.872926839740662,11393,4.447072691858808,13529,5.2808256339996325,43349,16.920578786920697,256191
"San Luis Obispo-Paso Robles, CA Metro Area",42020,33.8,1146,2.7618450860365353,2273,5.477900419337735,4791,11.546247650262687,4159,10.023135875066275,4472,10.77746180170627,3743,9.02058128886104,2738,6.598544367860414,4040,9.736347423723913,11977,28.864414132163684,41494
"Santa Cruz-Watsonville, CA Metro Area",42100,30.8,1942,5.008898403445874,2411,6.218565422609682,4250,10.96180134636713,4407,11.366743184338809,4828,12.45260632947306,2932,7.562353305305512,2081,5.36741378865647,3125,8.06014804879936,10673,27.528307239947384,38771
"Santa Fe, NM Metro Area",42140,29.5,940,4.613496932515337,1801,8.839263803680982,2423,11.892024539877301,2130,10.45398773006135,2029,9.958282208588958,1336,6.557055214723927,923,4.530061349693251,1839,9.025766871165644,4817,23.641717791411043,20375
"Santa Maria-Santa Barbara, CA Metro Area",42200,33.7,1707,2.431416118280489,3978,5.666182377574566,7588,10.808193031934593,8421,11.994701307580549,7076,10.078910634418712,6007,8.556248753667777,5348,7.617582542802609,6539,9.314018744836623,19880,28.31666809104635,70206
"Santa Rosa-Petaluma, CA Metro Area",42220,32.0,2042,2.83575664153092,4923,6.8366454193225845,7233,10.044577761113194,8359,11.608271188323682,8448,11.731866849977086,7307,10.147342693274451,5073,7.044952714244053,6960,9.665458484356122,17587,24.423335971892403,72009
"Sault Ste. Marie, MI Micro Area",42300,28.9,272,7.4643249176728865,277,7.601536772777168,454,12.458836443468716,247,6.7782656421514815,409,11.223929747530187,356,9.769484083424809,240,6.586169045005488,274,7.5192096597146,615,16.877058177826566,3644
"Savannah, GA Metro Area",42340,29.8,1865,3.055373525557012,5139,8.419069462647444,7655,12.540956749672347,6926,11.346657929226737,7144,11.703800786369593,4393,7.196920052424639,4008,6.566186107470511,5359,8.77948885976409,14469,23.704128440366972,61040
"Sayre, PA Micro Area",42380,25.5,393,5.78707112354587,913,13.444264467677808,637,9.380061846561626,947,13.944927109409514,715,10.528640848181418,637,9.380061846561626,463,6.817847150640553,363,5.345309969076719,864,12.72272124871153,6791
"Scottsbluff, NE Micro Area",42420,30.0,121,2.4989673688558445,381,7.8686493184634445,614,12.680710450227178,632,13.052457662123091,455,9.3969434118133,397,8.199091284593143,202,4.171829822387443,487,10.057827344072697,1108,22.88310615448162,4842
"Scottsboro, AL Micro Area",42460,27.4,279,5.276096822995462,475,8.982602118003026,690,13.048411497730712,509,9.625567322239032,453,8.566565809379728,540,10.211800302571861,149,2.817700453857791,416,7.866868381240545,834,15.771558245083206,5288
"Scranton--Wilkes-Barre, PA Metro Area",42540,28.3,3918,5.147068483073002,8131,10.681677854994023,9148,12.017708648073462,8166,10.727657282484465,7936,10.42550675897584,5878,7.721916422537801,3494,4.590060561474495,5244,6.889031935996637,17161,22.544370147528277,76121
"Seaford, DE Micro Area",42580,31.8,993,5.136029792076135,1481,7.660080686872867,1978,10.230681700631013,1973,10.204820523430227,1738,8.989345194993275,1701,8.797972483707458,1666,8.616944243301955,1525,7.8876590462397855,4484,23.192303713665048,19334
"Searcy, AR Micro Area",42620,30.0,381,4.144006961061562,800,8.701326952360235,772,8.396780509027627,1123,12.21448770937568,938,10.202305851642375,1017,11.06156188818795,680,7.396127909506199,863,9.386556449858602,1437,15.629758538177072,9194
"Seattle-Tacoma-Bellevue, WA Metro Area",42660,29.4,22669,3.6093972661629956,52922,8.42633208875019,78446,12.490307377538592,83820,13.345964923454156,73431,11.691810430615153,59319,9.444873458534682,43923,6.993495792565938,53307,8.487632452571829,136589,21.747936088399904,628055
"Sebastian-Vero Beach-West Vero Corridor, FL Metro Area",42680,34.2,455,3.204451017677301,678,4.774984153813649,1595,11.233185435594056,1442,10.155644763715754,1502,10.578209733079795,877,6.176491302204381,896,6.310303542502993,1335,9.402070568349883,4040,28.452707937178673,14199
"Sebring, FL Metro Area",42700,31.4,653,6.7416890357216595,494,5.100144538509189,1002,10.344827586206897,911,9.405327276481518,1000,10.324179227751394,863,8.909766673549454,511,5.275655585380963,738,7.619244270080529,2437,25.16002477803015,9686
"Sedalia, MO Micro Area",42740,26.7,430,8.496344595929658,522,10.314167160640189,635,12.54692748468682,582,11.499703615886189,556,10.985971151946256,326,6.441414740169926,249,4.919976289270895,380,7.508397549891326,1027,20.292432325627345,5061
"Selinsgrove, PA Micro Area",42780,26.6,238,6.358535933742987,510,13.62543414373497,402,10.740048089767566,372,9.93855196366551,334,8.923323537269571,331,8.843173924659364,181,4.835693294149078,339,9.056906224953245,546,14.587229495057441,3743
"Selma, AL Micro Area",42820,36.3,367,6.10648918469218,258,4.292845257903495,434,7.221297836938436,577,9.600665557404326,477,7.9367720465890175,293,4.875207986688852,468,7.787021630615641,574,9.550748752079867,1606,26.722129783693845,6010
"Seneca, SC Micro Area",42860,30.3,391,4.726217816995044,860,10.395261694669406,827,9.996373745920465,556,6.720657560739755,937,11.326000241750272,679,8.20742173334945,468,5.656956364075909,773,9.343648011604012,1723,20.82678593013417,8273
"Seneca Falls, NY Micro Area",42900,27.4,127,3.315061341686244,537,14.017227877838684,332,8.666144609762465,576,15.035238841033674,380,9.919081179848604,222,5.794831636648395,302,7.883059253458627,196,5.116157661185069,834,21.769772905246672,3831
"Sevierville, TN Micro Area",42940,25.2,702,6.387043945045947,1190,10.827040305704667,1230,11.190974433627513,1748,15.903921390228367,1292,11.755072331907925,659,5.995814757528888,661,6.014011463925029,692,6.296060413065235,1644,14.957692657628968,10991
"Seymour, IN Micro Area",42980,25.9,285,6.054811982154239,660,14.021669853409815,480,10.197578075207138,560,11.897174421074995,556,11.812194603781602,441,9.369024856596559,372,7.903123008285533,302,6.415976205651158,504,10.707456978967496,4707
"Shawano, WI Micro Area",43020,25.4,334,8.423707440100884,627,15.813366960907945,377,9.508196721311474,387,9.760403530895335,309,7.793190416141235,363,9.155107187894075,207,5.220680958385877,307,7.742749054224464,589,14.85498108448928,3965
"Shawnee, OK Micro Area",43060,26.5,480,5.997750843433712,788,9.84630763463701,1077,13.457453454954393,895,11.183306260152442,834,10.421092090466075,583,7.28476821192053,414,5.1730601024615765,481,6.010246157690866,1429,17.85580407347245,8003
"Sheboygan, WI Metro Area",43100,23.2,809,5.696781916766424,2346,16.51996338286036,2342,16.49179635236955,1845,12.992042813886345,1755,12.35828462784311,969,6.823463136398845,570,4.013801844940497,787,5.541863249066967,1935,13.625800999929583,14201
"Shelby-Kings Mountain, NC Micro Area",43140,29.8,756,6.921809192455594,953,8.725508148690716,1245,11.399011170115363,924,8.459989013001282,876,8.020509064273943,863,7.901483244826955,539,4.934993590917414,1188,10.877128731001648,2109,19.309650247207472,10922
"Shelbyville, TN Micro Area",43180,28.5,390,6.900212314225053,499,8.828733191790516,965,17.073602264685068,529,9.359518754423213,419,7.413305024769993,633,11.199575371549894,317,5.608634111818825,370,6.546355272469922,1236,21.86836518046709,5652
"Shelton, WA Micro Area",43220,27.8,205,4.278856188687122,254,5.301607180129409,565,11.79294510540597,676,14.109789188060947,583,12.168649551241911,287,5.99039866416197,195,4.0701314965560424,183,3.819661865998748,1102,23.00146107284492,4791
"Sheridan, WY Micro Area",43260,28.4,314,7.709305180456666,510,12.521482936410507,278,6.825435796710042,427,10.483672968328014,419,10.287257549717653,423,10.385465259022833,149,3.658237171617972,212,5.205008593174564,899,22.07218266633931,4073
"Sherman-Denison, TX Metro Area",43300,28.8,549,3.1513690373686933,1121,6.434762642787441,2181,12.519373170311693,2409,13.828138453590494,2463,14.13810917857758,1136,6.520865621950519,1484,8.518454738533954,1345,7.720567131622754,3566,20.469548246369325,17421
"Show Low, AZ Micro Area",43320,22.5,1359,12.728294464737285,1193,11.17355062283413,1397,13.08419968155849,985,9.225437857075958,833,7.801816989791139,486,4.551840404608036,646,6.050388685960476,746,6.986981361805751,1257,11.772969935375105,10677
"Shreveport-Bossier City, LA Metro Area",43340,32.0,2138,3.767400881057269,3935,6.933920704845815,5543,9.767400881057268,6192,10.91101321585903,5349,9.425550660792952,3994,7.0378854625550655,3188,5.617621145374449,4011,7.06784140969163,15109,26.623788546255504,56750
"Sidney, OH Micro Area",43380,25.7,199,4.034874290348743,836,16.95052716950527,705,14.294403892944038,427,8.657745336577454,589,11.94241686942417,423,8.576642335766424,454,9.205190592051906,259,5.2514193025141935,613,12.429034874290348,4932
"Sierra Vista-Douglas, AZ Metro Area",43420,28.4,833,5.594358629952988,1568,10.530557421087979,1831,12.296843519140364,1257,8.441907320349227,1722,11.564808596373405,1279,8.589657488247147,926,6.218938885157824,1221,8.200134318334452,2716,18.240429818670247,14890
"Sikeston, MO Micro Area",43460,28.2,300,4.600521392424475,774,11.869345192455146,708,10.857230486121761,723,11.087256555742984,667,10.228492562490416,614,9.415733783162091,207,3.1743597607728873,341,5.22925931605582,1527,23.416653887440578,6521
"Silver City, NM Micro Area",43500,30.7,196,6.61715057393653,153,5.165428764348413,251,8.474004051316678,206,6.954760297096556,454,15.327481431465225,173,5.840648210668467,222,7.4949358541526,257,8.676569885212695,656,22.14719783929777,2962
"Sioux City, IA-NE-SD Metro Area",43580,25.8,1192,6.843102359492508,2119,12.164877432688444,2482,14.248808772030541,2097,12.038578563637408,1764,10.12687295481945,1243,7.135886101383547,861,4.942878466042827,1152,6.613468052126987,3437,19.731327860382343,17419
"Sioux Falls, SD-MN Metro Area",43620,25.4,1972,4.976028261418118,4625,11.670451678021701,6537,16.495079485238456,5535,13.9666919000757,4876,12.303810244764067,3241,8.178147867776937,2239,5.649760282614181,3110,7.847590209437295,6048,15.261165783497352,39630
"Slidell-Mandeville-Covington, LA Metro Area",43640,31.2,589,2.6928176290403694,2024,9.253417455310199,1602,7.324098203264298,2988,13.660677547661502,2297,10.501531568600559,1906,8.713939560188361,1246,5.696520824761121,2010,9.189411603346592,5223,23.87875462899465,21873
"Snyder, TX Micro Area",43660,22.8,46,3.3823529411764706,205,15.073529411764705,222,16.323529411764707,211,15.514705882352942,227,16.691176470588236,12,0.8823529411764706,71,5.220588235294118,110,8.088235294117647,75,5.514705882352941,1360
"Somerset, KY Micro Area",43700,29.4,237,3.2496914849856027,875,11.997806115453175,669,9.173179761415055,685,9.392568216097628,820,11.243658302481832,533,7.308377896613191,250,3.427944604415192,562,7.706019470725353,1731,23.735088440970795,7293
"Somerset, PA Micro Area",43740,26.3,419,7.304741980474199,686,11.95955369595537,495,8.629707112970712,719,12.53486750348675,568,9.902370990237099,492,8.577405857740587,289,5.038354253835426,371,6.467921896792189,898,15.655509065550907,5736
"Sonora, CA Micro Area",43760,34.7,213,3.6120061047990504,572,9.69984738002374,478,8.105816516872986,587,9.954214007122266,318,5.392572494488723,559,9.47939630320502,360,6.104799050364592,690,11.700864846532134,1606,27.23418687468204,5897
"South Bend-Mishawaka, IN-MI Metro Area",43780,30.1,1455,3.8842467764756132,3170,8.462585760431406,4948,13.20910862543047,3643,9.725299660962653,4097,10.93729143863958,3202,8.548012493659735,2397,6.398996235884567,3017,8.054139192183454,8785,23.452307856589872,37459
"Sparta, WI Micro Area",43890,25.1,231,4.577883472057074,553,10.959175584621482,769,15.239793896155371,642,12.72294887039239,446,8.83868410622275,392,7.768529528339278,349,6.916369401506143,412,8.164883075703527,617,12.227506936187078,5046
"Spartanburg, SC Metro Area",43900,29.7,1393,3.6259045239210788,3416,8.891665365193399,4445,11.570097350200427,4087,10.638242490499245,3979,10.357124264667604,3275,8.524649903690978,2208,5.74730595033578,3086,8.032693008485605,8236,21.437867666198137,38418
"Spearfish, SD Micro Area",43940,26.3,195,4.569955472228733,517,12.116240918678228,686,16.076868994609796,354,8.296226857276775,576,13.498945394891024,174,4.077806421373331,156,3.6559643777829858,402,9.421138973517694,751,17.600187485352706,4267
"Spencer, IA Micro Area",43980,25.8,150,7.579585649317837,185,9.348155634158665,281,14.199090449722082,243,12.278928751894897,341,17.230924709449216,119,6.013137948458818,153,7.7311773623041935,47,2.374936836786256,307,15.51288529560384,1979
"Spirit Lake, IA Micro Area",44020,25.1,67,3.3184744923229323,174,8.618127786032689,430,21.29767211490837,226,11.193660227835563,176,8.71718672610203,142,7.033184744923229,138,6.8350668647845465,135,6.686478454680535,310,15.354135710747896,2019
"Spokane-Spokane Valley, WA Metro Area",44060,30.7,3359,4.101293024505195,6022,7.352779575340961,8860,10.817938730906826,10240,12.502899842492765,9585,11.703153807645815,7410,9.047508577428847,5979,7.300277163892993,7678,9.374732909244088,19001,23.199960928437992,81901
"Springfield, IL Metro Area",44100,28.0,1514,5.859586655313879,2552,9.876925458626829,3050,11.80431921975385,2987,11.560492298165492,2812,10.883195293753387,2197,8.502980106819413,1211,4.686895270531775,1843,7.132905023608638,5429,21.011688211161854,25838
"Springfield, MA Metro Area",44140,31.6,2824,4.057704465773895,5911,8.493304212885798,6490,9.325248577504453,6947,9.981895511236278,8218,11.80814989367205,6812,9.787918845910685,4546,6.53198459681591,6035,8.671475372147825,17307,24.867808494741077,69596
"Springfield, MO Metro Area",44180,28.8,2997,4.089792576419214,6810,9.293122270742359,9067,12.373089519650655,8703,11.87636462882096,8202,11.19268558951965,6149,8.391102620087336,4234,5.777838427947598,6114,8.34334061135371,15319,20.904748908296945,73280
"Springfield, OH Metro Area",44220,27.6,853,4.9991209048819085,1862,10.912500732579264,2005,11.75057141182676,2283,13.379827697356856,1979,11.598194924690851,1646,9.646603762527105,981,5.7492820723202245,1085,6.358788020863858,3369,19.744476352341323,17063
"Starkville, MS Micro Area",44260,37.9,176,1.4573155584996274,937,7.75854930860313,921,7.626066076012254,1266,10.482735778753002,624,5.166846071044134,517,4.280864453092655,941,7.791670116750849,1040,8.611410118406889,3548,29.37815682702658,12077
"State College, PA Metro Area",44300,34.4,781,3.4609589648143224,1539,6.819994682265356,2124,9.412390321722947,2161,9.576353806611717,2509,11.118496853673667,1524,6.75352299920234,938,4.156695914207215,1896,8.402020739165115,7465,33.080740937693875,22566
"Statesboro, GA Micro Area",44340,28.2,434,2.7922537476677602,1429,9.193849321237856,2032,13.073409251753201,1957,12.590876922087112,1642,10.564241137489546,904,5.816123013575243,500,3.2168821977739173,1305,8.396062536189925,3619,23.283793347487617,15543
"Staunton-Stuarts Draft, VA Metro Area",44420,27.5,628,4.203199250384848,1383,9.25640854025835,2209,14.78482029315307,1831,12.254869151997859,1768,11.833210628471988,1008,6.746536376413895,860,5.7559734957499495,1242,8.312696606652835,2968,19.864801552774246,14941
"Steamboat Springs, CO Micro Area",44460,29.1,243,6.014851485148514,341,8.44059405940594,383,9.48019801980198,457,11.311881188118813,519,12.846534653465348,277,6.856435643564357,313,7.747524752475248,294,7.277227722772277,863,21.36138613861386,4040
"Stephenville, TX Micro Area",44500,31.9,224,3.778040141676505,522,8.804182830156856,887,14.960364311013663,397,6.695901501096306,551,9.293304098498904,467,7.8765390453702135,241,4.06476640242874,384,6.476640242874009,1842,31.067633665036265,5929
"Sterling, CO Micro Area",44540,27.6,52,2.013162988772745,229,8.86566008517228,308,11.924119241192411,220,8.517228029423151,405,15.6794425087108,286,11.072396438250097,121,4.6844754161827336,189,7.317073170731707,233,9.020518776616338,2583
"Sterling, IL Micro Area",44580,29.4,335,5.881320224719102,440,7.724719101123595,850,14.922752808988765,380,6.671348314606742,585,10.270365168539326,514,9.023876404494382,429,7.531601123595505,584,10.252808988764045,925,16.239466292134832,5696
"Stevens Point-Plover, WI Micro Area",44620,26.1,340,3.739139997800506,1098,12.075222698779282,1360,14.956559991202024,1233,13.559881227317716,1205,13.251952051028262,536,5.89464423182668,491,5.399758055647201,932,10.249642582206093,1412,15.528428461453867,9093
"Stillwater, OK Micro Area",44660,34.7,461,2.9039370078740157,1415,8.913385826771654,1424,8.970078740157481,1755,11.05511811023622,1122,7.06771653543307,1393,8.7748031496063,809,5.096062992125984,1190,7.496062992125985,5390,33.95275590551181,15875
"Stockton-Lodi, CA Metro Area",44700,31.3,2888,3.1103596084048637,6828,7.353717245910114,10154,10.935800368332059,11057,11.908326243120698,10391,11.191048023176918,8823,9.502320922768737,6854,7.381719098340351,8517,9.172760659551324,21822,23.502170143563344,92851
"Storm Lake, IA Micro Area",44740,21.2,61,2.935514918190568,528,25.409047160731475,338,16.265640038498557,174,8.373435996150144,232,11.164581328200192,99,4.764196342637151,85,4.090471607314726,164,7.892204042348412,258,12.415784408084697,2078
"Sturgis, MI Micro Area",44780,24.5,507,8.641554457133118,539,9.18697801261292,795,13.550366456451338,825,14.061701039713654,534,9.1017555820692,413,7.039372762911198,340,5.795125276972899,263,4.482699846599624,942,16.05590591443668,5867
"Sulphur Springs, TX Micro Area",44860,25.2,90,2.156205079060853,605,14.494489698131288,642,15.380929563967419,489,11.715380929563967,252,6.0373742213703885,327,7.834211787254432,319,7.642549113560134,307,7.355055103018687,643,15.404887398179204,4174
"Summerville, GA Micro Area",44900,29.6,198,6.642066420664207,182,6.1053337806105334,209,7.011070110701106,339,11.372022811137203,481,16.135524991613554,190,6.37370010063737,362,12.143575981214358,319,10.70110701107011,455,15.263334451526333,2981
"Sumter, SC Metro Area",44940,29.5,542,3.958515921706106,1048,7.6541045866199235,1780,13.000292141396436,1278,9.333917616126206,1259,9.195150452819165,1495,10.918784691790826,808,5.901256208004675,982,7.17207128250073,2349,17.156003505696756,13692
"Sunbury, PA Micro Area",44980,25.4,426,3.554739652870494,1346,11.231642189586115,1946,16.238317757009348,1569,13.092456608811748,1217,10.15520694259012,787,6.567089452603471,769,6.416889185580775,728,6.074766355140187,2000,16.688918558077436,11984
"Susanville, CA Micro Area",45000,26.8,273,9.479166666666666,313,10.868055555555555,281,9.756944444444445,314,10.902777777777779,394,13.680555555555557,142,4.930555555555555,133,4.618055555555555,236,8.194444444444445,563,19.54861111111111,2880
"Sweetwater, TX Micro Area",45020,28.6,103,5.215189873417722,205,10.379746835443038,220,11.139240506329113,157,7.949367088607595,282,14.27848101265823,110,5.5696202531645564,300,15.18987341772152,53,2.6835443037974684,343,17.367088607594937,1975
"Syracuse, NY Metro Area",45060,29.8,4031,4.755724920659265,8525,10.057691627045457,10222,12.059791649461427,7996,9.433583841625277,9096,10.731350503179527,6504,7.673340333408054,4970,5.863545734476941,6039,7.124738971932847,21479,25.34066374865799,84761
"Tahlequah, OK Micro Area",45140,25.4,205,3.257587795963769,796,12.648975051644683,799,12.696647068170982,864,13.72954075957413,486,7.722866677260448,376,5.974892737962816,313,4.973780390910536,281,4.465278881296679,1291,20.51485777848403,6293
"Talladega-Sylacauga, AL Micro Area",45180,27.5,562,5.7294321541441535,1113,11.346722397797942,746,7.605260475073912,805,8.206748904067693,743,7.574676317667449,445,4.536650015292079,690,7.0343562034865945,410,4.179834845550006,1690,17.22907533897441,9809
"Tallahassee, FL Metro Area",45220,34.2,1602,2.429260303884997,4208,6.380978376247233,5847,8.866345191520335,8132,12.331301367785764,6391,9.691262548145453,5293,8.026263912898433,3676,5.574257726018257,6606,10.017286871076335,19456,29.502926636945382,65946
"Tampa-St. Petersburg-Clearwater, FL Metro Area",45300,33.1,9352,2.2149380423661373,24232,5.739133729963243,40927,9.6931960286483,49073,11.622503694721285,50151,11.877818409185647,39955,9.46298647163591,30469,7.2163117207927545,42489,10.063141839402782,110755,26.231336920686648,422224
"Taos, NM Micro Area",45340,34.2,277,9.052287581699346,104,3.3986928104575163,258,8.431372549019608,264,8.627450980392156,162,5.294117647058823,219,7.156862745098039,142,4.640522875816994,239,7.810457516339869,830,27.124183006535947,3060
"Taylorville, IL Micro Area",45380,26.4,256,7.352096496266514,227,6.519241815048822,600,17.23147616312464,282,8.09879379666858,387,11.114302125215394,286,8.213670304422745,118,3.388856978747846,81,2.3262492820218266,707,20.304422745548536,3482
"Terre Haute, IN Metro Area",45460,31.0,1032,4.787308066985202,1777,8.243262049450294,2161,10.024585981351764,2331,10.813192930370645,2077,9.63492137124832,1803,8.363872524006123,1268,5.882080066799648,1795,8.326761608758176,5224,24.23342765690959,21557
"Texarkana, TX-AR Metro Area",45500,30.3,863,4.404184741005358,1908,9.737177851492728,2236,11.411074253636132,1938,9.890278132176576,1616,8.24700178616994,1813,9.252360295993876,948,4.837968869609594,1854,9.461597346261803,4195,21.4085225822914,19595
"The Dalles, OR Micro Area",45520,26.5,90,2.558999147000284,387,11.003696332101223,240,6.823997725334091,705,20.045493318168894,239,6.795564401478534,120,3.4119988626670454,128,3.6394654535115154,268,7.620130793289735,815,23.173158942280352,3517
"Thomaston, GA Micro Area",45580,31.2,290,7.493540051679587,281,7.260981912144702,460,11.886304909560723,306,7.906976744186046,307,7.9328165374677,141,3.643410852713178,78,2.0155038759689923,287,7.416020671834625,1208,31.214470284237727,3870
"Thomasville, GA Micro Area",45620,28.7,642,6.047475508666164,945,8.901657874905803,1001,9.429163526752072,1405,13.234740015071589,930,8.760361718161267,731,6.885832705350414,579,5.45403165033911,916,8.628485305199698,2230,21.0060286360211,10616
"Tiffin, OH Micro Area",45660,26.2,398,6.775621382362955,682,11.610486891385769,787,13.398025195778004,591,10.061287027579162,693,11.797752808988763,414,7.048008171603677,307,5.22642151855635,415,7.065032345931223,956,16.27511065713313,5874
"Tifton, GA Micro Area",45700,26.8,434,5.988684973092314,746,10.293914723333792,910,12.556920104870981,741,10.224920656823514,898,12.391334345246309,771,10.638885055885194,294,4.0568511108044705,506,6.982199530840348,1003,13.840209741962193,7247
"Toccoa, GA Micro Area",45740,26.9,149,5.200698080279232,255,8.900523560209423,423,14.764397905759164,411,14.345549738219896,256,8.93542757417103,318,11.099476439790577,46,1.6055846422338569,267,9.319371727748692,545,19.022687609075042,2865
"Toledo, OH Metro Area",45780,27.3,4912,5.328531291018952,10058,10.91090548148791,11584,12.566308321490945,11443,12.413351702591584,9997,10.844732759836411,6787,7.362528882765802,4726,5.126758729917664,6114,6.632459347168133,19711,21.3824674831585,92183
"Topeka, KS Metro Area",45820,26.7,1405,4.908811403815247,3039,10.617706659213193,3975,13.887918384459507,4132,14.436447487946335,2696,9.419327789812034,2211,7.7248270561106835,1339,4.678219551394033,2515,8.78694710362658,5635,19.687652854447627,28622
"Torrington, CT Micro Area",45860,27.5,536,4.721634954193093,899,7.919309372797745,1444,12.720225510923186,1490,13.125440451021847,1392,12.26215644820296,772,6.800563777307963,558,4.915433403805497,577,5.082804792107118,2445,21.538054968287526,11352
"Town of Pecos, TX Micro Area",45880,28.9,20,2.3014959723820483,92,10.586881472957423,61,7.019562715765247,54,6.214039125431531,157,18.06674338319908,113,13.003452243958574,9,1.0356731875719216,34,3.9125431530494823,159,18.296892980437285,869
"Traverse City, MI Metro Area",45900,29.9,491,4.070635052230144,907,7.519482672856906,1517,12.576687116564417,1201,9.956889404742165,1303,10.802520311722766,1052,8.721605040623444,727,6.027192837008788,973,8.066655612667882,2609,21.629912120709665,12062
"Trenton-Princeton, NJ Metro Area",45940,30.4,1983,3.6783528102392875,4280,7.939157855685401,7352,13.637544054906325,5777,10.716008161751066,5834,10.821739936931923,4472,8.29530699313671,3015,5.592654424040067,4890,9.070673344462994,13537,25.110369133741422,53910
"Troy, AL Micro Area",45980,33.0,82,1.7521367521367521,366,7.82051282051282,352,7.521367521367521,532,11.367521367521368,454,9.700854700854702,245,5.235042735042735,66,1.4102564102564104,529,11.303418803418804,1237,26.431623931623932,4680
"Truckee-Grass Valley, CA Micro Area",46020,35.4,169,1.57899654302532,482,4.503410258805942,1083,10.11865832009717,1078,10.071942446043165,1255,11.72568438755489,766,7.156871905073343,600,5.605904886480427,1095,10.230776417826776,3233,30.2064841633187,10703
"Tucson, AZ Metro Area",46060,31.2,4917,3.242099155353057,11740,7.740948562913339,17393,11.468340575362157,18062,11.909455957695123,14776,9.742781598433348,13580,8.954180705652739,9954,6.563322146102162,13746,9.063635344617271,36305,23.938257033779283,151661
"Tullahoma-Manchester, TN Micro Area",46100,27.2,629,8.677058904676507,544,7.504483377017519,861,11.877500344875155,578,7.973513588081114,950,13.105255897365154,403,5.559387501724376,465,6.414677886605048,304,4.193681887156849,1332,18.37494826872672,7249
"Tulsa, OK Metro Area",46140,27.8,6694,4.8416377957312005,13483,9.751987212405702,17157,12.409318742360352,17582,12.716712836054073,14743,10.663320290180025,11182,8.087719425136882,8329,6.024200956176451,10479,7.579253430156445,26697,19.309412045508793,138259
"Tupelo, MS Micro Area",46180,27.2,582,4.357265853110729,1563,11.701729430261286,1438,10.765890544283895,1663,12.450400539043198,1303,9.755184547428316,1066,7.980834019615184,705,5.27813131691248,963,7.209702777569814,2352,17.608744478550573,13357
"Tuscaloosa, AL Metro Area",46220,31.7,1388,3.758360185210257,2585,6.99953968210988,4218,11.421299179551054,4028,10.906826243535242,3017,8.16928867347215,3088,8.361539086404376,1769,4.7900138095367035,3458,9.363407435487801,8989,24.33998537813761,36931
"Twin Falls, ID Metro Area",46300,28.2,839,6.808407043739349,990,8.033758013470745,1164,9.445751846141363,1801,14.614947658849307,1241,10.07059969163353,1237,10.038140063296275,1009,8.18794124807271,919,7.4575996104844595,1979,16.059401119857178,12323
"Tyler, TX Metro Area",46340,28.7,938,3.740926856504746,1529,6.097950067799314,3578,14.26976150594241,3481,13.882906596474436,2481,9.894711653505624,1975,7.876685012363405,1721,6.863683496849326,2148,8.566642737497009,4901,19.54614341549015,25074
"Ukiah, CA Micro Area",46380,32.8,415,3.068165015525654,952,7.038296613928729,1085,8.02158805263936,1337,9.884666568091085,1598,11.814283601951796,1375,10.165606979151265,1084,8.014194883927251,1463,10.816205825816946,3004,22.209078811178472,13526
"Union City, TN Micro Area",46460,25.1,223,5.420515313563442,554,13.466212931453573,557,13.539134662129316,339,8.240155566358776,385,9.358288770053475,190,4.618376276130287,260,6.319883325230919,384,9.333981526494895,472,11.473018959649977,4114
"Urbana, OH Micro Area",46500,23.8,269,7.428887047776857,412,11.378072355702844,761,21.016293841480255,344,9.500138083402375,337,9.306821320077328,333,9.1963545981773,343,9.472521402927368,231,6.379453189726594,375,10.35625517812759,3621
"Urban Honolulu, HI Metro Area",46520,33.7,4590,3.3657195233730524,7726,5.665261228230981,13140,9.63519706691109,15049,11.035013748854263,13538,9.927039413382218,13246,9.712923923006416,9802,7.187534372135655,13784,10.107424381301557,36730,26.933088909257563,136375
"Utica-Rome, NY Metro Area",46540,27.6,2470,6.762491444216289,3588,9.823408624229979,4609,12.618754277891856,4245,11.62217659137577,4001,10.954140999315538,3125,8.555783709787816,1844,5.048596851471595,2246,6.1492128678987,7825,21.423682409308693,36525
"Utuado, PR Micro Area",46580,26.9,78,1.9254505060478895,152,3.7521599605035796,199,4.912367316711923,273,6.739076771167612,266,6.566279930881263,62,1.5304862996790916,78,1.9254505060478895,71,1.7526536657615401,427,10.540607257467292,4051
"Uvalde, TX Micro Area",46620,26.7,86,3.0485643388869197,228,8.082240340304857,494,17.51152073732719,308,10.918114143920596,272,9.641970932293512,397,14.073023750443106,233,8.25948245303084,82,2.9067706487061327,313,11.09535625664658,2821
"Valdosta, GA Metro Area",46660,31.4,623,2.7382208157524612,1810,7.95534458509142,2620,11.515471167369903,2300,10.109001406469762,1956,8.59704641350211,1831,8.047644163150492,1733,7.616912798874824,1832,8.052039381153305,4934,21.686005625879044,22752
"Vallejo, CA Metro Area",46700,33.3,1233,2.152208064234596,3221,5.6222726479315766,5085,8.875894571478444,7116,12.421015884098447,6853,11.961947983941352,5760,10.054110665037529,3725,6.50200733112236,5852,10.214697154826322,15690,27.386978530284516,57290
"Van Wert, OH Micro Area",46780,21.9,147,6.507304116865869,278,12.306330234617088,547,24.214254094732183,146,6.463036741921203,199,8.809207613988491,132,5.843293492695882,95,4.20540061974325,141,6.241699867197875,372,16.46746347941567,2259
"Vermillion, SD Micro Area",46820,25.2,50,1.8635855385762206,304,11.330600074543423,342,12.746925083861349,472,17.59224748415952,271,10.100633619083116,19,0.7081625046589639,80,2.981736861721953,100,3.727171077152441,719,26.798360044726056,2683
"Vernal, UT Micro Area",46860,21.5,263,7.878969442780108,355,10.635110844817255,765,22.91791491911324,488,14.619532654284004,378,11.324146195326543,169,5.06291192330737,184,5.512282804074296,199,5.961653684841222,250,7.489514679448773,3338
"Vernon, TX Micro Area",46900,20.0,51,2.8813559322033897,283,15.98870056497175,421,23.785310734463277,89,5.028248587570622,70,3.954802259887006,88,4.971751412429379,18,1.0169491525423728,173,9.77401129943503,318,17.966101694915253,1770
"Vicksburg, MS Micro Area",46980,28.6,321,6.629491945477076,470,9.706732755059893,419,8.653448988021479,444,9.169764560099132,627,12.94919454770756,103,2.127220156959934,622,12.84593143329203,201,4.151177199504337,999,20.63197026022305,4842
"Victoria, TX Metro Area",47020,29.0,427,3.6972898086414405,1181,10.225993592518833,1078,9.334141484111178,1526,13.213265217767772,1382,11.966404017663868,688,5.957225733829769,703,6.087107108840592,1015,8.78863970906572,2660,23.032297168586023,11549
"Vidalia, GA Micro Area",47080,24.7,480,11.431293165039296,571,13.598475827577994,369,8.78780662062396,385,9.168849726125268,296,7.049297451774232,316,7.52560133365087,221,5.263157894736842,325,7.739938080495357,599,14.265301262205288,4199
"Vincennes, IN Micro Area",47180,26.1,348,6.750727449078564,703,13.637245392822503,655,12.70611057225994,505,9.79631425800194,748,14.510184287099904,521,10.106692531522793,195,3.7827352085354025,286,5.5480116391852565,788,15.286129970902037,5155
"Vineland, NJ Metro Area",47220,34.0,345,1.8775510204081631,907,4.9360544217687075,1924,10.470748299319729,2293,12.47891156462585,1984,10.797278911564625,1464,7.96734693877551,963,5.240816326530613,1590,8.653061224489795,5780,31.45578231292517,18375
"Vineyard Haven, MA Micro Area",47240,31.0,13,0.6963042313872523,150,8.034279592929835,94,5.034815211569363,249,13.336904124263524,100,5.356186395286556,183,9.801821103374397,22,1.1783610069630424,246,13.176218532404926,226,12.104981253347615,1867
"Virginia Beach-Chesapeake-Norfolk, VA-NC Metro Area",47260,31.5,7902,3.053039903563812,18442,7.125305226717769,29105,11.245093190739654,31112,12.020523599048001,28993,11.20182054214447,23067,8.912233795938553,17335,6.697601458906438,25180,9.728618675238772,63910,24.692455104627083,258824
"Visalia, CA Metro Area",47300,29.9,2337,3.976315655147772,5134,8.735303625814575,6823,11.609072193013798,6703,11.40489680635666,6299,10.717506337944293,4218,7.176764840998418,3421,5.820699981283923,5593,9.51627447977813,13864,23.5890630051214,58773
"Wabash, IN Micro Area",47340,27.0,122,4.959349593495935,246,10.0,311,12.642276422764228,286,11.6260162601626,310,12.601626016260163,245,9.959349593495935,143,5.8130081300813,177,7.1951219512195115,344,13.983739837398373,2460
"Waco, TX Metro Area",47380,32.5,1315,3.258337876009713,2973,7.3665692056097924,3947,9.779969274988849,4678,11.591258238763071,4118,10.203677090044106,3143,7.787799197185192,3021,7.4855047326428465,3137,7.77293225630606,10934,27.092521928737796,40358
"Wahpeton, ND-MN Micro Area",47420,23.5,221,8.377558756633814,330,12.509476876421532,504,19.105382865807428,222,8.41546626231994,124,4.700530705079606,218,8.263836239575435,56,2.122820318423048,139,5.269143290371494,604,22.896133434420015,2638
"Walla Walla, WA Metro Area",47460,31.0,292,3.6655787095154406,519,6.5151895556113475,677,8.49861913130806,1052,13.206126035651518,917,11.511423550087873,502,6.301782575947779,726,9.113733366808937,805,10.105448154657294,1618,20.311323123273915,7966
"Wapakoneta, OH Micro Area",47540,22.8,244,5.3380004375410195,575,12.57930430977904,986,21.570772259899364,530,11.594837015970247,465,10.172828702690877,208,4.5504266024939835,337,7.372566178079194,160,3.500328155764603,708,15.488952089258367,4571
"Warner Robins, GA Metro Area",47580,28.6,1378,5.8685745922235,2408,10.255099867978364,3489,14.858822026319151,2533,10.787445168434052,1814,7.725395000212938,2055,8.751756739491503,1240,5.280865380520421,2510,10.689493633150207,4789,20.395213151058304,23481
"Warren, PA Micro Area",47620,24.1,177,4.934485642598271,404,11.26289378310566,530,14.775578477836632,520,14.49679397825481,396,11.0398661834402,290,8.084750487872874,111,3.094507945358238,181,5.045999442431001,463,12.907722330638416,3587
"Warrensburg, MO Micro Area",47660,27.8,191,2.5558677907132346,841,11.253847183192828,1066,14.264686203666532,786,10.517864311521476,1140,15.25491770373344,720,9.634684865515856,613,8.20286364244614,639,8.550782818145324,1032,13.809714973906061,7473
"Warsaw, IN Micro Area",47700,27.7,306,4.186619236557668,1239,16.951703379395266,785,10.740183335613628,677,9.262553016828567,732,10.015049938432071,603,8.250102613216583,581,7.949103844575181,432,5.910521275140238,1444,19.756464632644686,7309
"Washington, IN Micro Area",47780,24.8,256,7.771706132361871,265,8.044930176077717,606,18.397085610200364,282,8.561020036429873,156,4.735883424408015,284,8.62173649058895,275,8.348512446873102,155,4.705525197328476,518,15.725561627200971,3294
"Washington, NC Micro Area",47820,29.9,285,4.989495798319328,375,6.565126050420169,624,10.92436974789916,550,9.628851540616248,601,10.52170868347339,593,10.381652661064427,474,8.298319327731091,303,5.304621848739496,1048,18.34733893557423,5712
"Washington-Arlington-Alexandria, DC-VA-MD-WV Metro Area",47900,29.0,28091,3.2788435163732075,67531,7.882367359802039,112735,13.158678004283706,118877,13.875585799576298,103170,12.042230094486627,77977,9.101647533951573,55803,6.513449316299673,69349,8.094568332098023,186313,21.746864549714907,856735
"Washington Court House, OH Micro Area",47920,24.7,365,8.488372093023255,389,9.046511627906977,402,9.348837209302326,775,18.023255813953487,520,12.093023255813954,193,4.488372093023256,186,4.325581395348837,237,5.511627906976744,709,16.48837209302326,4300
"Waterbury-Shelton, CT Metro Area",47930,31.4,2098,3.635418471668688,4312,7.471841968463004,6919,11.989256627967423,5930,10.275515508577369,6323,10.956506671287473,4731,8.1978859816323,3605,6.246750996361116,4722,8.182290764165657,15094,26.154912493501993,57710
"Waterloo-Cedar Falls, IA Metro Area",47940,28.2,854,4.006756122736229,2031,9.528948109223984,2811,13.18851459134841,2992,14.037721685277283,2190,10.274936661349347,1620,7.600638078258422,1269,5.9538331613024305,1330,6.2400300272121605,5088,23.871633668011636,21314
"Watertown, SD Micro Area",47980,24.7,147,3.648548026805659,485,12.037726482998263,562,13.948870687515512,700,17.374038222884092,308,7.644576818069,311,7.719036981881359,180,4.467609828741623,207,5.137751303052867,809,20.079424174733184,4029
"Watertown-Fort Atkinson, WI Micro Area",48020,25.0,435,4.6618797556531995,1459,15.636051870110384,1447,15.50744829064409,1069,11.456435537455793,1043,11.177794448612154,787,8.434251419997857,304,3.2579573464794773,577,6.183688779337691,1682,18.02593505519237,9331
"Watertown-Fort Drum, NY Metro Area",48060,28.3,919,4.289782009989264,2048,9.559818886243757,2465,11.50632497782757,2813,13.13074732763852,2758,12.874013910283342,1865,8.705596788498344,1182,5.517434532978575,2114,9.867898987069971,3988,18.61550669840825,21423
"Wausau, WI Metro Area",48140,25.5,723,4.782062305708049,2195,14.518155962695944,2287,15.12666181625769,1752,11.58806799391494,1125,7.440968318010451,1451,9.597195581718369,823,5.443481711753423,1236,8.175143858720816,2546,16.839738077915207,15119
"Waycross, GA Micro Area",48180,31.3,216,3.2737193088814793,547,8.290391027584116,534,8.093361624734769,539,8.169142164292209,637,9.654440739618066,742,11.24583207032434,356,5.395574416489845,391,5.926038193391936,1363,20.657775083358594,6598
"Waynesville, NC Micro Area",48200,29.8,309,4.619524592614741,505,7.549708476603378,681,10.18089400508297,690,10.315443265062042,554,8.282254447600538,483,7.220810285543429,380,5.6809687546718495,552,8.252354612049634,1282,19.165794588129764,6689
"Weatherford, OK Micro Area",48220,29.7,242,4.945840997343144,569,11.628857551604332,476,9.72818311874106,555,11.342734518700185,391,7.991007561823013,468,9.564684242795831,443,9.053750255466994,308,6.294706723891273,964,19.70161455139996,4893
"Weirton-Steubenville, WV-OH Metro Area",48260,27.8,871,6.484997394088303,1234,9.187700096791005,1761,13.11145856600402,1203,8.956890775072592,1201,8.941999851090761,989,7.363561909016454,655,4.876777604050331,939,6.991288809470627,2641,19.663465118010574,13431
"Wenatchee-East Wenatchee, WA Metro Area",48300,26.5,1226,7.537194147301118,1395,8.576171154555515,1955,12.018935202262387,2091,12.855035042419772,1804,11.090618467969998,1215,7.469568424935448,870,5.348579859830321,1158,7.119144227222426,2734,16.808065904340342,16266
"West Plains, MO Micro Area",48460,26.7,259,5.164506480558325,279,5.563310069790628,986,19.661016949152543,488,9.730807577268195,296,5.9022931206380855,351,6.999002991026919,237,4.725822532402792,315,6.281156530408774,1020,20.33898305084746,5015
"Wheeling, WV-OH Metro Area",48540,29.9,927,6.0093348891481915,1054,6.8326202515234025,1494,9.684947491248542,1291,8.368987423829898,1738,11.2666925969143,1237,8.018929080772722,945,6.1260210035005835,926,6.002852327239725,3356,21.755477764812653,15426
"Whitewater-Elkhorn, WI Micro Area",48580,26.9,484,3.8772730914043096,953,7.634382760554353,1671,13.386205239125209,2146,17.19138027717696,1494,11.968276856524874,841,6.737162541055835,869,6.961467595930465,589,4.71841704718417,2590,20.748217575903226,12483
"Wichita, KS Metro Area",48620,27.3,3856,4.323354636169975,9460,10.606570243300819,11969,13.419665881825315,12171,13.646148671375716,9568,10.727660051575288,7625,8.549164704563292,5119,5.739432671824195,6757,7.575961430653661,17232,19.320551631348806,89190
"Wichita Falls, TX Metro Area",48660,27.4,847,4.196809037756417,1997,9.894955901298188,2700,13.378257853532851,2401,11.89673966901199,2280,11.297195520761075,1262,6.2530968189475775,1289,6.386879397482906,1933,9.577841641066296,3387,16.782281240709544,20182
"Wildwood-The Villages, FL Metro Area",48680,36.2,265,3.327891498179078,776,9.745070953158358,629,7.899033027753359,510,6.4046213738540745,504,6.32927288710285,623,7.823684541002135,304,3.817656662062037,908,11.402737661685295,2239,28.11754363933191,7963
"Williamsport, PA Metro Area",48700,29.4,680,4.778300892417961,1339,9.409036610217132,1540,10.821446138711265,1318,9.261471435598342,1955,13.737615065701636,1641,11.531164359496874,641,4.504251282411636,1101,7.736631297870845,2953,20.7504743166327,14231
"Williston, ND Micro Area",48780,23.0,852,13.01558203483043,974,14.87931561258784,579,8.845096241979835,1126,17.201344332416742,886,13.534983195844791,679,10.37274671555148,370,5.652306752215093,244,3.7274671555148178,450,6.8744271310724105,6546
"Willmar, MN Micro Area",48820,24.9,378,7.777777777777778,741,15.246913580246913,558,11.481481481481481,567,11.666666666666666,602,12.386831275720164,341,7.016460905349795,135,2.7777777777777777,350,7.20164609053498,799,16.440329218106996,4860
"Wilmington, NC Metro Area",48900,31.6,1903,3.457673928448135,3853,7.000744953394989,5760,10.465686719843015,6635,12.055526282319168,5541,10.067772589348984,4624,8.401620727873976,3415,6.204916692406926,4659,8.465214310373021,13894,25.244835292621325,55037
"Wilmington, OH Micro Area",48940,24.9,138,2.832512315270936,842,17.282430213464696,801,16.44088669950739,353,7.245484400656814,401,8.23070607553366,274,5.623973727422003,171,3.5098522167487682,306,6.280788177339902,966,19.82758620689655,4872
"Wilson, NC Micro Area",48980,28.7,518,3.853306553596667,1351,10.049840065461577,1660,12.348434129286618,1397,10.392025589526147,1651,12.28148478762181,695,5.169976939671204,1159,8.62158744327903,837,6.226288774827047,2996,22.286691958640183,13443
"Winchester, TN Micro Area",49010,26.9,185,4.581475978207033,478,11.83754333828628,520,12.877662209014362,279,6.909361069836553,392,9.707776126795444,376,9.311540366518079,296,7.330361565131254,200,4.952947003467063,502,12.431896978702328,4038
"Winchester, VA-WV Metro Area",49020,28.1,662,4.252039308883037,1298,8.337080095060697,1761,11.310938403237202,2131,13.687455841736785,1710,10.983364377930503,1352,8.683923180679555,888,5.703641852398998,1032,6.6285567473826195,2978,19.12775386986961,15569
"Winnemucca, NV Micro Area",49080,23.5,309,16.7027027027027,93,5.027027027027027,262,14.162162162162161,125,6.756756756756757,154,8.324324324324325,175,9.45945945945946,45,2.4324324324324325,73,3.945945945945946,266,14.378378378378379,1850
"Winona, MN Micro Area",49100,28.1,280,4.416403785488959,712,11.230283911671926,796,12.555205047318612,811,12.79179810725552,681,10.741324921135647,400,6.309148264984227,300,4.73186119873817,599,9.44794952681388,1460,23.02839116719243,6340
"Winston-Salem, NC Metro Area",49180,28.0,3759,4.337991760239115,8122,9.373016514142614,11732,13.539058082236044,10952,12.638916136775414,8942,10.319319585011483,6822,7.872779938374898,5234,6.040183259667871,6473,7.470024119188026,17768,20.504771906339077,86653
"Wisconsin Rapids-Marshfield, WI Micro Area",49220,25.4,585,6.88154334784143,1148,13.504293612516175,1263,14.857075638160216,940,11.057522644394776,928,10.916362780849312,632,7.434419480061169,426,5.011175155864016,679,7.987295612280907,1411,16.598047288554287,8501
"Woodward, OK Micro Area",49260,22.0,143,6.2664329535495185,251,10.999123575810692,393,17.22173531989483,548,24.01402278702892,139,6.091148115687993,82,3.5933391761612623,106,4.645048203330412,184,8.06310254163015,173,7.581069237510955,2282
"Wooster, OH Micro Area",49300,23.6,811,7.665406427221172,1432,13.534971644612476,1786,16.880907372400756,1080,10.207939508506616,1121,10.59546313799622,904,8.544423440453686,306,2.892249527410208,593,5.60491493383743,1577,14.905482041587902,10580
"Worcester, MA Metro Area",49340,29.9,3907,3.4144934629098787,9837,8.596972663077675,14204,12.413479689575615,13698,11.97126476962875,12701,11.09994406767811,10616,9.277773893588757,7358,6.430469132349857,9479,8.284101237502622,26403,23.074704607425016,114424
"Worthington, MN Micro Area",49380,22.3,170,7.874015748031496,361,16.720704029643354,248,11.486799444187124,317,14.682723483094026,99,4.585456229735989,105,4.863362667901806,121,5.604446503010653,107,4.955998147290412,318,14.729041222788327,2159
"Yakima, WA Metro Area",49420,27.9,1192,3.659023237253277,3450,10.590293765540105,4073,12.50268594407097,4065,12.478128741136384,3616,11.099855726432759,2693,8.266568437854929,2070,6.3541762593240625,2270,6.968106332688707,6373,19.562881787764375,32577
"Yankton, SD Micro Area",49460,22.7,301,11.082474226804123,400,14.727540500736378,375,13.807069219440354,339,12.48159057437408,415,15.279823269513992,161,5.927835051546391,13,0.4786450662739323,212,7.80559646539028,305,11.229749631811488,2716
"York-Hanover, PA Metro Area",49620,28.9,1758,4.036554004408523,3556,8.164952240999265,6189,14.210598824393827,5568,12.78471711976488,4363,10.017909625275532,4162,9.556392358559883,3217,7.3865723732549595,3737,8.580547391623806,8463,19.431943423952976,43552
"Youngstown-Warren, OH Metro Area",49660,28.9,2793,5.198600305252578,5354,9.965379890555782,5910,11.000260581468934,5827,10.845772996314633,5566,10.35997468637159,3841,7.149238729851469,2870,5.341920113166809,4894,9.10918363548375,11317,21.06428917097867,53726
"Yuba City, CA Metro Area",49700,31.2,1079,4.521833878132596,1583,6.633978710921131,2648,11.097141899254044,2772,11.616796580336937,2213,9.274159751906797,2617,10.967228228983322,1705,7.145251864889783,2417,10.129075517559299,4864,20.3838739418322,23862
"Yuma, AZ Metro Area",49740,28.3,1445,6.268164664035051,2393,10.380427710059429,3472,15.06094651455342,2013,8.732052227475817,1677,7.274541274454519,2278,9.88157723506702,1805,7.829783542272155,1417,6.146705417949941,4340,18.826183143191773,23053
"Zanesville, OH Micro Area",49780,29.2,580,5.417522884363908,1134,10.592191294601157,1470,13.730618344853355,1155,10.78834298524192,808,7.547169811320755,663,6.192789090229778,774,7.229590883616664,1158,10.816364655333457,2296,21.445918176723332,10706
"Zapata, TX Micro Area",49820,27.4,108,9.230769230769232,82,7.0085470085470085,133,11.367521367521368,59,5.042735042735043,143,12.222222222222221,102,8.717948717948717,30,2.564102564102564,38,3.2478632478632483,205,17.52136752136752,1170
